﻿Subject ID, Subject Age, Gender, Group, TrialNumber, Intended or Unintended Outcome, Reaction Time on Outcome Response, Response - Short or Long, Left Image Code, Right Image Code, Chosen Image Code, Objective Duration of Stimulus, Stimulus Delay,
PA13,28, M,250,1,0,1.57E+03, short, Circle, Rhombus, Circle,350,250, 
PA13,28, M,250,2,0,1.70E+03, short, Square, Triangle, Triangle,350,250, 
PA13,28, M,250,3,1,8.21E+02, long, Parallelogram, Square, Parallelogram,650,250, 
PA13,28, M,250,4,1,5.83E+02, long, Rhombus, Square, Square,850,250, 
PA13,28, M,250,5,1,6.83E+02, short, Parallelogram, Rhombus, Parallelogram,550,250, 
PA13,28, M,250,6,0,6.62E+03, short, Circle, Pentagon, Circle,850,250, 
PA13,28, M,250,7,1,5.64E+02, long, Pentagon, Rhombus, Pentagon,750,250, 
PA13,28, M,250,8,0,7.58E+02, short, Circle, Rhombus, Circle,250,250, 
PA13,28, M,250,9,0,6.74E+02, short, Triangle, Square, Triangle,450,250, 
PA13,28, M,250,10,0,7.87E+02, short, Rhombus, Parallelogram, Rhombus,550,250, 
PA13,28, M,250,11,1,4.80E+02, long, Triangle, Parallelogram, Triangle,650,250, 
PA13,28, M,250,12,0,8.58E+02, short, Parallelogram, Square, Square,250,250, 
PA13,28, M,250,13,1,6.52E+02, long, Parallelogram, Pentagon, Parallelogram,750,250, 
PA13,28, M,250,14,0,7.40E+02, short, Triangle, Parallelogram, Triangle,450,250, 
PA13,28, M,250,15,0,6.24E+02, long, Pentagon, Triangle, Pentagon,750,250, 
PA13,28, M,250,16,0,6.72E+02, short, Pentagon, Circle, Pentagon,550,250, 
PA13,28, M,250,17,0,9.18E+02, short, Pentagon, Square, Pentagon,450,250, 
PA13,28, M,250,18,1,7.66E+02, short, Pentagon, Square, Pentagon,250,250, 
PA13,28, M,250,19,1,9.92E+02, short, Triangle, Circle, Triangle,250,250, 
PA13,28, M,250,20,0,8.73E+02, short, Pentagon, Circle, Pentagon,350,250, 
PA13,28, M,250,21,1,6.57E+02, long, Triangle, Square, Triangle,850,250, 
PA13,28, M,250,22,1,1.02E+03, short, Square, Rhombus, Square,550,250, 
PA13,28, M,250,23,1,7.37E+02, long, Triangle, Square, Triangle,750,250, 
PA13,28, M,250,24,1,6.65E+02, long, Triangle, Circle, Triangle,650,250, 
PA13,28, M,250,25,0,7.81E+02, long, Pentagon, Triangle, Pentagon,850,250, 
PA13,28, M,250,26,0,7.45E+02, long, Rhombus, Circle, Rhombus,750,250, 
PA13,28, M,250,27,0,2.98E+03, long, Pentagon, Square, Pentagon,750,250, 
PA13,28, M,250,28,0,5.17E+02, long, Circle, Rhombus, Circle,850,250, 
PA13,28, M,250,29,0,5.61E+02, long, Rhombus, Parallelogram, Rhombus,750,250, 
PA13,28, M,250,30,1,6.53E+02, short, Rhombus, Circle, Rhombus,350,250, 
PA13,28, M,250,31,0,5.52E+02, long, Triangle, Square, Triangle,550,250, 
PA13,28, M,250,32,1,2.47E+03, short, Rhombus, Triangle, Rhombus,450,250, 
PA13,28, M,250,33,0,8.28E+02, short, Square, Pentagon, Square,250,250, 
PA13,28, M,250,34,0,6.14E+02, short, Pentagon, Circle, Pentagon,350,250, 
PA13,28, M,250,35,0,5.13E+02, long, Parallelogram, Circle, Parallelogram,750,250, 
PA13,28, M,250,36,1,1.14E+03, short, Parallelogram, Circle, Parallelogram,350,250, 
PA13,28, M,250,37,1,2.18E+03, short, Circle, Triangle, Circle,550,250, 
PA13,28, M,250,38,0,9.20E+02, short, Circle, Parallelogram, Circle,250,250, 
PA13,28, M,250,39,0,6.56E+02, short, Rhombus, Square, Rhombus,550,250, 
PA13,28, M,250,40,0,7.24E+02, short, Square, Circle, Square,450,250, 
PA13,28, M,250,41,0,6.06E+02, short, Pentagon, Parallelogram, Pentagon,250,250, 
PA13,28, M,250,42,0,6.48E+02, long, Square, Triangle, Square,650,250, 
PA13,28, M,250,43,1,1.23E+03, long, Rhombus, Pentagon, Rhombus,750,250, 
PA13,28, M,250,44,1,1.57E+03, short, Rhombus, Pentagon, Rhombus,650,250, 
PA13,28, M,250,45,1,3.91E+02, long, Pentagon, Circle, Pentagon,850,250, 
PA13,28, M,250,46,1,6.30E+02, short, Square, Pentagon, Square,450,250, 
PA13,28, M,250,47,1,1.28E+03, short, Circle, Square, Circle,650,250, 
PA13,28, M,250,48,0,2.54E+03, short, Pentagon, Triangle, Pentagon,750,250, 
PA13,28, M,250,49,1,7.37E+02, short, Square, Pentagon, Square,350,250, 
PA13,28, M,250,50,0,7.33E+02, short, Parallelogram, Pentagon, Parallelogram,650,250, 
PA13,28, M,250,51,1,4.31E+02, long, Parallelogram, Square, Parallelogram,750,250, 
PA13,28, M,250,52,1,5.99E+02, short, Rhombus, Pentagon, Rhombus,250,250, 
PA13,28, M,250,53,0,5.39E+02, long, Square, Circle, Square,750,250, 
PA13,28, M,250,54,1,1.70E+03, short, Square, Triangle, Square,750,250, 
PA13,28, M,250,55,0,7.41E+02, long, Rhombus, Parallelogram, Rhombus,850,250, 
PA13,28, M,250,56,0,3.76E+02, long, Rhombus, Triangle, Rhombus,650,250, 
PA13,28, M,250,57,0,5.21E+02, short, Triangle, Square, Triangle,350,250, 
PA13,28, M,250,58,0,2.43E+03, short, Circle, Parallelogram, Circle,550,250, 
PA13,28, M,250,59,1,6.40E+02, short, Square, Parallelogram, Square,350,250, 
PA13,28, M,250,60,0,4.58E+02, long, Triangle, Circle, Triangle,850,250, 
PA13,28, M,250,61,1,1.83E+03, long, Pentagon, Square, Pentagon,650,250, 
PA13,28, M,250,62,0,7.90E+02, long, Square, Triangle, Square,650,250, 
PA13,28, M,250,63,1,4.36E+02, long, Parallelogram, Circle, Parallelogram,850,250, 
PA13,28, M,250,64,0,2.76E+02, long, Circle, Pentagon, Circle,850,250, 
PA13,28, M,250,65,1,3.82E+02, long, Circle, Triangle, Circle,650,250, 
PA13,28, M,250,66,0,5.66E+02, short, Parallelogram, Pentagon, Parallelogram,250,250, 
PA13,28, M,250,67,1,1.06E+03, short, Triangle, Pentagon, Triangle,350,250, 
PA13,28, M,250,68,0,7.84E+02, short, Triangle, Parallelogram, Triangle,550,250, 
PA13,28, M,250,69,0,6.50E+02, long, Square, Pentagon, Square,850,250, 
PA13,28, M,250,70,0,6.22E+02, short, Triangle, Rhombus, Triangle,350,250, 
PA13,28, M,250,71,1,7.48E+02, short, Triangle, Rhombus, Triangle,450,250, 
PA13,28, M,250,72,1,6.19E+02, short, Parallelogram, Square, Parallelogram,250,250, 
PA13,28, M,250,73,1,5.77E+02, short, Square, Circle, Square,550,250, 
PA13,28, M,250,74,1,2.32E+03, short, Rhombus, Parallelogram, Rhombus,450,250, 
PA13,28, M,250,75,1,6.73E+02, long, Rhombus, Pentagon, Rhombus,550,250, 
PA13,28, M,250,76,1,6.17E+02, long, Circle, Pentagon, Circle,850,250, 
PA13,28, M,250,77,0,5.73E+02, short, Square, Pentagon, Square,250,250, 
PA13,28, M,250,78,1,5.49E+02, short, Triangle, Square, Triangle,250,250, 
PA13,28, M,250,79,1,5.93E+02, short, Rhombus, Square, Rhombus,350,250, 
PA13,28, M,250,80,0,4.61E+02, long, Triangle, Rhombus, Triangle,650,250, 
PA13,28, M,250,81,1,4.23E+02, long, Triangle, Parallelogram, Triangle,750,250, 
PA13,28, M,250,82,0,8.21E+02, short, Circle, Pentagon, Circle,450,250, 
PA13,28, M,250,83,1,5.46E+02, short, Square, Rhombus, Square,350,250, 
PA13,28, M,250,84,0,4.63E+02, long, Rhombus, Triangle, Rhombus,650,250, 
PA13,28, M,250,85,1,8.40E+02, long, Circle, Pentagon, Circle,850,250, 
PA13,28, M,250,86,1,1.11E+03, long, Pentagon, Rhombus, Rhombus,850,250, 
PA13,28, M,250,87,0,7.68E+02, short, Square, Parallelogram, Square,250,250, 
PA13,28, M,250,88,0,5.96E+02, short, Circle, Rhombus, Circle,250,250, 
PA13,28, M,250,89,1,3.58E+02, long, Triangle, Pentagon, Triangle,850,250, 
PA13,28, M,250,90,0,1.50E+03, long, Rhombus, Square, Rhombus,650,250, 
PA13,28, M,250,91,1,7.84E+02, long, Pentagon, Square, Pentagon,750,250, 
PA13,28, M,250,92,1,5.92E+02, short, Pentagon, Triangle, Pentagon,350,250, 
PA13,28, M,250,93,1,7.08E+02, short, Parallelogram, Pentagon, Parallelogram,450,250, 
PA13,28, M,250,94,0,6.12E+02, long, Square, Triangle, Square,850,250, 
PA13,28, M,250,95,1,6.46E+02, short, Triangle, Pentagon, Triangle,250,250, 
PA13,28, M,250,96,0,4.92E+02, short, Square, Rhombus, Square,250,250, 
PA13,28, M,250,97,1,1.44E+03, long, Parallelogram, Triangle, Parallelogram,850,250, 
PA13,28, M,250,98,1,9.11E+02, short, Circle, Rhombus, Circle,650,250, 
PA13,28, M,250,99,0,5.93E+02, short, Parallelogram, Circle, Circle,550,250, 
PA13,28, M,250,100,1,1.07E+03, short, Circle, Square, Square,250,250, 
PA13,28, M,250,101,1,7.79E+02, short, Circle, Triangle, Triangle,650,250, 
PA13,28, M,250,102,0,2.36E+03, long, Pentagon, Parallelogram, Pentagon,450,250, 
PA13,28, M,250,103,0,3.49E+02, long, Circle, Pentagon, Circle,850,250, 
PA13,28, M,250,104,0,4.79E+02, short, Rhombus, Triangle, Rhombus,350,250, 
PA13,28, M,250,105,1,5.83E+02, long, Triangle, Rhombus, Triangle,650,250, 
PA13,28, M,250,106,0,1.31E+03, long, Square, Rhombus, Square,450,250, 
PA13,28, M,250,107,1,3.91E+02, long, Parallelogram, Rhombus, Parallelogram,850,250, 
PA13,28, M,250,108,1,7.81E+02, short, Triangle, Parallelogram, Triangle,450,250, 
PA13,28, M,250,109,1,4.75E+02, long, Circle, Rhombus, Circle,550,250, 
PA13,28, M,250,110,0,8.33E+02, long, Parallelogram, Triangle, Parallelogram,650,250, 
PA13,28, M,250,111,0,3.92E+02, long, Pentagon, Parallelogram, Pentagon,650,250, 
PA13,28, M,250,112,1,5.88E+02, short, Circle, Square, Circle,250,250, 
PA13,28, M,250,113,1,4.92E+02, long, Parallelogram, Rhombus, Parallelogram,850,250, 
PA13,28, M,250,114,0,7.94E+02, short, Rhombus, Triangle, Rhombus,450,250, 
PA13,28, M,250,115,0,7.44E+02, long, Circle, Square, Circle,750,250, 
PA13,28, M,250,116,1,4.33E+02, short, Square, Pentagon, Square,250,250, 
PA13,28, M,250,117,1,3.38E+02, long, Parallelogram, Rhombus, Parallelogram,850,250, 
PA13,28, M,250,118,1,3.96E+02, long, Circle, Rhombus, Circle,850,250, 
PA13,28, M,250,119,1,4.50E+02, long, Circle, Parallelogram, Circle,750,250, 
PA13,28, M,250,120,1,6.50E+02, short, Square, Rhombus, Square,550,250, 
PA13,28, M,250,121,1,5.08E+02, short, Square, Rhombus, Square,350,250, 
PA13,28, M,250,122,1,4.44E+02, short, Parallelogram, Circle, Parallelogram,250,250, 
PA13,28, M,250,123,0,4.36E+02, short, Rhombus, Square, Rhombus,350,250, 
PA13,28, M,250,124,0,8.46E+02, long, Square, Rhombus, Square,550,250, 
PA13,28, M,250,125,1,3.90E+02, long, Parallelogram, Circle, Parallelogram,850,250, 
PA13,28, M,250,126,1,6.30E+02, short, Square, Triangle, Square,450,250, 
PA13,28, M,250,127,0,7.27E+02, short, Pentagon, Rhombus, Pentagon,450,250, 
PA13,28, M,250,128,1,4.81E+02, short, Rhombus, Circle, Rhombus,550,250, 
PA13,28, M,250,129,1,5.17E+02, long, Triangle, Circle, Triangle,450,250, 
PA13,28, M,250,130,0,5.29E+02, short, Rhombus, Circle, Rhombus,350,250, 
PA13,28, M,250,131,0,5.38E+02, short, Triangle, Circle, Triangle,450,250, 
PA13,28, M,250,132,1,2.85E+02, long, Circle, Square, Circle,750,250, 
PA13,28, M,250,133,1,1.51E+03, short, Parallelogram, Triangle, Parallelogram,550,250, 
PA13,28, M,250,134,0,7.25E+02, long, Rhombus, Parallelogram, Rhombus,850,250, 
PA13,28, M,250,135,1,1.24E+03, long, Pentagon, Circle, Pentagon,550,250, 
PA13,28, M,250,136,1,5.87E+02, long, Parallelogram, Triangle, Parallelogram,650,250, 
PA13,28, M,250,137,0,4.11E+02, long, Square, Parallelogram, Square,750,250, 
PA13,28, M,250,138,0,3.71E+02, long, Triangle, Rhombus, Triangle,750,250, 
PA13,28, M,250,139,0,5.39E+02, long, Pentagon, Rhombus, Pentagon,550,250, 
PA13,28, M,250,140,0,8.13E+02, short, Circle, Pentagon, Circle,450,250, 
PA13,28, M,250,141,1,9.97E+02, long, Rhombus, Triangle, Rhombus,650,250, 
PA13,28, M,250,142,0,3.48E+02, long, Triangle, Circle, Triangle,650,250, 
PA13,28, M,250,143,0,2.74E+03, short, Circle, Triangle, Circle,250,250, 
PA13,28, M,250,144,1,8.76E+02, short, Parallelogram, Triangle, Parallelogram,450,250, 
PA13,28, M,250,145,0,4.42E+02, long, Parallelogram, Square, Parallelogram,450,250, 
PA13,28, M,250,146,1,4.93E+02, long, Circle, Parallelogram, Circle,450,250, 
PA13,28, M,250,147,0,4.49E+02, long, Pentagon, Rhombus, Pentagon,750,250, 
PA13,28, M,250,148,0,7.13E+02, short, Square, Parallelogram, Square,350,250, 
PA13,28, M,250,149,0,6.49E+02, short, Parallelogram, Circle, Parallelogram,250,250, 
PA13,28, M,250,150,1,1.68E+03, short, Triangle, Rhombus, Triangle,250,250, 
PA13,28, M,250,151,1,6.52E+02, long, Square, Triangle, Square,650,250, 
PA13,28, M,250,152,0,1.03E+03, long, Square, Circle, Square,750,250, 
PA13,28, M,250,153,0,6.54E+02, short, Triangle, Parallelogram, Triangle,350,250, 
PA13,28, M,250,154,1,6.68E+02, long, Circle, Square, Circle,750,250, 
PA13,28, M,250,155,1,5.46E+02, short, Pentagon, Triangle, Pentagon,250,250, 
PA13,28, M,250,156,0,8.12E+02, short, Circle, Triangle, Circle,550,250, 
PA13,28, M,250,157,1,5.16E+02, short, Parallelogram, Rhombus, Parallelogram,350,250, 
PA13,28, M,250,158,0,5.86E+02, long, Pentagon, Circle, Pentagon,550,250, 
PA13,28, M,250,159,1,2.64E+02, long, Triangle, Rhombus, Triangle,750,250, 
PA13,28, M,250,160,0,1.11E+03, long, Triangle, Circle, Triangle,650,250, 
PA13,28, M,250,161,0,5.09E+02, short, Pentagon, Triangle, Pentagon,250,250, 
PA13,28, M,250,162,0,1.01E+03, short, Circle, Parallelogram, Circle,550,250, 
PA13,28, M,250,163,0,2.11E+03, short, Parallelogram, Triangle, Parallelogram,650,250, 
PA13,28, M,250,164,1,6.01E+02, short, Pentagon, Circle, Pentagon,350,250, 
PA13,28, M,250,165,1,8.19E+02, long, Pentagon, Parallelogram, Pentagon,850,250, 
PA13,28, M,250,166,0,6.37E+02, short, Parallelogram, Rhombus, Parallelogram,450,250, 
PA13,28, M,250,167,0,5.29E+02, long, Pentagon, Square, Pentagon,650,250, 
PA13,28, M,250,168,0,5.32E+02, long, Square, Parallelogram, Square,750,250, 
PA13,28, M,250,169,0,1.08E+03, short, Rhombus, Square, Square,350,250, 
PA13,28, M,250,170,0,5.78E+02, short, Pentagon, Parallelogram, Pentagon,650,250, 
PA13,28, M,250,171,1,4.25E+02, short, Circle, Parallelogram, Circle,350,250, 
PA13,28, M,250,172,0,1.18E+03, long, Parallelogram, Pentagon, Parallelogram,650,250, 
PA13,28, M,250,173,1,1.44E+03, short, Triangle, Parallelogram, Triangle,750,250, 
PA13,28, M,250,174,1,5.01E+02, short, Circle, Triangle, Circle,250,250, 
PA13,28, M,250,175,1,7.88E+02, short, Rhombus, Square, Rhombus,450,250, 
PA13,28, M,250,176,0,5.16E+02, short, Rhombus, Circle, Rhombus,450,250, 
PA13,28, M,250,177,0,4.76E+02, short, Circle, Triangle, Circle,250,250, 
PA13,28, M,250,178,0,4.32E+02, short, Square, Circle, Square,350,250, 
PA13,28, M,250,179,1,6.98E+02, long, Parallelogram, Square, Parallelogram,750,250, 
PA13,28, M,250,180,1,6.58E+02, short, Parallelogram, Square, Parallelogram,350,250, 
PA13,28, M,250,181,1,2.88E+02, long, Square, Parallelogram, Square,550,250, 
PA13,28, M,250,182,1,3.02E+02, long, Rhombus, Pentagon, Rhombus,650,250, 
PA13,28, M,250,183,0,5.94E+02, long, Pentagon, Parallelogram, Pentagon,850,250, 
PA13,28, M,250,184,1,3.98E+02, long, Square, Circle, Square,550,250, 
PA13,28, M,250,185,0,4.88E+02, long, Pentagon, Parallelogram, Pentagon,750,250, 
PA13,28, M,250,186,1,6.28E+02, short, Rhombus, Parallelogram, Rhombus,350,250, 
PA13,28, M,250,187,0,2.94E+02, long, Triangle, Pentagon, Triangle,750,250, 
PA13,28, M,250,188,0,3.46E+02, long, Pentagon, Triangle, Pentagon,550,250, 
PA13,28, M,250,189,0,4.32E+02, long, Rhombus, Pentagon, Rhombus,850,250, 
PA13,28, M,250,190,0,4.00E+02, long, Parallelogram, Triangle, Parallelogram,850,250, 
PA13,28, M,250,191,0,5.90E+02, short, Triangle, Pentagon, Triangle,350,250, 
PA13,28, M,250,192,1,5.58E+02, long, Rhombus, Circle, Rhombus,450,250, 
PA13,28, M,250,193,0,3.64E+02, long, Parallelogram, Pentagon, Parallelogram,350,250, 
PA13,28, M,250,194,0,5.45E+02, long, Triangle, Pentagon, Triangle,550,250, 
PA13,28, M,250,195,0,6.17E+02, long, Pentagon, Rhombus, Pentagon,550,250, 
PA13,28, M,250,196,1,5.25E+02, short, Triangle, Square, Triangle,250,250, 
PA13,28, M,250,197,0,6.46E+02, short, Rhombus, Circle, Rhombus,450,250, 
PA13,28, M,250,198,0,5.10E+02, short, Pentagon, Square, Pentagon,250,250, 
PA13,28, M,250,199,1,4.35E+02, long, Parallelogram, Rhombus, Parallelogram,550,250, 
PA13,28, M,250,200,1,3.49E+02, long, Parallelogram, Pentagon, Parallelogram,650,250, 
PA13,28, M,250,201,1,5.10E+02, short, Triangle, Pentagon, Triangle,250,250, 
PA13,28, M,250,202,1,5.33E+02, short, Circle, Square, Circle,450,250, 
PA13,28, M,250,203,0,2.04E+02, long, Rhombus, Triangle, Rhombus,850,250, 
PA13,28, M,250,204,1,6.85E+02, short, Square, Pentagon, Square,450,250, 
PA13,28, M,250,205,0,2.81E+02, long, Square, Circle, Square,850,250, 
PA13,28, M,250,206,1,2.35E+02, long, Rhombus, Pentagon, Rhombus,750,250, 
PA13,28, M,250,207,1,7.21E+02, short, Rhombus, Parallelogram, Rhombus,450,250, 
PA13,28, M,250,208,1,6.65E+02, short, Pentagon, Rhombus, Pentagon,350,250, 
PA13,28, M,250,209,1,5.05E+02, long, Circle, Parallelogram, Circle,550,250, 
PA13,28, M,250,210,1,8.01E+02, long, Square, Parallelogram, Square,550,250, 
