﻿Subject ID, Subject Age, Gender, Group, TrialNumber, Intended or Unintended Outcome, Reaction Time on Outcome Response, Response - Short or Long, Left Image Code, Right Image Code, Chosen Image Code, Objective Duration of Stimulus, Stimulus Delay,
PA58,18, F,1000,1,0,1.43E+03, long, Square, Rhombus, Square,650,1000, 
PA58,18, F,1000,2,1,4.25E+03, long, Parallelogram, Circle, Circle,550,1000, 
PA58,18, F,1000,3,0,4.77E+03, short, Square, Triangle, Square,450,1000, 
PA58,18, F,1000,4,1,1.75E+03, short, Square, Circle, Circle,250,1000, 
PA58,18, F,1000,5,1,7.95E+02, long, Parallelogram, Square, Square,750,1000, 
PA58,18, F,1000,6,1,1.19E+03, long, Square, Pentagon, Square,650,1000, 
PA58,18, F,1000,7,0,4.05E+03, short, Parallelogram, Pentagon, Pentagon,550,1000, 
PA58,18, F,1000,8,0,2.45E+03, short, Circle, Square, Circle,350,1000, 
PA58,18, F,1000,9,1,1.04E+03, long, Rhombus, Triangle, Triangle,650,1000, 
PA58,18, F,1000,10,1,1.21E+03, short, Triangle, Parallelogram, Triangle,450,1000, 
PA58,18, F,1000,11,0,1.60E+03, short, Triangle, Circle, Circle,550,1000, 
PA58,18, F,1000,12,1,8.70E+02, short, Square, Circle, Circle,250,1000, 
PA58,18, F,1000,13,1,1.06E+03, long, Parallelogram, Pentagon, Pentagon,750,1000, 
PA58,18, F,1000,14,1,9.37E+02, short, Parallelogram, Square, Parallelogram,250,1000, 
PA58,18, F,1000,15,1,1.03E+03, short, Circle, Triangle, Circle,350,1000, 
PA58,18, F,1000,16,1,9.73E+02, short, Square, Rhombus, Square,550,1000, 
PA58,18, F,1000,17,1,8.51E+02, long, Parallelogram, Pentagon, Pentagon,850,1000, 
PA58,18, F,1000,18,0,1.02E+03, long, Rhombus, Parallelogram, Parallelogram,750,1000, 
PA58,18, F,1000,19,0,1.01E+03, short, Parallelogram, Circle, Circle,550,1000, 
PA58,18, F,1000,20,0,1.20E+03, short, Parallelogram, Circle, Parallelogram,350,1000, 
PA58,18, F,1000,21,1,1.49E+03, short, Triangle, Pentagon, Pentagon,650,1000, 
PA58,18, F,1000,22,0,1.25E+03, short, Square, Parallelogram, Square,450,1000, 
PA58,18, F,1000,23,1,7.90E+02, long, Pentagon, Circle, Circle,850,1000, 
PA58,18, F,1000,24,1,1.05E+03, short, Triangle, Rhombus, Triangle,450,1000, 
PA58,18, F,1000,25,1,8.53E+02, long, Parallelogram, Triangle, Triangle,750,1000, 
PA58,18, F,1000,26,0,1.13E+03, short, Pentagon, Circle, Pentagon,250,1000, 
PA58,18, F,1000,27,1,2.04E+03, short, Triangle, Square, Square,250,1000, 
PA58,18, F,1000,28,0,1.25E+03, short, Triangle, Pentagon, Triangle,850,1000, 
PA58,18, F,1000,29,1,9.15E+02, short, Parallelogram, Circle, Circle,550,1000, 
PA58,18, F,1000,30,1,1.08E+03, short, Square, Circle, Square,550,1000, 
PA58,18, F,1000,31,1,1.29E+03, short, Pentagon, Triangle, Triangle,550,1000, 
PA58,18, F,1000,32,0,9.16E+02, long, Rhombus, Square, Rhombus,850,1000, 
PA58,18, F,1000,33,0,1.38E+03, short, Triangle, Circle, Circle,250,1000, 
PA58,18, F,1000,34,1,9.78E+02, long, Rhombus, Pentagon, Rhombus,750,1000, 
PA58,18, F,1000,35,0,1.31E+03, short, Rhombus, Triangle, Triangle,750,1000, 
PA58,18, F,1000,36,1,1.02E+03, long, Parallelogram, Circle, Parallelogram,850,1000, 
PA58,18, F,1000,37,1,1.17E+03, long, Parallelogram, Circle, Circle,750,1000, 
PA58,18, F,1000,38,0,4.08E+03, long, Triangle, Parallelogram, Triangle,650,1000, 
PA58,18, F,1000,39,0,4.91E+03, long, Rhombus, Circle, Circle,850,1000, 
PA58,18, F,1000,40,0,1.43E+03, short, Parallelogram, Square, Parallelogram,750,1000, 
PA58,18, F,1000,41,0,1.33E+03, short, Circle, Square, Square,650,1000, 
PA58,18, F,1000,42,0,1.27E+03, short, Triangle, Circle, Triangle,650,1000, 
PA58,18, F,1000,43,0,1.00E+03, short, Pentagon, Rhombus, Pentagon,250,1000, 
PA58,18, F,1000,44,1,8.72E+02, long, Pentagon, Square, Pentagon,650,1000, 
PA58,18, F,1000,45,1,1.07E+03, short, Rhombus, Parallelogram, Parallelogram,550,1000, 
PA58,18, F,1000,46,1,9.83E+02, long, Rhombus, Triangle, Rhombus,850,1000, 
PA58,18, F,1000,47,0,9.91E+02, short, Circle, Pentagon, Circle,650,1000, 
PA58,18, F,1000,48,1,1.49E+03, short, Rhombus, Parallelogram, Rhombus,450,1000, 
PA58,18, F,1000,49,0,1.25E+03, short, Rhombus, Triangle, Triangle,350,1000, 
PA58,18, F,1000,50,0,7.55E+02, long, Rhombus, Square, Rhombus,750,1000, 
PA58,18, F,1000,51,0,9.95E+02, short, Triangle, Circle, Triangle,550,1000, 
PA58,18, F,1000,52,0,9.03E+02, short, Parallelogram, Rhombus, Rhombus,450,1000, 
PA58,18, F,1000,53,1,1.02E+03, long, Triangle, Pentagon, Triangle,650,1000, 
PA58,18, F,1000,54,0,1.17E+03, long, Circle, Triangle, Triangle,850,1000, 
PA58,18, F,1000,55,1,1.19E+03, short, Triangle, Rhombus, Triangle,250,1000, 
PA58,18, F,1000,56,0,8.94E+02, long, Circle, Rhombus, Circle,850,1000, 
PA58,18, F,1000,57,1,9.48E+02, long, Square, Circle, Square,750,1000, 
PA58,18, F,1000,58,0,7.06E+02, long, Triangle, Pentagon, Pentagon,850,1000, 
PA58,18, F,1000,59,1,8.04E+02, long, Circle, Square, Square,650,1000, 
PA58,18, F,1000,60,0,1.65E+03, short, Square, Rhombus, Rhombus,650,1000, 
PA58,18, F,1000,61,0,1.78E+03, short, Rhombus, Parallelogram, Rhombus,350,1000, 
PA58,18, F,1000,62,1,1.15E+03, short, Pentagon, Rhombus, Rhombus,250,1000, 
PA58,18, F,1000,63,1,9.43E+02, long, Triangle, Circle, Triangle,850,1000, 
PA58,18, F,1000,64,1,1.01E+03, short, Rhombus, Square, Rhombus,350,1000, 
PA58,18, F,1000,65,1,1.65E+03, long, Pentagon, Circle, Circle,750,1000, 
PA58,18, F,1000,66,1,1.11E+03, short, Triangle, Pentagon, Triangle,350,1000, 
PA58,18, F,1000,67,0,9.14E+02, short, Rhombus, Triangle, Rhombus,250,1000, 
PA58,18, F,1000,68,0,9.47E+02, short, Circle, Parallelogram, Circle,350,1000, 
PA58,18, F,1000,69,0,8.93E+02, short, Rhombus, Square, Rhombus,850,1000, 
PA58,18, F,1000,70,1,1.10E+03, short, Parallelogram, Square, Parallelogram,350,1000, 
PA58,18, F,1000,71,1,1.03E+03, long, Pentagon, Square, Square,750,1000, 
PA58,18, F,1000,72,1,1.22E+03, long, Circle, Square, Square,550,1000, 
PA58,18, F,1000,73,0,1.04E+03, long, Parallelogram, Rhombus, Rhombus,550,1000, 
PA58,18, F,1000,74,0,1.18E+03, short, Triangle, Square, Square,450,1000, 
PA58,18, F,1000,75,0,1.29E+03, long, Square, Circle, Square,750,1000, 
PA58,18, F,1000,76,1,1.01E+03, short, Triangle, Circle, Triangle,450,1000, 
PA58,18, F,1000,77,1,9.59E+02, short, Triangle, Rhombus, Rhombus,350,1000, 
PA58,18, F,1000,78,0,2.48E+03, long, Rhombus, Circle, Rhombus,650,1000, 
PA58,18, F,1000,79,0,1.08E+03, short, Square, Pentagon, Square,550,1000, 
PA58,18, F,1000,80,1,1.04E+03, long, Triangle, Parallelogram, Triangle,650,1000, 
PA58,18, F,1000,81,0,9.19E+02, short, Circle, Pentagon, Circle,250,1000, 
PA58,18, F,1000,82,1,1.18E+03, long, Square, Rhombus, Rhombus,550,1000, 
PA58,18, F,1000,83,1,8.97E+02, short, Pentagon, Parallelogram, Parallelogram,450,1000, 
PA58,18, F,1000,84,1,1.14E+03, short, Pentagon, Rhombus, Rhombus,350,1000, 
PA58,18, F,1000,85,0,1.28E+03, long, Parallelogram, Square, Parallelogram,850,1000, 
PA58,18, F,1000,86,0,1.94E+03, long, Circle, Rhombus, Circle,450,1000, 
PA58,18, F,1000,87,0,7.10E+02, long, Pentagon, Rhombus, Pentagon,350,1000, 
PA58,18, F,1000,88,0,9.76E+02, short, Circle, Parallelogram, Circle,250,1000, 
PA58,18, F,1000,89,0,1.13E+03, long, Parallelogram, Square, Parallelogram,550,1000, 
PA58,18, F,1000,90,1,7.24E+02, long, Parallelogram, Triangle, Triangle,850,1000, 
PA58,18, F,1000,91,1,7.03E+02, long, Parallelogram, Rhombus, Rhombus,850,1000, 
PA58,18, F,1000,92,0,1.20E+03, short, Square, Triangle, Triangle,550,1000, 
PA58,18, F,1000,93,0,9.97E+02, short, Square, Circle, Circle,250,1000, 
PA58,18, F,1000,94,1,1.15E+03, short, Pentagon, Square, Square,250,1000, 
PA58,18, F,1000,95,1,1.74E+03, short, Parallelogram, Triangle, Triangle,350,1000, 
PA58,18, F,1000,96,1,9.31E+02, long, Square, Parallelogram, Square,350,1000, 
PA58,18, F,1000,97,1,1.46E+03, long, Parallelogram, Square, Parallelogram,650,1000, 
PA58,18, F,1000,98,1,1.63E+03, short, Triangle, Square, Triangle,350,1000, 
PA58,18, F,1000,99,1,2.27E+03, long, Square, Parallelogram, Parallelogram,450,1000, 
PA58,18, F,1000,100,0,7.55E+02, long, Square, Pentagon, Square,750,1000, 
PA58,18, F,1000,101,0,9.42E+02, short, Pentagon, Parallelogram, Parallelogram,250,1000, 
PA58,18, F,1000,102,1,2.13E+03, short, Pentagon, Rhombus, Pentagon,250,1000, 
PA58,18, F,1000,103,1,5.82E+02, short, Triangle, Square, Triangle,250,1000, 
PA58,18, F,1000,104,1,9.12E+02, long, Pentagon, Parallelogram, Pentagon,750,1000, 
PA58,18, F,1000,105,0,4.04E+03, long, Circle, Parallelogram, Parallelogram,850,1000, 
PA58,18, F,1000,106,1,1.74E+03, long, Pentagon, Rhombus, Rhombus,850,1000, 
PA58,18, F,1000,107,0,1.12E+03, short, Rhombus, Circle, Rhombus,350,1000, 
PA58,18, F,1000,108,0,5.00E+02, long, Pentagon, Triangle, Pentagon,550,1000, 
PA58,18, F,1000,109,0,9.02E+02, short, Pentagon, Circle, Circle,450,1000, 
PA58,18, F,1000,110,0,6.04E+02, long, Pentagon, Circle, Pentagon,750,1000, 
PA58,18, F,1000,111,0,1.69E+03, short, Rhombus, Triangle, Triangle,250,1000, 
PA58,18, F,1000,112,1,3.12E+02, long, Square, Parallelogram, Square,850,1000, 
PA58,18, F,1000,113,1,1.19E+03, long, Square, Triangle, Square,350,1000, 
PA58,18, F,1000,114,0,1.22E+03, short, Pentagon, Square, Pentagon,250,1000, 
PA58,18, F,1000,115,0,1.07E+03, short, Circle, Square, Square,550,1000, 
PA58,18, F,1000,116,0,1.72E+03, long, Circle, Parallelogram, Circle,350,1000, 
PA58,18, F,1000,117,0,9.15E+02, long, Pentagon, Square, Pentagon,850,1000, 
PA58,18, F,1000,118,0,8.20E+02, long, Square, Triangle, Triangle,650,1000, 
PA58,18, F,1000,119,1,1.31E+03, long, Circle, Rhombus, Rhombus,350,1000, 
PA58,18, F,1000,120,0,1.59E+03, long, Parallelogram, Pentagon, Pentagon,450,1000, 
PA58,18, F,1000,121,0,9.62E+02, long, Circle, Parallelogram, Parallelogram,350,1000, 
PA58,18, F,1000,122,1,8.82E+02, short, Pentagon, Square, Pentagon,350,1000, 
PA58,18, F,1000,123,1,9.02E+02, long, Parallelogram, Rhombus, Parallelogram,650,1000, 
PA58,18, F,1000,124,1,6.88E+02, long, Parallelogram, Pentagon, Parallelogram,850,1000, 
PA58,18, F,1000,125,0,8.13E+02, short, Parallelogram, Triangle, Triangle,250,1000, 
PA58,18, F,1000,126,0,6.36E+02, long, Square, Parallelogram, Parallelogram,850,1000, 
PA58,18, F,1000,127,1,1.14E+03, long, Pentagon, Triangle, Pentagon,650,1000, 
PA58,18, F,1000,128,0,3.44E+02, long, Square, Triangle, Triangle,650,1000, 
PA58,18, F,1000,129,0,5.85E+02, long, Circle, Rhombus, Circle,750,1000, 
PA58,18, F,1000,130,1,1.40E+03, short, Square, Circle, Square,250,1000, 
PA58,18, F,1000,131,0,4.42E+02, long, Rhombus, Pentagon, Pentagon,550,1000, 
PA58,18, F,1000,132,0,5.54E+02, long, Pentagon, Parallelogram, Pentagon,450,1000, 
PA58,18, F,1000,133,0,3.85E+02, long, Pentagon, Parallelogram, Parallelogram,650,1000, 
PA58,18, F,1000,134,0,1.22E+03, short, Triangle, Square, Triangle,250,1000, 
PA58,18, F,1000,135,1,9.01E+02, short, Rhombus, Parallelogram, Rhombus,250,1000, 
PA58,18, F,1000,136,0,9.27E+02, short, Parallelogram, Pentagon, Parallelogram,450,1000, 
PA58,18, F,1000,137,1,1.19E+03, long, Triangle, Pentagon, Triangle,550,1000, 
PA58,18, F,1000,138,0,8.99E+02, short, Circle, Rhombus, Circle,450,1000, 
PA58,18, F,1000,139,1,1.05E+03, short, Pentagon, Square, Square,350,1000, 
PA58,18, F,1000,140,0,6.86E+02, long, Rhombus, Square, Rhombus,850,1000, 
PA58,18, F,1000,141,1,7.36E+02, long, Circle, Parallelogram, Circle,750,1000, 
PA58,18, F,1000,142,1,8.34E+02, short, Triangle, Rhombus, Triangle,250,1000, 
PA58,18, F,1000,143,1,1.14E+03, short, Triangle, Rhombus, Rhombus,550,1000, 
PA58,18, F,1000,144,1,1.24E+03, short, Triangle, Rhombus, Rhombus,350,1000, 
PA58,18, F,1000,145,0,1.05E+03, short, Parallelogram, Rhombus, Rhombus,350,1000, 
PA58,18, F,1000,146,0,1.16E+03, long, Parallelogram, Rhombus, Parallelogram,750,1000, 
PA58,18, F,1000,147,1,8.07E+02, long, Rhombus, Pentagon, Rhombus,550,1000, 
PA58,18, F,1000,148,1,9.50E+02, long, Triangle, Square, Triangle,650,1000, 
PA58,18, F,1000,149,0,1.23E+03, long, Rhombus, Square, Square,850,1000, 
PA58,18, F,1000,150,1,9.49E+02, long, Parallelogram, Triangle, Triangle,850,1000, 
PA58,18, F,1000,151,1,1.00E+03, short, Pentagon, Triangle, Triangle,550,1000, 
PA58,18, F,1000,152,1,1.16E+03, short, Square, Triangle, Square,450,1000, 
PA58,18, F,1000,153,0,9.45E+02, short, Pentagon, Circle, Circle,250,1000, 
PA58,18, F,1000,154,1,9.17E+02, long, Parallelogram, Triangle, Parallelogram,750,1000, 
PA58,18, F,1000,155,0,1.08E+03, short, Rhombus, Parallelogram, Rhombus,550,1000, 
PA58,18, F,1000,156,1,9.37E+02, long, Square, Rhombus, Rhombus,850,1000, 
PA58,18, F,1000,157,1,8.88E+02, short, Square, Pentagon, Pentagon,450,1000, 
PA58,18, F,1000,158,0,9.18E+02, short, Pentagon, Circle, Pentagon,450,1000, 
PA58,18, F,1000,159,1,1.40E+03, short, Rhombus, Pentagon, Rhombus,450,1000, 
PA58,18, F,1000,160,1,9.56E+02, short, Circle, Rhombus, Circle,450,1000, 
PA58,18, F,1000,161,0,1.40E+03, short, Parallelogram, Rhombus, Parallelogram,250,1000, 
PA58,18, F,1000,162,1,8.84E+02, short, Circle, Triangle, Circle,450,1000, 
PA58,18, F,1000,163,0,6.52E+02, long, Rhombus, Circle, Circle,850,1000, 
PA58,18, F,1000,164,1,4.18E+02, long, Circle, Pentagon, Pentagon,650,1000, 
PA58,18, F,1000,165,1,1.62E+03, short, Triangle, Square, Square,250,1000, 
PA58,18, F,1000,166,0,6.91E+02, short, Circle, Triangle, Triangle,350,1000, 
PA58,18, F,1000,167,1,1.19E+03, short, Pentagon, Parallelogram, Parallelogram,350,1000, 
PA58,18, F,1000,168,1,2.70E+02, long, Square, Triangle, Triangle,650,1000, 
PA58,18, F,1000,169,1,1.32E+03, long, Square, Parallelogram, Square,550,1000, 
PA58,18, F,1000,170,0,7.12E+02, long, Pentagon, Parallelogram, Parallelogram,750,1000, 
PA58,18, F,1000,171,1,8.57E+02, short, Rhombus, Pentagon, Rhombus,250,1000, 
PA58,18, F,1000,172,1,7.13E+02, long, Pentagon, Rhombus, Pentagon,650,1000, 
PA58,18, F,1000,173,0,6.21E+02, long, Square, Pentagon, Square,750,1000, 
PA58,18, F,1000,174,1,6.39E+02, long, Triangle, Parallelogram, Triangle,750,1000, 
PA58,18, F,1000,175,0,8.11E+02, long, Rhombus, Circle, Rhombus,550,1000, 
PA58,18, F,1000,176,1,1.03E+03, short, Rhombus, Parallelogram, Rhombus,750,1000, 
PA58,18, F,1000,177,1,9.19E+02, long, Triangle, Parallelogram, Triangle,850,1000, 
PA58,18, F,1000,178,0,9.80E+02, short, Pentagon, Triangle, Pentagon,750,1000, 
PA58,18, F,1000,179,0,8.64E+02, short, Triangle, Rhombus, Rhombus,450,1000, 
PA58,18, F,1000,180,1,2.33E+03, long, Rhombus, Square, Rhombus,550,1000, 
PA58,18, F,1000,181,1,1.31E+03, short, Rhombus, Pentagon, Rhombus,450,1000, 
PA58,18, F,1000,182,0,8.40E+02, short, Circle, Rhombus, Rhombus,450,1000, 
PA58,18, F,1000,183,1,7.92E+02, short, Circle, Pentagon, Pentagon,250,1000, 
PA58,18, F,1000,184,0,3.84E+02, short, Rhombus, Circle, Circle,350,1000, 
PA58,18, F,1000,185,0,1.21E+03, long, Square, Rhombus, Rhombus,650,1000, 
PA58,18, F,1000,186,1,8.57E+02, long, Circle, Pentagon, Pentagon,650,1000, 
PA58,18, F,1000,187,0,8.64E+02, short, Circle, Triangle, Triangle,250,1000, 
PA58,18, F,1000,188,0,6.83E+02, long, Square, Pentagon, Pentagon,750,1000, 
PA58,18, F,1000,189,0,7.31E+02, long, Square, Rhombus, Square,650,1000, 
PA58,18, F,1000,190,0,1.19E+03, long, Square, Pentagon, Square,750,1000, 
PA58,18, F,1000,191,0,5.25E+02, long, Parallelogram, Triangle, Parallelogram,650,1000, 
PA58,18, F,1000,192,0,1.81E+03, long, Rhombus, Pentagon, Rhombus,650,1000, 
PA58,18, F,1000,193,1,5.57E+02, long, Parallelogram, Circle, Parallelogram,850,1000, 
PA58,18, F,1000,194,0,1.16E+03, long, Rhombus, Triangle, Rhombus,850,1000, 
PA58,18, F,1000,195,0,8.89E+02, long, Parallelogram, Pentagon, Parallelogram,650,1000, 
PA58,18, F,1000,196,0,1.16E+03, short, Pentagon, Triangle, Pentagon,450,1000, 
PA58,18, F,1000,197,0,3.75E+02, long, Triangle, Parallelogram, Triangle,550,1000, 
PA58,18, F,1000,198,0,6.66E+02, long, Square, Parallelogram, Square,350,1000, 
PA58,18, F,1000,199,0,5.68E+02, long, Rhombus, Circle, Rhombus,350,1000, 
PA58,18, F,1000,200,1,8.90E+02, short, Circle, Triangle, Triangle,550,1000, 
PA58,18, F,1000,201,1,8.86E+02, long, Circle, Square, Square,850,1000, 
PA58,18, F,1000,202,0,1.02E+03, long, Triangle, Parallelogram, Parallelogram,450,1000, 
PA58,18, F,1000,203,1,1.04E+03, long, Triangle, Circle, Circle,750,1000, 
PA58,18, F,1000,204,0,1.28E+03, short, Circle, Pentagon, Pentagon,350,1000, 
PA58,18, F,1000,205,0,9.64E+02, long, Circle, Square, Circle,750,1000, 
PA58,18, F,1000,206,1,5.36E+02, long, Circle, Pentagon, Circle,750,1000, 
PA58,18, F,1000,207,1,1.17E+03, short, Circle, Parallelogram, Circle,450,1000, 
PA58,18, F,1000,208,1,1.37E+03, long, Circle, Triangle, Circle,450,1000, 
PA58,18, F,1000,209,0,4.42E+02, long, Triangle, Pentagon, Triangle,550,1000, 
PA58,18, F,1000,210,1,1.14E+03, long, Pentagon, Triangle, Pentagon,450,1000, 
