﻿Subject ID, Subject Age, Gender, Group, TrialNumber, Intended or Unintended Outcome, Reaction Time on Outcome Response, Response - Short or Long, Left Image Code, Right Image Code, Chosen Image Code, Objective Duration of Stimulus, Stimulus Delay,
PA36,28, M,1000,1,0,1.75E+03, short, Parallelogram, Circle, Circle,350,1000, 
PA36,28, M,1000,2,0,1.07E+03, long, Rhombus, Pentagon, Rhombus,850,1000, 
PA36,28, M,1000,3,1,2.49E+03, long, Circle, Parallelogram, Parallelogram,850,1000, 
PA36,28, M,1000,4,1,2.45E+03, short, Square, Pentagon, Square,450,1000, 
PA36,28, M,1000,5,1,3.20E+03, short, Parallelogram, Triangle, Triangle,750,1000, 
PA36,28, M,1000,6,0,6.27E+02, short, Rhombus, Triangle, Triangle,550,1000, 
PA36,28, M,1000,7,0,6.12E+02, long, Circle, Triangle, Circle,850,1000, 
PA36,28, M,1000,8,1,1.37E+03, short, Parallelogram, Triangle, Triangle,650,1000, 
PA36,28, M,1000,9,1,4.70E+02, long, Square, Triangle, Triangle,850,1000, 
PA36,28, M,1000,10,0,1.23E+03, short, Triangle, Pentagon, Triangle,450,1000, 
PA36,28, M,1000,11,1,6.00E+02, long, Rhombus, Parallelogram, Rhombus,850,1000, 
PA36,28, M,1000,12,0,7.64E+02, short, Triangle, Circle, Circle,350,1000, 
PA36,28, M,1000,13,0,4.22E+02, long, Triangle, Pentagon, Triangle,850,1000, 
PA36,28, M,1000,14,1,4.35E+02, long, Circle, Rhombus, Circle,850,1000, 
PA36,28, M,1000,15,0,8.87E+02, short, Parallelogram, Rhombus, Rhombus,250,1000, 
PA36,28, M,1000,16,1,1.17E+03, short, Parallelogram, Circle, Circle,450,1000, 
PA36,28, M,1000,17,0,5.01E+02, long, Triangle, Parallelogram, Triangle,850,1000, 
PA36,28, M,1000,18,0,7.51E+02, short, Circle, Square, Square,250,1000, 
PA36,28, M,1000,19,1,4.67E+02, long, Parallelogram, Rhombus, Parallelogram,650,1000, 
PA36,28, M,1000,20,0,8.05E+02, short, Triangle, Rhombus, Triangle,450,1000, 
PA36,28, M,1000,21,1,1.38E+03, long, Square, Triangle, Triangle,650,1000, 
PA36,28, M,1000,22,0,1.84E+03, long, Circle, Rhombus, Circle,750,1000, 
PA36,28, M,1000,23,1,7.86E+02, short, Rhombus, Pentagon, Rhombus,350,1000, 
PA36,28, M,1000,24,1,5.76E+02, short, Pentagon, Circle, Circle,450,1000, 
PA36,28, M,1000,25,0,9.88E+02, long, Rhombus, Triangle, Triangle,650,1000, 
PA36,28, M,1000,26,0,1.17E+03, long, Pentagon, Circle, Pentagon,550,1000, 
PA36,28, M,1000,27,0,6.56E+02, short, Parallelogram, Rhombus, Parallelogram,250,1000, 
PA36,28, M,1000,28,1,4.32E+02, long, Pentagon, Square, Pentagon,650,1000, 
PA36,28, M,1000,29,0,5.66E+02, short, Triangle, Parallelogram, Parallelogram,250,1000, 
PA36,28, M,1000,30,0,2.48E+02, long, Circle, Pentagon, Circle,650,1000, 
PA36,28, M,1000,31,0,4.07E+02, long, Square, Parallelogram, Square,850,1000, 
PA36,28, M,1000,32,0,5.65E+02, short, Square, Circle, Square,350,1000, 
PA36,28, M,1000,33,1,2.87E+02, long, Square, Triangle, Square,850,1000, 
PA36,28, M,1000,34,1,4.83E+02, short, Pentagon, Triangle, Triangle,350,1000, 
PA36,28, M,1000,35,0,2.85E+02, long, Rhombus, Triangle, Rhombus,550,1000, 
PA36,28, M,1000,36,0,4.27E+02, short, Circle, Triangle, Circle,350,1000, 
PA36,28, M,1000,37,0,9.27E+02, short, Parallelogram, Pentagon, Pentagon,550,1000, 
PA36,28, M,1000,38,0,2.83E+02, long, Triangle, Pentagon, Triangle,850,1000, 
PA36,28, M,1000,39,1,1.86E+03, long, Square, Pentagon, Square,850,1000, 
PA36,28, M,1000,40,1,4.98E+02, short, Parallelogram, Pentagon, Pentagon,350,1000, 
PA36,28, M,1000,41,0,5.81E+02, short, Pentagon, Triangle, Triangle,550,1000, 
PA36,28, M,1000,42,0,3.10E+02, long, Parallelogram, Pentagon, Parallelogram,650,1000, 
PA36,28, M,1000,43,1,6.05E+02, short, Square, Circle, Square,350,1000, 
PA36,28, M,1000,44,1,7.27E+02, long, Triangle, Square, Triangle,750,1000, 
PA36,28, M,1000,45,0,6.19E+02, short, Square, Circle, Circle,450,1000, 
PA36,28, M,1000,46,1,5.93E+02, short, Rhombus, Circle, Rhombus,250,1000, 
PA36,28, M,1000,47,1,9.39E+02, short, Triangle, Rhombus, Rhombus,450,1000, 
PA36,28, M,1000,48,1,1.02E+03, short, Rhombus, Circle, Circle,350,1000, 
PA36,28, M,1000,49,0,1.50E+03, short, Triangle, Square, Triangle,650,1000, 
PA36,28, M,1000,50,1,5.99E+02, short, Square, Circle, Square,350,1000, 
PA36,28, M,1000,51,1,7.43E+02, short, Parallelogram, Square, Parallelogram,250,1000, 
PA36,28, M,1000,52,1,6.65E+02, short, Triangle, Rhombus, Rhombus,550,1000, 
PA36,28, M,1000,53,1,2.53E+02, long, Square, Parallelogram, Parallelogram,550,1000, 
PA36,28, M,1000,54,1,7.95E+02, long, Triangle, Circle, Circle,850,1000, 
PA36,28, M,1000,55,0,9.79E+02, short, Square, Triangle, Square,750,1000, 
PA36,28, M,1000,56,1,1.01E+03, short, Parallelogram, Pentagon, Parallelogram,350,1000, 
PA36,28, M,1000,57,0,6.44E+02, long, Circle, Parallelogram, Parallelogram,750,1000, 
PA36,28, M,1000,58,1,3.42E+02, long, Rhombus, Parallelogram, Parallelogram,650,1000, 
PA36,28, M,1000,59,1,5.96E+02, short, Square, Parallelogram, Parallelogram,450,1000, 
PA36,28, M,1000,60,1,4.48E+02, short, Pentagon, Triangle, Pentagon,450,1000, 
PA36,28, M,1000,61,0,1.06E+03, short, Triangle, Circle, Triangle,750,1000, 
PA36,28, M,1000,62,0,3.28E+02, long, Rhombus, Square, Square,450,1000, 
PA36,28, M,1000,63,0,5.10E+02, long, Pentagon, Circle, Circle,750,1000, 
PA36,28, M,1000,64,0,2.17E+03, long, Parallelogram, Triangle, Triangle,350,1000, 
PA36,28, M,1000,65,1,6.01E+02, short, Pentagon, Rhombus, Pentagon,450,1000, 
PA36,28, M,1000,66,1,3.75E+02, short, Circle, Rhombus, Circle,250,1000, 
PA36,28, M,1000,67,0,3.05E+02, long, Circle, Triangle, Triangle,550,1000, 
PA36,28, M,1000,68,1,5.39E+02, short, Triangle, Rhombus, Triangle,350,1000, 
PA36,28, M,1000,69,0,7.43E+02, long, Circle, Pentagon, Pentagon,850,1000, 
PA36,28, M,1000,70,1,5.37E+02, short, Pentagon, Parallelogram, Pentagon,450,1000, 
PA36,28, M,1000,71,0,2.79E+02, long, Circle, Square, Circle,850,1000, 
PA36,28, M,1000,72,1,2.50E+02, long, Pentagon, Square, Square,750,1000, 
PA36,28, M,1000,73,1,3.73E+02, long, Square, Pentagon, Square,650,1000, 
PA36,28, M,1000,74,0,3.67E+02, long, Triangle, Parallelogram, Triangle,450,1000, 
PA36,28, M,1000,75,0,4.67E+02, long, Square, Pentagon, Square,750,1000, 
PA36,28, M,1000,76,1,6.38E+02, short, Rhombus, Pentagon, Pentagon,250,1000, 
PA36,28, M,1000,77,1,3.02E+02, long, Square, Rhombus, Rhombus,550,1000, 
PA36,28, M,1000,78,0,9.62E+02, long, Rhombus, Circle, Rhombus,650,1000, 
PA36,28, M,1000,79,0,1.90E+03, long, Circle, Rhombus, Circle,450,1000, 
PA36,28, M,1000,80,0,3.12E+02, long, Triangle, Pentagon, Triangle,650,1000, 
PA36,28, M,1000,81,1,6.36E+02, short, Rhombus, Triangle, Triangle,250,1000, 
PA36,28, M,1000,82,0,2.52E+02, long, Parallelogram, Pentagon, Pentagon,650,1000, 
PA36,28, M,1000,83,0,4.12E+02, short, Pentagon, Triangle, Pentagon,350,1000, 
PA36,28, M,1000,84,1,3.14E+02, long, Parallelogram, Rhombus, Rhombus,550,1000, 
PA36,28, M,1000,85,0,7.39E+02, short, Pentagon, Parallelogram, Pentagon,350,1000, 
PA36,28, M,1000,86,1,5.71E+02, short, Parallelogram, Triangle, Triangle,350,1000, 
PA36,28, M,1000,87,0,4.03E+02, short, Parallelogram, Circle, Parallelogram,350,1000, 
PA36,28, M,1000,88,0,5.41E+02, short, Pentagon, Square, Square,450,1000, 
PA36,28, M,1000,89,0,9.11E+02, short, Rhombus, Triangle, Rhombus,450,1000, 
PA36,28, M,1000,90,0,4.43E+02, long, Rhombus, Parallelogram, Rhombus,850,1000, 
PA36,28, M,1000,91,1,9.55E+02, long, Parallelogram, Circle, Circle,450,1000, 
PA36,28, M,1000,92,0,2.68E+02, long, Pentagon, Rhombus, Pentagon,850,1000, 
PA36,28, M,1000,93,0,1.68E+03, long, Circle, Rhombus, Circle,650,1000, 
PA36,28, M,1000,94,1,4.20E+02, short, Pentagon, Circle, Circle,350,1000, 
PA36,28, M,1000,95,0,5.50E+02, short, Circle, Square, Square,350,1000, 
PA36,28, M,1000,96,0,4.16E+02, short, Circle, Parallelogram, Circle,250,1000, 
PA36,28, M,1000,97,1,4.86E+02, short, Circle, Square, Circle,350,1000, 
PA36,28, M,1000,98,1,5.40E+02, short, Square, Parallelogram, Parallelogram,350,1000, 
PA36,28, M,1000,99,0,3.50E+02, short, Pentagon, Square, Pentagon,250,1000, 
PA36,28, M,1000,100,1,8.84E+02, long, Pentagon, Square, Square,550,1000, 
PA36,28, M,1000,101,0,6.60E+02, long, Circle, Triangle, Circle,650,1000, 
PA36,28, M,1000,102,1,8.52E+02, short, Rhombus, Triangle, Triangle,250,1000, 
PA36,28, M,1000,103,0,2.44E+02, long, Triangle, Parallelogram, Triangle,850,1000, 
PA36,28, M,1000,104,1,4.31E+02, long, Parallelogram, Rhombus, Parallelogram,850,1000, 
PA36,28, M,1000,105,1,2.79E+02, long, Pentagon, Rhombus, Pentagon,750,1000, 
PA36,28, M,1000,106,0,2.37E+02, long, Triangle, Rhombus, Rhombus,650,1000, 
PA36,28, M,1000,107,1,3.07E+02, long, Triangle, Square, Square,550,1000, 
PA36,28, M,1000,108,1,2.95E+02, long, Circle, Pentagon, Circle,550,1000, 
PA36,28, M,1000,109,0,8.81E+02, short, Triangle, Square, Triangle,450,1000, 
PA36,28, M,1000,110,1,2.23E+02, long, Triangle, Pentagon, Triangle,850,1000, 
PA36,28, M,1000,111,1,4.61E+02, long, Rhombus, Parallelogram, Parallelogram,650,1000, 
PA36,28, M,1000,112,1,1.37E+03, long, Rhombus, Square, Rhombus,750,1000, 
PA36,28, M,1000,113,1,2.39E+02, long, Circle, Parallelogram, Parallelogram,850,1000, 
PA36,28, M,1000,114,1,8.65E+02, long, Rhombus, Pentagon, Rhombus,450,1000, 
PA36,28, M,1000,115,0,7.68E+02, short, Square, Circle, Circle,250,1000, 
PA36,28, M,1000,116,1,4.86E+02, short, Circle, Square, Circle,550,1000, 
PA36,28, M,1000,117,1,5.50E+02, long, Triangle, Square, Triangle,850,1000, 
PA36,28, M,1000,118,0,9.28E+02, long, Rhombus, Triangle, Triangle,350,1000, 
PA36,28, M,1000,119,1,5.98E+02, short, Rhombus, Parallelogram, Rhombus,250,1000, 
PA36,28, M,1000,120,0,3.24E+02, long, Pentagon, Rhombus, Pentagon,550,1000, 
PA36,28, M,1000,121,1,1.55E+03, long, Circle, Rhombus, Rhombus,550,1000, 
PA36,28, M,1000,122,0,7.42E+02, short, Parallelogram, Circle, Parallelogram,450,1000, 
PA36,28, M,1000,123,1,6.83E+02, short, Square, Pentagon, Square,250,1000, 
PA36,28, M,1000,124,0,9.08E+02, short, Circle, Triangle, Circle,550,1000, 
PA36,28, M,1000,125,1,2.75E+02, long, Pentagon, Square, Square,750,1000, 
PA36,28, M,1000,126,1,2.23E+02, long, Square, Triangle, Triangle,550,1000, 
PA36,28, M,1000,127,0,3.95E+02, long, Pentagon, Triangle, Pentagon,650,1000, 
PA36,28, M,1000,128,0,2.31E+02, long, Rhombus, Parallelogram, Rhombus,750,1000, 
PA36,28, M,1000,129,1,6.36E+02, short, Pentagon, Rhombus, Pentagon,250,1000, 
PA36,28, M,1000,130,0,9.96E+02, long, Circle, Triangle, Circle,650,1000, 
PA36,28, M,1000,131,0,2.56E+02, long, Circle, Triangle, Triangle,750,1000, 
PA36,28, M,1000,132,1,8.26E+02, long, Circle, Parallelogram, Circle,450,1000, 
PA36,28, M,1000,133,0,2.92E+02, long, Rhombus, Pentagon, Rhombus,850,1000, 
PA36,28, M,1000,134,1,9.44E+02, long, Rhombus, Square, Square,450,1000, 
PA36,28, M,1000,135,1,2.60E+02, long, Triangle, Pentagon, Triangle,750,1000, 
PA36,28, M,1000,136,0,5.48E+02, long, Pentagon, Parallelogram, Parallelogram,750,1000, 
PA36,28, M,1000,137,1,3.08E+02, long, Pentagon, Triangle, Triangle,750,1000, 
PA36,28, M,1000,138,1,4.94E+02, short, Triangle, Parallelogram, Triangle,250,1000, 
PA36,28, M,1000,139,1,3.82E+02, long, Rhombus, Circle, Rhombus,550,1000, 
PA36,28, M,1000,140,0,1.19E+03, short, Circle, Parallelogram, Circle,350,1000, 
PA36,28, M,1000,141,0,1.01E+03, long, Square, Rhombus, Square,850,1000, 
PA36,28, M,1000,142,1,5.22E+02, short, Circle, Pentagon, Pentagon,250,1000, 
PA36,28, M,1000,143,0,2.59E+02, long, Square, Pentagon, Square,650,1000, 
PA36,28, M,1000,144,0,7.25E+02, short, Triangle, Circle, Circle,250,1000, 
PA36,28, M,1000,145,1,1.96E+03, long, Rhombus, Pentagon, Rhombus,650,1000, 
PA36,28, M,1000,146,0,5.63E+02, short, Circle, Pentagon, Circle,350,1000, 
PA36,28, M,1000,147,0,5.85E+02, short, Pentagon, Rhombus, Rhombus,250,1000, 
PA36,28, M,1000,148,0,8.59E+02, long, Parallelogram, Circle, Parallelogram,550,1000, 
PA36,28, M,1000,149,0,3.13E+02, long, Square, Circle, Square,550,1000, 
PA36,28, M,1000,150,0,7.23E+02, long, Triangle, Square, Triangle,550,1000, 
PA36,28, M,1000,151,1,1.44E+03, long, Rhombus, Circle, Circle,550,1000, 
PA36,28, M,1000,152,1,1.86E+02, long, Pentagon, Circle, Pentagon,650,1000, 
PA36,28, M,1000,153,1,2.54E+02, long, Parallelogram, Square, Parallelogram,850,1000, 
PA36,28, M,1000,154,0,3.76E+02, long, Triangle, Circle, Circle,850,1000, 
PA36,28, M,1000,155,0,1.05E+03, short, Rhombus, Circle, Rhombus,550,1000, 
PA36,28, M,1000,156,1,2.84E+02, long, Pentagon, Parallelogram, Pentagon,750,1000, 
PA36,28, M,1000,157,0,3.14E+02, long, Pentagon, Square, Square,850,1000, 
PA36,28, M,1000,158,0,4.52E+02, long, Square, Rhombus, Rhombus,550,1000, 
PA36,28, M,1000,159,1,3.78E+02, long, Circle, Rhombus, Circle,450,1000, 
PA36,28, M,1000,160,1,8.40E+02, long, Square, Parallelogram, Square,850,1000, 
PA36,28, M,1000,161,1,2.98E+02, long, Parallelogram, Square, Parallelogram,650,1000, 
PA36,28, M,1000,162,1,3.06E+02, long, Circle, Parallelogram, Parallelogram,650,1000, 
PA36,28, M,1000,163,0,6.69E+02, short, Pentagon, Circle, Pentagon,250,1000, 
PA36,28, M,1000,164,0,2.39E+02, long, Triangle, Pentagon, Triangle,750,1000, 
PA36,28, M,1000,165,1,8.43E+02, long, Parallelogram, Pentagon, Parallelogram,550,1000, 
PA36,28, M,1000,166,0,4.03E+02, long, Triangle, Circle, Circle,450,1000, 
PA36,28, M,1000,167,1,7.67E+02, long, Parallelogram, Square, Parallelogram,750,1000, 
PA36,28, M,1000,168,1,6.11E+02, long, Pentagon, Rhombus, Rhombus,650,1000, 
PA36,28, M,1000,169,1,4.47E+02, long, Square, Pentagon, Square,650,1000, 
PA36,28, M,1000,170,0,4.50E+02, short, Rhombus, Square, Square,250,1000, 
PA36,28, M,1000,171,1,8.32E+02, long, Circle, Square, Circle,450,1000, 
PA36,28, M,1000,172,0,3.86E+02, short, Parallelogram, Rhombus, Rhombus,350,1000, 
PA36,28, M,1000,173,1,4.20E+02, long, Square, Circle, Square,750,1000, 
PA36,28, M,1000,174,1,6.84E+02, short, Rhombus, Square, Square,250,1000, 
PA36,28, M,1000,175,0,5.22E+02, short, Pentagon, Triangle, Pentagon,250,1000, 
PA36,28, M,1000,176,0,4.08E+02, long, Circle, Pentagon, Circle,750,1000, 
PA36,28, M,1000,177,0,8.96E+02, short, Parallelogram, Square, Parallelogram,250,1000, 
PA36,28, M,1000,178,0,3.88E+02, long, Triangle, Rhombus, Triangle,750,1000, 
PA36,28, M,1000,179,0,4.36E+02, short, Triangle, Square, Square,250,1000, 
PA36,28, M,1000,180,0,1.41E+03, short, Square, Rhombus, Rhombus,350,1000, 
PA36,28, M,1000,181,1,4.79E+02, short, Square, Rhombus, Rhombus,250,1000, 
PA36,28, M,1000,182,0,3.97E+02, long, Parallelogram, Square, Parallelogram,650,1000, 
PA36,28, M,1000,183,1,2.43E+02, long, Square, Parallelogram, Square,750,1000, 
PA36,28, M,1000,184,1,5.38E+02, short, Triangle, Rhombus, Rhombus,250,1000, 
PA36,28, M,1000,185,0,1.91E+01, long, Square, Triangle, Square,750,1000, 
PA36,28, M,1000,186,0,3.87E+02, long, Rhombus, Square, Rhombus,550,1000, 
PA36,28, M,1000,187,1,1.43E+03, short, Triangle, Circle, Triangle,650,1000, 
PA36,28, M,1000,188,1,4.03E+02, long, Parallelogram, Circle, Circle,850,1000, 
PA36,28, M,1000,189,1,1.31E+03, long, Parallelogram, Triangle, Triangle,750,1000, 
PA36,28, M,1000,190,1,2.14E+02, long, Triangle, Parallelogram, Parallelogram,750,1000, 
PA36,28, M,1000,191,1,7.13E+02, long, Parallelogram, Triangle, Parallelogram,750,1000, 
PA36,28, M,1000,192,1,3.66E+02, long, Parallelogram, Pentagon, Parallelogram,350,1000, 
PA36,28, M,1000,193,0,1.30E+02, long, Pentagon, Parallelogram, Pentagon,750,1000, 
PA36,28, M,1000,194,1,1.63E+03, long, Triangle, Parallelogram, Parallelogram,650,1000, 
PA36,28, M,1000,195,0,8.20E+02, short, Square, Rhombus, Square,450,1000, 
PA36,28, M,1000,196,1,1.09E+03, short, Rhombus, Square, Rhombus,350,1000, 
PA36,28, M,1000,197,1,5.18E+02, short, Square, Triangle, Square,450,1000, 
PA36,28, M,1000,198,1,7.20E+02, short, Rhombus, Parallelogram, Parallelogram,250,1000, 
PA36,28, M,1000,199,0,1.36E+03, short, Square, Parallelogram, Parallelogram,450,1000, 
PA36,28, M,1000,200,0,3.60E+02, long, Circle, Pentagon, Circle,450,1000, 
PA36,28, M,1000,201,1,7.00E+02, short, Pentagon, Parallelogram, Pentagon,550,1000, 
PA36,28, M,1000,202,0,4.34E+02, short, Rhombus, Circle, Rhombus,250,1000, 
PA36,28, M,1000,203,1,3.52E+02, long, Rhombus, Pentagon, Pentagon,850,1000, 
PA36,28, M,1000,204,1,3.95E+02, short, Pentagon, Circle, Pentagon,350,1000, 
PA36,28, M,1000,205,0,4.99E+02, long, Circle, Square, Circle,650,1000, 
PA36,28, M,1000,206,0,1.65E+02, long, Square, Rhombus, Square,750,1000, 
PA36,28, M,1000,207,0,7.67E+02, short, Parallelogram, Rhombus, Parallelogram,450,1000, 
PA36,28, M,1000,208,0,4.73E+02, short, Parallelogram, Triangle, Triangle,350,1000, 
PA36,28, M,1000,209,1,2.43E+02, long, Pentagon, Parallelogram, Pentagon,550,1000, 
PA36,28, M,1000,210,0,2.52E+03, long, Parallelogram, Square, Square,550,1000, 
