﻿Subject ID, Subject Age, Gender, Group, TrialNumber, Intended or Unintended Outcome, Reaction Time on Outcome Response, Response - Short or Long, Left Image Code, Right Image Code, Chosen Image Code, Objective Duration of Stimulus, Stimulus Delay,
PA08,21, M,1000,1,0,4.29E+03, long, Square, Rhombus, Square,650,1000, 
PA08,21, M,1000,2,1,9.14E+02, short, Parallelogram, Circle, Circle,550,1000, 
PA08,21, M,1000,3,0,2.45E+03, short, Square, Triangle, Square,450,1000, 
PA08,21, M,1000,4,1,1.07E+03, short, Square, Circle, Circle,250,1000, 
PA08,21, M,1000,5,1,5.07E+02, long, Parallelogram, Square, Square,750,1000, 
PA08,21, M,1000,6,1,6.35E+02, long, Square, Pentagon, Square,650,1000, 
PA08,21, M,1000,7,0,7.09E+03, short, Parallelogram, Pentagon, Parallelogram,550,1000, 
PA08,21, M,1000,8,0,1.49E+03, short, Circle, Square, Circle,350,1000, 
PA08,21, M,1000,9,1,5.54E+02, long, Rhombus, Triangle, Rhombus,650,1000, 
PA08,21, M,1000,10,1,8.52E+02, short, Triangle, Parallelogram, Parallelogram,450,1000, 
PA08,21, M,1000,11,0,3.30E+03, long, Triangle, Circle, Triangle,550,1000, 
PA08,21, M,1000,12,1,8.56E+02, short, Square, Circle, Circle,250,1000, 
PA08,21, M,1000,13,1,3.00E+02, long, Parallelogram, Pentagon, Pentagon,750,1000, 
PA08,21, M,1000,14,1,1.03E+03, short, Parallelogram, Square, Square,250,1000, 
PA08,21, M,1000,15,1,8.19E+02, short, Circle, Triangle, Circle,350,1000, 
PA08,21, M,1000,16,1,2.18E+03, short, Square, Rhombus, Rhombus,550,1000, 
PA08,21, M,1000,17,1,4.55E+02, long, Parallelogram, Pentagon, Pentagon,850,1000, 
PA08,21, M,1000,18,0,3.45E+03, long, Rhombus, Parallelogram, Rhombus,750,1000, 
PA08,21, M,1000,19,0,1.04E+03, short, Parallelogram, Circle, Circle,550,1000, 
PA08,21, M,1000,20,0,9.78E+02, short, Parallelogram, Circle, Circle,350,1000, 
PA08,21, M,1000,21,1,1.04E+03, short, Triangle, Pentagon, Pentagon,650,1000, 
PA08,21, M,1000,22,0,9.66E+02, short, Square, Parallelogram, Parallelogram,450,1000, 
PA08,21, M,1000,23,1,6.30E+02, long, Pentagon, Circle, Circle,850,1000, 
PA08,21, M,1000,24,1,1.36E+03, short, Triangle, Rhombus, Triangle,450,1000, 
PA08,21, M,1000,25,1,2.61E+03, long, Parallelogram, Triangle, Triangle,750,1000, 
PA08,21, M,1000,26,0,1.67E+03, short, Pentagon, Circle, Circle,250,1000, 
PA08,21, M,1000,27,1,2.07E+03, short, Triangle, Square, Triangle,250,1000, 
PA08,21, M,1000,28,0,2.74E+03, short, Triangle, Pentagon, Triangle,850,1000, 
PA08,21, M,1000,29,1,5.95E+02, short, Parallelogram, Circle, Parallelogram,550,1000, 
PA08,21, M,1000,30,1,6.31E+02, short, Square, Circle, Square,550,1000, 
PA08,21, M,1000,31,1,6.50E+02, short, Pentagon, Triangle, Pentagon,550,1000, 
PA08,21, M,1000,32,0,7.50E+02, long, Rhombus, Square, Rhombus,850,1000, 
PA08,21, M,1000,33,0,1.17E+03, short, Triangle, Circle, Triangle,250,1000, 
PA08,21, M,1000,34,1,7.10E+02, short, Rhombus, Pentagon, Rhombus,750,1000, 
PA08,21, M,1000,35,0,5.40E+02, long, Rhombus, Triangle, Rhombus,750,1000, 
PA08,21, M,1000,36,1,2.89E+03, short, Parallelogram, Circle, Parallelogram,850,1000, 
PA08,21, M,1000,37,1,4.18E+02, long, Parallelogram, Circle, Parallelogram,750,1000, 
PA08,21, M,1000,38,0,9.35E+02, short, Triangle, Parallelogram, Triangle,650,1000, 
PA08,21, M,1000,39,0,5.04E+02, long, Rhombus, Circle, Rhombus,850,1000, 
PA08,21, M,1000,40,0,5.01E+02, long, Parallelogram, Square, Square,750,1000, 
PA08,21, M,1000,41,0,6.95E+02, short, Circle, Square, Square,650,1000, 
PA08,21, M,1000,42,0,9.67E+02, short, Triangle, Circle, Circle,650,1000, 
PA08,21, M,1000,43,0,7.83E+02, short, Pentagon, Rhombus, Rhombus,250,1000, 
PA08,21, M,1000,44,1,4.25E+02, short, Pentagon, Square, Square,650,1000, 
PA08,21, M,1000,45,1,7.07E+02, short, Rhombus, Parallelogram, Parallelogram,550,1000, 
PA08,21, M,1000,46,1,5.35E+02, long, Rhombus, Triangle, Triangle,850,1000, 
PA08,21, M,1000,47,0,8.15E+02, long, Circle, Pentagon, Pentagon,650,1000, 
PA08,21, M,1000,48,1,6.27E+02, short, Rhombus, Parallelogram, Parallelogram,450,1000, 
PA08,21, M,1000,49,0,8.83E+02, short, Rhombus, Triangle, Triangle,350,1000, 
PA08,21, M,1000,50,0,1.02E+03, short, Rhombus, Square, Square,750,1000, 
PA08,21, M,1000,51,0,1.47E+03, short, Triangle, Circle, Circle,550,1000, 
PA08,21, M,1000,52,0,8.14E+02, short, Parallelogram, Rhombus, Rhombus,450,1000, 
PA08,21, M,1000,53,1,1.86E+03, short, Triangle, Pentagon, Pentagon,650,1000, 
PA08,21, M,1000,54,0,1.50E+03, short, Circle, Triangle, Circle,850,1000, 
PA08,21, M,1000,55,1,6.84E+02, short, Triangle, Rhombus, Triangle,250,1000, 
PA08,21, M,1000,56,0,4.78E+02, long, Circle, Rhombus, Circle,850,1000, 
PA08,21, M,1000,57,1,1.19E+03, short, Square, Circle, Square,750,1000, 
PA08,21, M,1000,58,0,8.86E+02, short, Triangle, Pentagon, Triangle,850,1000, 
PA08,21, M,1000,59,1,1.50E+03, short, Circle, Square, Circle,650,1000, 
PA08,21, M,1000,60,0,1.19E+03, short, Square, Rhombus, Square,650,1000, 
PA08,21, M,1000,61,0,9.15E+02, short, Rhombus, Parallelogram, Rhombus,350,1000, 
PA08,21, M,1000,62,1,1.04E+03, short, Pentagon, Rhombus, Pentagon,250,1000, 
PA08,21, M,1000,63,1,1.55E+03, short, Triangle, Circle, Triangle,850,1000, 
PA08,21, M,1000,64,1,1.40E+03, short, Rhombus, Square, Rhombus,350,1000, 
PA08,21, M,1000,65,1,6.59E+02, short, Pentagon, Circle, Pentagon,750,1000, 
PA08,21, M,1000,66,1,1.04E+03, short, Triangle, Pentagon, Triangle,350,1000, 
PA08,21, M,1000,67,0,6.44E+02, short, Rhombus, Triangle, Rhombus,250,1000, 
PA08,21, M,1000,68,0,1.58E+03, short, Circle, Parallelogram, Circle,350,1000, 
PA08,21, M,1000,69,0,1.08E+03, long, Rhombus, Square, Rhombus,850,1000, 
PA08,21, M,1000,70,1,6.62E+02, short, Parallelogram, Square, Parallelogram,350,1000, 
PA08,21, M,1000,71,1,3.38E+02, long, Pentagon, Square, Pentagon,750,1000, 
PA08,21, M,1000,72,1,1.14E+03, short, Circle, Square, Circle,550,1000, 
PA08,21, M,1000,73,0,2.05E+03, long, Parallelogram, Rhombus, Parallelogram,550,1000, 
PA08,21, M,1000,74,0,1.46E+03, short, Triangle, Square, Triangle,450,1000, 
PA08,21, M,1000,75,0,5.50E+02, long, Square, Circle, Square,750,1000, 
PA08,21, M,1000,76,1,7.68E+02, short, Triangle, Circle, Triangle,450,1000, 
PA08,21, M,1000,77,1,7.80E+02, short, Triangle, Rhombus, Triangle,350,1000, 
PA08,21, M,1000,78,0,4.56E+02, long, Rhombus, Circle, Rhombus,650,1000, 
PA08,21, M,1000,79,0,8.19E+02, short, Square, Pentagon, Square,550,1000, 
PA08,21, M,1000,80,1,8.35E+02, short, Triangle, Parallelogram, Triangle,650,1000, 
PA08,21, M,1000,81,0,1.17E+03, short, Circle, Pentagon, Circle,250,1000, 
PA08,21, M,1000,82,1,1.12E+03, short, Square, Rhombus, Square,550,1000, 
PA08,21, M,1000,83,1,1.94E+03, short, Pentagon, Parallelogram, Pentagon,450,1000, 
PA08,21, M,1000,84,1,8.91E+02, short, Pentagon, Rhombus, Pentagon,350,1000, 
PA08,21, M,1000,85,0,7.11E+02, short, Parallelogram, Square, Parallelogram,850,1000, 
PA08,21, M,1000,86,0,5.27E+02, short, Circle, Rhombus, Circle,450,1000, 
PA08,21, M,1000,87,0,5.88E+02, short, Pentagon, Rhombus, Pentagon,350,1000, 
PA08,21, M,1000,88,0,7.28E+02, short, Circle, Parallelogram, Circle,250,1000, 
PA08,21, M,1000,89,0,8.74E+02, long, Parallelogram, Square, Square,550,1000, 
PA08,21, M,1000,90,1,4.16E+02, long, Parallelogram, Triangle, Triangle,850,1000, 
PA08,21, M,1000,91,1,6.44E+02, long, Parallelogram, Rhombus, Rhombus,850,1000, 
PA08,21, M,1000,92,0,5.20E+02, long, Square, Triangle, Triangle,550,1000, 
PA08,21, M,1000,93,0,6.98E+02, short, Square, Circle, Circle,250,1000, 
PA08,21, M,1000,94,1,4.78E+02, short, Pentagon, Square, Square,250,1000, 
PA08,21, M,1000,95,1,7.07E+02, short, Parallelogram, Triangle, Triangle,350,1000, 
PA08,21, M,1000,96,1,1.06E+03, short, Square, Parallelogram, Parallelogram,350,1000, 
PA08,21, M,1000,97,1,6.56E+02, long, Parallelogram, Square, Square,650,1000, 
PA08,21, M,1000,98,1,1.27E+03, short, Triangle, Square, Square,350,1000, 
PA08,21, M,1000,99,1,1.15E+03, short, Square, Parallelogram, Parallelogram,450,1000, 
PA08,21, M,1000,100,0,9.67E+02, short, Square, Pentagon, Pentagon,750,1000, 
PA08,21, M,1000,101,0,8.11E+02, short, Pentagon, Parallelogram, Parallelogram,250,1000, 
PA08,21, M,1000,102,1,8.01E+02, short, Pentagon, Rhombus, Rhombus,250,1000, 
PA08,21, M,1000,103,1,5.11E+02, short, Triangle, Square, Square,250,1000, 
PA08,21, M,1000,104,1,5.07E+02, long, Pentagon, Parallelogram, Parallelogram,750,1000, 
PA08,21, M,1000,105,0,2.57E+02, long, Circle, Parallelogram, Parallelogram,850,1000, 
PA08,21, M,1000,106,1,2.82E+03, long, Pentagon, Rhombus, Rhombus,850,1000, 
PA08,21, M,1000,107,0,9.91E+02, short, Rhombus, Circle, Circle,350,1000, 
PA08,21, M,1000,108,0,1.42E+03, short, Pentagon, Triangle, Triangle,550,1000, 
PA08,21, M,1000,109,0,7.64E+02, short, Pentagon, Circle, Circle,450,1000, 
PA08,21, M,1000,110,0,7.54E+02, long, Pentagon, Circle, Circle,750,1000, 
PA08,21, M,1000,111,0,7.20E+02, short, Rhombus, Triangle, Triangle,250,1000, 
PA08,21, M,1000,112,1,6.58E+02, long, Square, Parallelogram, Parallelogram,850,1000, 
PA08,21, M,1000,113,1,9.78E+02, short, Square, Triangle, Triangle,350,1000, 
PA08,21, M,1000,114,0,1.27E+03, short, Pentagon, Square, Square,250,1000, 
PA08,21, M,1000,115,0,1.11E+03, long, Circle, Square, Square,550,1000, 
PA08,21, M,1000,116,0,6.31E+02, short, Circle, Parallelogram, Parallelogram,350,1000, 
PA08,21, M,1000,117,0,9.52E+02, long, Pentagon, Square, Square,850,1000, 
PA08,21, M,1000,118,0,1.13E+03, short, Square, Triangle, Triangle,650,1000, 
PA08,21, M,1000,119,1,1.76E+03, short, Circle, Rhombus, Rhombus,350,1000, 
PA08,21, M,1000,120,0,7.93E+02, short, Parallelogram, Pentagon, Pentagon,450,1000, 
PA08,21, M,1000,121,0,7.47E+02, short, Circle, Parallelogram, Circle,350,1000, 
PA08,21, M,1000,122,1,8.29E+02, short, Pentagon, Square, Pentagon,350,1000, 
PA08,21, M,1000,123,1,5.13E+02, short, Parallelogram, Rhombus, Parallelogram,650,1000, 
PA08,21, M,1000,124,1,5.47E+02, short, Parallelogram, Pentagon, Parallelogram,850,1000, 
PA08,21, M,1000,125,0,4.98E+02, short, Parallelogram, Triangle, Triangle,250,1000, 
PA08,21, M,1000,126,0,6.51E+02, long, Square, Parallelogram, Parallelogram,850,1000, 
PA08,21, M,1000,127,1,3.50E+02, long, Pentagon, Triangle, Pentagon,650,1000, 
PA08,21, M,1000,128,0,1.49E+03, short, Square, Triangle, Square,650,1000, 
PA08,21, M,1000,129,0,5.52E+02, long, Circle, Rhombus, Rhombus,750,1000, 
PA08,21, M,1000,130,1,7.50E+02, short, Square, Circle, Circle,250,1000, 
PA08,21, M,1000,131,0,1.67E+03, short, Rhombus, Pentagon, Pentagon,550,1000, 
PA08,21, M,1000,132,0,1.16E+03, short, Pentagon, Parallelogram, Parallelogram,450,1000, 
PA08,21, M,1000,133,0,4.88E+02, long, Pentagon, Parallelogram, Parallelogram,650,1000, 
PA08,21, M,1000,134,0,7.15E+02, short, Triangle, Square, Square,250,1000, 
PA08,21, M,1000,135,1,6.95E+02, short, Rhombus, Parallelogram, Parallelogram,250,1000, 
PA08,21, M,1000,136,0,4.28E+03, long, Parallelogram, Pentagon, Pentagon,450,1000, 
PA08,21, M,1000,137,1,5.04E+02, short, Triangle, Pentagon, Triangle,550,1000, 
PA08,21, M,1000,138,0,1.17E+03, short, Circle, Rhombus, Circle,450,1000, 
PA08,21, M,1000,139,1,9.15E+02, short, Pentagon, Square, Pentagon,350,1000, 
PA08,21, M,1000,140,0,8.45E+02, long, Rhombus, Square, Rhombus,850,1000, 
PA08,21, M,1000,141,1,1.08E+03, short, Circle, Parallelogram, Circle,750,1000, 
PA08,21, M,1000,142,1,6.33E+02, short, Triangle, Rhombus, Triangle,250,1000, 
PA08,21, M,1000,143,1,2.23E+03, short, Triangle, Rhombus, Triangle,550,1000, 
PA08,21, M,1000,144,1,7.61E+02, short, Triangle, Rhombus, Triangle,350,1000, 
PA08,21, M,1000,145,0,7.56E+02, short, Parallelogram, Rhombus, Parallelogram,350,1000, 
PA08,21, M,1000,146,0,2.85E+02, long, Parallelogram, Rhombus, Parallelogram,750,1000, 
PA08,21, M,1000,147,1,3.71E+02, long, Rhombus, Pentagon, Rhombus,550,1000, 
PA08,21, M,1000,148,1,2.31E+03, long, Triangle, Square, Triangle,650,1000, 
PA08,21, M,1000,149,0,4.22E+02, long, Rhombus, Square, Rhombus,850,1000, 
PA08,21, M,1000,150,1,3.46E+02, long, Parallelogram, Triangle, Parallelogram,850,1000, 
PA08,21, M,1000,151,1,3.08E+02, long, Pentagon, Triangle, Pentagon,550,1000, 
PA08,21, M,1000,152,1,3.12E+03, short, Square, Triangle, Square,450,1000, 
PA08,21, M,1000,153,0,9.52E+02, short, Pentagon, Circle, Pentagon,250,1000, 
PA08,21, M,1000,154,1,4.00E+02, long, Parallelogram, Triangle, Parallelogram,750,1000, 
PA08,21, M,1000,155,0,1.42E+03, short, Rhombus, Parallelogram, Rhombus,550,1000, 
PA08,21, M,1000,156,1,4.69E+02, long, Square, Rhombus, Square,850,1000, 
PA08,21, M,1000,157,1,4.72E+02, short, Square, Pentagon, Pentagon,450,1000, 
PA08,21, M,1000,158,0,6.38E+02, short, Pentagon, Circle, Circle,450,1000, 
PA08,21, M,1000,159,1,5.55E+02, short, Rhombus, Pentagon, Pentagon,450,1000, 
PA08,21, M,1000,160,1,9.53E+02, short, Circle, Rhombus, Rhombus,450,1000, 
PA08,21, M,1000,161,0,6.07E+02, short, Parallelogram, Rhombus, Rhombus,250,1000, 
PA08,21, M,1000,162,1,4.79E+02, short, Circle, Triangle, Triangle,450,1000, 
PA08,21, M,1000,163,0,4.77E+02, long, Rhombus, Circle, Circle,850,1000, 
PA08,21, M,1000,164,1,5.03E+02, long, Circle, Pentagon, Pentagon,650,1000, 
PA08,21, M,1000,165,1,7.75E+02, short, Triangle, Square, Square,250,1000, 
PA08,21, M,1000,166,0,7.67E+02, short, Circle, Triangle, Triangle,350,1000, 
PA08,21, M,1000,167,1,6.03E+02, short, Pentagon, Parallelogram, Parallelogram,350,1000, 
PA08,21, M,1000,168,1,8.09E+02, short, Square, Triangle, Triangle,650,1000, 
PA08,21, M,1000,169,1,1.63E+03, short, Square, Parallelogram, Parallelogram,550,1000, 
PA08,21, M,1000,170,0,2.86E+02, long, Pentagon, Parallelogram, Parallelogram,750,1000, 
PA08,21, M,1000,171,1,5.94E+02, short, Rhombus, Pentagon, Pentagon,250,1000, 
PA08,21, M,1000,172,1,6.86E+02, long, Pentagon, Rhombus, Rhombus,650,1000, 
PA08,21, M,1000,173,0,5.44E+02, long, Square, Pentagon, Pentagon,750,1000, 
PA08,21, M,1000,174,1,5.86E+02, long, Triangle, Parallelogram, Parallelogram,750,1000, 
PA08,21, M,1000,175,0,1.22E+03, long, Rhombus, Circle, Circle,550,1000, 
PA08,21, M,1000,176,1,2.62E+02, long, Rhombus, Parallelogram, Parallelogram,750,1000, 
PA08,21, M,1000,177,1,3.28E+02, long, Triangle, Parallelogram, Parallelogram,850,1000, 
PA08,21, M,1000,178,0,4.50E+02, long, Pentagon, Triangle, Triangle,750,1000, 
PA08,21, M,1000,179,0,5.98E+02, long, Triangle, Rhombus, Triangle,450,1000, 
PA08,21, M,1000,180,1,7.35E+02, short, Rhombus, Square, Rhombus,550,1000, 
PA08,21, M,1000,181,1,6.95E+02, short, Rhombus, Pentagon, Rhombus,450,1000, 
PA08,21, M,1000,182,0,1.73E+03, short, Circle, Rhombus, Circle,450,1000, 
PA08,21, M,1000,183,1,9.03E+02, short, Circle, Pentagon, Circle,250,1000, 
PA08,21, M,1000,184,0,7.41E+02, short, Rhombus, Circle, Rhombus,350,1000, 
PA08,21, M,1000,185,0,1.05E+03, short, Square, Rhombus, Square,650,1000, 
PA08,21, M,1000,186,1,5.31E+02, short, Circle, Pentagon, Circle,650,1000, 
PA08,21, M,1000,187,0,1.38E+03, short, Circle, Triangle, Circle,250,1000, 
PA08,21, M,1000,188,0,6.57E+02, long, Square, Pentagon, Square,750,1000, 
PA08,21, M,1000,189,0,2.95E+02, long, Square, Rhombus, Square,650,1000, 
PA08,21, M,1000,190,0,2.75E+02, long, Square, Pentagon, Square,750,1000, 
PA08,21, M,1000,191,0,1.48E+03, short, Parallelogram, Triangle, Parallelogram,650,1000, 
PA08,21, M,1000,192,0,1.36E+03, short, Rhombus, Pentagon, Rhombus,650,1000, 
PA08,21, M,1000,193,1,1.00E+03, long, Parallelogram, Circle, Parallelogram,850,1000, 
PA08,21, M,1000,194,0,8.97E+02, short, Rhombus, Triangle, Rhombus,850,1000, 
PA08,21, M,1000,195,0,1.04E+03, short, Parallelogram, Pentagon, Pentagon,650,1000, 
PA08,21, M,1000,196,0,6.50E+02, short, Pentagon, Triangle, Triangle,450,1000, 
PA08,21, M,1000,197,0,6.16E+02, short, Triangle, Parallelogram, Parallelogram,550,1000, 
PA08,21, M,1000,198,0,7.78E+02, short, Square, Parallelogram, Parallelogram,350,1000, 
PA08,21, M,1000,199,0,7.52E+02, short, Rhombus, Circle, Circle,350,1000, 
PA08,21, M,1000,200,1,1.07E+03, short, Circle, Triangle, Triangle,550,1000, 
PA08,21, M,1000,201,1,1.37E+03, short, Circle, Square, Square,850,1000, 
PA08,21, M,1000,202,0,7.50E+02, short, Triangle, Parallelogram, Parallelogram,450,1000, 
PA08,21, M,1000,203,1,8.36E+02, long, Triangle, Circle, Circle,750,1000, 
PA08,21, M,1000,204,0,1.73E+03, long, Circle, Pentagon, Pentagon,350,1000, 
PA08,21, M,1000,205,0,6.50E+03, short, Circle, Square, Square,750,1000, 
PA08,21, M,1000,206,1,3.35E+02, long, Circle, Pentagon, Pentagon,750,1000, 
PA08,21, M,1000,207,1,9.37E+02, short, Circle, Parallelogram, Parallelogram,450,1000, 
PA08,21, M,1000,208,1,5.91E+02, short, Circle, Triangle, Triangle,450,1000, 
PA08,21, M,1000,209,0,5.91E+02, short, Triangle, Pentagon, Pentagon,550,1000, 
PA08,21, M,1000,210,1,6.95E+02, short, Pentagon, Triangle, Triangle,450,1000, 
