﻿Subject ID, Subject Age, Gender, Group, TrialNumber, Intended or Unintended Outcome, Reaction Time on Outcome Response, Response - Short or Long, Left Image Code, Right Image Code, Chosen Image Code, Objective Duration of Stimulus, Stimulus Delay,
PA01,23, M,250,1,1,2.99E+03, short, Circle, Rhombus, Circle,750,250, 
PA01,23, M,250,2,0,1.80E+03, long, Rhombus, Triangle, Rhombus,850,250, 
PA01,23, M,250,3,0,6.03E+02, short, Circle, Pentagon, Circle,650,250, 
PA01,23, M,250,4,0,6.06E+02, short, Parallelogram, Square, Square,550,250, 
PA01,23, M,250,5,0,4.45E+02, short, Square, Rhombus, Square,650,250, 
PA01,23, M,250,6,0,5.56E+02, short, Circle, Parallelogram, Parallelogram,550,250, 
PA01,23, M,250,7,1,5.37E+02, short, Pentagon, Parallelogram, Pentagon,550,250, 
PA01,23, M,250,8,0,6.21E+02, short, Parallelogram, Square, Square,250,250, 
PA01,23, M,250,9,1,6.33E+02, short, Parallelogram, Circle, Parallelogram,350,250, 
PA01,23, M,250,10,1,4.73E+02, short, Rhombus, Circle, Circle,350,250, 
PA01,23, M,250,11,0,8.11E+02, short, Triangle, Rhombus, Triangle,650,250, 
PA01,23, M,250,12,1,2.49E+02, long, Parallelogram, Square, Square,750,250, 
PA01,23, M,250,13,1,6.95E+02, short, Pentagon, Square, Pentagon,550,250, 
PA01,23, M,250,14,0,4.61E+02, short, Pentagon, Triangle, Triangle,350,250, 
PA01,23, M,250,15,0,4.17E+02, long, Rhombus, Parallelogram, Rhombus,550,250, 
PA01,23, M,250,16,0,6.01E+02, short, Circle, Triangle, Triangle,350,250, 
PA01,23, M,250,17,0,6.41E+02, long, Parallelogram, Triangle, Parallelogram,750,250, 
PA01,23, M,250,18,1,2.21E+02, long, Parallelogram, Square, Parallelogram,850,250, 
PA01,23, M,250,19,1,4.49E+02, short, Parallelogram, Pentagon, Parallelogram,250,250, 
PA01,23, M,250,20,0,2.39E+02, long, Circle, Rhombus, Rhombus,850,250, 
PA01,23, M,250,21,0,6.68E+02, short, Parallelogram, Rhombus, Rhombus,450,250, 
PA01,23, M,250,22,0,7.93E+02, short, Circle, Pentagon, Circle,450,250, 
PA01,23, M,250,23,1,1.04E+03, long, Pentagon, Rhombus, Rhombus,750,250, 
PA01,23, M,250,24,0,4.68E+02, short, Circle, Rhombus, Rhombus,250,250, 
PA01,23, M,250,25,1,3.97E+02, long, Square, Pentagon, Pentagon,850,250, 
PA01,23, M,250,26,0,4.88E+02, short, Square, Rhombus, Square,350,250, 
PA01,23, M,250,27,0,7.41E+02, short, Triangle, Circle, Triangle,350,250, 
PA01,23, M,250,28,0,4.14E+02, short, Square, Parallelogram, Square,350,250, 
PA01,23, M,250,29,1,9.78E+02, long, Parallelogram, Circle, Circle,650,250, 
PA01,23, M,250,30,0,1.66E+03, long, Square, Pentagon, Square,850,250, 
PA01,23, M,250,31,0,2.36E+02, long, Rhombus, Square, Square,850,250, 
PA01,23, M,250,32,1,2.36E+02, long, Square, Triangle, Square,850,250, 
PA01,23, M,250,33,0,1.14E+03, short, Parallelogram, Circle, Parallelogram,550,250, 
PA01,23, M,250,34,1,2.20E+03, long, Square, Rhombus, Rhombus,550,250, 
PA01,23, M,250,35,0,3.68E+02, short, Triangle, Parallelogram, Triangle,250,250, 
PA01,23, M,250,36,0,2.32E+02, long, Parallelogram, Pentagon, Pentagon,750,250, 
PA01,23, M,250,37,0,3.99E+02, long, Square, Circle, Square,750,250, 
PA01,23, M,250,38,0,5.62E+02, long, Pentagon, Rhombus, Rhombus,550,250, 
PA01,23, M,250,39,0,3.26E+02, long, Triangle, Square, Triangle,550,250, 
PA01,23, M,250,40,1,6.42E+02, short, Circle, Pentagon, Pentagon,650,250, 
PA01,23, M,250,41,0,5.35E+02, short, Square, Circle, Circle,450,250, 
PA01,23, M,250,42,1,3.93E+02, short, Pentagon, Circle, Pentagon,450,250, 
PA01,23, M,250,43,1,2.00E+02, long, Circle, Triangle, Circle,750,250, 
PA01,23, M,250,44,0,7.39E+02, short, Square, Rhombus, Rhombus,450,250, 
PA01,23, M,250,45,0,2.00E+02, long, Pentagon, Circle, Circle,750,250, 
PA01,23, M,250,46,1,5.06E+02, short, Rhombus, Pentagon, Rhombus,650,250, 
PA01,23, M,250,47,1,5.52E+02, short, Square, Parallelogram, Square,550,250, 
PA01,23, M,250,48,0,2.13E+02, long, Circle, Square, Circle,750,250, 
PA01,23, M,250,49,1,3.34E+02, short, Parallelogram, Pentagon, Pentagon,450,250, 
PA01,23, M,250,50,1,3.30E+02, short, Parallelogram, Triangle, Parallelogram,350,250, 
PA01,23, M,250,51,0,3.22E+02, short, Triangle, Circle, Circle,250,250, 
PA01,23, M,250,52,0,2.02E+02, long, Circle, Triangle, Triangle,750,250, 
PA01,23, M,250,53,0,4.28E+02, short, Triangle, Parallelogram, Triangle,450,250, 
PA01,23, M,250,54,1,2.34E+02, long, Triangle, Rhombus, Triangle,750,250, 
PA01,23, M,250,55,1,2.80E+02, long, Circle, Triangle, Circle,650,250, 
PA01,23, M,250,56,0,9.24E+02, long, Circle, Pentagon, Pentagon,450,250, 
PA01,23, M,250,57,1,2.24E+02, long, Pentagon, Square, Square,850,250, 
PA01,23, M,250,58,1,1.94E+02, long, Rhombus, Triangle, Rhombus,750,250, 
PA01,23, M,250,59,0,5.90E+02, short, Rhombus, Parallelogram, Parallelogram,550,250, 
PA01,23, M,250,60,1,3.16E+02, short, Circle, Triangle, Circle,350,250, 
PA01,23, M,250,61,0,3.32E+02, short, Circle, Pentagon, Circle,250,250, 
PA01,23, M,250,62,1,3.38E+02, short, Rhombus, Pentagon, Rhombus,350,250, 
PA01,23, M,250,63,1,1.98E+02, long, Pentagon, Parallelogram, Pentagon,750,250, 
PA01,23, M,250,64,1,5.94E+02, long, Triangle, Parallelogram, Triangle,550,250, 
PA01,23, M,250,65,1,5.50E+02, long, Square, Parallelogram, Square,650,250, 
PA01,23, M,250,66,1,3.50E+02, long, Pentagon, Triangle, Triangle,650,250, 
PA01,23, M,250,67,0,2.14E+02, long, Triangle, Parallelogram, Triangle,850,250, 
PA01,23, M,250,68,1,8.08E+02, long, Pentagon, Triangle, Triangle,650,250, 
PA01,23, M,250,69,1,3.49E+02, short, Circle, Parallelogram, Circle,450,250, 
PA01,23, M,250,70,1,3.84E+02, short, Triangle, Pentagon, Triangle,450,250, 
PA01,23, M,250,71,1,4.37E+02, long, Square, Triangle, Square,750,250, 
PA01,23, M,250,72,0,4.92E+02, long, Pentagon, Parallelogram, Parallelogram,750,250, 
PA01,23, M,250,73,0,3.02E+02, long, Triangle, Rhombus, Triangle,750,250, 
PA01,23, M,250,74,1,2.80E+02, short, Rhombus, Circle, Rhombus,450,250, 
PA01,23, M,250,75,0,2.90E+02, long, Parallelogram, Circle, Circle,850,250, 
PA01,23, M,250,76,1,6.19E+02, long, Pentagon, Rhombus, Pentagon,750,250, 
PA01,23, M,250,77,1,5.12E+02, short, Circle, Rhombus, Circle,450,250, 
PA01,23, M,250,78,0,4.49E+02, short, Rhombus, Triangle, Triangle,450,250, 
PA01,23, M,250,79,1,4.85E+02, short, Rhombus, Parallelogram, Rhombus,250,250, 
PA01,23, M,250,80,1,3.65E+02, short, Square, Pentagon, Square,450,250, 
PA01,23, M,250,81,0,4.77E+02, short, Triangle, Circle, Circle,450,250, 
PA01,23, M,250,82,0,2.37E+02, long, Square, Circle, Square,750,250, 
PA01,23, M,250,83,0,1.32E+03, short, Parallelogram, Rhombus, Rhombus,650,250, 
PA01,23, M,250,84,1,6.41E+02, short, Square, Circle, Square,550,250, 
PA01,23, M,250,85,1,2.17E+02, long, Triangle, Square, Triangle,850,250, 
PA01,23, M,250,86,0,1.42E+03, long, Triangle, Parallelogram, Parallelogram,350,250, 
PA01,23, M,250,87,1,5.46E+02, short, Rhombus, Square, Rhombus,650,250, 
PA01,23, M,250,88,1,3.30E+02, short, Parallelogram, Triangle, Triangle,350,250, 
PA01,23, M,250,89,0,7.77E+02, short, Square, Parallelogram, Parallelogram,450,250, 
PA01,23, M,250,90,1,4.00E+02, short, Parallelogram, Circle, Parallelogram,550,250, 
PA01,23, M,250,91,0,2.88E+02, short, Pentagon, Triangle, Pentagon,350,250, 
PA01,23, M,250,92,1,2.80E+02, short, Rhombus, Circle, Circle,250,250, 
PA01,23, M,250,93,0,2.72E+02, short, Parallelogram, Pentagon, Pentagon,250,250, 
PA01,23, M,250,94,0,5.20E+02, short, Circle, Parallelogram, Parallelogram,550,250, 
PA01,23, M,250,95,1,2.71E+02, long, Circle, Square, Square,550,250, 
PA01,23, M,250,96,0,3.63E+02, long, Circle, Rhombus, Rhombus,650,250, 
PA01,23, M,250,97,0,3.78E+02, long, Triangle, Parallelogram, Parallelogram,650,250, 
PA01,23, M,250,98,0,2.56E+02, long, Circle, Square, Circle,550,250, 
PA01,23, M,250,99,1,8.86E+02, long, Rhombus, Triangle, Rhombus,550,250, 
PA01,23, M,250,100,0,2.88E+02, short, Circle, Pentagon, Pentagon,350,250, 
PA01,23, M,250,101,1,2.68E+02, short, Square, Triangle, Square,250,250, 
PA01,23, M,250,102,1,2.02E+02, long, Square, Parallelogram, Square,850,250, 
PA01,23, M,250,103,0,2.42E+02, long, Parallelogram, Triangle, Triangle,750,250, 
PA01,23, M,250,104,1,1.58E+02, long, Circle, Triangle, Circle,850,250, 
PA01,23, M,250,105,0,3.10E+02, short, Square, Parallelogram, Parallelogram,250,250, 
PA01,23, M,250,106,1,2.02E+02, short, Triangle, Circle, Triangle,350,250, 
PA01,23, M,250,107,1,3.44E+02, long, Rhombus, Square, Rhombus,550,250, 
PA01,23, M,250,108,0,5.60E+02, short, Circle, Parallelogram, Parallelogram,550,250, 
PA01,23, M,250,109,0,3.64E+02, short, Pentagon, Square, Pentagon,250,250, 
PA01,23, M,250,110,1,4.20E+02, short, Pentagon, Square, Pentagon,250,250, 
PA01,23, M,250,111,1,2.14E+02, long, Square, Pentagon, Pentagon,850,250, 
PA01,23, M,250,112,0,3.86E+02, long, Square, Rhombus, Square,650,250, 
PA01,23, M,250,113,1,4.72E+02, short, Parallelogram, Rhombus, Rhombus,550,250, 
PA01,23, M,250,114,1,2.83E+02, short, Pentagon, Rhombus, Pentagon,250,250, 
PA01,23, M,250,115,1,2.97E+02, short, Parallelogram, Triangle, Parallelogram,450,250, 
PA01,23, M,250,116,0,4.99E+02, short, Parallelogram, Pentagon, Parallelogram,550,250, 
PA01,23, M,250,117,1,2.09E+02, short, Square, Pentagon, Square,550,250, 
PA01,23, M,250,118,0,1.43E+03, long, Square, Triangle, Square,850,250, 
PA01,23, M,250,119,1,3.50E+02, short, Triangle, Pentagon, Triangle,250,250, 
PA01,23, M,250,120,1,6.25E+02, long, Triangle, Pentagon, Triangle,550,250, 
PA01,23, M,250,121,0,5.91E+02, long, Rhombus, Pentagon, Pentagon,850,250, 
PA01,23, M,250,122,0,1.59E+03, short, Triangle, Square, Triangle,650,250, 
PA01,23, M,250,123,0,1.95E+02, long, Triangle, Pentagon, Pentagon,850,250, 
PA01,23, M,250,124,1,7.97E+02, long, Rhombus, Square, Square,650,250, 
PA01,23, M,250,125,1,2.03E+02, long, Square, Triangle, Square,750,250, 
PA01,23, M,250,126,0,3.49E+02, short, Square, Triangle, Triangle,250,250, 
PA01,23, M,250,127,1,3.58E+02, short, Pentagon, Parallelogram, Pentagon,250,250, 
PA01,23, M,250,128,0,2.76E+02, long, Triangle, Square, Triangle,450,250, 
PA01,23, M,250,129,0,1.72E+02, long, Rhombus, Pentagon, Pentagon,750,250, 
PA01,23, M,250,130,0,7.26E+02, long, Pentagon, Parallelogram, Pentagon,650,250, 
PA01,23, M,250,131,0,2.42E+02, long, Square, Rhombus, Rhombus,450,250, 
PA01,23, M,250,132,0,3.44E+02, long, Circle, Rhombus, Circle,750,250, 
PA01,23, M,250,133,1,3.96E+02, short, Rhombus, Circle, Circle,450,250, 
PA01,23, M,250,134,0,1.84E+02, long, Pentagon, Parallelogram, Pentagon,750,250, 
PA01,23, M,250,135,1,1.77E+03, long, Pentagon, Triangle, Triangle,450,250, 
PA01,23, M,250,136,0,2.68E+02, short, Triangle, Rhombus, Rhombus,650,250, 
PA01,23, M,250,137,0,5.20E+02, long, Circle, Square, Square,650,250, 
PA01,23, M,250,138,1,4.24E+02, long, Triangle, Square, Square,650,250, 
PA01,23, M,250,139,0,3.44E+02, short, Square, Pentagon, Square,350,250, 
PA01,23, M,250,140,0,3.48E+02, short, Parallelogram, Rhombus, Parallelogram,250,250, 
PA01,23, M,250,141,0,1.50E+02, long, Rhombus, Square, Rhombus,650,250, 
PA01,23, M,250,142,0,5.50E+02, short, Parallelogram, Circle, Parallelogram,250,250, 
PA01,23, M,250,143,1,5.02E+02, short, Pentagon, Circle, Circle,450,250, 
PA01,23, M,250,144,1,1.61E+02, long, Triangle, Parallelogram, Triangle,750,250, 
PA01,23, M,250,145,1,4.36E+02, short, Rhombus, Pentagon, Pentagon,450,250, 
PA01,23, M,250,146,1,5.23E+02, short, Parallelogram, Square, Parallelogram,650,250, 
PA01,23, M,250,147,0,4.54E+02, short, Triangle, Pentagon, Triangle,350,250, 
PA01,23, M,250,148,1,2.65E+02, short, Circle, Parallelogram, Parallelogram,350,250, 
PA01,23, M,250,149,0,5.66E+02, short, Pentagon, Rhombus, Pentagon,650,250, 
PA01,23, M,250,150,0,3.91E+02, short, Pentagon, Rhombus, Rhombus,350,250, 
PA01,23, M,250,151,1,1.97E+02, long, Rhombus, Circle, Circle,850,250, 
PA01,23, M,250,152,1,3.17E+02, short, Triangle, Rhombus, Rhombus,250,250, 
PA01,23, M,250,153,1,2.85E+02, long, Pentagon, Parallelogram, Pentagon,850,250, 
PA01,23, M,250,154,0,7.28E+02, short, Circle, Square, Square,450,250, 
PA01,23, M,250,155,1,9.32E+02, long, Square, Circle, Square,650,250, 
PA01,23, M,250,156,1,2.09E+02, long, Triangle, Rhombus, Triangle,850,250, 
PA01,23, M,250,157,0,2.91E+02, long, Pentagon, Square, Square,550,250, 
PA01,23, M,250,158,1,1.85E+02, long, Square, Circle, Square,850,250, 
PA01,23, M,250,159,1,3.55E+02, short, Circle, Rhombus, Rhombus,350,250, 
PA01,23, M,250,160,1,2.77E+02, long, Parallelogram, Rhombus, Rhombus,650,250, 
PA01,23, M,250,161,0,4.27E+02, short, Pentagon, Circle, Pentagon,550,250, 
PA01,23, M,250,162,0,2.25E+02, long, Circle, Square, Circle,850,250, 
PA01,23, M,250,163,1,2.65E+02, short, Circle, Parallelogram, Circle,250,250, 
PA01,23, M,250,164,1,2.53E+02, short, Rhombus, Triangle, Triangle,250,250, 
PA01,23, M,250,165,0,2.92E+02, short, Triangle, Square, Square,450,250, 
PA01,23, M,250,166,0,4.29E+02, short, Rhombus, Circle, Rhombus,350,250, 
PA01,23, M,250,167,0,5.81E+02, long, Circle, Parallelogram, Parallelogram,850,250, 
PA01,23, M,250,168,1,3.67E+02, short, Rhombus, Pentagon, Pentagon,350,250, 
PA01,23, M,250,169,0,4.52E+02, short, Rhombus, Parallelogram, Rhombus,250,250, 
PA01,23, M,250,170,1,3.22E+02, short, Pentagon, Circle, Circle,250,250, 
PA01,23, M,250,171,1,1.58E+02, long, Circle, Square, Square,750,250, 
PA01,23, M,250,172,0,2.93E+02, long, Pentagon, Triangle, Triangle,550,250, 
PA01,23, M,250,173,1,3.20E+02, short, Rhombus, Square, Rhombus,350,250, 
PA01,23, M,250,174,1,3.90E+02, short, Rhombus, Parallelogram, Rhombus,250,250, 
PA01,23, M,250,175,0,4.10E+02, short, Pentagon, Circle, Pentagon,450,250, 
PA01,23, M,250,176,1,2.24E+04, long, Triangle, Rhombus, Triangle,350,250, 
PA01,23, M,250,177,0,4.00E+03, short, Parallelogram, Pentagon, Parallelogram,350,250, 
PA01,23, M,250,178,1,5.17E+02, short, Parallelogram, Square, Parallelogram,450,250, 
PA01,23, M,250,179,1,2.12E-01, long, Parallelogram, Square, Square,850,250, 
PA01,23, M,250,180,0,2.62E+02, long, Parallelogram, Rhombus, Parallelogram,850,250, 
PA01,23, M,250,181,0,2.96E+02, long, Pentagon, Triangle, Triangle,750,250, 
PA01,23, M,250,182,0,4.39E+02, short, Rhombus, Square, Rhombus,250,250, 
PA01,23, M,250,183,1,8.19E+02, long, Rhombus, Pentagon, Rhombus,650,250, 
PA01,23, M,250,184,0,1.97E+02, long, Circle, Triangle, Circle,750,250, 
PA01,23, M,250,185,1,1.59E+03, long, Parallelogram, Rhombus, Rhombus,750,250, 
PA01,23, M,250,186,1,3.31E+02, short, Triangle, Circle, Circle,250,250, 
PA01,23, M,250,187,1,1.93E+02, long, Rhombus, Triangle, Rhombus,550,250, 
PA01,23, M,250,188,0,3.47E+02, short, Parallelogram, Circle, Parallelogram,250,250, 
PA01,23, M,250,189,0,2.05E+02, long, Rhombus, Triangle, Rhombus,650,250, 
PA01,23, M,250,190,1,2.03E+02, long, Circle, Pentagon, Circle,750,250, 
PA01,23, M,250,191,1,2.17E+02, long, Rhombus, Circle, Circle,850,250, 
PA01,23, M,250,192,1,4.97E+02, short, Triangle, Square, Triangle,550,250, 
PA01,23, M,250,193,0,5.65E+02, long, Square, Triangle, Square,850,250, 
PA01,23, M,250,194,1,4.03E+02, short, Triangle, Circle, Triangle,350,250, 
PA01,23, M,250,195,0,2.35E+02, long, Rhombus, Parallelogram, Rhombus,850,250, 
PA01,23, M,250,196,1,4.73E+02, short, Pentagon, Circle, Circle,450,250, 
PA01,23, M,250,197,0,4.31E+02, short, Rhombus, Parallelogram, Rhombus,450,250, 
PA01,23, M,250,198,0,2.40E+02, long, Square, Rhombus, Square,550,250, 
PA01,23, M,250,199,1,2.53E+02, short, Square, Parallelogram, Square,250,250, 
PA01,23, M,250,200,1,4.04E+02, short, Pentagon, Square, Pentagon,350,250, 
PA01,23, M,250,201,1,2.29E+02, long, Parallelogram, Triangle, Triangle,650,250, 
PA01,23, M,250,202,0,1.99E-01, long, Square, Pentagon, Square,850,250, 
PA01,23, M,250,203,0,5.15E+02, short, Triangle, Circle, Circle,250,250, 
PA01,23, M,250,204,0,2.88E+02, short, Pentagon, Square, Pentagon,350,250, 
PA01,23, M,250,205,0,4.24E+02, short, Square, Circle, Square,350,250, 
PA01,23, M,250,206,1,3.20E+02, short, Pentagon, Rhombus, Pentagon,350,250, 
PA01,23, M,250,207,1,2.22E+02, long, Triangle, Pentagon, Triangle,750,250, 
PA01,23, M,250,208,1,1.60E+03, long, Parallelogram, Pentagon, Parallelogram,850,250, 
PA01,23, M,250,209,0,2.54E+02, long, Parallelogram, Triangle, Parallelogram,650,250, 
PA01,23, M,250,210,1,3.64E+02, short, Triangle, Pentagon, Triangle,450,250, 
