﻿Subject ID, Subject Age, Gender, Group, TrialNumber, Intended or Unintended Outcome, Reaction Time on Outcome Response, Response - Short or Long, Left Image Code, Right Image Code, Chosen Image Code, Objective Duration of Stimulus, Stimulus Delay,
PA41,25, M,250,1,1,9.60E+02, short, Rhombus, Parallelogram, Rhombus,550,250, 
PA41,25, M,250,2,0,5.81E+03, short, Pentagon, Circle, Circle,550,250, 
PA41,25, M,250,3,0,7.57E+02, short, Circle, Square, Circle,250,250, 
PA41,25, M,250,4,0,1.29E+03, long, Triangle, Pentagon, Pentagon,750,250, 
PA41,25, M,250,5,0,1.28E+03, short, Parallelogram, Pentagon, Pentagon,450,250, 
PA41,25, M,250,6,1,1.83E+03, short, Square, Rhombus, Square,450,250, 
PA41,25, M,250,7,0,8.68E+02, short, Triangle, Rhombus, Triangle,850,250, 
PA41,25, M,250,8,1,1.85E+03, long, Square, Parallelogram, Parallelogram,450,250, 
PA41,25, M,250,9,0,8.14E+02, long, Parallelogram, Pentagon, Parallelogram,650,250, 
PA41,25, M,250,10,0,6.80E+02, long, Circle, Parallelogram, Circle,550,250, 
PA41,25, M,250,11,1,1.26E+03, long, Pentagon, Rhombus, Pentagon,750,250, 
PA41,25, M,250,12,1,9.23E+02, long, Circle, Pentagon, Circle,650,250, 
PA41,25, M,250,13,1,1.05E+03, short, Parallelogram, Triangle, Triangle,250,250, 
PA41,25, M,250,14,0,1.15E+03, long, Square, Triangle, Square,850,250, 
PA41,25, M,250,15,1,6.37E+02, short, Pentagon, Parallelogram, Parallelogram,350,250, 
PA41,25, M,250,16,1,4.90E+02, long, Square, Rhombus, Square,550,250, 
PA41,25, M,250,17,0,9.18E+02, short, Circle, Pentagon, Pentagon,350,250, 
PA41,25, M,250,18,1,2.72E+02, long, Parallelogram, Circle, Circle,650,250, 
PA41,25, M,250,19,1,6.60E+02, short, Parallelogram, Triangle, Parallelogram,250,250, 
PA41,25, M,250,20,1,5.52E+02, short, Circle, Pentagon, Circle,350,250, 
PA41,25, M,250,21,0,6.44E+02, short, Triangle, Parallelogram, Parallelogram,350,250, 
PA41,25, M,250,22,1,5.08E+02, long, Parallelogram, Rhombus, Parallelogram,550,250, 
PA41,25, M,250,23,1,6.98E+02, long, Triangle, Circle, Circle,450,250, 
PA41,25, M,250,24,1,7.78E+02, long, Triangle, Square, Triangle,350,250, 
PA41,25, M,250,25,0,8.70E+02, long, Parallelogram, Rhombus, Rhombus,450,250, 
PA41,25, M,250,26,0,5.82E+02, short, Rhombus, Pentagon, Rhombus,250,250, 
PA41,25, M,250,27,1,4.07E+02, long, Triangle, Circle, Circle,550,250, 
PA41,25, M,250,28,1,4.39E+02, long, Circle, Parallelogram, Circle,550,250, 
PA41,25, M,250,29,1,7.11E+02, long, Square, Parallelogram, Parallelogram,550,250, 
PA41,25, M,250,30,1,5.37E+02, long, Rhombus, Triangle, Rhombus,550,250, 
PA41,25, M,250,31,1,7.57E+02, long, Triangle, Square, Square,650,250, 
PA41,25, M,250,32,0,3.05E+02, long, Parallelogram, Pentagon, Parallelogram,750,250, 
PA41,25, M,250,33,1,5.73E+02, short, Parallelogram, Square, Square,250,250, 
PA41,25, M,250,34,0,5.59E+02, short, Square, Parallelogram, Parallelogram,450,250, 
PA41,25, M,250,35,1,3.17E+02, long, Rhombus, Pentagon, Rhombus,850,250, 
PA41,25, M,250,36,1,3.65E+02, long, Triangle, Parallelogram, Parallelogram,850,250, 
PA41,25, M,250,37,0,2.82E+02, long, Triangle, Pentagon, Triangle,550,250, 
PA41,25, M,250,38,0,1.15E+03, short, Square, Circle, Circle,350,250, 
PA41,25, M,250,39,1,3.08E+02, long, Triangle, Circle, Triangle,750,250, 
PA41,25, M,250,40,1,5.74E+02, long, Rhombus, Circle, Circle,650,250, 
PA41,25, M,250,41,1,2.22E+02, long, Circle, Pentagon, Circle,750,250, 
PA41,25, M,250,42,0,5.50E+02, short, Triangle, Pentagon, Triangle,350,250, 
PA41,25, M,250,43,0,3.17E+02, long, Pentagon, Square, Pentagon,850,250, 
PA41,25, M,250,44,0,4.21E+02, long, Rhombus, Circle, Circle,850,250, 
PA41,25, M,250,45,0,4.86E+02, long, Triangle, Pentagon, Triangle,450,250, 
PA41,25, M,250,46,0,2.63E+02, long, Circle, Triangle, Triangle,750,250, 
PA41,25, M,250,47,1,5.41E+02, long, Square, Pentagon, Square,650,250, 
PA41,25, M,250,48,1,8.17E+02, short, Circle, Triangle, Triangle,450,250, 
PA41,25, M,250,49,1,3.21E+02, long, Parallelogram, Pentagon, Parallelogram,650,250, 
PA41,25, M,250,50,1,5.33E+02, short, Rhombus, Pentagon, Pentagon,250,250, 
PA41,25, M,250,51,1,5.90E+02, short, Rhombus, Circle, Rhombus,250,250, 
PA41,25, M,250,52,1,3.43E+02, long, Rhombus, Parallelogram, Parallelogram,650,250, 
PA41,25, M,250,53,0,4.54E+02, short, Pentagon, Parallelogram, Parallelogram,350,250, 
PA41,25, M,250,54,1,9.08E+02, long, Rhombus, Square, Rhombus,650,250, 
PA41,25, M,250,55,0,3.33E+02, long, Triangle, Square, Square,850,250, 
PA41,25, M,250,56,0,2.28E+02, long, Rhombus, Parallelogram, Rhombus,750,250, 
PA41,25, M,250,57,0,3.21E+02, long, Parallelogram, Rhombus, Rhombus,550,250, 
PA41,25, M,250,58,1,6.12E+02, short, Circle, Rhombus, Circle,250,250, 
PA41,25, M,250,59,1,5.48E+02, short, Rhombus, Square, Square,350,250, 
PA41,25, M,250,60,0,7.04E+02, short, Rhombus, Pentagon, Pentagon,250,250, 
PA41,25, M,250,61,1,6.76E+02, long, Pentagon, Circle, Pentagon,650,250, 
PA41,25, M,250,62,0,6.12E+02, short, Parallelogram, Square, Square,450,250, 
PA41,25, M,250,63,0,7.80E+02, long, Rhombus, Triangle, Rhombus,550,250, 
PA41,25, M,250,64,1,3.05E+02, long, Rhombus, Triangle, Triangle,750,250, 
PA41,25, M,250,65,0,2.06E+02, long, Rhombus, Parallelogram, Rhombus,850,250, 
PA41,25, M,250,66,1,5.59E+02, short, Pentagon, Circle, Circle,450,250, 
PA41,25, M,250,67,1,1.76E+03, long, Triangle, Parallelogram, Triangle,450,250, 
PA41,25, M,250,68,0,9.41E+02, short, Triangle, Parallelogram, Parallelogram,250,250, 
PA41,25, M,250,69,1,5.63E+02, short, Parallelogram, Pentagon, Parallelogram,350,250, 
PA41,25, M,250,70,1,5.83E+02, short, Circle, Parallelogram, Parallelogram,250,250, 
PA41,25, M,250,71,1,1.25E+03, short, Pentagon, Circle, Pentagon,850,250, 
PA41,25, M,250,72,1,2.55E+02, long, Circle, Parallelogram, Parallelogram,850,250, 
PA41,25, M,250,73,1,1.81E+02, long, Triangle, Square, Triangle,750,250, 
PA41,25, M,250,74,1,5.75E+02, short, Square, Circle, Circle,550,250, 
PA41,25, M,250,75,1,2.51E+02, long, Parallelogram, Rhombus, Rhombus,650,250, 
PA41,25, M,250,76,0,2.61E+02, long, Triangle, Parallelogram, Triangle,650,250, 
PA41,25, M,250,77,1,3.08E+02, long, Parallelogram, Circle, Circle,650,250, 
PA41,25, M,250,78,0,6.04E+02, short, Parallelogram, Rhombus, Parallelogram,250,250, 
PA41,25, M,250,79,0,8.21E+02, short, Circle, Pentagon, Pentagon,450,250, 
PA41,25, M,250,80,1,3.07E+02, long, Square, Rhombus, Square,850,250, 
PA41,25, M,250,81,0,4.58E+02, short, Parallelogram, Circle, Circle,850,250, 
PA41,25, M,250,82,1,4.30E+02, long, Circle, Rhombus, Rhombus,850,250, 
PA41,25, M,250,83,0,3.10E+02, long, Pentagon, Parallelogram, Pentagon,750,250, 
PA41,25, M,250,84,0,1.00E+03, short, Rhombus, Square, Square,250,250, 
PA41,25, M,250,85,1,5.09E+02, short, Circle, Rhombus, Circle,250,250, 
PA41,25, M,250,86,0,2.07E+02, long, Pentagon, Square, Square,750,250, 
PA41,25, M,250,87,0,1.90E+02, long, Circle, Square, Circle,850,250, 
PA41,25, M,250,88,1,2.52E+02, long, Parallelogram, Triangle, Triangle,850,250, 
PA41,25, M,250,89,0,8.63E+02, long, Pentagon, Parallelogram, Pentagon,850,250, 
PA41,25, M,250,90,0,2.34E+02, long, Pentagon, Triangle, Triangle,750,250, 
PA41,25, M,250,91,1,4.35E+02, short, Circle, Rhombus, Circle,250,250, 
PA41,25, M,250,92,0,3.51E+02, long, Rhombus, Parallelogram, Parallelogram,650,250, 
PA41,25, M,250,93,1,8.77E+02, short, Triangle, Circle, Triangle,450,250, 
PA41,25, M,250,94,1,6.23E+02, long, Pentagon, Circle, Pentagon,750,250, 
PA41,25, M,250,95,0,4.89E+02, short, Pentagon, Triangle, Triangle,450,250, 
PA41,25, M,250,96,1,8.95E+02, long, Pentagon, Parallelogram, Pentagon,750,250, 
PA41,25, M,250,97,1,4.69E+02, short, Triangle, Rhombus, Rhombus,750,250, 
PA41,25, M,250,98,1,8.33E+02, short, Pentagon, Square, Pentagon,350,250, 
PA41,25, M,250,99,0,3.70E+02, long, Pentagon, Square, Square,450,250, 
PA41,25, M,250,100,0,1.02E+03, long, Pentagon, Square, Pentagon,650,250, 
PA41,25, M,250,101,0,2.52E+02, long, Rhombus, Triangle, Triangle,750,250, 
PA41,25, M,250,102,1,1.23E+03, short, Square, Parallelogram, Square,850,250, 
PA41,25, M,250,103,1,4.02E+02, long, Parallelogram, Triangle, Triangle,550,250, 
PA41,25, M,250,104,0,6.02E+02, short, Circle, Triangle, Circle,250,250, 
PA41,25, M,250,105,0,7.02E+02, short, Square, Parallelogram, Parallelogram,250,250, 
PA41,25, M,250,106,1,9.24E+02, short, Parallelogram, Rhombus, Parallelogram,450,250, 
PA41,25, M,250,107,1,5.36E+02, short, Square, Parallelogram, Parallelogram,350,250, 
PA41,25, M,250,108,1,4.88E+02, short, Rhombus, Triangle, Rhombus,350,250, 
PA41,25, M,250,109,0,4.84E+02, short, Pentagon, Triangle, Triangle,550,250, 
PA41,25, M,250,110,0,2.52E+02, long, Rhombus, Parallelogram, Rhombus,650,250, 
PA41,25, M,250,111,1,6.66E+02, short, Circle, Rhombus, Rhombus,450,250, 
PA41,25, M,250,112,1,2.51E+02, long, Circle, Rhombus, Circle,850,250, 
PA41,25, M,250,113,0,6.33E+02, short, Pentagon, Circle, Circle,250,250, 
PA41,25, M,250,114,0,1.07E+03, short, Square, Pentagon, Square,350,250, 
PA41,25, M,250,115,1,5.71E+02, short, Triangle, Square, Square,250,250, 
PA41,25, M,250,116,1,5.77E+02, short, Parallelogram, Rhombus, Parallelogram,450,250, 
PA41,25, M,250,117,0,8.23E+02, long, Triangle, Circle, Circle,650,250, 
PA41,25, M,250,118,0,6.00E+02, short, Pentagon, Parallelogram, Pentagon,350,250, 
PA41,25, M,250,119,0,9.71E+02, long, Circle, Square, Square,450,250, 
PA41,25, M,250,120,1,2.81E+02, long, Circle, Parallelogram, Circle,850,250, 
PA41,25, M,250,121,1,5.29E+02, short, Triangle, Pentagon, Pentagon,350,250, 
PA41,25, M,250,122,1,5.21E+02, long, Parallelogram, Pentagon, Parallelogram,550,250, 
PA41,25, M,250,123,0,3.55E+02, long, Triangle, Rhombus, Rhombus,450,250, 
PA41,25, M,250,124,0,8.07E+02, short, Pentagon, Triangle, Pentagon,450,250, 
PA41,25, M,250,125,1,5.87E+02, short, Triangle, Rhombus, Triangle,250,250, 
PA41,25, M,250,126,1,6.83E+02, long, Square, Triangle, Triangle,650,250, 
PA41,25, M,250,127,1,1.32E+02, long, Triangle, Square, Triangle,750,250, 
PA41,25, M,250,128,0,9.74E+02, short, Parallelogram, Pentagon, Pentagon,250,250, 
PA41,25, M,250,129,0,1.35E+02, long, Circle, Pentagon, Circle,850,250, 
PA41,25, M,250,130,0,6.86E+02, short, Circle, Rhombus, Rhombus,550,250, 
PA41,25, M,250,131,1,2.02E+02, long, Circle, Square, Circle,850,250, 
PA41,25, M,250,132,1,7.52E+02, short, Parallelogram, Square, Square,350,250, 
PA41,25, M,250,133,0,6.98E+02, long, Square, Triangle, Square,750,250, 
PA41,25, M,250,134,1,7.59E+02, long, Square, Triangle, Triangle,450,250, 
PA41,25, M,250,135,1,1.68E+02, long, Pentagon, Rhombus, Pentagon,750,250, 
PA41,25, M,250,136,1,6.88E+02, long, Triangle, Pentagon, Pentagon,750,250, 
PA41,25, M,250,137,0,7.86E+02, long, Rhombus, Pentagon, Rhombus,750,250, 
PA41,25, M,250,138,1,3.46E+02, long, Parallelogram, Circle, Circle,550,250, 
PA41,25, M,250,139,0,7.46E+02, long, Pentagon, Triangle, Pentagon,650,250, 
PA41,25, M,250,140,0,2.29E+02, long, Square, Rhombus, Square,850,250, 
PA41,25, M,250,141,1,7.02E+02, short, Rhombus, Pentagon, Pentagon,250,250, 
PA41,25, M,250,142,0,3.45E+02, long, Pentagon, Parallelogram, Pentagon,650,250, 
PA41,25, M,250,143,0,4.50E+02, long, Parallelogram, Circle, Circle,750,250, 
PA41,25, M,250,144,0,6.61E+02, short, Triangle, Parallelogram, Triangle,250,250, 
PA41,25, M,250,145,0,4.25E+02, long, Triangle, Square, Square,550,250, 
PA41,25, M,250,146,1,6.04E+02, long, Rhombus, Square, Rhombus,350,250, 
PA41,25, M,250,147,1,3.86E+02, long, Square, Circle, Circle,550,250, 
PA41,25, M,250,148,0,2.77E+02, short, Circle, Triangle, Circle,850,250, 
PA41,25, M,250,149,0,7.29E+02, short, Parallelogram, Triangle, Triangle,350,250, 
PA41,25, M,250,150,0,5.77E+02, long, Circle, Square, Circle,550,250, 
PA41,25, M,250,151,1,1.30E+03, short, Rhombus, Circle, Circle,450,250, 
PA41,25, M,250,152,0,5.97E+02, long, Pentagon, Triangle, Pentagon,450,250, 
PA41,25, M,250,153,0,1.21E+03, short, Square, Pentagon, Pentagon,350,250, 
PA41,25, M,250,154,1,2.41E+02, long, Triangle, Circle, Triangle,750,250, 
PA41,25, M,250,155,1,2.51E+02, long, Circle, Triangle, Triangle,850,250, 
PA41,25, M,250,156,1,8.31E+02, short, Pentagon, Rhombus, Pentagon,350,250, 
PA41,25, M,250,157,1,3.03E+02, long, Parallelogram, Circle, Circle,550,250, 
PA41,25, M,250,158,0,6.22E+02, short, Rhombus, Circle, Rhombus,350,250, 
PA41,25, M,250,159,1,4.69E+02, long, Square, Circle, Circle,650,250, 
PA41,25, M,250,160,1,3.92E+02, long, Parallelogram, Square, Parallelogram,750,250, 
PA41,25, M,250,161,0,7.62E+02, long, Circle, Triangle, Triangle,650,250, 
PA41,25, M,250,162,1,3.40E+02, long, Rhombus, Square, Rhombus,550,250, 
PA41,25, M,250,163,0,2.88E+02, long, Square, Pentagon, Pentagon,850,250, 
PA41,25, M,250,164,0,2.98E+02, long, Square, Pentagon, Square,750,250, 
PA41,25, M,250,165,0,3.90E+02, long, Triangle, Rhombus, Rhombus,750,250, 
PA41,25, M,250,166,0,7.30E+02, short, Parallelogram, Triangle, Parallelogram,350,250, 
PA41,25, M,250,167,0,7.20E+02, short, Rhombus, Triangle, Triangle,250,250, 
PA41,25, M,250,168,0,7.12E+02, long, Parallelogram, Triangle, Parallelogram,350,250, 
PA41,25, M,250,169,0,7.58E+02, short, Triangle, Circle, Triangle,450,250, 
PA41,25, M,250,170,0,2.63E+02, long, Pentagon, Circle, Circle,550,250, 
PA41,25, M,250,171,1,6.53E+02, short, Circle, Square, Circle,350,250, 
PA41,25, M,250,172,1,2.28E+02, long, Square, Rhombus, Rhombus,850,250, 
PA41,25, M,250,173,0,5.01E+02, short, Circle, Parallelogram, Circle,350,250, 
PA41,25, M,250,174,0,5.83E+02, short, Rhombus, Square, Square,250,250, 
PA41,25, M,250,175,0,7.10E+02, short, Parallelogram, Square, Parallelogram,550,250, 
PA41,25, M,250,176,1,2.17E+02, long, Pentagon, Triangle, Pentagon,450,250, 
PA41,25, M,250,177,1,5.19E+02, short, Rhombus, Circle, Circle,250,250, 
PA41,25, M,250,178,1,5.69E+02, short, Rhombus, Pentagon, Rhombus,550,250, 
PA41,25, M,250,179,1,5.59E+02, short, Pentagon, Rhombus, Rhombus,250,250, 
PA41,25, M,250,180,1,5.03E+02, short, Parallelogram, Circle, Parallelogram,350,250, 
PA41,25, M,250,181,0,1.33E+02, long, Square, Rhombus, Rhombus,650,250, 
PA41,25, M,250,182,1,1.32E+03, short, Triangle, Rhombus, Triangle,250,250, 
PA41,25, M,250,183,0,6.85E+02, long, Square, Circle, Circle,550,250, 
PA41,25, M,250,184,1,1.05E+03, long, Square, Pentagon, Square,450,250, 
PA41,25, M,250,185,0,6.05E+02, long, Circle, Square, Square,450,250, 
PA41,25, M,250,186,0,2.41E+02, long, Square, Circle, Circle,650,250, 
PA41,25, M,250,187,0,1.02E+03, long, Parallelogram, Square, Square,650,250, 
PA41,25, M,250,188,0,5.25E+02, short, Triangle, Parallelogram, Triangle,350,250, 
PA41,25, M,250,189,1,1.54E+02, long, Square, Triangle, Triangle,850,250, 
PA41,25, M,250,190,0,6.34E+02, long, Rhombus, Triangle, Rhombus,750,250, 
PA41,25, M,250,191,0,4.52E+02, long, Square, Circle, Circle,650,250, 
PA41,25, M,250,192,0,4.93E+02, long, Pentagon, Square, Pentagon,650,250, 
PA41,25, M,250,193,1,2.58E+02, long, Square, Triangle, Triangle,850,250, 
PA41,25, M,250,194,1,5.18E+02, long, Triangle, Rhombus, Triangle,650,250, 
PA41,25, M,250,195,0,1.09E+03, long, Pentagon, Rhombus, Rhombus,350,250, 
PA41,25, M,250,196,1,4.14E+02, long, Circle, Pentagon, Circle,650,250, 
PA41,25, M,250,197,0,4.80E+02, long, Rhombus, Square, Square,550,250, 
PA41,25, M,250,198,0,3.84E+02, long, Square, Parallelogram, Square,550,250, 
PA41,25, M,250,199,0,2.04E+02, long, Square, Pentagon, Pentagon,850,250, 
PA41,25, M,250,200,0,4.86E+02, long, Triangle, Pentagon, Triangle,550,250, 
PA41,25, M,250,201,1,8.00E+02, long, Pentagon, Rhombus, Rhombus,450,250, 
PA41,25, M,250,202,0,5.32E+02, short, Square, Rhombus, Square,250,250, 
PA41,25, M,250,203,0,3.58E+02, long, Circle, Parallelogram, Parallelogram,650,250, 
PA41,25, M,250,204,0,6.11E+02, short, Rhombus, Circle, Rhombus,450,250, 
PA41,25, M,250,205,0,8.39E+02, short, Circle, Triangle, Triangle,250,250, 
PA41,25, M,250,206,0,4.14E+02, long, Parallelogram, Square, Parallelogram,850,250, 
PA41,25, M,250,207,1,6.47E+02, short, Rhombus, Parallelogram, Parallelogram,350,250, 
PA41,25, M,250,208,1,3.31E+02, long, Pentagon, Square, Pentagon,750,250, 
PA41,25, M,250,209,1,4.14E+02, long, Square, Triangle, Triangle,750,250, 
PA41,25, M,250,210,0,2.74E+02, long, Pentagon, Rhombus, Pentagon,750,250, 
