﻿Subject ID, Subject Age, Gender, Group, TrialNumber, Intended or Unintended Outcome, Reaction Time on Outcome Response, Response - Short or Long, Left Image Code, Right Image Code, Chosen Image Code, Objective Duration of Stimulus, Stimulus Delay,
PA40,23, M,1000,1,0,2.02E+03, short, Parallelogram, Circle, Circle,350,1000, 
PA40,23, M,1000,2,0,1.08E+03, long, Rhombus, Pentagon, Pentagon,850,1000, 
PA40,23, M,1000,3,1,1.13E+03, long, Circle, Parallelogram, Circle,850,1000, 
PA40,23, M,1000,4,1,1.13E+03, short, Square, Pentagon, Square,450,1000, 
PA40,23, M,1000,5,1,9.74E+02, long, Parallelogram, Triangle, Triangle,750,1000, 
PA40,23, M,1000,6,0,1.19E+03, short, Rhombus, Triangle, Triangle,550,1000, 
PA40,23, M,1000,7,0,9.34E+02, long, Circle, Triangle, Circle,850,1000, 
PA40,23, M,1000,8,1,1.35E+03, short, Parallelogram, Triangle, Parallelogram,650,1000, 
PA40,23, M,1000,9,1,9.87E+02, long, Square, Triangle, Square,850,1000, 
PA40,23, M,1000,10,0,1.22E+03, short, Triangle, Pentagon, Triangle,450,1000, 
PA40,23, M,1000,11,1,8.79E+02, long, Rhombus, Parallelogram, Parallelogram,850,1000, 
PA40,23, M,1000,12,0,1.05E+03, short, Triangle, Circle, Triangle,350,1000, 
PA40,23, M,1000,13,0,8.47E+02, long, Triangle, Pentagon, Triangle,850,1000, 
PA40,23, M,1000,14,1,1.52E+03, long, Circle, Rhombus, Circle,850,1000, 
PA40,23, M,1000,15,0,1.19E+03, short, Parallelogram, Rhombus, Parallelogram,250,1000, 
PA40,23, M,1000,16,1,1.09E+03, short, Parallelogram, Circle, Parallelogram,450,1000, 
PA40,23, M,1000,17,0,8.73E+02, long, Triangle, Parallelogram, Triangle,850,1000, 
PA40,23, M,1000,18,0,1.07E+03, short, Circle, Square, Circle,250,1000, 
PA40,23, M,1000,19,1,9.02E+02, long, Parallelogram, Rhombus, Parallelogram,650,1000, 
PA40,23, M,1000,20,0,1.45E+03, short, Triangle, Rhombus, Triangle,450,1000, 
PA40,23, M,1000,21,1,6.21E+03, short, Square, Triangle, Square,650,1000, 
PA40,23, M,1000,22,0,1.56E+03, long, Circle, Rhombus, Circle,750,1000, 
PA40,23, M,1000,23,1,1.03E+03, short, Rhombus, Pentagon, Rhombus,350,1000, 
PA40,23, M,1000,24,1,1.21E+03, short, Pentagon, Circle, Pentagon,450,1000, 
PA40,23, M,1000,25,0,1.00E+03, long, Rhombus, Triangle, Triangle,650,1000, 
PA40,23, M,1000,26,0,5.55E+03, short, Pentagon, Circle, Circle,550,1000, 
PA40,23, M,1000,27,0,7.67E+02, short, Parallelogram, Rhombus, Rhombus,250,1000, 
PA40,23, M,1000,28,1,5.59E+02, long, Pentagon, Square, Pentagon,650,1000, 
PA40,23, M,1000,29,0,6.71E+02, short, Triangle, Parallelogram, Triangle,250,1000, 
PA40,23, M,1000,30,0,9.13E+02, long, Circle, Pentagon, Circle,650,1000, 
PA40,23, M,1000,31,0,7.49E+02, long, Square, Parallelogram, Square,850,1000, 
PA40,23, M,1000,32,0,9.29E+02, short, Square, Circle, Square,350,1000, 
PA40,23, M,1000,33,1,6.86E+02, long, Square, Triangle, Square,850,1000, 
PA40,23, M,1000,34,1,2.33E+03, short, Pentagon, Triangle, Pentagon,350,1000, 
PA40,23, M,1000,35,0,1.90E+03, long, Rhombus, Triangle, Triangle,550,1000, 
PA40,23, M,1000,36,0,8.94E+02, short, Circle, Triangle, Triangle,350,1000, 
PA40,23, M,1000,37,0,1.11E+03, short, Parallelogram, Pentagon, Pentagon,550,1000, 
PA40,23, M,1000,38,0,6.72E+02, long, Triangle, Pentagon, Triangle,850,1000, 
PA40,23, M,1000,39,1,6.72E+02, long, Square, Pentagon, Square,850,1000, 
PA40,23, M,1000,40,1,5.31E+02, long, Parallelogram, Pentagon, Parallelogram,350,1000, 
PA40,23, M,1000,41,0,4.71E+03, long, Pentagon, Triangle, Pentagon,550,1000, 
PA40,23, M,1000,42,0,9.35E+02, long, Parallelogram, Pentagon, Parallelogram,650,1000, 
PA40,23, M,1000,43,1,9.46E+02, short, Square, Circle, Square,350,1000, 
PA40,23, M,1000,44,1,6.28E+02, long, Triangle, Square, Triangle,750,1000, 
PA40,23, M,1000,45,0,1.11E+03, short, Square, Circle, Circle,450,1000, 
PA40,23, M,1000,46,1,1.11E+03, short, Rhombus, Circle, Circle,250,1000, 
PA40,23, M,1000,47,1,8.24E+02, short, Triangle, Rhombus, Rhombus,450,1000, 
PA40,23, M,1000,48,1,7.90E+02, short, Rhombus, Circle, Rhombus,350,1000, 
PA40,23, M,1000,49,0,1.08E+03, long, Triangle, Square, Square,650,1000, 
PA40,23, M,1000,50,1,7.43E+02, short, Square, Circle, Circle,350,1000, 
PA40,23, M,1000,51,1,7.97E+02, short, Parallelogram, Square, Parallelogram,250,1000, 
PA40,23, M,1000,52,1,6.99E+02, long, Triangle, Rhombus, Triangle,550,1000, 
PA40,23, M,1000,53,1,1.35E+03, short, Square, Parallelogram, Square,550,1000, 
PA40,23, M,1000,54,1,1.17E+03, long, Triangle, Circle, Triangle,850,1000, 
PA40,23, M,1000,55,0,6.65E+02, long, Square, Triangle, Triangle,750,1000, 
PA40,23, M,1000,56,1,8.37E+02, short, Parallelogram, Pentagon, Pentagon,350,1000, 
PA40,23, M,1000,57,0,6.35E+02, long, Circle, Parallelogram, Circle,750,1000, 
PA40,23, M,1000,58,1,1.26E+03, long, Rhombus, Parallelogram, Rhombus,650,1000, 
PA40,23, M,1000,59,1,2.20E+03, short, Square, Parallelogram, Square,450,1000, 
PA40,23, M,1000,60,1,1.20E+03, short, Pentagon, Triangle, Triangle,450,1000, 
PA40,23, M,1000,61,0,6.26E+02, long, Triangle, Circle, Circle,750,1000, 
PA40,23, M,1000,62,0,2.06E+03, short, Rhombus, Square, Square,450,1000, 
PA40,23, M,1000,63,0,6.44E+02, long, Pentagon, Circle, Circle,750,1000, 
PA40,23, M,1000,64,0,9.98E+02, short, Parallelogram, Triangle, Triangle,350,1000, 
PA40,23, M,1000,65,1,7.64E+02, short, Pentagon, Rhombus, Rhombus,450,1000, 
PA40,23, M,1000,66,1,8.21E+02, short, Circle, Rhombus, Rhombus,250,1000, 
PA40,23, M,1000,67,0,7.44E+03, short, Circle, Triangle, Circle,550,1000, 
PA40,23, M,1000,68,1,8.25E+02, short, Triangle, Rhombus, Triangle,350,1000, 
PA40,23, M,1000,69,0,6.15E+02, long, Circle, Pentagon, Circle,850,1000, 
PA40,23, M,1000,70,1,8.96E+02, short, Pentagon, Parallelogram, Pentagon,450,1000, 
PA40,23, M,1000,71,0,6.39E+02, long, Circle, Square, Circle,850,1000, 
PA40,23, M,1000,72,1,1.24E+03, long, Pentagon, Square, Square,750,1000, 
PA40,23, M,1000,73,1,6.61E+02, long, Square, Pentagon, Pentagon,650,1000, 
PA40,23, M,1000,74,0,8.31E+02, short, Triangle, Parallelogram, Triangle,450,1000, 
PA40,23, M,1000,75,0,6.78E+02, long, Square, Pentagon, Square,750,1000, 
PA40,23, M,1000,76,1,1.05E+03, short, Rhombus, Pentagon, Rhombus,250,1000, 
PA40,23, M,1000,77,1,8.50E+02, long, Square, Rhombus, Square,550,1000, 
PA40,23, M,1000,78,0,2.80E+03, short, Rhombus, Circle, Rhombus,650,1000, 
PA40,23, M,1000,79,0,9.36E+02, short, Circle, Rhombus, Circle,450,1000, 
PA40,23, M,1000,80,0,6.08E+02, long, Triangle, Pentagon, Triangle,650,1000, 
PA40,23, M,1000,81,1,8.59E+02, short, Rhombus, Triangle, Rhombus,250,1000, 
PA40,23, M,1000,82,0,6.26E+02, long, Parallelogram, Pentagon, Parallelogram,650,1000, 
PA40,23, M,1000,83,0,1.02E+03, short, Pentagon, Triangle, Pentagon,350,1000, 
PA40,23, M,1000,84,1,6.83E+02, long, Parallelogram, Rhombus, Parallelogram,550,1000, 
PA40,23, M,1000,85,0,1.78E+03, short, Pentagon, Parallelogram, Pentagon,350,1000, 
PA40,23, M,1000,86,1,7.89E+02, short, Parallelogram, Triangle, Parallelogram,350,1000, 
PA40,23, M,1000,87,0,7.90E+02, short, Parallelogram, Circle, Parallelogram,350,1000, 
PA40,23, M,1000,88,0,7.72E+02, short, Pentagon, Square, Pentagon,450,1000, 
PA40,23, M,1000,89,0,7.30E+02, short, Rhombus, Triangle, Rhombus,450,1000, 
PA40,23, M,1000,90,0,5.91E+02, long, Rhombus, Parallelogram, Rhombus,850,1000, 
PA40,23, M,1000,91,1,9.19E+02, short, Parallelogram, Circle, Parallelogram,450,1000, 
PA40,23, M,1000,92,0,6.01E+02, long, Pentagon, Rhombus, Rhombus,850,1000, 
PA40,23, M,1000,93,0,3.99E+03, long, Circle, Rhombus, Rhombus,650,1000, 
PA40,23, M,1000,94,1,1.21E+03, short, Pentagon, Circle, Pentagon,350,1000, 
PA40,23, M,1000,95,0,1.30E+03, short, Circle, Square, Square,350,1000, 
PA40,23, M,1000,96,0,1.11E+03, short, Circle, Parallelogram, Circle,250,1000, 
PA40,23, M,1000,97,1,7.52E+02, short, Circle, Square, Circle,350,1000, 
PA40,23, M,1000,98,1,1.19E+03, short, Square, Parallelogram, Square,350,1000, 
PA40,23, M,1000,99,0,7.00E+02, short, Pentagon, Square, Pentagon,250,1000, 
PA40,23, M,1000,100,1,3.58E+03, short, Pentagon, Square, Pentagon,550,1000, 
PA40,23, M,1000,101,0,1.17E+03, long, Circle, Triangle, Circle,650,1000, 
PA40,23, M,1000,102,1,8.20E+02, short, Rhombus, Triangle, Rhombus,250,1000, 
PA40,23, M,1000,103,0,3.38E+02, long, Triangle, Parallelogram, Triangle,850,1000, 
PA40,23, M,1000,104,1,5.72E+02, long, Parallelogram, Rhombus, Parallelogram,850,1000, 
PA40,23, M,1000,105,1,1.21E+03, long, Pentagon, Rhombus, Pentagon,750,1000, 
PA40,23, M,1000,106,0,4.02E+02, long, Triangle, Rhombus, Triangle,650,1000, 
PA40,23, M,1000,107,1,3.88E+03, short, Triangle, Square, Triangle,550,1000, 
PA40,23, M,1000,108,1,7.73E+02, long, Circle, Pentagon, Circle,550,1000, 
PA40,23, M,1000,109,0,7.43E+02, short, Triangle, Square, Triangle,450,1000, 
PA40,23, M,1000,110,1,4.83E+02, long, Triangle, Pentagon, Triangle,850,1000, 
PA40,23, M,1000,111,1,7.69E+02, long, Rhombus, Parallelogram, Rhombus,650,1000, 
PA40,23, M,1000,112,1,3.28E+03, long, Rhombus, Square, Rhombus,750,1000, 
PA40,23, M,1000,113,1,5.99E+02, long, Circle, Parallelogram, Circle,850,1000, 
PA40,23, M,1000,114,1,6.83E+02, short, Rhombus, Pentagon, Rhombus,450,1000, 
PA40,23, M,1000,115,0,7.39E+02, short, Square, Circle, Square,250,1000, 
PA40,23, M,1000,116,1,5.71E+02, short, Circle, Square, Circle,550,1000, 
PA40,23, M,1000,117,1,4.35E+02, long, Triangle, Square, Triangle,850,1000, 
PA40,23, M,1000,118,0,1.22E+03, short, Rhombus, Triangle, Rhombus,350,1000, 
PA40,23, M,1000,119,1,8.70E+02, short, Rhombus, Parallelogram, Rhombus,250,1000, 
PA40,23, M,1000,120,0,3.34E+03, short, Pentagon, Rhombus, Pentagon,550,1000, 
PA40,23, M,1000,121,1,5.80E+02, long, Circle, Rhombus, Circle,550,1000, 
PA40,23, M,1000,122,0,7.86E+02, short, Parallelogram, Circle, Parallelogram,450,1000, 
PA40,23, M,1000,123,1,6.00E+02, short, Square, Pentagon, Square,250,1000, 
PA40,23, M,1000,124,0,5.96E+02, short, Circle, Triangle, Circle,550,1000, 
PA40,23, M,1000,125,1,7.75E+02, long, Pentagon, Square, Pentagon,750,1000, 
PA40,23, M,1000,126,1,7.56E+02, short, Square, Triangle, Square,550,1000, 
PA40,23, M,1000,127,0,7.17E+02, long, Pentagon, Triangle, Pentagon,650,1000, 
PA40,23, M,1000,128,0,7.70E+02, long, Rhombus, Parallelogram, Rhombus,750,1000, 
PA40,23, M,1000,129,1,8.28E+02, short, Pentagon, Rhombus, Pentagon,250,1000, 
PA40,23, M,1000,130,0,7.18E+02, long, Circle, Triangle, Circle,650,1000, 
PA40,23, M,1000,131,0,6.44E+02, long, Circle, Triangle, Circle,750,1000, 
PA40,23, M,1000,132,1,8.46E+02, short, Circle, Parallelogram, Circle,450,1000, 
PA40,23, M,1000,133,0,6.32E+02, long, Rhombus, Pentagon, Rhombus,850,1000, 
PA40,23, M,1000,134,1,1.11E+03, short, Rhombus, Square, Rhombus,450,1000, 
PA40,23, M,1000,135,1,6.38E+02, long, Triangle, Pentagon, Triangle,750,1000, 
PA40,23, M,1000,136,0,6.22E+02, long, Pentagon, Parallelogram, Pentagon,750,1000, 
PA40,23, M,1000,137,1,6.12E+02, long, Pentagon, Triangle, Pentagon,750,1000, 
PA40,23, M,1000,138,1,8.06E+02, short, Triangle, Parallelogram, Parallelogram,250,1000, 
PA40,23, M,1000,139,1,4.77E+03, short, Rhombus, Circle, Circle,550,1000, 
PA40,23, M,1000,140,0,6.31E+02, short, Circle, Parallelogram, Circle,350,1000, 
PA40,23, M,1000,141,0,3.27E+02, long, Square, Rhombus, Square,850,1000, 
PA40,23, M,1000,142,1,7.35E+02, short, Circle, Pentagon, Circle,250,1000, 
PA40,23, M,1000,143,0,8.23E+02, short, Square, Pentagon, Square,650,1000, 
PA40,23, M,1000,144,0,4.39E+02, short, Triangle, Circle, Triangle,250,1000, 
PA40,23, M,1000,145,1,2.19E+03, long, Rhombus, Pentagon, Rhombus,650,1000, 
PA40,23, M,1000,146,0,7.87E+02, short, Circle, Pentagon, Pentagon,350,1000, 
PA40,23, M,1000,147,0,7.19E+02, short, Pentagon, Rhombus, Rhombus,250,1000, 
PA40,23, M,1000,148,0,7.43E+02, long, Parallelogram, Circle, Parallelogram,550,1000, 
PA40,23, M,1000,149,0,8.10E+02, short, Square, Circle, Square,550,1000, 
PA40,23, M,1000,150,0,1.01E+03, long, Triangle, Square, Triangle,550,1000, 
PA40,23, M,1000,151,1,7.42E+02, short, Rhombus, Circle, Rhombus,550,1000, 
PA40,23, M,1000,152,1,5.00E+02, long, Pentagon, Circle, Circle,650,1000, 
PA40,23, M,1000,153,1,7.66E+02, long, Parallelogram, Square, Parallelogram,850,1000, 
PA40,23, M,1000,154,0,5.24E+02, long, Triangle, Circle, Triangle,850,1000, 
PA40,23, M,1000,155,0,1.01E+03, short, Rhombus, Circle, Rhombus,550,1000, 
PA40,23, M,1000,156,1,3.24E+02, long, Pentagon, Parallelogram, Pentagon,750,1000, 
PA40,23, M,1000,157,0,3.76E+02, long, Pentagon, Square, Pentagon,850,1000, 
PA40,23, M,1000,158,0,1.78E+03, short, Square, Rhombus, Square,550,1000, 
PA40,23, M,1000,159,1,5.38E+02, short, Circle, Rhombus, Circle,450,1000, 
PA40,23, M,1000,160,1,3.63E+02, long, Square, Parallelogram, Square,850,1000, 
PA40,23, M,1000,161,1,1.47E+03, short, Parallelogram, Square, Parallelogram,650,1000, 
PA40,23, M,1000,162,1,8.75E+02, short, Circle, Parallelogram, Circle,650,1000, 
PA40,23, M,1000,163,0,7.99E+02, short, Pentagon, Circle, Pentagon,250,1000, 
PA40,23, M,1000,164,0,6.45E+02, long, Triangle, Pentagon, Triangle,750,1000, 
PA40,23, M,1000,165,1,1.44E+03, short, Parallelogram, Pentagon, Parallelogram,550,1000, 
PA40,23, M,1000,166,0,2.63E+03, short, Triangle, Circle, Triangle,450,1000, 
PA40,23, M,1000,167,1,1.62E+03, short, Parallelogram, Square, Parallelogram,750,1000, 
PA40,23, M,1000,168,1,8.74E+02, short, Pentagon, Rhombus, Pentagon,650,1000, 
PA40,23, M,1000,169,1,3.79E+02, long, Square, Pentagon, Square,650,1000, 
PA40,23, M,1000,170,0,7.65E+02, short, Rhombus, Square, Rhombus,250,1000, 
PA40,23, M,1000,171,1,9.25E+02, short, Circle, Square, Circle,450,1000, 
PA40,23, M,1000,172,0,8.19E+02, short, Parallelogram, Rhombus, Parallelogram,350,1000, 
PA40,23, M,1000,173,1,3.85E+02, long, Square, Circle, Square,750,1000, 
PA40,23, M,1000,174,1,6.82E+02, short, Rhombus, Square, Rhombus,250,1000, 
PA40,23, M,1000,175,0,1.03E+03, short, Pentagon, Triangle, Pentagon,250,1000, 
PA40,23, M,1000,176,0,4.22E+02, long, Circle, Pentagon, Circle,750,1000, 
PA40,23, M,1000,177,0,7.38E+02, short, Parallelogram, Square, Parallelogram,250,1000, 
PA40,23, M,1000,178,0,2.96E+02, long, Triangle, Rhombus, Triangle,750,1000, 
PA40,23, M,1000,179,0,6.72E+02, short, Triangle, Square, Triangle,250,1000, 
PA40,23, M,1000,180,0,2.32E+03, short, Square, Rhombus, Square,350,1000, 
PA40,23, M,1000,181,1,5.68E+02, short, Square, Rhombus, Square,250,1000, 
PA40,23, M,1000,182,0,3.12E+02, long, Parallelogram, Square, Parallelogram,650,1000, 
PA40,23, M,1000,183,1,3.88E+02, long, Square, Parallelogram, Square,750,1000, 
PA40,23, M,1000,184,1,1.93E+03, short, Triangle, Rhombus, Triangle,250,1000, 
PA40,23, M,1000,185,0,1.10E+03, long, Square, Triangle, Square,750,1000, 
PA40,23, M,1000,186,0,5.72E+02, long, Rhombus, Square, Rhombus,550,1000, 
PA40,23, M,1000,187,1,8.21E+02, long, Triangle, Circle, Triangle,650,1000, 
PA40,23, M,1000,188,1,1.75E+03, long, Parallelogram, Circle, Parallelogram,850,1000, 
PA40,23, M,1000,189,1,6.45E+02, long, Parallelogram, Triangle, Parallelogram,750,1000, 
PA40,23, M,1000,190,1,8.91E+02, long, Triangle, Parallelogram, Triangle,750,1000, 
PA40,23, M,1000,191,1,6.07E+02, long, Parallelogram, Triangle, Parallelogram,750,1000, 
PA40,23, M,1000,192,1,7.87E+02, short, Parallelogram, Pentagon, Parallelogram,350,1000, 
PA40,23, M,1000,193,0,5.83E+02, long, Pentagon, Parallelogram, Pentagon,750,1000, 
PA40,23, M,1000,194,1,1.11E+03, long, Triangle, Parallelogram, Triangle,650,1000, 
PA40,23, M,1000,195,0,6.55E+02, short, Square, Rhombus, Square,450,1000, 
PA40,23, M,1000,196,1,5.67E+02, short, Rhombus, Square, Rhombus,350,1000, 
PA40,23, M,1000,197,1,6.47E+02, short, Square, Triangle, Square,450,1000, 
PA40,23, M,1000,198,1,1.09E+03, short, Rhombus, Parallelogram, Rhombus,250,1000, 
PA40,23, M,1000,199,0,4.77E+02, short, Square, Parallelogram, Square,450,1000, 
PA40,23, M,1000,200,0,1.40E+03, short, Circle, Pentagon, Circle,450,1000, 
PA40,23, M,1000,201,1,9.66E+02, long, Pentagon, Parallelogram, Pentagon,550,1000, 
PA40,23, M,1000,202,0,6.66E+02, short, Rhombus, Circle, Rhombus,250,1000, 
PA40,23, M,1000,203,1,6.18E+02, long, Rhombus, Pentagon, Rhombus,850,1000, 
PA40,23, M,1000,204,1,3.97E+03, short, Pentagon, Circle, Pentagon,350,1000, 
PA40,23, M,1000,205,0,3.60E+02, long, Circle, Square, Circle,650,1000, 
PA40,23, M,1000,206,0,5.18E+02, long, Square, Rhombus, Square,750,1000, 
PA40,23, M,1000,207,0,2.34E+03, short, Parallelogram, Rhombus, Parallelogram,450,1000, 
PA40,23, M,1000,208,0,2.22E+03, short, Parallelogram, Triangle, Parallelogram,350,1000, 
PA40,23, M,1000,209,1,7.05E+02, long, Pentagon, Parallelogram, Pentagon,550,1000, 
PA40,23, M,1000,210,0,1.12E+03, short, Parallelogram, Square, Square,550,1000, 
