﻿Subject ID, Subject Age, Gender, Group, TrialNumber, Intended or Unintended Outcome, Reaction Time on Outcome Response, Response - Short or Long, Left Image Code, Right Image Code, Chosen Image Code, Objective Duration of Stimulus, Stimulus Delay,
PA24,20, F,1000,1,1,7.17E+02, long, Pentagon, Rhombus, Rhombus,750,1000, 
PA24,20, F,1000,2,1,6.91E+02, long, Square, Pentagon, Square,750,1000, 
PA24,20, F,1000,3,1,7.59E+02, long, Circle, Parallelogram, Circle,650,1000, 
PA24,20, F,1000,4,0,9.56E+02, short, Rhombus, Circle, Circle,250,1000, 
PA24,20, F,1000,5,1,2.77E+03, short, Rhombus, Circle, Rhombus,350,1000, 
PA24,20, F,1000,6,0,9.89E+02, short, Square, Rhombus, Square,250,1000, 
PA24,20, F,1000,7,1,1.29E+03, long, Pentagon, Parallelogram, Parallelogram,550,1000, 
PA24,20, F,1000,8,0,9.73E+02, short, Rhombus, Square, Rhombus,350,1000, 
PA24,20, F,1000,9,1,8.51E+02, short, Circle, Square, Square,650,1000, 
PA24,20, F,1000,10,1,8.35E+02, long, Parallelogram, Square, Parallelogram,750,1000, 
PA24,20, F,1000,11,0,1.31E+03, long, Rhombus, Pentagon, Pentagon,650,1000, 
PA24,20, F,1000,12,0,1.88E+03, long, Circle, Parallelogram, Circle,650,1000, 
PA24,20, F,1000,13,0,1.13E+03, long, Circle, Rhombus, Circle,550,1000, 
PA24,20, F,1000,14,0,7.63E+02, long, Circle, Triangle, Triangle,850,1000, 
PA24,20, F,1000,15,1,7.07E+02, long, Circle, Square, Circle,550,1000, 
PA24,20, F,1000,16,0,3.06E+03, long, Triangle, Rhombus, Triangle,750,1000, 
PA24,20, F,1000,17,1,7.82E+02, long, Square, Triangle, Square,650,1000, 
PA24,20, F,1000,18,0,9.58E+02, long, Rhombus, Pentagon, Pentagon,450,1000, 
PA24,20, F,1000,19,1,9.34E+02, short, Square, Triangle, Square,350,1000, 
PA24,20, F,1000,20,1,7.88E+02, long, Circle, Triangle, Triangle,550,1000, 
PA24,20, F,1000,21,0,8.36E+02, long, Rhombus, Square, Rhombus,850,1000, 
PA24,20, F,1000,22,0,8.44E+02, short, Pentagon, Parallelogram, Parallelogram,450,1000, 
PA24,20, F,1000,23,0,1.22E+03, short, Pentagon, Triangle, Pentagon,450,1000, 
PA24,20, F,1000,24,0,7.67E+02, short, Triangle, Circle, Circle,550,1000, 
PA24,20, F,1000,25,1,1.50E+03, long, Circle, Pentagon, Circle,650,1000, 
PA24,20, F,1000,26,1,7.57E+02, long, Triangle, Pentagon, Triangle,850,1000, 
PA24,20, F,1000,27,1,8.87E+02, long, Parallelogram, Triangle, Parallelogram,850,1000, 
PA24,20, F,1000,28,1,8.21E+02, short, Square, Parallelogram, Square,550,1000, 
PA24,20, F,1000,29,0,7.38E+02, short, Parallelogram, Triangle, Triangle,350,1000, 
PA24,20, F,1000,30,1,7.07E+02, short, Circle, Pentagon, Circle,350,1000, 
PA24,20, F,1000,31,1,7.98E+02, short, Rhombus, Square, Square,250,1000, 
PA24,20, F,1000,32,0,6.27E+02, long, Pentagon, Circle, Pentagon,750,1000, 
PA24,20, F,1000,33,0,7.63E+02, short, Parallelogram, Pentagon, Parallelogram,750,1000, 
PA24,20, F,1000,34,1,1.03E+03, short, Circle, Pentagon, Pentagon,450,1000, 
PA24,20, F,1000,35,0,8.13E+02, short, Rhombus, Triangle, Rhombus,650,1000, 
PA24,20, F,1000,36,1,1.28E+03, short, Pentagon, Circle, Pentagon,650,1000, 
PA24,20, F,1000,37,0,6.12E+02, short, Parallelogram, Rhombus, Rhombus,350,1000, 
PA24,20, F,1000,38,0,5.58E+02, short, Parallelogram, Circle, Parallelogram,250,1000, 
PA24,20, F,1000,39,1,7.54E+02, long, Parallelogram, Pentagon, Parallelogram,750,1000, 
PA24,20, F,1000,40,0,1.32E+03, long, Circle, Rhombus, Circle,850,1000, 
PA24,20, F,1000,41,1,1.72E+03, long, Pentagon, Parallelogram, Parallelogram,650,1000, 
PA24,20, F,1000,42,1,7.50E+02, short, Circle, Square, Circle,250,1000, 
PA24,20, F,1000,43,1,1.10E+03, short, Rhombus, Pentagon, Rhombus,250,1000, 
PA24,20, F,1000,44,1,4.99E+02, short, Circle, Parallelogram, Parallelogram,350,1000, 
PA24,20, F,1000,45,0,6.15E+02, short, Circle, Square, Circle,650,1000, 
PA24,20, F,1000,46,0,4.83E+02, short, Parallelogram, Circle, Circle,250,1000, 
PA24,20, F,1000,47,0,7.05E+02, short, Parallelogram, Triangle, Parallelogram,250,1000, 
PA24,20, F,1000,48,0,8.43E+02, long, Circle, Triangle, Circle,650,1000, 
PA24,20, F,1000,49,1,7.38E+02, long, Square, Pentagon, Pentagon,750,1000, 
PA24,20, F,1000,50,0,4.99E+02, long, Rhombus, Square, Rhombus,750,1000, 
PA24,20, F,1000,51,0,1.02E+03, short, Parallelogram, Rhombus, Parallelogram,250,1000, 
PA24,20, F,1000,52,1,5.80E+02, short, Square, Circle, Square,450,1000, 
PA24,20, F,1000,53,1,9.20E+02, short, Parallelogram, Pentagon, Pentagon,350,1000, 
PA24,20, F,1000,54,1,1.27E+03, long, Triangle, Square, Triangle,550,1000, 
PA24,20, F,1000,55,1,5.29E+02, long, Triangle, Circle, Triangle,850,1000, 
PA24,20, F,1000,56,0,6.20E+02, short, Triangle, Square, Square,550,1000, 
PA24,20, F,1000,57,1,4.74E+02, long, Pentagon, Triangle, Pentagon,850,1000, 
PA24,20, F,1000,58,0,1.38E+03, long, Circle, Parallelogram, Circle,850,1000, 
PA24,20, F,1000,59,1,8.90E+02, short, Square, Circle, Circle,350,1000, 
PA24,20, F,1000,60,0,4.67E+02, long, Parallelogram, Square, Parallelogram,750,1000, 
PA24,20, F,1000,61,1,1.93E+03, long, Parallelogram, Circle, Parallelogram,450,1000, 
PA24,20, F,1000,62,0,4.72E+02, short, Circle, Parallelogram, Circle,250,1000, 
PA24,20, F,1000,63,1,3.12E+02, long, Rhombus, Parallelogram, Parallelogram,850,1000, 
PA24,20, F,1000,64,1,6.17E+02, short, Rhombus, Parallelogram, Rhombus,250,1000, 
PA24,20, F,1000,65,0,1.11E+03, long, Pentagon, Rhombus, Pentagon,550,1000, 
PA24,20, F,1000,66,0,5.43E+02, long, Parallelogram, Circle, Circle,650,1000, 
PA24,20, F,1000,67,0,1.04E+03, short, Square, Rhombus, Square,450,1000, 
PA24,20, F,1000,68,0,7.77E+02, long, Circle, Pentagon, Pentagon,550,1000, 
PA24,20, F,1000,69,1,7.97E+02, long, Parallelogram, Triangle, Parallelogram,850,1000, 
PA24,20, F,1000,70,0,6.85E+02, short, Rhombus, Circle, Rhombus,550,1000, 
PA24,20, F,1000,71,0,5.09E+03, long, Pentagon, Rhombus, Rhombus,850,1000, 
PA24,20, F,1000,72,0,1.19E+03, short, Triangle, Pentagon, Triangle,750,1000, 
PA24,20, F,1000,73,0,1.15E+03, short, Pentagon, Triangle, Pentagon,450,1000, 
PA24,20, F,1000,74,0,5.35E+02, long, Parallelogram, Circle, Parallelogram,850,1000, 
PA24,20, F,1000,75,1,7.14E+02, short, Parallelogram, Square, Square,350,1000, 
PA24,20, F,1000,76,1,6.77E+02, long, Rhombus, Pentagon, Rhombus,650,1000, 
PA24,20, F,1000,77,0,7.56E+02, long, Rhombus, Triangle, Rhombus,850,1000, 
PA24,20, F,1000,78,0,3.68E+02, long, Pentagon, Square, Square,850,1000, 
PA24,20, F,1000,79,0,1.44E+03, short, Rhombus, Circle, Rhombus,250,1000, 
PA24,20, F,1000,80,1,4.46E+02, long, Triangle, Circle, Triangle,650,1000, 
PA24,20, F,1000,81,0,1.65E+03, short, Rhombus, Pentagon, Pentagon,550,1000, 
PA24,20, F,1000,82,1,7.12E+02, short, Circle, Rhombus, Circle,250,1000, 
PA24,20, F,1000,83,0,1.50E+03, long, Rhombus, Pentagon, Pentagon,650,1000, 
PA24,20, F,1000,84,1,6.07E+02, short, Square, Rhombus, Square,250,1000, 
PA24,20, F,1000,85,0,1.30E+03, long, Parallelogram, Square, Parallelogram,850,1000, 
PA24,20, F,1000,86,1,3.67E+02, long, Triangle, Rhombus, Triangle,450,1000, 
PA24,20, F,1000,87,1,6.63E+02, short, Pentagon, Parallelogram, Parallelogram,350,1000, 
PA24,20, F,1000,88,0,1.89E+03, long, Circle, Pentagon, Circle,750,1000, 
PA24,20, F,1000,89,0,1.76E+03, short, Circle, Rhombus, Circle,350,1000, 
PA24,20, F,1000,90,1,1.34E+03, long, Square, Triangle, Triangle,750,1000, 
PA24,20, F,1000,91,1,2.08E+03, long, Rhombus, Circle, Rhombus,550,1000, 
PA24,20, F,1000,92,1,3.37E+02, long, Parallelogram, Pentagon, Parallelogram,550,1000, 
PA24,20, F,1000,93,1,4.67E+02, short, Parallelogram, Pentagon, Pentagon,250,1000, 
PA24,20, F,1000,94,0,4.19E+02, long, Square, Parallelogram, Square,550,1000, 
PA24,20, F,1000,95,1,4.31E+02, long, Parallelogram, Rhombus, Parallelogram,750,1000, 
PA24,20, F,1000,96,1,9.00E+02, long, Parallelogram, Square, Square,850,1000, 
PA24,20, F,1000,97,0,7.37E+02, short, Triangle, Square, Triangle,450,1000, 
PA24,20, F,1000,98,0,4.78E+02, short, Circle, Square, Circle,450,1000, 
PA24,20, F,1000,99,1,2.81E+03, short, Pentagon, Rhombus, Rhombus,450,1000, 
PA24,20, F,1000,100,0,6.16E+02, short, Square, Circle, Square,350,1000, 
PA24,20, F,1000,101,0,7.28E+02, short, Pentagon, Parallelogram, Parallelogram,350,1000, 
PA24,20, F,1000,102,0,1.35E+03, short, Circle, Triangle, Circle,250,1000, 
PA24,20, F,1000,103,1,1.27E+03, short, Square, Circle, Square,550,1000, 
PA24,20, F,1000,104,1,3.66E+02, long, Triangle, Parallelogram, Parallelogram,450,1000, 
PA24,20, F,1000,105,0,1.03E+03, short, Pentagon, Parallelogram, Pentagon,350,1000, 
PA24,20, F,1000,106,0,3.64E+02, long, Triangle, Parallelogram, Triangle,550,1000, 
PA24,20, F,1000,107,1,4.85E+02, short, Triangle, Circle, Triangle,250,1000, 
PA24,20, F,1000,108,0,9.08E+02, short, Triangle, Pentagon, Pentagon,550,1000, 
PA24,20, F,1000,109,1,4.65E+02, long, Triangle, Rhombus, Triangle,450,1000, 
PA24,20, F,1000,110,0,4.83E+02, long, Rhombus, Parallelogram, Rhombus,650,1000, 
PA24,20, F,1000,111,1,3.33E+02, long, Triangle, Parallelogram, Parallelogram,650,1000, 
PA24,20, F,1000,112,1,2.83E+02, long, Rhombus, Square, Rhombus,750,1000, 
PA24,20, F,1000,113,0,2.39E+02, long, Triangle, Parallelogram, Triangle,850,1000, 
PA24,20, F,1000,114,1,2.93E+02, long, Pentagon, Square, Square,550,1000, 
PA24,20, F,1000,115,0,4.23E+02, long, Rhombus, Circle, Rhombus,450,1000, 
PA24,20, F,1000,116,0,5.45E+02, short, Circle, Triangle, Circle,250,1000, 
PA24,20, F,1000,117,0,1.63E+03, short, Pentagon, Square, Square,350,1000, 
PA24,20, F,1000,118,0,7.65E+02, short, Circle, Rhombus, Circle,750,1000, 
PA24,20, F,1000,119,1,7.55E+02, long, Triangle, Parallelogram, Parallelogram,750,1000, 
PA24,20, F,1000,120,0,1.27E+03, long, Circle, Pentagon, Circle,550,1000, 
PA24,20, F,1000,121,0,6.26E+02, short, Rhombus, Square, Rhombus,350,1000, 
PA24,20, F,1000,122,0,8.04E+02, long, Circle, Pentagon, Pentagon,450,1000, 
PA24,20, F,1000,123,1,1.50E+03, short, Square, Circle, Square,450,1000, 
PA24,20, F,1000,124,0,6.56E+02, long, Square, Parallelogram, Square,650,1000, 
PA24,20, F,1000,125,0,3.42E+02, long, Square, Triangle, Triangle,850,1000, 
PA24,20, F,1000,126,0,9.38E+02, long, Rhombus, Triangle, Rhombus,750,1000, 
PA24,20, F,1000,127,0,1.23E+03, long, Circle, Rhombus, Circle,650,1000, 
PA24,20, F,1000,128,0,9.10E+02, short, Square, Pentagon, Pentagon,450,1000, 
PA24,20, F,1000,129,0,4.79E+03, short, Triangle, Pentagon, Triangle,350,1000, 
PA24,20, F,1000,130,1,4.69E+02, short, Triangle, Rhombus, Triangle,350,1000, 
PA24,20, F,1000,131,1,2.69E+02, long, Square, Rhombus, Rhombus,850,1000, 
PA24,20, F,1000,132,0,9.73E+02, short, Parallelogram, Square, Parallelogram,250,1000, 
PA24,20, F,1000,133,1,2.37E+02, long, Circle, Parallelogram, Circle,650,1000, 
PA24,20, F,1000,134,1,5.91E+02, short, Square, Parallelogram, Parallelogram,350,1000, 
PA24,20, F,1000,135,1,6.59E+02, long, Triangle, Pentagon, Triangle,550,1000, 
PA24,20, F,1000,136,0,9.97E+02, short, Square, Rhombus, Rhombus,450,1000, 
PA24,20, F,1000,137,0,2.67E+02, long, Triangle, Square, Triangle,750,1000, 
PA24,20, F,1000,138,0,3.25E+03, short, Circle, Parallelogram, Circle,450,1000, 
PA24,20, F,1000,139,0,2.58E+03, long, Circle, Square, Circle,650,1000, 
PA24,20, F,1000,140,0,6.56E+02, short, Parallelogram, Rhombus, Parallelogram,350,1000, 
PA24,20, F,1000,141,1,9.94E+02, long, Rhombus, Square, Square,750,1000, 
PA24,20, F,1000,142,0,3.46E+03, short, Square, Rhombus, Square,650,1000, 
PA24,20, F,1000,143,1,5.28E+02, short, Pentagon, Circle, Pentagon,250,1000, 
PA24,20, F,1000,144,1,3.82E+02, long, Pentagon, Circle, Pentagon,550,1000, 
PA24,20, F,1000,145,1,5.14E+02, long, Parallelogram, Rhombus, Rhombus,750,1000, 
PA24,20, F,1000,146,0,1.51E+03, short, Square, Pentagon, Square,350,1000, 
PA24,20, F,1000,147,0,1.28E+03, short, Rhombus, Parallelogram, Parallelogram,550,1000, 
PA24,20, F,1000,148,1,1.36E+03, short, Square, Triangle, Square,250,1000, 
PA24,20, F,1000,149,0,6.92E+02, short, Triangle, Rhombus, Rhombus,350,1000, 
PA24,20, F,1000,150,1,5.74E+02, long, Rhombus, Parallelogram, Rhombus,550,1000, 
PA24,20, F,1000,151,1,1.91E+03, short, Square, Circle, Square,250,1000, 
PA24,20, F,1000,152,0,2.96E+02, long, Rhombus, Triangle, Rhombus,850,1000, 
PA24,20, F,1000,153,0,9.89E+02, short, Triangle, Circle, Circle,250,1000, 
PA24,20, F,1000,154,1,1.22E+03, long, Triangle, Parallelogram, Triangle,450,1000, 
PA24,20, F,1000,155,1,2.57E+02, long, Pentagon, Square, Pentagon,850,1000, 
PA24,20, F,1000,156,1,5.88E+02, long, Parallelogram, Pentagon, Pentagon,850,1000, 
PA24,20, F,1000,157,0,7.69E+02, long, Square, Pentagon, Square,550,1000, 
PA24,20, F,1000,158,1,5.35E+03, long, Circle, Rhombus, Circle,550,1000, 
PA24,20, F,1000,159,1,1.48E+03, long, Triangle, Pentagon, Pentagon,750,1000, 
PA24,20, F,1000,160,1,6.86E+02, short, Circle, Triangle, Circle,450,1000, 
PA24,20, F,1000,161,1,4.65E+02, short, Pentagon, Circle, Circle,350,1000, 
PA24,20, F,1000,162,0,5.50E+02, short, Triangle, Parallelogram, Triangle,250,1000, 
PA24,20, F,1000,163,0,4.14E+02, long, Pentagon, Square, Pentagon,850,1000, 
PA24,20, F,1000,164,0,1.32E+03, short, Parallelogram, Rhombus, Parallelogram,550,1000, 
PA24,20, F,1000,165,1,5.60E+02, short, Square, Rhombus, Rhombus,550,1000, 
PA24,20, F,1000,166,1,9.10E+02, long, Parallelogram, Circle, Parallelogram,850,1000, 
PA24,20, F,1000,167,1,7.68E+02, short, Square, Parallelogram, Square,350,1000, 
PA24,20, F,1000,168,1,7.62E+02, long, Rhombus, Circle, Rhombus,650,1000, 
PA24,20, F,1000,169,1,3.36E+02, long, Triangle, Rhombus, Triangle,850,1000, 
PA24,20, F,1000,170,1,1.17E+03, short, Rhombus, Triangle, Rhombus,350,1000, 
PA24,20, F,1000,171,1,6.25E+02, short, Square, Parallelogram, Parallelogram,250,1000, 
PA24,20, F,1000,172,0,3.51E+02, long, Parallelogram, Triangle, Parallelogram,850,1000, 
PA24,20, F,1000,173,1,1.06E+03, short, Pentagon, Parallelogram, Pentagon,450,1000, 
PA24,20, F,1000,174,1,7.77E+02, short, Pentagon, Triangle, Pentagon,450,1000, 
PA24,20, F,1000,175,0,5.31E+02, short, Square, Parallelogram, Parallelogram,350,1000, 
PA24,20, F,1000,176,0,3.65E+02, long, Pentagon, Circle, Pentagon,750,1000, 
PA24,20, F,1000,177,1,9.87E+02, short, Pentagon, Rhombus, Rhombus,350,1000, 
PA24,20, F,1000,178,0,7.63E+02, short, Rhombus, Pentagon, Rhombus,250,1000, 
PA24,20, F,1000,179,1,5.71E+02, short, Pentagon, Triangle, Triangle,250,1000, 
PA24,20, F,1000,180,0,6.97E+02, short, Triangle, Circle, Triangle,250,1000, 
PA24,20, F,1000,181,1,2.96E+02, long, Pentagon, Square, Pentagon,650,1000, 
PA24,20, F,1000,182,1,4.27E+02, short, Rhombus, Triangle, Triangle,250,1000, 
PA24,20, F,1000,183,0,3.91E+02, long, Parallelogram, Triangle, Parallelogram,750,1000, 
PA24,20, F,1000,184,0,1.09E+03, long, Square, Pentagon, Square,850,1000, 
PA24,20, F,1000,185,0,4.26E+02, long, Pentagon, Square, Square,650,1000, 
PA24,20, F,1000,186,0,1.23E+03, long, Pentagon, Rhombus, Pentagon,550,1000, 
PA24,20, F,1000,187,1,2.38E+02, long, Pentagon, Triangle, Pentagon,850,1000, 
PA24,20, F,1000,188,1,6.44E+02, long, Circle, Square, Circle,450,1000, 
PA24,20, F,1000,189,1,6.66E+02, long, Triangle, Circle, Triangle,850,1000, 
PA24,20, F,1000,190,1,2.16E+02, long, Pentagon, Circle, Pentagon,650,1000, 
PA24,20, F,1000,191,1,5.68E+02, short, Triangle, Square, Triangle,450,1000, 
PA24,20, F,1000,192,1,4.60E+02, long, Triangle, Square, Square,750,1000, 
PA24,20, F,1000,193,1,5.84E+02, short, Triangle, Rhombus, Triangle,250,1000, 
PA24,20, F,1000,194,0,6.04E+02, short, Rhombus, Triangle, Triangle,450,1000, 
PA24,20, F,1000,195,1,4.80E+02, long, Rhombus, Parallelogram, Rhombus,650,1000, 
PA24,20, F,1000,196,1,5.13E+02, short, Triangle, Pentagon, Pentagon,350,1000, 
PA24,20, F,1000,197,1,6.97E+02, short, Square, Pentagon, Square,550,1000, 
PA24,20, F,1000,198,0,2.76E+02, long, Parallelogram, Circle, Parallelogram,750,1000, 
PA24,20, F,1000,199,1,1.29E+03, short, Rhombus, Parallelogram, Parallelogram,750,1000, 
PA24,20, F,1000,200,0,4.87E+02, short, Square, Triangle, Square,450,1000, 
PA24,20, F,1000,201,0,4.07E+02, long, Parallelogram, Triangle, Parallelogram,650,1000, 
PA24,20, F,1000,202,0,1.46E+03, short, Pentagon, Triangle, Triangle,350,1000, 
PA24,20, F,1000,203,1,2.89E+02, long, Triangle, Square, Triangle,650,1000, 
PA24,20, F,1000,204,0,8.37E+02, long, Parallelogram, Square, Square,750,1000, 
PA24,20, F,1000,205,0,9.27E+02, short, Pentagon, Rhombus, Pentagon,450,1000, 
PA24,20, F,1000,206,0,4.73E+02, long, Square, Triangle, Square,750,1000, 
PA24,20, F,1000,207,0,1.60E+03, long, Square, Circle, Square,650,1000, 
PA24,20, F,1000,208,1,9.09E+02, long, Parallelogram, Rhombus, Parallelogram,750,1000, 
PA24,20, F,1000,209,1,9.83E+02, short, Circle, Triangle, Circle,450,1000, 
PA24,20, F,1000,210,1,3.00E+02, long, Parallelogram, Pentagon, Parallelogram,850,1000, 
