﻿Subject ID, Subject Age, Gender, Group, TrialNumber, Intended or Unintended Outcome, Reaction Time on Outcome Response, Response - Short or Long, Left Image Code, Right Image Code, Chosen Image Code, Objective Duration of Stimulus, Stimulus Delay,
PA43,22, F,250,1,0,1.13E+03, short, Circle, Rhombus, Circle,350,250, 
PA43,22, F,250,2,0,2.52E+03, short, Square, Triangle, Triangle,350,250, 
PA43,22, F,250,3,1,6.70E+02, long, Parallelogram, Square, Parallelogram,650,250, 
PA43,22, F,250,4,1,4.77E+02, long, Rhombus, Square, Square,850,250, 
PA43,22, F,250,5,1,7.32E+02, long, Parallelogram, Rhombus, Rhombus,550,250, 
PA43,22, F,250,6,0,9.48E+02, long, Circle, Pentagon, Pentagon,850,250, 
PA43,22, F,250,7,1,9.78E+02, long, Pentagon, Rhombus, Pentagon,750,250, 
PA43,22, F,250,8,0,1.31E+03, short, Circle, Rhombus, Circle,250,250, 
PA43,22, F,250,9,0,1.57E+03, long, Triangle, Square, Triangle,450,250, 
PA43,22, F,250,10,0,1.11E+03, long, Rhombus, Parallelogram, Parallelogram,550,250, 
PA43,22, F,250,11,1,1.07E+03, long, Triangle, Parallelogram, Triangle,650,250, 
PA43,22, F,250,12,0,1.19E+03, short, Parallelogram, Square, Square,250,250, 
PA43,22, F,250,13,1,7.76E+02, long, Parallelogram, Pentagon, Pentagon,750,250, 
PA43,22, F,250,14,0,1.05E+03, long, Triangle, Parallelogram, Triangle,450,250, 
PA43,22, F,250,15,0,9.12E+02, long, Pentagon, Triangle, Pentagon,750,250, 
PA43,22, F,250,16,0,1.39E+03, long, Pentagon, Circle, Circle,550,250, 
PA43,22, F,250,17,0,1.39E+03, short, Pentagon, Square, Pentagon,450,250, 
PA43,22, F,250,18,1,8.32E+02, short, Pentagon, Square, Pentagon,250,250, 
PA43,22, F,250,19,1,8.54E+02, short, Triangle, Circle, Triangle,250,250, 
PA43,22, F,250,20,0,6.76E+02, short, Pentagon, Circle, Pentagon,350,250, 
PA43,22, F,250,21,1,8.18E+02, long, Triangle, Square, Square,850,250, 
PA43,22, F,250,22,1,6.71E+02, long, Square, Rhombus, Square,550,250, 
PA43,22, F,250,23,1,7.45E+02, long, Triangle, Square, Triangle,750,250, 
PA43,22, F,250,24,1,7.81E+02, long, Triangle, Circle, Circle,650,250, 
PA43,22, F,250,25,0,8.93E+02, long, Pentagon, Triangle, Pentagon,850,250, 
PA43,22, F,250,26,0,1.01E+03, long, Rhombus, Circle, Rhombus,750,250, 
PA43,22, F,250,27,0,1.26E+03, long, Pentagon, Square, Pentagon,750,250, 
PA43,22, F,250,28,0,6.08E+02, long, Circle, Rhombus, Circle,850,250, 
PA43,22, F,250,29,0,6.26E+02, long, Rhombus, Parallelogram, Parallelogram,750,250, 
PA43,22, F,250,30,1,1.24E+03, short, Rhombus, Circle, Circle,350,250, 
PA43,22, F,250,31,0,1.33E+03, long, Triangle, Square, Square,550,250, 
PA43,22, F,250,32,1,1.04E+03, short, Rhombus, Triangle, Triangle,450,250, 
PA43,22, F,250,33,0,9.80E+02, short, Square, Pentagon, Pentagon,250,250, 
PA43,22, F,250,34,0,7.12E+02, short, Pentagon, Circle, Circle,350,250, 
PA43,22, F,250,35,0,9.82E+02, long, Parallelogram, Circle, Circle,750,250, 
PA43,22, F,250,36,1,8.56E+02, short, Parallelogram, Circle, Circle,350,250, 
PA43,22, F,250,37,1,6.14E+02, long, Circle, Triangle, Triangle,550,250, 
PA43,22, F,250,38,0,5.50E+02, short, Circle, Parallelogram, Parallelogram,250,250, 
PA43,22, F,250,39,0,4.05E+02, long, Rhombus, Square, Square,550,250, 
PA43,22, F,250,40,0,7.93E+02, short, Square, Circle, Circle,450,250, 
PA43,22, F,250,41,0,8.33E+02, short, Pentagon, Parallelogram, Pentagon,250,250, 
PA43,22, F,250,42,0,1.15E+03, long, Square, Triangle, Square,650,250, 
PA43,22, F,250,43,1,6.83E+02, long, Rhombus, Pentagon, Rhombus,750,250, 
PA43,22, F,250,44,1,4.36E+02, long, Rhombus, Pentagon, Rhombus,650,250, 
PA43,22, F,250,45,1,2.25E+03, long, Pentagon, Circle, Pentagon,850,250, 
PA43,22, F,250,46,1,7.74E+02, short, Square, Pentagon, Square,450,250, 
PA43,22, F,250,47,1,7.72E+02, long, Circle, Square, Square,650,250, 
PA43,22, F,250,48,0,8.94E+02, long, Pentagon, Triangle, Triangle,750,250, 
PA43,22, F,250,49,1,7.38E+02, short, Square, Pentagon, Pentagon,350,250, 
PA43,22, F,250,50,0,1.31E+03, short, Parallelogram, Pentagon, Parallelogram,650,250, 
PA43,22, F,250,51,1,6.98E+02, long, Parallelogram, Square, Square,750,250, 
PA43,22, F,250,52,1,8.23E+02, short, Rhombus, Pentagon, Pentagon,250,250, 
PA43,22, F,250,53,0,8.40E+02, long, Square, Circle, Square,750,250, 
PA43,22, F,250,54,1,1.05E+03, long, Square, Triangle, Square,750,250, 
PA43,22, F,250,55,0,1.37E+03, long, Rhombus, Parallelogram, Rhombus,850,250, 
PA43,22, F,250,56,0,1.05E+03, long, Rhombus, Triangle, Rhombus,650,250, 
PA43,22, F,250,57,0,9.89E+02, short, Triangle, Square, Triangle,350,250, 
PA43,22, F,250,58,0,9.07E+02, long, Circle, Parallelogram, Circle,550,250, 
PA43,22, F,250,59,1,1.05E+03, short, Square, Parallelogram, Square,350,250, 
PA43,22, F,250,60,0,8.37E+02, long, Triangle, Circle, Triangle,850,250, 
PA43,22, F,250,61,1,9.62E+02, long, Pentagon, Square, Pentagon,650,250, 
PA43,22, F,250,62,0,1.34E+03, long, Square, Triangle, Square,650,250, 
PA43,22, F,250,63,1,1.27E+03, long, Parallelogram, Circle, Parallelogram,850,250, 
PA43,22, F,250,64,0,8.20E+02, long, Circle, Pentagon, Circle,850,250, 
PA43,22, F,250,65,1,8.68E+02, long, Circle, Triangle, Circle,650,250, 
PA43,22, F,250,66,0,9.26E+02, short, Parallelogram, Pentagon, Parallelogram,250,250, 
PA43,22, F,250,67,1,1.08E+03, short, Triangle, Pentagon, Triangle,350,250, 
PA43,22, F,250,68,0,7.36E+02, long, Triangle, Parallelogram, Triangle,550,250, 
PA43,22, F,250,69,0,7.06E+02, long, Square, Pentagon, Square,850,250, 
PA43,22, F,250,70,0,1.00E+03, short, Triangle, Rhombus, Triangle,350,250, 
PA43,22, F,250,71,1,8.38E+02, short, Triangle, Rhombus, Triangle,450,250, 
PA43,22, F,250,72,1,9.92E+02, short, Parallelogram, Square, Parallelogram,250,250, 
PA43,22, F,250,73,1,6.95E+02, long, Square, Circle, Square,550,250, 
PA43,22, F,250,74,1,1.10E+03, long, Rhombus, Parallelogram, Rhombus,450,250, 
PA43,22, F,250,75,1,7.03E+02, long, Rhombus, Pentagon, Rhombus,550,250, 
PA43,22, F,250,76,1,6.79E+02, long, Circle, Pentagon, Circle,850,250, 
PA43,22, F,250,77,0,8.31E+02, short, Square, Pentagon, Pentagon,250,250, 
PA43,22, F,250,78,1,4.77E+02, short, Triangle, Square, Square,250,250, 
PA43,22, F,250,79,1,7.81E+02, short, Rhombus, Square, Square,350,250, 
PA43,22, F,250,80,0,1.33E+03, long, Triangle, Rhombus, Rhombus,650,250, 
PA43,22, F,250,81,1,1.11E+03, long, Triangle, Parallelogram, Triangle,750,250, 
PA43,22, F,250,82,0,7.77E+02, long, Circle, Pentagon, Circle,450,250, 
PA43,22, F,250,83,1,9.00E+02, short, Square, Rhombus, Square,350,250, 
PA43,22, F,250,84,0,1.32E+03, long, Rhombus, Triangle, Rhombus,650,250, 
PA43,22, F,250,85,1,6.70E+02, long, Circle, Pentagon, Circle,850,250, 
PA43,22, F,250,86,1,7.28E+02, long, Pentagon, Rhombus, Pentagon,850,250, 
PA43,22, F,250,87,0,8.76E+02, short, Square, Parallelogram, Square,250,250, 
PA43,22, F,250,88,0,8.72E+02, short, Circle, Rhombus, Circle,250,250, 
PA43,22, F,250,89,1,8.18E+02, long, Triangle, Pentagon, Triangle,850,250, 
PA43,22, F,250,90,0,7.40E+02, long, Rhombus, Square, Rhombus,650,250, 
PA43,22, F,250,91,1,5.02E+02, long, Pentagon, Square, Pentagon,750,250, 
PA43,22, F,250,92,1,1.22E+03, short, Pentagon, Triangle, Pentagon,350,250, 
PA43,22, F,250,93,1,1.50E+03, short, Parallelogram, Pentagon, Parallelogram,450,250, 
PA43,22, F,250,94,0,4.72E+02, long, Square, Triangle, Square,850,250, 
PA43,22, F,250,95,1,9.51E+02, short, Triangle, Pentagon, Triangle,250,250, 
PA43,22, F,250,96,0,1.05E+03, short, Square, Rhombus, Square,250,250, 
PA43,22, F,250,97,1,1.02E+03, long, Parallelogram, Triangle, Parallelogram,850,250, 
PA43,22, F,250,98,1,8.93E+02, long, Circle, Rhombus, Circle,650,250, 
PA43,22, F,250,99,0,1.34E+03, short, Parallelogram, Circle, Parallelogram,550,250, 
PA43,22, F,250,100,1,9.09E+02, short, Circle, Square, Circle,250,250, 
PA43,22, F,250,101,1,7.31E+02, long, Circle, Triangle, Circle,650,250, 
PA43,22, F,250,102,0,9.93E+02, short, Pentagon, Parallelogram, Pentagon,450,250, 
PA43,22, F,250,103,0,3.33E+02, long, Circle, Pentagon, Circle,850,250, 
PA43,22, F,250,104,0,1.21E+03, short, Rhombus, Triangle, Rhombus,350,250, 
PA43,22, F,250,105,1,8.92E+02, long, Triangle, Rhombus, Triangle,650,250, 
PA43,22, F,250,106,0,9.72E+02, short, Square, Rhombus, Square,450,250, 
PA43,22, F,250,107,1,3.72E+02, long, Parallelogram, Rhombus, Parallelogram,850,250, 
PA43,22, F,250,108,1,7.06E+02, long, Triangle, Parallelogram, Triangle,450,250, 
PA43,22, F,250,109,1,5.86E+02, long, Circle, Rhombus, Circle,550,250, 
PA43,22, F,250,110,0,6.18E+02, long, Parallelogram, Triangle, Triangle,650,250, 
PA43,22, F,250,111,0,1.49E+03, long, Pentagon, Parallelogram, Parallelogram,650,250, 
PA43,22, F,250,112,1,1.04E+03, short, Circle, Square, Square,250,250, 
PA43,22, F,250,113,1,5.16E+02, long, Parallelogram, Rhombus, Rhombus,850,250, 
PA43,22, F,250,114,0,2.52E+03, short, Rhombus, Triangle, Triangle,450,250, 
PA43,22, F,250,115,0,7.10E+02, long, Circle, Square, Square,750,250, 
PA43,22, F,250,116,1,8.82E+02, short, Square, Pentagon, Pentagon,250,250, 
PA43,22, F,250,117,1,4.13E+02, long, Parallelogram, Rhombus, Rhombus,850,250, 
PA43,22, F,250,118,1,5.42E+02, long, Circle, Rhombus, Rhombus,850,250, 
PA43,22, F,250,119,1,6.25E+02, long, Circle, Parallelogram, Parallelogram,750,250, 
PA43,22, F,250,120,1,1.44E+03, short, Square, Rhombus, Rhombus,550,250, 
PA43,22, F,250,121,1,9.59E+02, short, Square, Rhombus, Rhombus,350,250, 
PA43,22, F,250,122,1,9.35E+02, short, Parallelogram, Circle, Circle,250,250, 
PA43,22, F,250,123,0,1.05E+03, short, Rhombus, Square, Square,350,250, 
PA43,22, F,250,124,0,4.09E+02, long, Square, Rhombus, Square,550,250, 
PA43,22, F,250,125,1,3.49E+02, long, Parallelogram, Circle, Parallelogram,850,250, 
PA43,22, F,250,126,1,1.42E+03, short, Square, Triangle, Square,450,250, 
PA43,22, F,250,127,0,1.20E+03, long, Pentagon, Rhombus, Pentagon,450,250, 
PA43,22, F,250,128,1,4.20E+02, long, Rhombus, Circle, Rhombus,550,250, 
PA43,22, F,250,129,1,1.11E+03, short, Triangle, Circle, Triangle,450,250, 
PA43,22, F,250,130,0,8.24E+02, short, Rhombus, Circle, Rhombus,350,250, 
PA43,22, F,250,131,0,1.08E+03, long, Triangle, Circle, Triangle,450,250, 
PA43,22, F,250,132,1,6.08E+02, long, Circle, Square, Circle,750,250, 
PA43,22, F,250,133,1,8.26E+02, long, Parallelogram, Triangle, Parallelogram,550,250, 
PA43,22, F,250,134,0,1.35E+03, long, Rhombus, Parallelogram, Rhombus,850,250, 
PA43,22, F,250,135,1,2.54E+03, long, Pentagon, Circle, Pentagon,550,250, 
PA43,22, F,250,136,1,4.56E+02, long, Parallelogram, Triangle, Parallelogram,650,250, 
PA43,22, F,250,137,0,3.80E+02, long, Square, Parallelogram, Square,750,250, 
PA43,22, F,250,138,0,6.16E+02, long, Triangle, Rhombus, Triangle,750,250, 
PA43,22, F,250,139,0,4.50E+02, long, Pentagon, Rhombus, Pentagon,550,250, 
PA43,22, F,250,140,0,7.65E+02, short, Circle, Pentagon, Circle,450,250, 
PA43,22, F,250,141,1,3.81E+02, long, Rhombus, Triangle, Rhombus,650,250, 
PA43,22, F,250,142,0,9.73E+02, long, Triangle, Circle, Circle,650,250, 
PA43,22, F,250,143,0,8.82E+02, short, Circle, Triangle, Triangle,250,250, 
PA43,22, F,250,144,1,7.79E+02, long, Parallelogram, Triangle, Triangle,450,250, 
PA43,22, F,250,145,0,7.73E+02, long, Parallelogram, Square, Square,450,250, 
PA43,22, F,250,146,1,1.09E+03, short, Circle, Parallelogram, Parallelogram,450,250, 
PA43,22, F,250,147,0,1.26E+03, long, Pentagon, Rhombus, Rhombus,750,250, 
PA43,22, F,250,148,0,1.06E+03, short, Square, Parallelogram, Parallelogram,350,250, 
PA43,22, F,250,149,0,1.22E+03, short, Parallelogram, Circle, Circle,250,250, 
PA43,22, F,250,150,1,1.69E+03, short, Triangle, Rhombus, Rhombus,250,250, 
PA43,22, F,250,151,1,2.22E+03, short, Square, Triangle, Triangle,650,250, 
PA43,22, F,250,152,0,1.12E+03, long, Square, Circle, Circle,750,250, 
PA43,22, F,250,153,0,9.92E+02, short, Triangle, Parallelogram, Parallelogram,350,250, 
PA43,22, F,250,154,1,1.63E+03, long, Circle, Square, Square,750,250, 
PA43,22, F,250,155,1,7.72E+02, short, Pentagon, Triangle, Triangle,250,250, 
PA43,22, F,250,156,0,8.00E+02, long, Circle, Triangle, Triangle,550,250, 
PA43,22, F,250,157,1,9.28E+02, short, Parallelogram, Rhombus, Rhombus,350,250, 
PA43,22, F,250,158,0,5.26E+02, long, Pentagon, Circle, Circle,550,250, 
PA43,22, F,250,159,1,5.50E+02, long, Triangle, Rhombus, Rhombus,750,250, 
PA43,22, F,250,160,0,7.04E+02, long, Triangle, Circle, Circle,650,250, 
PA43,22, F,250,161,0,8.76E+02, short, Pentagon, Triangle, Triangle,250,250, 
PA43,22, F,250,162,0,9.40E+02, long, Circle, Parallelogram, Parallelogram,550,250, 
PA43,22, F,250,163,0,9.66E+02, long, Parallelogram, Triangle, Triangle,650,250, 
PA43,22, F,250,164,1,7.68E+02, short, Pentagon, Circle, Circle,350,250, 
PA43,22, F,250,165,1,5.00E+02, long, Pentagon, Parallelogram, Parallelogram,850,250, 
PA43,22, F,250,166,0,9.10E+02, short, Parallelogram, Rhombus, Rhombus,450,250, 
PA43,22, F,250,167,0,4.04E+02, long, Pentagon, Square, Square,650,250, 
PA43,22, F,250,168,0,3.46E+02, long, Square, Parallelogram, Parallelogram,750,250, 
PA43,22, F,250,169,0,1.62E+03, short, Rhombus, Square, Rhombus,350,250, 
PA43,22, F,250,170,0,6.86E+02, long, Pentagon, Parallelogram, Pentagon,650,250, 
PA43,22, F,250,171,1,6.33E+02, short, Circle, Parallelogram, Circle,350,250, 
PA43,22, F,250,172,0,3.85E+02, long, Parallelogram, Pentagon, Parallelogram,650,250, 
PA43,22, F,250,173,1,3.73E+02, long, Triangle, Parallelogram, Triangle,750,250, 
PA43,22, F,250,174,1,6.23E+02, short, Circle, Triangle, Circle,250,250, 
PA43,22, F,250,175,1,7.09E+02, short, Rhombus, Square, Square,450,250, 
PA43,22, F,250,176,0,3.65E+02, long, Rhombus, Circle, Circle,450,250, 
PA43,22, F,250,177,0,6.67E+02, short, Circle, Triangle, Triangle,250,250, 
PA43,22, F,250,178,0,1.22E+03, short, Square, Circle, Circle,350,250, 
PA43,22, F,250,179,1,6.50E+02, long, Parallelogram, Square, Square,750,250, 
PA43,22, F,250,180,1,6.68E+02, short, Parallelogram, Square, Square,350,250, 
PA43,22, F,250,181,1,2.70E+03, long, Square, Parallelogram, Parallelogram,550,250, 
PA43,22, F,250,182,1,4.22E+02, long, Rhombus, Pentagon, Pentagon,650,250, 
PA43,22, F,250,183,0,1.11E+03, long, Pentagon, Parallelogram, Parallelogram,850,250, 
PA43,22, F,250,184,1,8.10E+02, short, Square, Circle, Circle,550,250, 
PA43,22, F,250,185,0,6.64E+02, long, Pentagon, Parallelogram, Parallelogram,750,250, 
PA43,22, F,250,186,1,1.01E+03, short, Rhombus, Parallelogram, Parallelogram,350,250, 
PA43,22, F,250,187,0,1.00E+03, short, Triangle, Pentagon, Pentagon,750,250, 
PA43,22, F,250,188,0,6.20E+02, short, Pentagon, Triangle, Triangle,550,250, 
PA43,22, F,250,189,0,1.27E+03, long, Rhombus, Pentagon, Pentagon,850,250, 
PA43,22, F,250,190,0,4.22E+02, short, Parallelogram, Triangle, Triangle,850,250, 
PA43,22, F,250,191,0,5.54E+02, short, Triangle, Pentagon, Pentagon,350,250, 
PA43,22, F,250,192,1,5.03E+02, short, Rhombus, Circle, Circle,450,250, 
PA43,22, F,250,193,0,6.35E+02, short, Parallelogram, Pentagon, Pentagon,350,250, 
PA43,22, F,250,194,0,4.02E+02, long, Triangle, Pentagon, Pentagon,550,250, 
PA43,22, F,250,195,0,3.69E+02, long, Pentagon, Rhombus, Rhombus,550,250, 
PA43,22, F,250,196,1,8.53E+02, short, Triangle, Square, Square,250,250, 
PA43,22, F,250,197,0,4.37E+02, long, Rhombus, Circle, Circle,450,250, 
PA43,22, F,250,198,0,6.91E+02, short, Pentagon, Square, Square,250,250, 
PA43,22, F,250,199,1,8.85E+02, long, Parallelogram, Rhombus, Rhombus,550,250, 
PA43,22, F,250,200,1,3.41E+02, long, Parallelogram, Pentagon, Pentagon,650,250, 
PA43,22, F,250,201,1,6.05E+02, short, Triangle, Pentagon, Pentagon,250,250, 
PA43,22, F,250,202,1,1.02E+03, long, Circle, Square, Square,450,250, 
PA43,22, F,250,203,0,6.36E+02, long, Rhombus, Triangle, Triangle,850,250, 
PA43,22, F,250,204,1,8.79E+02, short, Square, Pentagon, Pentagon,450,250, 
PA43,22, F,250,205,0,5.44E+02, long, Square, Circle, Circle,850,250, 
PA43,22, F,250,206,1,4.66E+02, long, Rhombus, Pentagon, Pentagon,750,250, 
PA43,22, F,250,207,1,8.00E+02, long, Rhombus, Parallelogram, Parallelogram,450,250, 
PA43,22, F,250,208,1,6.22E+02, short, Pentagon, Rhombus, Rhombus,350,250, 
PA43,22, F,250,209,1,4.80E+02, short, Circle, Parallelogram, Parallelogram,550,250, 
PA43,22, F,250,210,1,6.10E+02, short, Square, Parallelogram, Parallelogram,550,250, 
