﻿Subject ID, Subject Age, Gender, Group, TrialNumber, Intended or Unintended Outcome, Reaction Time on Outcome Response, Response - Short or Long, Left Image Code, Right Image Code, Chosen Image Code, Objective Duration of Stimulus, Stimulus Delay,
PA55,18, M,250,1,0,8.00E+02, long, Circle, Triangle, Circle,750,250, 
PA55,18, M,250,2,0,7.44E+02, long, Triangle, Parallelogram, Parallelogram,850,250, 
PA55,18, M,250,3,1,1.01E+03, long, Pentagon, Rhombus, Pentagon,750,250, 
PA55,18, M,250,4,0,1.58E+03, long, Square, Pentagon, Square,550,250, 
PA55,18, M,250,5,1,6.00E+03, short, Circle, Rhombus, Rhombus,350,250, 
PA55,18, M,250,6,0,1.07E+03, long, Circle, Pentagon, Circle,850,250, 
PA55,18, M,250,7,0,1.12E+03, long, Circle, Square, Circle,850,250, 
PA55,18, M,250,8,0,9.46E+02, short, Square, Parallelogram, Square,450,250, 
PA55,18, M,250,9,1,6.13E+02, long, Pentagon, Circle, Circle,850,250, 
PA55,18, M,250,10,0,4.82E+03, short, Square, Rhombus, Rhombus,750,250, 
PA55,18, M,250,11,1,1.32E+03, short, Triangle, Rhombus, Triangle,550,250, 
PA55,18, M,250,12,1,9.40E+02, short, Parallelogram, Pentagon, Pentagon,350,250, 
PA55,18, M,250,13,1,1.17E+03, long, Circle, Triangle, Circle,750,250, 
PA55,18, M,250,14,0,1.38E+03, short, Square, Circle, Circle,250,250, 
PA55,18, M,250,15,1,8.82E+02, long, Circle, Square, Circle,750,250, 
PA55,18, M,250,16,1,8.88E+02, long, Triangle, Circle, Circle,750,250, 
PA55,18, M,250,17,1,2.35E+03, long, Rhombus, Circle, Rhombus,650,250, 
PA55,18, M,250,18,0,3.03E+03, short, Parallelogram, Pentagon, Pentagon,550,250, 
PA55,18, M,250,19,1,1.10E+03, long, Pentagon, Parallelogram, Pentagon,850,250, 
PA55,18, M,250,20,1,7.27E+02, short, Parallelogram, Square, Square,450,250, 
PA55,18, M,250,21,1,9.77E+02, long, Triangle, Square, Triangle,750,250, 
PA55,18, M,250,22,0,9.73E+02, short, Pentagon, Triangle, Pentagon,450,250, 
PA55,18, M,250,23,0,7.53E+02, short, Square, Pentagon, Square,450,250, 
PA55,18, M,250,24,1,7.39E+02, short, Parallelogram, Triangle, Parallelogram,350,250, 
PA55,18, M,250,25,0,9.39E+02, short, Square, Pentagon, Square,350,250, 
PA55,18, M,250,26,0,7.09E+02, long, Square, Triangle, Square,850,250, 
PA55,18, M,250,27,1,5.89E+02, long, Square, Rhombus, Rhombus,850,250, 
PA55,18, M,250,28,1,7.09E+02, short, Triangle, Circle, Circle,450,250, 
PA55,18, M,250,29,1,6.51E+02, long, Pentagon, Square, Square,850,250, 
PA55,18, M,250,30,1,1.49E+03, short, Circle, Parallelogram, Circle,550,250, 
PA55,18, M,250,31,0,6.73E+02, long, Square, Pentagon, Pentagon,750,250, 
PA55,18, M,250,32,1,2.68E+03, long, Square, Circle, Square,550,250, 
PA55,18, M,250,33,1,2.04E+03, short, Square, Triangle, Triangle,450,250, 
PA55,18, M,250,34,0,7.00E+02, short, Rhombus, Parallelogram, Parallelogram,250,250, 
PA55,18, M,250,35,1,5.44E+02, long, Pentagon, Circle, Circle,850,250, 
PA55,18, M,250,36,0,1.25E+03, long, Parallelogram, Rhombus, Rhombus,750,250, 
PA55,18, M,250,37,1,1.02E+03, short, Square, Pentagon, Pentagon,350,250, 
PA55,18, M,250,38,0,4.91E+02, long, Pentagon, Triangle, Pentagon,850,250, 
PA55,18, M,250,39,0,1.18E+03, long, Pentagon, Square, Pentagon,750,250, 
PA55,18, M,250,40,0,7.99E+02, short, Rhombus, Circle, Rhombus,450,250, 
PA55,18, M,250,41,0,1.09E+03, long, Rhombus, Circle, Circle,650,250, 
PA55,18, M,250,42,1,1.55E+03, long, Circle, Square, Circle,450,250, 
PA55,18, M,250,43,0,1.30E+03, long, Rhombus, Triangle, Rhombus,650,250, 
PA55,18, M,250,44,0,8.73E+02, long, Circle, Square, Square,750,250, 
PA55,18, M,250,45,0,7.05E+02, short, Square, Circle, Circle,350,250, 
PA55,18, M,250,46,1,1.68E+03, short, Circle, Pentagon, Pentagon,450,250, 
PA55,18, M,250,47,0,1.74E+03, long, Triangle, Parallelogram, Triangle,750,250, 
PA55,18, M,250,48,1,1.77E+03, long, Rhombus, Triangle, Rhombus,750,250, 
PA55,18, M,250,49,1,9.14E+02, short, Triangle, Rhombus, Triangle,650,250, 
PA55,18, M,250,50,0,9.45E+02, short, Rhombus, Triangle, Triangle,350,250, 
PA55,18, M,250,51,0,5.90E+02, long, Rhombus, Pentagon, Rhombus,850,250, 
PA55,18, M,250,52,1,7.08E+02, short, Triangle, Circle, Triangle,450,250, 
PA55,18, M,250,53,1,1.28E+03, short, Pentagon, Circle, Circle,550,250, 
PA55,18, M,250,54,1,1.09E+03, short, Rhombus, Parallelogram, Rhombus,650,250, 
PA55,18, M,250,55,1,1.14E+03, short, Pentagon, Parallelogram, Parallelogram,350,250, 
PA55,18, M,250,56,1,5.28E+02, long, Circle, Rhombus, Circle,750,250, 
PA55,18, M,250,57,0,8.54E+02, short, Parallelogram, Triangle, Triangle,450,250, 
PA55,18, M,250,58,0,1.03E+03, short, Circle, Triangle, Circle,250,250, 
PA55,18, M,250,59,0,5.46E+02, long, Rhombus, Pentagon, Pentagon,650,250, 
PA55,18, M,250,60,1,8.09E+02, long, Rhombus, Circle, Circle,750,250, 
PA55,18, M,250,61,0,9.37E+02, short, Circle, Parallelogram, Circle,550,250, 
PA55,18, M,250,62,1,2.23E+03, short, Rhombus, Parallelogram, Parallelogram,550,250, 
PA55,18, M,250,63,1,5.97E+02, long, Triangle, Pentagon, Triangle,850,250, 
PA55,18, M,250,64,1,1.66E+03, long, Pentagon, Square, Pentagon,850,250, 
PA55,18, M,250,65,1,1.06E+03, long, Triangle, Circle, Circle,750,250, 
PA55,18, M,250,66,0,2.31E+03, long, Pentagon, Parallelogram, Parallelogram,550,250, 
PA55,18, M,250,67,1,1.64E+03, long, Circle, Parallelogram, Circle,650,250, 
PA55,18, M,250,68,1,7.57E+02, short, Square, Parallelogram, Square,350,250, 
PA55,18, M,250,69,0,7.13E+02, short, Pentagon, Rhombus, Rhombus,350,250, 
PA55,18, M,250,70,0,1.12E+03, short, Parallelogram, Triangle, Triangle,450,250, 
PA55,18, M,250,71,1,8.14E+02, short, Parallelogram, Rhombus, Rhombus,550,250, 
PA55,18, M,250,72,0,1.29E+03, short, Rhombus, Pentagon, Rhombus,350,250, 
PA55,18, M,250,73,0,5.35E+02, long, Parallelogram, Square, Square,750,250, 
PA55,18, M,250,74,1,8.30E+02, short, Circle, Rhombus, Circle,250,250, 
PA55,18, M,250,75,1,4.82E+02, long, Triangle, Rhombus, Rhombus,750,250, 
PA55,18, M,250,76,1,8.54E+02, long, Rhombus, Square, Rhombus,550,250, 
PA55,18, M,250,77,0,6.64E+02, long, Triangle, Pentagon, Pentagon,750,250, 
PA55,18, M,250,78,1,6.36E+02, long, Triangle, Rhombus, Rhombus,650,250, 
PA55,18, M,250,79,0,1.24E+03, long, Pentagon, Square, Square,650,250, 
PA55,18, M,250,80,0,2.38E+03, short, Triangle, Square, Triangle,550,250, 
PA55,18, M,250,81,1,8.89E+02, short, Square, Parallelogram, Parallelogram,350,250, 
PA55,18, M,250,82,1,4.69E+02, long, Rhombus, Square, Rhombus,850,250, 
PA55,18, M,250,83,0,2.35E+03, short, Parallelogram, Rhombus, Rhombus,650,250, 
PA55,18, M,250,84,1,6.10E+02, long, Parallelogram, Rhombus, Rhombus,850,250, 
PA55,18, M,250,85,1,7.45E+02, short, Rhombus, Triangle, Rhombus,550,250, 
PA55,18, M,250,86,1,9.97E+02, short, Triangle, Parallelogram, Parallelogram,250,250, 
PA55,18, M,250,87,0,8.13E+02, short, Pentagon, Triangle, Pentagon,250,250, 
PA55,18, M,250,88,1,9.61E+02, long, Parallelogram, Circle, Circle,550,250, 
PA55,18, M,250,89,1,4.97E+02, short, Pentagon, Parallelogram, Parallelogram,350,250, 
PA55,18, M,250,90,0,8.09E+02, long, Rhombus, Pentagon, Pentagon,550,250, 
PA55,18, M,250,91,1,7.81E+02, short, Pentagon, Parallelogram, Parallelogram,450,250, 
PA55,18, M,250,92,1,7.91E+02, short, Pentagon, Parallelogram, Pentagon,350,250, 
PA55,18, M,250,93,1,6.01E+02, long, Square, Triangle, Triangle,650,250, 
PA55,18, M,250,94,0,1.06E+03, short, Square, Pentagon, Square,350,250, 
PA55,18, M,250,95,0,6.94E+02, long, Square, Circle, Circle,850,250, 
PA55,18, M,250,96,0,5.89E+02, long, Circle, Square, Circle,850,250, 
PA55,18, M,250,97,0,1.17E+03, short, Rhombus, Triangle, Rhombus,350,250, 
PA55,18, M,250,98,0,5.38E+02, long, Circle, Pentagon, Circle,650,250, 
PA55,18, M,250,99,0,1.65E+03, short, Triangle, Rhombus, Rhombus,350,250, 
PA55,18, M,250,100,1,7.68E+02, long, Rhombus, Triangle, Rhombus,550,250, 
PA55,18, M,250,101,0,9.10E+02, short, Pentagon, Circle, Circle,250,250, 
PA55,18, M,250,102,1,5.30E+02, long, Parallelogram, Circle, Parallelogram,750,250, 
PA55,18, M,250,103,0,9.78E+02, short, Pentagon, Square, Square,350,250, 
PA55,18, M,250,104,0,2.30E+03, short, Circle, Rhombus, Circle,550,250, 
PA55,18, M,250,105,0,1.37E+03, long, Triangle, Pentagon, Triangle,650,250, 
PA55,18, M,250,106,0,8.65E+02, short, Triangle, Parallelogram, Triangle,650,250, 
PA55,18, M,250,107,1,8.93E+02, short, Rhombus, Parallelogram, Parallelogram,250,250, 
PA55,18, M,250,108,1,1.29E+03, long, Pentagon, Rhombus, Pentagon,650,250, 
PA55,18, M,250,109,0,9.65E+02, short, Rhombus, Pentagon, Pentagon,650,250, 
PA55,18, M,250,110,0,7.91E+02, short, Rhombus, Circle, Rhombus,250,250, 
PA55,18, M,250,111,1,5.63E+02, long, Square, Parallelogram, Parallelogram,750,250, 
PA55,18, M,250,112,1,6.31E+02, short, Pentagon, Triangle, Pentagon,350,250, 
PA55,18, M,250,113,1,8.27E+02, short, Parallelogram, Rhombus, Rhombus,450,250, 
PA55,18, M,250,114,0,8.69E+02, short, Parallelogram, Circle, Circle,450,250, 
PA55,18, M,250,115,1,8.75E+02, short, Triangle, Square, Square,450,250, 
PA55,18, M,250,116,0,6.72E+02, long, Circle, Parallelogram, Circle,550,250, 
PA55,18, M,250,117,0,2.33E+03, long, Parallelogram, Pentagon, Parallelogram,750,250, 
PA55,18, M,250,118,0,5.01E+02, long, Parallelogram, Triangle, Parallelogram,750,250, 
PA55,18, M,250,119,1,8.38E+02, short, Square, Triangle, Square,250,250, 
PA55,18, M,250,120,0,1.43E+03, long, Triangle, Pentagon, Pentagon,550,250, 
PA55,18, M,250,121,1,7.24E+02, short, Circle, Square, Square,250,250, 
PA55,18, M,250,122,1,4.40E+02, long, Circle, Pentagon, Pentagon,850,250, 
PA55,18, M,250,123,0,1.11E+03, short, Pentagon, Triangle, Pentagon,250,250, 
PA55,18, M,250,124,0,5.70E+02, short, Rhombus, Circle, Circle,350,250, 
PA55,18, M,250,125,0,6.30E+02, long, Pentagon, Square, Square,750,250, 
PA55,18, M,250,126,1,7.32E+02, long, Pentagon, Square, Square,650,250, 
PA55,18, M,250,127,1,8.65E+02, short, Pentagon, Triangle, Triangle,550,250, 
PA55,18, M,250,128,0,1.29E+03, long, Triangle, Rhombus, Triangle,750,250, 
PA55,18, M,250,129,1,1.43E+03, short, Circle, Parallelogram, Circle,350,250, 
PA55,18, M,250,130,0,8.21E+02, short, Parallelogram, Circle, Circle,250,250, 
PA55,18, M,250,131,0,4.77E+02, long, Circle, Triangle, Circle,850,250, 
PA55,18, M,250,132,0,4.49E+02, long, Rhombus, Triangle, Triangle,750,250, 
PA55,18, M,250,133,1,7.53E+02, short, Triangle, Circle, Triangle,250,250, 
PA55,18, M,250,134,0,1.38E+03, long, Square, Rhombus, Rhombus,450,250, 
PA55,18, M,250,135,0,5.81E+02, short, Square, Parallelogram, Square,250,250, 
PA55,18, M,250,136,1,5.13E+02, short, Square, Rhombus, Rhombus,350,250, 
PA55,18, M,250,137,0,6.75E+02, short, Square, Circle, Square,250,250, 
PA55,18, M,250,138,0,4.77E+02, long, Square, Triangle, Triangle,850,250, 
PA55,18, M,250,139,1,3.73E+02, long, Parallelogram, Pentagon, Parallelogram,850,250, 
PA55,18, M,250,140,0,8.59E+02, short, Parallelogram, Pentagon, Pentagon,250,250, 
PA55,18, M,250,141,0,9.54E+02, long, Square, Pentagon, Square,750,250, 
PA55,18, M,250,142,0,8.78E+02, short, Square, Circle, Square,350,250, 
PA55,18, M,250,143,1,6.61E+02, long, Triangle, Parallelogram, Parallelogram,850,250, 
PA55,18, M,250,144,1,4.05E+03, long, Triangle, Parallelogram, Triangle,650,250, 
PA55,18, M,250,145,0,8.84E+02, short, Rhombus, Square, Rhombus,250,250, 
PA55,18, M,250,146,0,5.44E+02, short, Circle, Pentagon, Pentagon,250,250, 
PA55,18, M,250,147,0,1.30E+03, short, Triangle, Parallelogram, Parallelogram,550,250, 
PA55,18, M,250,148,1,2.87E+03, long, Parallelogram, Square, Parallelogram,550,250, 
PA55,18, M,250,149,0,5.96E+02, long, Triangle, Circle, Triangle,650,250, 
PA55,18, M,250,150,1,5.09E+02, short, Triangle, Square, Square,250,250, 
PA55,18, M,250,151,1,3.91E+02, long, Pentagon, Circle, Pentagon,850,250, 
PA55,18, M,250,152,1,5.03E+02, long, Pentagon, Parallelogram, Pentagon,750,250, 
PA55,18, M,250,153,0,1.24E+03, short, Pentagon, Rhombus, Rhombus,450,250, 
PA55,18, M,250,154,0,6.67E+02, long, Square, Parallelogram, Square,350,250, 
PA55,18, M,250,155,0,1.55E+03, short, Circle, Parallelogram, Circle,450,250, 
PA55,18, M,250,156,1,7.09E+02, long, Parallelogram, Triangle, Triangle,650,250, 
PA55,18, M,250,157,0,2.26E+03, short, Parallelogram, Circle, Parallelogram,850,250, 
PA55,18, M,250,158,1,2.55E+03, short, Rhombus, Square, Rhombus,650,250, 
PA55,18, M,250,159,1,8.07E+02, short, Circle, Rhombus, Rhombus,250,250, 
PA55,18, M,250,160,0,1.96E+03, long, Parallelogram, Rhombus, Rhombus,450,250, 
PA55,18, M,250,161,1,5.56E+02, short, Square, Rhombus, Rhombus,250,250, 
PA55,18, M,250,162,1,6.10E+02, long, Parallelogram, Circle, Circle,450,250, 
PA55,18, M,250,163,1,5.96E+02, long, Parallelogram, Square, Square,750,250, 
PA55,18, M,250,164,0,3.19E+03, short, Circle, Pentagon, Circle,650,250, 
PA55,18, M,250,165,0,7.96E+02, long, Triangle, Circle, Triangle,650,250, 
PA55,18, M,250,166,1,7.00E+02, short, Triangle, Pentagon, Pentagon,450,250, 
PA55,18, M,250,167,0,5.20E+02, long, Pentagon, Circle, Pentagon,850,250, 
PA55,18, M,250,168,1,7.94E+02, long, Rhombus, Square, Rhombus,550,250, 
PA55,18, M,250,169,1,7.05E+02, short, Parallelogram, Circle, Parallelogram,450,250, 
PA55,18, M,250,170,0,2.63E+03, long, Square, Rhombus, Rhombus,350,250, 
PA55,18, M,250,171,1,1.85E+03, short, Rhombus, Circle, Rhombus,250,250, 
PA55,18, M,250,172,1,1.11E+04, short, Parallelogram, Triangle, Triangle,450,250, 
PA55,18, M,250,173,0,5.03E+02, long, Parallelogram, Square, Parallelogram,850,250, 
PA55,18, M,250,174,0,1.76E+03, long, Square, Rhombus, Square,450,250, 
PA55,18, M,250,175,1,5.24E+02, long, Parallelogram, Triangle, Parallelogram,650,250, 
PA55,18, M,250,176,1,5.28E+02, long, Triangle, Square, Triangle,550,250, 
PA55,18, M,250,177,1,2.06E+03, long, Circle, Rhombus, Rhombus,550,250, 
PA55,18, M,250,178,0,5.28E+02, long, Circle, Pentagon, Circle,550,250, 
PA55,18, M,250,179,1,1.41E+03, long, Parallelogram, Pentagon, Parallelogram,450,250, 
PA55,18, M,250,180,1,6.05E+02, long, Pentagon, Triangle, Triangle,850,250, 
PA55,18, M,250,181,0,5.99E+03, short, Square, Circle, Circle,250,250, 
PA55,18, M,250,182,0,9.42E+03, short, Pentagon, Circle, Pentagon,450,250, 
PA55,18, M,250,183,0,7.24E+02, short, Rhombus, Parallelogram, Rhombus,250,250, 
PA55,18, M,250,184,1,3.47E+03, long, Triangle, Rhombus, Rhombus,350,250, 
PA55,18, M,250,185,1,5.04E+02, long, Square, Triangle, Square,650,250, 
PA55,18, M,250,186,1,7.20E+03, short, Circle, Triangle, Circle,650,250, 
PA55,18, M,250,187,1,4.96E+02, long, Circle, Square, Circle,850,250, 
PA55,18, M,250,188,1,4.10E+02, long, Rhombus, Square, Square,750,250, 
PA55,18, M,250,189,1,6.07E+02, short, Triangle, Pentagon, Triangle,450,250, 
PA55,18, M,250,190,0,1.14E+03, short, Square, Parallelogram, Square,450,250, 
PA55,18, M,250,191,1,8.87E+02, short, Triangle, Pentagon, Pentagon,350,250, 
PA55,18, M,250,192,0,2.23E+03, short, Circle, Rhombus, Circle,550,250, 
PA55,18, M,250,193,0,5.49E+02, long, Parallelogram, Square, Square,550,250, 
PA55,18, M,250,194,1,4.93E+02, short, Pentagon, Rhombus, Rhombus,250,250, 
PA55,18, M,250,195,1,4.37E+02, long, Rhombus, Pentagon, Pentagon,650,250, 
PA55,18, M,250,196,0,8.05E+02, short, Triangle, Square, Triangle,350,250, 
PA55,18, M,250,197,0,4.30E+02, long, Parallelogram, Square, Parallelogram,650,250, 
PA55,18, M,250,198,0,4.74E+02, long, Rhombus, Pentagon, Rhombus,850,250, 
PA55,18, M,250,199,1,5.16E+02, short, Parallelogram, Rhombus, Rhombus,250,250, 
PA55,18, M,250,200,1,1.08E+03, short, Square, Triangle, Square,250,250, 
PA55,18, M,250,201,0,8.64E+02, short, Circle, Triangle, Triangle,350,250, 
PA55,18, M,250,202,1,9.75E+03, short, Circle, Triangle, Circle,250,250, 
PA55,18, M,250,203,0,9.17E+03, short, Triangle, Square, Triangle,850,250, 
PA55,18, M,250,204,0,4.55E+02, long, Circle, Parallelogram, Circle,650,250, 
PA55,18, M,250,205,1,6.72E+02, short, Pentagon, Rhombus, Rhombus,350,250, 
PA55,18, M,250,206,0,2.62E+03, long, Rhombus, Parallelogram, Rhombus,550,250, 
PA55,18, M,250,207,1,5.69E+02, short, Pentagon, Rhombus, Pentagon,250,250, 
PA55,18, M,250,208,0,4.04E+02, long, Rhombus, Parallelogram, Parallelogram,650,250, 
PA55,18, M,250,209,0,1.04E+03, short, Parallelogram, Pentagon, Parallelogram,550,250, 
PA55,18, M,250,210,0,9.20E+02, short, Rhombus, Square, Rhombus,450,250, 
