﻿Subject ID, Subject Age, Gender, Group, TrialNumber, Intended or Unintended Outcome, Reaction Time on Outcome Response, Response - Short or Long, Left Image Code, Right Image Code, Chosen Image Code, Objective Duration of Stimulus, Stimulus Delay,
PA45,25, M,250,1,1,3.66E+03, long, Rhombus, Parallelogram, Rhombus,550,250, 
PA45,25, M,250,2,0,3.02E+03, long, Pentagon, Circle, Circle,550,250, 
PA45,25, M,250,3,0,9.88E+02, short, Circle, Square, Circle,250,250, 
PA45,25, M,250,4,0,1.82E+03, long, Triangle, Pentagon, Pentagon,750,250, 
PA45,25, M,250,5,0,4.72E+03, long, Parallelogram, Pentagon, Parallelogram,450,250, 
PA45,25, M,250,6,1,3.27E+03, long, Square, Rhombus, Square,450,250, 
PA45,25, M,250,7,0,2.98E+03, long, Triangle, Rhombus, Triangle,850,250, 
PA45,25, M,250,8,1,3.32E+03, short, Square, Parallelogram, Square,450,250, 
PA45,25, M,250,9,0,2.62E+03, long, Parallelogram, Pentagon, Parallelogram,650,250, 
PA45,25, M,250,10,0,5.43E+03, long, Circle, Parallelogram, Circle,550,250, 
PA45,25, M,250,11,1,1.66E+03, long, Pentagon, Rhombus, Pentagon,750,250, 
PA45,25, M,250,12,1,2.17E+04, long, Circle, Pentagon, Circle,650,250, 
PA45,25, M,250,13,1,8.65E+02, short, Parallelogram, Triangle, Parallelogram,250,250, 
PA45,25, M,250,14,0,5.90E+02, long, Square, Triangle, Triangle,850,250, 
PA45,25, M,250,15,1,1.38E+03, short, Pentagon, Parallelogram, Pentagon,350,250, 
PA45,25, M,250,16,1,3.26E+03, short, Square, Rhombus, Rhombus,550,250, 
PA45,25, M,250,17,0,1.06E+03, short, Circle, Pentagon, Circle,350,250, 
PA45,25, M,250,18,1,2.77E+03, long, Parallelogram, Circle, Parallelogram,650,250, 
PA45,25, M,250,19,1,1.29E+03, short, Parallelogram, Triangle, Parallelogram,250,250, 
PA45,25, M,250,20,1,9.71E+02, short, Circle, Pentagon, Circle,350,250, 
PA45,25, M,250,21,0,9.75E+02, short, Triangle, Parallelogram, Parallelogram,350,250, 
PA45,25, M,250,22,1,1.22E+03, long, Parallelogram, Rhombus, Parallelogram,550,250, 
PA45,25, M,250,23,1,3.78E+03, long, Triangle, Circle, Triangle,450,250, 
PA45,25, M,250,24,1,1.30E+03, short, Triangle, Square, Square,350,250, 
PA45,25, M,250,25,0,1.51E+03, short, Parallelogram, Rhombus, Parallelogram,450,250, 
PA45,25, M,250,26,0,6.09E+03, short, Rhombus, Pentagon, Pentagon,250,250, 
PA45,25, M,250,27,1,8.94E+02, long, Triangle, Circle, Triangle,550,250, 
PA45,25, M,250,28,1,1.27E+03, long, Circle, Parallelogram, Circle,550,250, 
PA45,25, M,250,29,1,1.86E+03, long, Square, Parallelogram, Parallelogram,550,250, 
PA45,25, M,250,30,1,1.35E+03, long, Rhombus, Triangle, Rhombus,550,250, 
PA45,25, M,250,31,1,1.56E+03, long, Triangle, Square, Square,650,250, 
PA45,25, M,250,32,0,1.79E+03, long, Parallelogram, Pentagon, Pentagon,750,250, 
PA45,25, M,250,33,1,8.61E+02, short, Parallelogram, Square, Parallelogram,250,250, 
PA45,25, M,250,34,0,1.54E+03, long, Square, Parallelogram, Parallelogram,450,250, 
PA45,25, M,250,35,1,8.21E+02, long, Rhombus, Pentagon, Rhombus,850,250, 
PA45,25, M,250,36,1,1.31E+03, long, Triangle, Parallelogram, Parallelogram,850,250, 
PA45,25, M,250,37,0,2.11E+03, long, Triangle, Pentagon, Triangle,550,250, 
PA45,25, M,250,38,0,2.34E+03, short, Square, Circle, Square,350,250, 
PA45,25, M,250,39,1,1.27E+03, long, Triangle, Circle, Triangle,750,250, 
PA45,25, M,250,40,1,9.39E+02, long, Rhombus, Circle, Circle,650,250, 
PA45,25, M,250,41,1,5.20E+03, long, Circle, Pentagon, Circle,750,250, 
PA45,25, M,250,42,0,1.33E+03, short, Triangle, Pentagon, Triangle,350,250, 
PA45,25, M,250,43,0,6.59E+02, long, Pentagon, Square, Pentagon,850,250, 
PA45,25, M,250,44,0,1.62E+03, long, Rhombus, Circle, Rhombus,850,250, 
PA45,25, M,250,45,0,1.17E+03, short, Triangle, Pentagon, Triangle,450,250, 
PA45,25, M,250,46,0,1.32E+03, long, Circle, Triangle, Circle,750,250, 
PA45,25, M,250,47,1,1.23E+03, long, Square, Pentagon, Pentagon,650,250, 
PA45,25, M,250,48,1,1.68E+03, long, Circle, Triangle, Circle,450,250, 
PA45,25, M,250,49,1,4.49E+03, long, Parallelogram, Pentagon, Parallelogram,650,250, 
PA45,25, M,250,50,1,1.35E+03, short, Rhombus, Pentagon, Rhombus,250,250, 
PA45,25, M,250,51,1,1.66E+03, short, Rhombus, Circle, Rhombus,250,250, 
PA45,25, M,250,52,1,1.49E+03, long, Rhombus, Parallelogram, Rhombus,650,250, 
PA45,25, M,250,53,0,4.63E+03, short, Pentagon, Parallelogram, Pentagon,350,250, 
PA45,25, M,250,54,1,7.01E+02, long, Rhombus, Square, Rhombus,650,250, 
PA45,25, M,250,55,0,5.65E+02, long, Triangle, Square, Square,850,250, 
PA45,25, M,250,56,0,1.22E+03, long, Rhombus, Parallelogram, Rhombus,750,250, 
PA45,25, M,250,57,0,1.97E+03, long, Parallelogram, Rhombus, Parallelogram,550,250, 
PA45,25, M,250,58,1,1.60E+03, short, Circle, Rhombus, Rhombus,250,250, 
PA45,25, M,250,59,1,2.43E+03, short, Rhombus, Square, Rhombus,350,250, 
PA45,25, M,250,60,0,1.21E+03, short, Rhombus, Pentagon, Rhombus,250,250, 
PA45,25, M,250,61,1,8.21E+02, long, Pentagon, Circle, Circle,650,250, 
PA45,25, M,250,62,0,2.83E+03, long, Parallelogram, Square, Parallelogram,450,250, 
PA45,25, M,250,63,0,2.07E+03, long, Rhombus, Triangle, Rhombus,550,250, 
PA45,25, M,250,64,1,7.16E+02, long, Rhombus, Triangle, Rhombus,750,250, 
PA45,25, M,250,65,0,2.61E+03, long, Rhombus, Parallelogram, Rhombus,850,250, 
PA45,25, M,250,66,1,1.02E+03, long, Pentagon, Circle, Circle,450,250, 
PA45,25, M,250,67,1,4.95E+03, long, Triangle, Parallelogram, Triangle,450,250, 
PA45,25, M,250,68,0,9.24E+02, short, Triangle, Parallelogram, Triangle,250,250, 
PA45,25, M,250,69,1,7.29E+02, short, Parallelogram, Pentagon, Parallelogram,350,250, 
PA45,25, M,250,70,1,7.89E+02, short, Circle, Parallelogram, Circle,250,250, 
PA45,25, M,250,71,1,4.99E+02, long, Pentagon, Circle, Circle,850,250, 
PA45,25, M,250,72,1,6.97E+02, long, Circle, Parallelogram, Circle,850,250, 
PA45,25, M,250,73,1,5.93E+02, long, Triangle, Square, Square,750,250, 
PA45,25, M,250,74,1,5.85E+02, long, Square, Circle, Square,550,250, 
PA45,25, M,250,75,1,4.75E+02, long, Parallelogram, Rhombus, Rhombus,650,250, 
PA45,25, M,250,76,0,2.00E+03, long, Triangle, Parallelogram, Triangle,650,250, 
PA45,25, M,250,77,1,4.91E+03, long, Parallelogram, Circle, Parallelogram,650,250, 
PA45,25, M,250,78,0,7.64E+02, short, Parallelogram, Rhombus, Rhombus,250,250, 
PA45,25, M,250,79,0,7.98E+02, short, Circle, Pentagon, Circle,450,250, 
PA45,25, M,250,80,1,5.96E+02, long, Square, Rhombus, Square,850,250, 
PA45,25, M,250,81,0,1.11E+03, long, Parallelogram, Circle, Circle,850,250, 
PA45,25, M,250,82,1,5.94E+02, long, Circle, Rhombus, Circle,850,250, 
PA45,25, M,250,83,0,1.46E+03, long, Pentagon, Parallelogram, Parallelogram,750,250, 
PA45,25, M,250,84,0,8.68E+02, short, Rhombus, Square, Rhombus,250,250, 
PA45,25, M,250,85,1,1.34E+03, short, Circle, Rhombus, Circle,250,250, 
PA45,25, M,250,86,0,5.61E+02, long, Pentagon, Square, Square,750,250, 
PA45,25, M,250,87,0,3.81E+02, long, Circle, Square, Circle,850,250, 
PA45,25, M,250,88,1,9.50E+02, long, Parallelogram, Triangle, Triangle,850,250, 
PA45,25, M,250,89,0,1.13E+03, long, Pentagon, Parallelogram, Pentagon,850,250, 
PA45,25, M,250,90,0,6.33E+02, long, Pentagon, Triangle, Triangle,750,250, 
PA45,25, M,250,91,1,1.27E+03, short, Circle, Rhombus, Rhombus,250,250, 
PA45,25, M,250,92,0,3.76E+03, long, Rhombus, Parallelogram, Rhombus,650,250, 
PA45,25, M,250,93,1,2.16E+03, short, Triangle, Circle, Circle,450,250, 
PA45,25, M,250,94,1,4.96E+02, long, Pentagon, Circle, Circle,750,250, 
PA45,25, M,250,95,0,1.69E+03, short, Pentagon, Triangle, Pentagon,450,250, 
PA45,25, M,250,96,1,5.90E+02, long, Pentagon, Parallelogram, Parallelogram,750,250, 
PA45,25, M,250,97,1,4.42E+02, long, Triangle, Rhombus, Rhombus,750,250, 
PA45,25, M,250,98,1,6.62E+02, long, Pentagon, Square, Square,350,250, 
PA45,25, M,250,99,0,1.49E+03, long, Pentagon, Square, Square,450,250, 
PA45,25, M,250,100,0,5.17E+02, long, Pentagon, Square, Pentagon,650,250, 
PA45,25, M,250,101,0,5.55E+02, long, Rhombus, Triangle, Rhombus,750,250, 
PA45,25, M,250,102,1,3.52E+02, long, Square, Parallelogram, Square,850,250, 
PA45,25, M,250,103,1,7.69E+02, long, Parallelogram, Triangle, Triangle,550,250, 
PA45,25, M,250,104,0,8.20E+02, short, Circle, Triangle, Circle,250,250, 
PA45,25, M,250,105,0,9.01E+02, short, Square, Parallelogram, Parallelogram,250,250, 
PA45,25, M,250,106,1,4.71E+02, short, Parallelogram, Rhombus, Rhombus,450,250, 
PA45,25, M,250,107,1,5.63E+02, short, Square, Parallelogram, Square,350,250, 
PA45,25, M,250,108,1,5.75E+02, short, Rhombus, Triangle, Triangle,350,250, 
PA45,25, M,250,109,0,2.34E+03, long, Pentagon, Triangle, Pentagon,550,250, 
PA45,25, M,250,110,0,5.95E+02, long, Rhombus, Parallelogram, Rhombus,650,250, 
PA45,25, M,250,111,1,3.70E+03, long, Circle, Rhombus, Circle,450,250, 
PA45,25, M,250,112,1,5.83E+02, long, Circle, Rhombus, Circle,850,250, 
PA45,25, M,250,113,0,6.60E+02, short, Pentagon, Circle, Pentagon,250,250, 
PA45,25, M,250,114,0,1.08E+03, short, Square, Pentagon, Square,350,250, 
PA45,25, M,250,115,1,6.28E+02, short, Triangle, Square, Triangle,250,250, 
PA45,25, M,250,116,1,2.55E+03, long, Parallelogram, Rhombus, Rhombus,450,250, 
PA45,25, M,250,117,0,3.13E+03, long, Triangle, Circle, Circle,650,250, 
PA45,25, M,250,118,0,3.62E+03, short, Pentagon, Parallelogram, Parallelogram,350,250, 
PA45,25, M,250,119,0,5.54E+02, long, Circle, Square, Circle,450,250, 
PA45,25, M,250,120,1,3.56E+02, long, Circle, Parallelogram, Circle,850,250, 
PA45,25, M,250,121,1,6.95E+02, short, Triangle, Pentagon, Triangle,350,250, 
PA45,25, M,250,122,1,2.36E+03, long, Parallelogram, Pentagon, Pentagon,550,250, 
PA45,25, M,250,123,0,8.06E+02, short, Triangle, Rhombus, Rhombus,450,250, 
PA45,25, M,250,124,0,6.53E+02, short, Pentagon, Triangle, Pentagon,450,250, 
PA45,25, M,250,125,1,1.03E+03, short, Triangle, Rhombus, Rhombus,250,250, 
PA45,25, M,250,126,1,1.16E+03, long, Square, Triangle, Square,650,250, 
PA45,25, M,250,127,1,7.21E+02, long, Triangle, Square, Triangle,750,250, 
PA45,25, M,250,128,0,7.25E+02, short, Parallelogram, Pentagon, Parallelogram,250,250, 
PA45,25, M,250,129,0,2.65E+03, long, Circle, Pentagon, Circle,850,250, 
PA45,25, M,250,130,0,7.64E+03, long, Circle, Rhombus, Circle,550,250, 
PA45,25, M,250,131,1,4.72E+02, long, Circle, Square, Circle,850,250, 
PA45,25, M,250,132,1,6.74E+02, short, Parallelogram, Square, Square,350,250, 
PA45,25, M,250,133,0,5.60E+02, long, Square, Triangle, Square,750,250, 
PA45,25, M,250,134,1,6.92E+02, long, Square, Triangle, Square,450,250, 
PA45,25, M,250,135,1,6.70E+02, long, Pentagon, Rhombus, Rhombus,750,250, 
PA45,25, M,250,136,1,1.13E+03, long, Triangle, Pentagon, Triangle,750,250, 
PA45,25, M,250,137,0,7.48E+02, long, Rhombus, Pentagon, Rhombus,750,250, 
PA45,25, M,250,138,1,2.20E+03, long, Parallelogram, Circle, Circle,550,250, 
PA45,25, M,250,139,0,3.39E+03, long, Pentagon, Triangle, Pentagon,650,250, 
PA45,25, M,250,140,0,3.94E+03, long, Square, Rhombus, Square,850,250, 
PA45,25, M,250,141,1,8.37E+02, short, Rhombus, Pentagon, Rhombus,250,250, 
PA45,25, M,250,142,0,1.44E+03, long, Pentagon, Parallelogram, Parallelogram,650,250, 
PA45,25, M,250,143,0,2.02E+03, long, Parallelogram, Circle, Circle,750,250, 
PA45,25, M,250,144,0,2.18E+03, short, Triangle, Parallelogram, Triangle,250,250, 
PA45,25, M,250,145,0,9.54E+02, short, Triangle, Square, Triangle,550,250, 
PA45,25, M,250,146,1,6.26E+02, short, Rhombus, Square, Rhombus,350,250, 
PA45,25, M,250,147,1,4.87E+02, long, Square, Circle, Circle,550,250, 
PA45,25, M,250,148,0,1.26E+03, long, Circle, Triangle, Circle,850,250, 
PA45,25, M,250,149,0,6.46E+02, short, Parallelogram, Triangle, Triangle,350,250, 
PA45,25, M,250,150,0,7.96E+02, short, Circle, Square, Circle,550,250, 
PA45,25, M,250,151,1,3.36E+03, long, Rhombus, Circle, Rhombus,450,250, 
PA45,25, M,250,152,0,1.12E+03, long, Pentagon, Triangle, Pentagon,450,250, 
PA45,25, M,250,153,0,7.12E+02, short, Square, Pentagon, Pentagon,350,250, 
PA45,25, M,250,154,1,5.22E+02, long, Triangle, Circle, Circle,750,250, 
PA45,25, M,250,155,1,2.77E+02, long, Circle, Triangle, Circle,850,250, 
PA45,25, M,250,156,1,7.85E+02, long, Pentagon, Rhombus, Rhombus,350,250, 
PA45,25, M,250,157,1,4.78E+02, long, Parallelogram, Circle, Circle,550,250, 
PA45,25, M,250,158,0,6.01E+02, short, Rhombus, Circle, Rhombus,350,250, 
PA45,25, M,250,159,1,4.33E+02, long, Square, Circle, Circle,650,250, 
PA45,25, M,250,160,1,3.23E+03, long, Parallelogram, Square, Square,750,250, 
PA45,25, M,250,161,0,1.40E+03, long, Circle, Triangle, Circle,650,250, 
PA45,25, M,250,162,1,1.08E+03, long, Rhombus, Square, Rhombus,550,250, 
PA45,25, M,250,163,0,1.59E+03, long, Square, Pentagon, Square,850,250, 
PA45,25, M,250,164,0,1.14E+03, long, Square, Pentagon, Square,750,250, 
PA45,25, M,250,165,0,1.43E+03, long, Triangle, Rhombus, Rhombus,750,250, 
PA45,25, M,250,166,0,9.20E+02, short, Parallelogram, Triangle, Parallelogram,350,250, 
PA45,25, M,250,167,0,8.06E+02, short, Rhombus, Triangle, Rhombus,250,250, 
PA45,25, M,250,168,0,3.66E+03, short, Parallelogram, Triangle, Triangle,350,250, 
PA45,25, M,250,169,0,6.90E+02, short, Triangle, Circle, Circle,450,250, 
PA45,25, M,250,170,0,1.11E+03, short, Pentagon, Circle, Circle,550,250, 
PA45,25, M,250,171,1,6.22E+02, short, Circle, Square, Circle,350,250, 
PA45,25, M,250,172,1,3.78E+02, long, Square, Rhombus, Rhombus,850,250, 
PA45,25, M,250,173,0,8.66E+02, short, Circle, Parallelogram, Circle,350,250, 
PA45,25, M,250,174,0,1.18E+03, short, Rhombus, Square, Rhombus,250,250, 
PA45,25, M,250,175,0,1.09E+03, long, Parallelogram, Square, Square,550,250, 
PA45,25, M,250,176,1,6.69E+02, short, Pentagon, Triangle, Pentagon,450,250, 
PA45,25, M,250,177,1,1.04E+03, short, Rhombus, Circle, Rhombus,250,250, 
PA45,25, M,250,178,1,4.71E+02, long, Rhombus, Pentagon, Rhombus,550,250, 
PA45,25, M,250,179,1,9.95E+02, short, Pentagon, Rhombus, Rhombus,250,250, 
PA45,25, M,250,180,1,1.28E+03, long, Parallelogram, Circle, Circle,350,250, 
PA45,25, M,250,181,0,1.42E+03, long, Square, Rhombus, Rhombus,650,250, 
PA45,25, M,250,182,1,5.50E+02, short, Triangle, Rhombus, Rhombus,250,250, 
PA45,25, M,250,183,0,5.11E+02, long, Square, Circle, Circle,550,250, 
PA45,25, M,250,184,1,1.11E+03, long, Square, Pentagon, Square,450,250, 
PA45,25, M,250,185,0,1.59E+03, long, Circle, Square, Circle,450,250, 
PA45,25, M,250,186,0,5.25E+03, long, Square, Circle, Square,650,250, 
PA45,25, M,250,187,0,1.77E+03, long, Parallelogram, Square, Square,650,250, 
PA45,25, M,250,188,0,5.52E+02, short, Triangle, Parallelogram, Parallelogram,350,250, 
PA45,25, M,250,189,1,4.44E+02, long, Square, Triangle, Triangle,850,250, 
PA45,25, M,250,190,0,6.62E+02, long, Rhombus, Triangle, Rhombus,750,250, 
PA45,25, M,250,191,0,1.91E+03, long, Square, Circle, Circle,650,250, 
PA45,25, M,250,192,0,1.79E+03, long, Pentagon, Square, Square,650,250, 
PA45,25, M,250,193,1,3.65E+02, long, Square, Triangle, Square,850,250, 
PA45,25, M,250,194,1,1.01E+03, long, Triangle, Rhombus, Rhombus,650,250, 
PA45,25, M,250,195,0,9.23E+02, short, Pentagon, Rhombus, Rhombus,350,250, 
PA45,25, M,250,196,1,3.37E+03, long, Circle, Pentagon, Circle,650,250, 
PA45,25, M,250,197,0,6.13E+03, long, Rhombus, Square, Rhombus,550,250, 
PA45,25, M,250,198,0,1.12E+04, long, Square, Parallelogram, Parallelogram,550,250, 
PA45,25, M,250,199,0,1.71E+03, long, Square, Pentagon, Square,850,250, 
PA45,25, M,250,200,0,4.89E+03, long, Triangle, Pentagon, Triangle,550,250, 
PA45,25, M,250,201,1,4.20E+02, long, Pentagon, Rhombus, Rhombus,450,250, 
PA45,25, M,250,202,0,7.24E+02, short, Square, Rhombus, Rhombus,250,250, 
PA45,25, M,250,203,0,6.88E+02, long, Circle, Parallelogram, Parallelogram,650,250, 
PA45,25, M,250,204,0,8.76E+02, short, Rhombus, Circle, Rhombus,450,250, 
PA45,25, M,250,205,0,5.26E+02, short, Circle, Triangle, Circle,250,250, 
PA45,25, M,250,206,0,3.38E+02, long, Parallelogram, Square, Square,850,250, 
PA45,25, M,250,207,1,7.68E+02, short, Rhombus, Parallelogram, Rhombus,350,250, 
PA45,25, M,250,208,1,3.55E+02, long, Pentagon, Square, Square,750,250, 
PA45,25, M,250,209,1,3.85E+02, long, Square, Triangle, Square,750,250, 
PA45,25, M,250,210,0,4.31E+02, long, Pentagon, Rhombus, Rhombus,750,250, 
