﻿Subject ID, Subject Age, Gender, Group, TrialNumber, Intended or Unintended Outcome, Reaction Time on Outcome Response, Response - Short or Long, Left Image Code, Right Image Code, Chosen Image Code, Objective Duration of Stimulus, Stimulus Delay,
PA10,22, M,1000,1,0,3.50E+03, short, Square, Circle, Circle,450,1000, 
PA10,22, M,1000,2,1,9.07E+02, long, Rhombus, Parallelogram, Parallelogram,750,1000, 
PA10,22, M,1000,3,0,6.13E+03, long, Triangle, Pentagon, Triangle,450,1000, 
PA10,22, M,1000,4,0,2.17E+03, long, Square, Triangle, Square,550,1000, 
PA10,22, M,1000,5,1,1.30E+03, short, Circle, Parallelogram, Circle,250,1000, 
PA10,22, M,1000,6,1,1.09E+03, long, Square, Circle, Square,750,1000, 
PA10,22, M,1000,7,1,2.46E+03, short, Circle, Parallelogram, Circle,350,1000, 
PA10,22, M,1000,8,1,1.55E+03, long, Square, Parallelogram, Square,650,1000, 
PA10,22, M,1000,9,0,1.03E+03, long, Rhombus, Circle, Circle,650,1000, 
PA10,22, M,1000,10,0,1.36E+03, short, Square, Parallelogram, Square,250,1000, 
PA10,22, M,1000,11,1,1.15E+03, short, Parallelogram, Triangle, Triangle,350,1000, 
PA10,22, M,1000,12,0,4.08E+03, long, Parallelogram, Triangle, Triangle,350,1000, 
PA10,22, M,1000,13,1,2.34E+03, short, Pentagon, Rhombus, Rhombus,250,1000, 
PA10,22, M,1000,14,0,8.51E+02, long, Parallelogram, Triangle, Triangle,550,1000, 
PA10,22, M,1000,15,0,2.39E+03, short, Parallelogram, Pentagon, Parallelogram,550,1000, 
PA10,22, M,1000,16,0,1.94E+03, short, Parallelogram, Circle, Circle,350,1000, 
PA10,22, M,1000,17,0,1.05E+03, long, Triangle, Parallelogram, Triangle,750,1000, 
PA10,22, M,1000,18,1,7.84E+02, short, Triangle, Parallelogram, Triangle,250,1000, 
PA10,22, M,1000,19,0,7.49E+02, long, Pentagon, Parallelogram, Parallelogram,850,1000, 
PA10,22, M,1000,20,1,1.12E+03, short, Pentagon, Circle, Circle,450,1000, 
PA10,22, M,1000,21,1,2.29E+03, long, Rhombus, Triangle, Triangle,750,1000, 
PA10,22, M,1000,22,1,3.10E+03, long, Square, Triangle, Square,650,1000, 
PA10,22, M,1000,23,1,2.04E+03, long, Parallelogram, Square, Square,550,1000, 
PA10,22, M,1000,24,0,2.83E+03, long, Triangle, Rhombus, Triangle,650,1000, 
PA10,22, M,1000,25,0,1.16E+03, short, Triangle, Pentagon, Triangle,350,1000, 
PA10,22, M,1000,26,0,2.28E+03, long, Triangle, Parallelogram, Triangle,550,1000, 
PA10,22, M,1000,27,1,2.70E+03, long, Square, Rhombus, Square,550,1000, 
PA10,22, M,1000,28,0,1.12E+03, long, Parallelogram, Pentagon, Pentagon,750,1000, 
PA10,22, M,1000,29,1,6.51E+02, long, Pentagon, Triangle, Triangle,850,1000, 
PA10,22, M,1000,30,0,1.17E+03, short, Rhombus, Square, Square,250,1000, 
PA10,22, M,1000,31,0,5.07E+02, long, Triangle, Square, Triangle,750,1000, 
PA10,22, M,1000,32,1,7.95E+02, short, Triangle, Rhombus, Triangle,350,1000, 
PA10,22, M,1000,33,0,8.80E+02, short, Square, Triangle, Triangle,250,1000, 
PA10,22, M,1000,34,1,8.51E+02, long, Pentagon, Circle, Circle,750,1000, 
PA10,22, M,1000,35,1,7.90E+02, short, Triangle, Pentagon, Triangle,250,1000, 
PA10,22, M,1000,36,1,1.12E+03, short, Square, Triangle, Triangle,450,1000, 
PA10,22, M,1000,37,0,1.21E+03, long, Circle, Triangle, Circle,750,1000, 
PA10,22, M,1000,38,0,1.55E+03, long, Parallelogram, Pentagon, Parallelogram,450,1000, 
PA10,22, M,1000,39,1,9.46E+02, short, Square, Rhombus, Square,250,1000, 
PA10,22, M,1000,40,1,5.16E+02, long, Parallelogram, Rhombus, Rhombus,650,1000, 
PA10,22, M,1000,41,1,5.04E+02, long, Pentagon, Rhombus, Rhombus,750,1000, 
PA10,22, M,1000,42,1,3.45E+02, long, Square, Parallelogram, Square,850,1000, 
PA10,22, M,1000,43,1,8.39E+02, short, Pentagon, Triangle, Triangle,250,1000, 
PA10,22, M,1000,44,1,5.47E+02, long, Circle, Pentagon, Circle,550,1000, 
PA10,22, M,1000,45,0,4.83E+02, long, Triangle, Rhombus, Triangle,850,1000, 
PA10,22, M,1000,46,1,4.59E+02, long, Rhombus, Parallelogram, Rhombus,850,1000, 
PA10,22, M,1000,47,0,1.03E+03, long, Rhombus, Square, Rhombus,850,1000, 
PA10,22, M,1000,48,0,9.28E+02, short, Pentagon, Rhombus, Rhombus,250,1000, 
PA10,22, M,1000,49,1,3.81E+02, long, Triangle, Pentagon, Triangle,750,1000, 
PA10,22, M,1000,50,1,8.31E+02, long, Rhombus, Square, Rhombus,650,1000, 
PA10,22, M,1000,51,0,9.58E+02, short, Square, Parallelogram, Square,250,1000, 
PA10,22, M,1000,52,1,7.47E+02, long, Pentagon, Square, Square,850,1000, 
PA10,22, M,1000,53,0,1.15E+03, short, Rhombus, Pentagon, Rhombus,250,1000, 
PA10,22, M,1000,54,0,1.04E+03, long, Triangle, Square, Triangle,550,1000, 
PA10,22, M,1000,55,0,1.40E+03, long, Triangle, Circle, Circle,550,1000, 
PA10,22, M,1000,56,0,6.64E+02, long, Square, Triangle, Triangle,650,1000, 
PA10,22, M,1000,57,1,8.26E+02, long, Circle, Parallelogram, Circle,450,1000, 
PA10,22, M,1000,58,0,6.01E+02, long, Triangle, Parallelogram, Triangle,650,1000, 
PA10,22, M,1000,59,1,1.05E+03, long, Rhombus, Parallelogram, Rhombus,650,1000, 
PA10,22, M,1000,60,0,1.01E+03, long, Pentagon, Rhombus, Rhombus,850,1000, 
PA10,22, M,1000,61,0,1.13E+03, short, Rhombus, Pentagon, Pentagon,250,1000, 
PA10,22, M,1000,62,0,8.54E+02, short, Square, Triangle, Square,350,1000, 
PA10,22, M,1000,63,1,1.01E+03, long, Parallelogram, Circle, Circle,850,1000, 
PA10,22, M,1000,64,1,3.07E+02, long, Pentagon, Square, Square,850,1000, 
PA10,22, M,1000,65,1,1.34E+03, short, Parallelogram, Circle, Circle,450,1000, 
PA10,22, M,1000,66,1,1.28E+03, long, Parallelogram, Rhombus, Rhombus,750,1000, 
PA10,22, M,1000,67,1,1.25E+03, long, Parallelogram, Square, Parallelogram,650,1000, 
PA10,22, M,1000,68,1,8.78E+02, short, Parallelogram, Rhombus, Rhombus,350,1000, 
PA10,22, M,1000,69,0,9.20E+02, short, Circle, Rhombus, Circle,350,1000, 
PA10,22, M,1000,70,0,5.33E+02, long, Triangle, Rhombus, Triangle,650,1000, 
PA10,22, M,1000,71,0,8.27E+02, short, Parallelogram, Square, Square,350,1000, 
PA10,22, M,1000,72,0,1.19E+03, long, Rhombus, Parallelogram, Rhombus,650,1000, 
PA10,22, M,1000,73,1,7.18E+02, short, Parallelogram, Pentagon, Parallelogram,350,1000, 
PA10,22, M,1000,74,1,7.58E+02, long, Circle, Triangle, Circle,550,1000, 
PA10,22, M,1000,75,0,1.06E+03, short, Triangle, Parallelogram, Triangle,250,1000, 
PA10,22, M,1000,76,1,5.35E+02, long, Pentagon, Circle, Circle,450,1000, 
PA10,22, M,1000,77,1,1.82E+03, long, Circle, Square, Circle,450,1000, 
PA10,22, M,1000,78,0,1.07E+03, short, Square, Circle, Circle,350,1000, 
PA10,22, M,1000,79,0,3.24E+03, short, Square, Pentagon, Square,650,1000, 
PA10,22, M,1000,80,0,6.59E+02, short, Square, Parallelogram, Square,350,1000, 
PA10,22, M,1000,81,0,8.49E+02, short, Pentagon, Triangle, Triangle,350,1000, 
PA10,22, M,1000,82,0,5.95E+02, long, Parallelogram, Circle, Circle,850,1000, 
PA10,22, M,1000,83,1,8.59E+02, short, Circle, Triangle, Circle,350,1000, 
PA10,22, M,1000,84,0,1.24E+03, long, Triangle, Pentagon, Triangle,750,1000, 
PA10,22, M,1000,85,1,7.26E+02, long, Circle, Pentagon, Circle,850,1000, 
PA10,22, M,1000,86,1,6.42E+02, long, Pentagon, Rhombus, Rhombus,650,1000, 
PA10,22, M,1000,87,1,8.05E+02, short, Parallelogram, Pentagon, Parallelogram,350,1000, 
PA10,22, M,1000,88,1,6.06E+02, long, Parallelogram, Triangle, Triangle,650,1000, 
PA10,22, M,1000,89,1,8.31E+02, short, Pentagon, Parallelogram, Parallelogram,350,1000, 
PA10,22, M,1000,90,0,8.95E+02, short, Square, Pentagon, Square,350,1000, 
PA10,22, M,1000,91,0,4.91E+02, long, Pentagon, Triangle, Triangle,650,1000, 
PA10,22, M,1000,92,0,8.29E+02, long, Rhombus, Triangle, Triangle,750,1000, 
PA10,22, M,1000,93,1,1.07E+03, short, Pentagon, Parallelogram, Parallelogram,250,1000, 
PA10,22, M,1000,94,1,1.02E+03, long, Rhombus, Square, Square,450,1000, 
PA10,22, M,1000,95,0,1.14E+03, long, Rhombus, Pentagon, Rhombus,850,1000, 
PA10,22, M,1000,96,1,1.12E+03, long, Pentagon, Parallelogram, Parallelogram,550,1000, 
PA10,22, M,1000,97,1,1.20E+03, long, Parallelogram, Rhombus, Parallelogram,550,1000, 
PA10,22, M,1000,98,1,4.78E+02, long, Pentagon, Circle, Circle,850,1000, 
PA10,22, M,1000,99,1,8.20E+02, short, Rhombus, Circle, Circle,250,1000, 
PA10,22, M,1000,100,0,3.64E+03, long, Rhombus, Circle, Circle,550,1000, 
PA10,22, M,1000,101,0,2.35E+03, short, Square, Circle, Circle,350,1000, 
PA10,22, M,1000,102,0,3.80E+02, long, Triangle, Pentagon, Triangle,750,1000, 
PA10,22, M,1000,103,1,6.71E+02, short, Circle, Square, Circle,250,1000, 
PA10,22, M,1000,104,1,5.96E+02, long, Square, Pentagon, Square,750,1000, 
PA10,22, M,1000,105,0,1.14E+03, short, Circle, Triangle, Circle,450,1000, 
PA10,22, M,1000,106,0,5.68E+02, long, Circle, Pentagon, Circle,750,1000, 
PA10,22, M,1000,107,0,2.58E+03, long, Triangle, Square, Square,650,1000, 
PA10,22, M,1000,108,1,9.36E+02, long, Parallelogram, Circle, Circle,650,1000, 
PA10,22, M,1000,109,0,1.65E+03, long, Rhombus, Pentagon, Rhombus,750,1000, 
PA10,22, M,1000,110,0,2.33E+03, long, Square, Circle, Circle,650,1000, 
PA10,22, M,1000,111,1,4.13E+02, long, Rhombus, Circle, Circle,550,1000, 
PA10,22, M,1000,112,0,9.61E+02, long, Triangle, Parallelogram, Triangle,650,1000, 
PA10,22, M,1000,113,1,8.22E+02, short, Pentagon, Square, Square,250,1000, 
PA10,22, M,1000,114,1,3.67E+02, long, Parallelogram, Circle, Circle,850,1000, 
PA10,22, M,1000,115,0,6.17E+02, long, Circle, Parallelogram, Circle,850,1000, 
PA10,22, M,1000,116,0,6.09E+03, long, Pentagon, Circle, Circle,250,1000, 
PA10,22, M,1000,117,0,7.24E+02, long, Triangle, Rhombus, Triangle,550,1000, 
PA10,22, M,1000,118,0,1.42E+03, short, Parallelogram, Square, Square,450,1000, 
PA10,22, M,1000,119,1,4.72E+02, long, Circle, Triangle, Circle,850,1000, 
PA10,22, M,1000,120,1,6.00E+02, short, Circle, Triangle, Circle,250,1000, 
PA10,22, M,1000,121,1,6.06E+02, short, Circle, Square, Circle,450,1000, 
PA10,22, M,1000,122,1,2.74E+03, long, Parallelogram, Triangle, Triangle,350,1000, 
PA10,22, M,1000,123,1,3.44E+02, long, Square, Triangle, Square,750,1000, 
PA10,22, M,1000,124,0,1.09E+03, long, Rhombus, Triangle, Triangle,450,1000, 
PA10,22, M,1000,125,1,1.90E+03, short, Rhombus, Pentagon, Rhombus,250,1000, 
PA10,22, M,1000,126,0,7.83E+02, long, Pentagon, Circle, Circle,850,1000, 
PA10,22, M,1000,127,0,9.38E+02, long, Rhombus, Pentagon, Rhombus,550,1000, 
PA10,22, M,1000,128,0,6.70E+02, long, Circle, Parallelogram, Circle,550,1000, 
PA10,22, M,1000,129,0,6.94E+02, long, Rhombus, Triangle, Triangle,450,1000, 
PA10,22, M,1000,130,1,6.38E+02, short, Square, Pentagon, Square,250,1000, 
PA10,22, M,1000,131,1,3.82E+02, long, Pentagon, Triangle, Triangle,450,1000, 
PA10,22, M,1000,132,1,3.14E+02, long, Rhombus, Triangle, Triangle,750,1000, 
PA10,22, M,1000,133,0,4.54E+02, long, Square, Circle, Circle,650,1000, 
PA10,22, M,1000,134,1,1.42E+03, long, Rhombus, Parallelogram, Rhombus,350,1000, 
PA10,22, M,1000,135,1,2.98E+02, long, Triangle, Pentagon, Triangle,650,1000, 
PA10,22, M,1000,136,0,3.53E+02, long, Circle, Triangle, Circle,850,1000, 
PA10,22, M,1000,137,1,2.71E+02, long, Square, Parallelogram, Square,750,1000, 
PA10,22, M,1000,138,0,2.44E+03, long, Square, Pentagon, Square,850,1000, 
PA10,22, M,1000,139,1,6.51E+02, short, Circle, Square, Circle,350,1000, 
PA10,22, M,1000,140,0,1.88E+03, long, Circle, Square, Circle,450,1000, 
PA10,22, M,1000,141,0,5.27E+02, long, Circle, Pentagon, Circle,850,1000, 
PA10,22, M,1000,142,0,1.39E+03, short, Circle, Pentagon, Circle,350,1000, 
PA10,22, M,1000,143,1,3.79E+02, long, Triangle, Parallelogram, Triangle,750,1000, 
PA10,22, M,1000,144,1,1.00E+03, long, Pentagon, Parallelogram, Parallelogram,650,1000, 
PA10,22, M,1000,145,1,2.91E+03, long, Rhombus, Triangle, Triangle,450,1000, 
PA10,22, M,1000,146,0,6.09E+02, long, Parallelogram, Triangle, Parallelogram,750,1000, 
PA10,22, M,1000,147,1,1.03E+03, short, Triangle, Circle, Circle,350,1000, 
PA10,22, M,1000,148,1,3.12E+03, long, Pentagon, Parallelogram, Pentagon,650,1000, 
PA10,22, M,1000,149,1,4.68E+02, long, Circle, Rhombus, Circle,550,1000, 
PA10,22, M,1000,150,0,1.57E+03, long, Triangle, Circle, Circle,550,1000, 
PA10,22, M,1000,151,0,1.13E+03, long, Triangle, Circle, Circle,450,1000, 
PA10,22, M,1000,152,1,9.45E+02, long, Parallelogram, Square, Parallelogram,450,1000, 
PA10,22, M,1000,153,0,8.03E+02, long, Triangle, Square, Square,450,1000, 
PA10,22, M,1000,154,0,2.02E+03, long, Pentagon, Rhombus, Pentagon,850,1000, 
PA10,22, M,1000,155,0,1.52E+03, long, Square, Parallelogram, Square,750,1000, 
PA10,22, M,1000,156,1,5.05E+02, long, Pentagon, Square, Square,850,1000, 
PA10,22, M,1000,157,0,9.47E+02, short, Square, Rhombus, Rhombus,250,1000, 
PA10,22, M,1000,158,1,6.35E+02, short, Square, Rhombus, Square,350,1000, 
PA10,22, M,1000,159,1,5.07E+02, long, Parallelogram, Square, Square,550,1000, 
PA10,22, M,1000,160,0,1.20E+03, short, Rhombus, Pentagon, Rhombus,450,1000, 
PA10,22, M,1000,161,0,1.38E+03, short, Circle, Rhombus, Circle,650,1000, 
PA10,22, M,1000,162,1,1.11E+03, short, Pentagon, Square, Square,250,1000, 
PA10,22, M,1000,163,0,6.71E+02, long, Parallelogram, Pentagon, Parallelogram,750,1000, 
PA10,22, M,1000,164,1,3.58E+02, long, Parallelogram, Triangle, Triangle,650,1000, 
PA10,22, M,1000,165,0,1.29E+03, long, Pentagon, Square, Square,450,1000, 
PA10,22, M,1000,166,1,3.04E+02, long, Triangle, Circle, Circle,850,1000, 
PA10,22, M,1000,167,0,1.52E+03, short, Circle, Pentagon, Circle,550,1000, 
PA10,22, M,1000,168,1,2.70E+02, long, Square, Pentagon, Square,850,1000, 
PA10,22, M,1000,169,0,2.65E+03, short, Circle, Square, Circle,350,1000, 
PA10,22, M,1000,170,1,6.36E+02, long, Square, Rhombus, Square,350,1000, 
PA10,22, M,1000,171,0,4.58E+02, long, Pentagon, Square, Square,550,1000, 
PA10,22, M,1000,172,1,6.62E+02, long, Parallelogram, Rhombus, Rhombus,550,1000, 
PA10,22, M,1000,173,0,7.75E+02, short, Circle, Rhombus, Circle,250,1000, 
PA10,22, M,1000,174,1,1.35E+03, long, Pentagon, Rhombus, Rhombus,650,1000, 
PA10,22, M,1000,175,0,4.68E+03, long, Square, Rhombus, Square,550,1000, 
PA10,22, M,1000,176,0,2.50E+03, short, Parallelogram, Rhombus, Rhombus,450,1000, 
PA10,22, M,1000,177,0,9.95E+02, short, Rhombus, Square, Rhombus,250,1000, 
PA10,22, M,1000,178,0,9.43E+02, short, Circle, Rhombus, Circle,250,1000, 
PA10,22, M,1000,179,1,2.95E+02, long, Rhombus, Circle, Circle,750,1000, 
PA10,22, M,1000,180,1,2.83E+02, long, Rhombus, Circle, Circle,750,1000, 
PA10,22, M,1000,181,1,1.14E+03, short, Rhombus, Triangle, Triangle,250,1000, 
PA10,22, M,1000,182,1,1.01E+03, short, Circle, Pentagon, Circle,350,1000, 
PA10,22, M,1000,183,0,3.07E+02, long, Circle, Square, Circle,750,1000, 
PA10,22, M,1000,184,0,1.47E+03, long, Square, Rhombus, Square,750,1000, 
PA10,22, M,1000,185,0,6.83E+02, short, Square, Circle, Circle,350,1000, 
PA10,22, M,1000,186,0,9.88E+02, long, Parallelogram, Rhombus, Rhombus,450,1000, 
PA10,22, M,1000,187,0,4.68E+02, long, Rhombus, Parallelogram, Rhombus,750,1000, 
PA10,22, M,1000,188,1,2.96E+02, long, Square, Pentagon, Square,550,1000, 
PA10,22, M,1000,189,1,3.48E+02, long, Pentagon, Triangle, Triangle,550,1000, 
PA10,22, M,1000,190,1,3.20E+02, long, Circle, Parallelogram, Circle,650,1000, 
PA10,22, M,1000,191,0,3.40E+02, long, Triangle, Square, Square,850,1000, 
PA10,22, M,1000,192,1,2.94E+02, long, Parallelogram, Circle, Circle,550,1000, 
PA10,22, M,1000,193,0,2.58E+02, long, Circle, Rhombus, Circle,850,1000, 
PA10,22, M,1000,194,0,8.34E+02, short, Pentagon, Parallelogram, Parallelogram,250,1000, 
PA10,22, M,1000,195,0,8.36E+02, short, Parallelogram, Pentagon, Parallelogram,350,1000, 
PA10,22, M,1000,196,0,3.84E+02, long, Rhombus, Circle, Circle,850,1000, 
PA10,22, M,1000,197,1,3.75E+02, long, Triangle, Square, Triangle,550,1000, 
PA10,22, M,1000,198,0,1.47E+03, long, Circle, Rhombus, Circle,650,1000, 
PA10,22, M,1000,199,1,1.06E+03, short, Rhombus, Square, Rhombus,450,1000, 
PA10,22, M,1000,200,1,1.41E+03, long, Triangle, Square, Square,450,1000, 
PA10,22, M,1000,201,1,3.87E+02, long, Rhombus, Parallelogram, Rhombus,750,1000, 
PA10,22, M,1000,202,1,3.51E+02, long, Triangle, Circle, Circle,450,1000, 
PA10,22, M,1000,203,0,2.61E+02, long, Rhombus, Square, Square,650,1000, 
PA10,22, M,1000,204,0,1.79E+03, short, Triangle, Rhombus, Triangle,250,1000, 
PA10,22, M,1000,205,1,4.71E+02, long, Triangle, Rhombus, Triangle,850,1000, 
PA10,22, M,1000,206,0,6.33E+02, short, Pentagon, Triangle, Triangle,450,1000, 
PA10,22, M,1000,207,1,2.87E+02, long, Circle, Parallelogram, Circle,850,1000, 
PA10,22, M,1000,208,1,4.34E+02, long, Parallelogram, Square, Parallelogram,550,1000, 
PA10,22, M,1000,209,0,8.02E+02, long, Pentagon, Circle, Circle,550,1000, 
PA10,22, M,1000,210,1,1.83E+03, long, Triangle, Circle, Circle,450,1000, 
