﻿Subject ID, Subject Age, Gender, Group, TrialNumber, Intended or Unintended Outcome, Reaction Time on Outcome Response, Response - Short or Long, Left Image Code, Right Image Code, Chosen Image Code, Objective Duration of Stimulus, Stimulus Delay,
PA37,22, M,250,1,1,1.26E+03, long, Rhombus, Parallelogram, Rhombus,550,250, 
PA37,22, M,250,2,0,2.89E+03, short, Pentagon, Circle, Circle,550,250, 
PA37,22, M,250,3,0,8.00E+02, short, Circle, Square, Circle,250,250, 
PA37,22, M,250,4,0,5.50E+02, long, Triangle, Pentagon, Triangle,750,250, 
PA37,22, M,250,5,0,1.14E+03, short, Parallelogram, Pentagon, Pentagon,450,250, 
PA37,22, M,250,6,1,6.52E+02, short, Square, Rhombus, Square,450,250, 
PA37,22, M,250,7,0,8.05E+02, short, Triangle, Rhombus, Triangle,850,250, 
PA37,22, M,250,8,1,8.37E+02, short, Square, Parallelogram, Parallelogram,450,250, 
PA37,22, M,250,9,0,8.87E+02, short, Parallelogram, Pentagon, Parallelogram,650,250, 
PA37,22, M,250,10,0,5.94E+02, short, Circle, Parallelogram, Circle,550,250, 
PA37,22, M,250,11,1,4.26E+02, long, Pentagon, Rhombus, Rhombus,750,250, 
PA37,22, M,250,12,1,8.21E+02, short, Circle, Pentagon, Circle,650,250, 
PA37,22, M,250,13,1,6.53E+02, short, Parallelogram, Triangle, Triangle,250,250, 
PA37,22, M,250,14,0,4.29E+02, long, Square, Triangle, Square,850,250, 
PA37,22, M,250,15,1,1.02E+03, short, Pentagon, Parallelogram, Parallelogram,350,250, 
PA37,22, M,250,16,1,7.26E+02, short, Square, Rhombus, Square,550,250, 
PA37,22, M,250,17,0,5.80E+02, short, Circle, Pentagon, Pentagon,350,250, 
PA37,22, M,250,18,1,2.16E+03, short, Parallelogram, Circle, Parallelogram,650,250, 
PA37,22, M,250,19,1,7.08E+02, short, Parallelogram, Triangle, Triangle,250,250, 
PA37,22, M,250,20,1,1.71E+03, short, Circle, Pentagon, Circle,350,250, 
PA37,22, M,250,21,0,1.09E+03, short, Triangle, Parallelogram, Parallelogram,350,250, 
PA37,22, M,250,22,1,1.16E+03, short, Parallelogram, Rhombus, Parallelogram,550,250, 
PA37,22, M,250,23,1,8.99E+02, short, Triangle, Circle, Circle,450,250, 
PA37,22, M,250,24,1,3.78E+02, short, Triangle, Square, Triangle,350,250, 
PA37,22, M,250,25,0,1.21E+03, short, Parallelogram, Rhombus, Rhombus,450,250, 
PA37,22, M,250,26,0,6.22E+02, short, Rhombus, Pentagon, Pentagon,250,250, 
PA37,22, M,250,27,1,6.66E+02, short, Triangle, Circle, Triangle,550,250, 
PA37,22, M,250,28,1,2.57E+03, short, Circle, Parallelogram, Circle,550,250, 
PA37,22, M,250,29,1,7.03E+03, long, Square, Parallelogram, Parallelogram,550,250, 
PA37,22, M,250,30,1,5.60E+03, short, Rhombus, Triangle, Rhombus,550,250, 
PA37,22, M,250,31,1,5.29E+02, long, Triangle, Square, Square,650,250, 
PA37,22, M,250,32,0,4.01E+02, long, Parallelogram, Pentagon, Parallelogram,750,250, 
PA37,22, M,250,33,1,6.97E+02, short, Parallelogram, Square, Square,250,250, 
PA37,22, M,250,34,0,1.78E+03, short, Square, Parallelogram, Square,450,250, 
PA37,22, M,250,35,1,4.45E+02, long, Rhombus, Pentagon, Pentagon,850,250, 
PA37,22, M,250,36,1,4.78E+02, long, Triangle, Parallelogram, Triangle,850,250, 
PA37,22, M,250,37,0,8.43E+02, short, Triangle, Pentagon, Pentagon,550,250, 
PA37,22, M,250,38,0,7.10E+02, short, Square, Circle, Square,350,250, 
PA37,22, M,250,39,1,1.81E+03, long, Triangle, Circle, Circle,750,250, 
PA37,22, M,250,40,1,6.98E+02, long, Rhombus, Circle, Rhombus,650,250, 
PA37,22, M,250,41,1,4.09E+02, long, Circle, Pentagon, Pentagon,750,250, 
PA37,22, M,250,42,0,6.84E+02, short, Triangle, Pentagon, Triangle,350,250, 
PA37,22, M,250,43,0,6.24E+02, long, Pentagon, Square, Pentagon,850,250, 
PA37,22, M,250,44,0,3.52E+02, long, Rhombus, Circle, Circle,850,250, 
PA37,22, M,250,45,0,5.34E+02, short, Triangle, Pentagon, Triangle,450,250, 
PA37,22, M,250,46,0,9.72E+02, long, Circle, Triangle, Triangle,750,250, 
PA37,22, M,250,47,1,7.63E+02, long, Square, Pentagon, Pentagon,650,250, 
PA37,22, M,250,48,1,1.01E+03, short, Circle, Triangle, Triangle,450,250, 
PA37,22, M,250,49,1,1.47E+03, short, Parallelogram, Pentagon, Parallelogram,650,250, 
PA37,22, M,250,50,1,1.13E+03, short, Rhombus, Pentagon, Rhombus,250,250, 
PA37,22, M,250,51,1,9.61E+02, short, Rhombus, Circle, Circle,250,250, 
PA37,22, M,250,52,1,1.42E+03, long, Rhombus, Parallelogram, Rhombus,650,250, 
PA37,22, M,250,53,0,1.00E+03, short, Pentagon, Parallelogram, Parallelogram,350,250, 
PA37,22, M,250,54,1,1.19E+03, long, Rhombus, Square, Rhombus,650,250, 
PA37,22, M,250,55,0,8.93E+02, long, Triangle, Square, Square,850,250, 
PA37,22, M,250,56,0,4.47E+02, long, Rhombus, Parallelogram, Rhombus,750,250, 
PA37,22, M,250,57,0,1.18E+03, long, Parallelogram, Rhombus, Rhombus,550,250, 
PA37,22, M,250,58,1,5.47E+02, short, Circle, Rhombus, Rhombus,250,250, 
PA37,22, M,250,59,1,1.00E+03, short, Rhombus, Square, Rhombus,350,250, 
PA37,22, M,250,60,0,6.45E+02, short, Rhombus, Pentagon, Rhombus,250,250, 
PA37,22, M,250,61,1,1.61E+03, long, Pentagon, Circle, Pentagon,650,250, 
PA37,22, M,250,62,0,3.10E+03, long, Parallelogram, Square, Square,450,250, 
PA37,22, M,250,63,0,1.88E+03, long, Rhombus, Triangle, Triangle,550,250, 
PA37,22, M,250,64,1,5.84E+02, long, Rhombus, Triangle, Rhombus,750,250, 
PA37,22, M,250,65,0,5.57E+02, long, Rhombus, Parallelogram, Parallelogram,850,250, 
PA37,22, M,250,66,1,5.85E+03, short, Pentagon, Circle, Circle,450,250, 
PA37,22, M,250,67,1,6.14E+03, short, Triangle, Parallelogram, Parallelogram,450,250, 
PA37,22, M,250,68,0,6.08E+02, short, Triangle, Parallelogram, Parallelogram,250,250, 
PA37,22, M,250,69,1,1.41E+03, short, Parallelogram, Pentagon, Parallelogram,350,250, 
PA37,22, M,250,70,1,6.04E+02, short, Circle, Parallelogram, Circle,250,250, 
PA37,22, M,250,71,1,2.74E+02, long, Pentagon, Circle, Pentagon,850,250, 
PA37,22, M,250,72,1,6.62E+02, long, Circle, Parallelogram, Parallelogram,850,250, 
PA37,22, M,250,73,1,5.14E+02, long, Triangle, Square, Square,750,250, 
PA37,22, M,250,74,1,1.99E+03, long, Square, Circle, Circle,550,250, 
PA37,22, M,250,75,1,1.49E+03, long, Parallelogram, Rhombus, Rhombus,650,250, 
PA37,22, M,250,76,0,1.42E+03, long, Triangle, Parallelogram, Triangle,650,250, 
PA37,22, M,250,77,1,1.05E+03, long, Parallelogram, Circle, Parallelogram,650,250, 
PA37,22, M,250,78,0,9.89E+02, short, Parallelogram, Rhombus, Parallelogram,250,250, 
PA37,22, M,250,79,0,6.67E+02, short, Circle, Pentagon, Circle,450,250, 
PA37,22, M,250,80,1,4.01E+02, long, Square, Rhombus, Square,850,250, 
PA37,22, M,250,81,0,4.45E+02, long, Parallelogram, Circle, Circle,850,250, 
PA37,22, M,250,82,1,3.49E+02, long, Circle, Rhombus, Circle,850,250, 
PA37,22, M,250,83,0,7.97E+02, long, Pentagon, Parallelogram, Pentagon,750,250, 
PA37,22, M,250,84,0,6.67E+02, short, Rhombus, Square, Rhombus,250,250, 
PA37,22, M,250,85,1,6.29E+02, short, Circle, Rhombus, Circle,250,250, 
PA37,22, M,250,86,0,3.59E+02, long, Pentagon, Square, Square,750,250, 
PA37,22, M,250,87,0,5.85E+02, short, Circle, Square, Circle,850,250, 
PA37,22, M,250,88,1,8.12E+02, long, Parallelogram, Triangle, Parallelogram,850,250, 
PA37,22, M,250,89,0,3.48E+02, long, Pentagon, Parallelogram, Parallelogram,850,250, 
PA37,22, M,250,90,0,8.40E+02, long, Pentagon, Triangle, Pentagon,750,250, 
PA37,22, M,250,91,1,6.16E+02, short, Circle, Rhombus, Rhombus,250,250, 
PA37,22, M,250,92,0,2.85E+03, long, Rhombus, Parallelogram, Rhombus,650,250, 
PA37,22, M,250,93,1,5.46E+03, short, Triangle, Circle, Circle,450,250, 
PA37,22, M,250,94,1,4.61E+02, long, Pentagon, Circle, Pentagon,750,250, 
PA37,22, M,250,95,0,7.59E+02, short, Pentagon, Triangle, Triangle,450,250, 
PA37,22, M,250,96,1,1.16E+03, long, Pentagon, Parallelogram, Pentagon,750,250, 
PA37,22, M,250,97,1,5.63E+02, long, Triangle, Rhombus, Triangle,750,250, 
PA37,22, M,250,98,1,9.69E+02, short, Pentagon, Square, Square,350,250, 
PA37,22, M,250,99,0,2.86E+03, short, Pentagon, Square, Pentagon,450,250, 
PA37,22, M,250,100,0,8.93E+02, long, Pentagon, Square, Pentagon,650,250, 
PA37,22, M,250,101,0,5.81E+02, long, Rhombus, Triangle, Triangle,750,250, 
PA37,22, M,250,102,1,5.07E+02, long, Square, Parallelogram, Square,850,250, 
PA37,22, M,250,103,1,8.79E+02, short, Parallelogram, Triangle, Triangle,550,250, 
PA37,22, M,250,104,0,6.05E+02, short, Circle, Triangle, Circle,250,250, 
PA37,22, M,250,105,0,5.02E+02, short, Square, Parallelogram, Parallelogram,250,250, 
PA37,22, M,250,106,1,7.60E+02, short, Parallelogram, Rhombus, Parallelogram,450,250, 
PA37,22, M,250,107,1,1.37E+03, short, Square, Parallelogram, Square,350,250, 
PA37,22, M,250,108,1,7.56E+02, short, Rhombus, Triangle, Rhombus,350,250, 
PA37,22, M,250,109,0,3.27E+03, short, Pentagon, Triangle, Triangle,550,250, 
PA37,22, M,250,110,0,3.62E+02, long, Rhombus, Parallelogram, Parallelogram,650,250, 
PA37,22, M,250,111,1,7.04E+02, short, Circle, Rhombus, Rhombus,450,250, 
PA37,22, M,250,112,1,1.33E+03, long, Circle, Rhombus, Circle,850,250, 
PA37,22, M,250,113,0,1.26E+03, short, Pentagon, Circle, Circle,250,250, 
PA37,22, M,250,114,0,8.18E+02, short, Square, Pentagon, Square,350,250, 
PA37,22, M,250,115,1,5.72E+02, short, Triangle, Square, Triangle,250,250, 
PA37,22, M,250,116,1,7.22E+02, short, Parallelogram, Rhombus, Rhombus,450,250, 
PA37,22, M,250,117,0,5.64E+02, long, Triangle, Circle, Triangle,650,250, 
PA37,22, M,250,118,0,1.21E+03, short, Pentagon, Parallelogram, Parallelogram,350,250, 
PA37,22, M,250,119,0,6.83E+02, short, Circle, Square, Circle,450,250, 
PA37,22, M,250,120,1,3.74E+02, long, Circle, Parallelogram, Parallelogram,850,250, 
PA37,22, M,250,121,1,7.14E+02, short, Triangle, Pentagon, Pentagon,350,250, 
PA37,22, M,250,122,1,7.21E+03, short, Parallelogram, Pentagon, Parallelogram,550,250, 
PA37,22, M,250,123,0,7.13E+02, short, Triangle, Rhombus, Triangle,450,250, 
PA37,22, M,250,124,0,1.77E+03, short, Pentagon, Triangle, Pentagon,450,250, 
PA37,22, M,250,125,1,6.13E+02, short, Triangle, Rhombus, Triangle,250,250, 
PA37,22, M,250,126,1,5.61E+02, short, Square, Triangle, Square,650,250, 
PA37,22, M,250,127,1,3.90E+02, long, Triangle, Square, Triangle,750,250, 
PA37,22, M,250,128,0,5.74E+02, short, Parallelogram, Pentagon, Parallelogram,250,250, 
PA37,22, M,250,129,0,4.08E+02, long, Circle, Pentagon, Circle,850,250, 
PA37,22, M,250,130,0,8.87E+02, short, Circle, Rhombus, Rhombus,550,250, 
PA37,22, M,250,131,1,3.97E+02, long, Circle, Square, Square,850,250, 
PA37,22, M,250,132,1,1.11E+03, short, Parallelogram, Square, Square,350,250, 
PA37,22, M,250,133,0,4.83E+02, long, Square, Triangle, Triangle,750,250, 
PA37,22, M,250,134,1,7.99E+02, short, Square, Triangle, Square,450,250, 
PA37,22, M,250,135,1,7.43E+02, short, Pentagon, Rhombus, Pentagon,750,250, 
PA37,22, M,250,136,1,1.21E+03, long, Triangle, Pentagon, Triangle,750,250, 
PA37,22, M,250,137,0,4.09E+02, long, Rhombus, Pentagon, Pentagon,750,250, 
PA37,22, M,250,138,1,3.69E+02, long, Parallelogram, Circle, Circle,550,250, 
PA37,22, M,250,139,0,4.49E+02, long, Pentagon, Triangle, Pentagon,650,250, 
PA37,22, M,250,140,0,3.27E+02, long, Square, Rhombus, Rhombus,850,250, 
PA37,22, M,250,141,1,5.43E+02, short, Rhombus, Pentagon, Pentagon,250,250, 
PA37,22, M,250,142,0,1.08E+03, long, Pentagon, Parallelogram, Pentagon,650,250, 
PA37,22, M,250,143,0,3.22E+02, long, Parallelogram, Circle, Parallelogram,750,250, 
PA37,22, M,250,144,0,6.78E+02, short, Triangle, Parallelogram, Parallelogram,250,250, 
PA37,22, M,250,145,0,4.98E+02, long, Triangle, Square, Triangle,550,250, 
PA37,22, M,250,146,1,5.92E+02, short, Rhombus, Square, Square,350,250, 
PA37,22, M,250,147,1,1.29E+03, long, Square, Circle, Square,550,250, 
PA37,22, M,250,148,0,4.28E+02, long, Circle, Triangle, Triangle,850,250, 
PA37,22, M,250,149,0,6.32E+02, short, Parallelogram, Triangle, Parallelogram,350,250, 
PA37,22, M,250,150,0,1.22E+03, long, Circle, Square, Square,550,250, 
PA37,22, M,250,151,1,2.48E+03, long, Rhombus, Circle, Circle,450,250, 
PA37,22, M,250,152,0,1.06E+03, long, Pentagon, Triangle, Triangle,450,250, 
PA37,22, M,250,153,0,1.20E+03, short, Square, Pentagon, Pentagon,350,250, 
PA37,22, M,250,154,1,3.50E+02, long, Triangle, Circle, Triangle,750,250, 
PA37,22, M,250,155,1,3.71E+02, long, Circle, Triangle, Triangle,850,250, 
PA37,22, M,250,156,1,6.82E+02, short, Pentagon, Rhombus, Pentagon,350,250, 
PA37,22, M,250,157,1,8.08E+02, short, Parallelogram, Circle, Circle,550,250, 
PA37,22, M,250,158,0,8.29E+02, short, Rhombus, Circle, Circle,350,250, 
PA37,22, M,250,159,1,3.71E+02, long, Square, Circle, Square,650,250, 
PA37,22, M,250,160,1,2.97E+02, long, Parallelogram, Square, Square,750,250, 
PA37,22, M,250,161,0,1.18E+03, long, Circle, Triangle, Circle,650,250, 
PA37,22, M,250,162,1,3.75E+02, long, Rhombus, Square, Square,550,250, 
PA37,22, M,250,163,0,3.97E+02, long, Square, Pentagon, Square,850,250, 
PA37,22, M,250,164,0,5.60E+02, long, Square, Pentagon, Pentagon,750,250, 
PA37,22, M,250,165,0,3.23E+02, long, Triangle, Rhombus, Triangle,750,250, 
PA37,22, M,250,166,0,7.71E+02, short, Parallelogram, Triangle, Triangle,350,250, 
PA37,22, M,250,167,0,6.87E+02, short, Rhombus, Triangle, Rhombus,250,250, 
PA37,22, M,250,168,0,8.13E+02, short, Parallelogram, Triangle, Triangle,350,250, 
PA37,22, M,250,169,0,6.32E+02, long, Triangle, Circle, Triangle,450,250, 
PA37,22, M,250,170,0,3.64E+02, long, Pentagon, Circle, Circle,550,250, 
PA37,22, M,250,171,1,1.65E+03, long, Circle, Square, Square,350,250, 
PA37,22, M,250,172,1,3.01E+02, long, Square, Rhombus, Rhombus,850,250, 
PA37,22, M,250,173,0,2.10E+03, short, Circle, Parallelogram, Parallelogram,350,250, 
PA37,22, M,250,174,0,4.87E+02, short, Rhombus, Square, Rhombus,250,250, 
PA37,22, M,250,175,0,1.02E+03, long, Parallelogram, Square, Parallelogram,550,250, 
PA37,22, M,250,176,1,9.42E+02, short, Pentagon, Triangle, Triangle,450,250, 
PA37,22, M,250,177,1,6.90E+02, short, Rhombus, Circle, Rhombus,250,250, 
PA37,22, M,250,178,1,1.49E+03, long, Rhombus, Pentagon, Pentagon,550,250, 
PA37,22, M,250,179,1,5.50E+02, short, Pentagon, Rhombus, Rhombus,250,250, 
PA37,22, M,250,180,1,6.88E+02, short, Parallelogram, Circle, Parallelogram,350,250, 
PA37,22, M,250,181,0,3.93E+02, long, Square, Rhombus, Rhombus,650,250, 
PA37,22, M,250,182,1,7.76E+02, short, Triangle, Rhombus, Rhombus,250,250, 
PA37,22, M,250,183,0,4.64E+02, long, Square, Circle, Square,550,250, 
PA37,22, M,250,184,1,2.25E+03, long, Square, Pentagon, Square,450,250, 
PA37,22, M,250,185,0,4.76E+02, long, Circle, Square, Square,450,250, 
PA37,22, M,250,186,0,5.32E+02, long, Square, Circle, Square,650,250, 
PA37,22, M,250,187,0,3.28E+02, long, Parallelogram, Square, Square,650,250, 
PA37,22, M,250,188,0,8.19E+02, short, Triangle, Parallelogram, Triangle,350,250, 
PA37,22, M,250,189,1,2.76E+02, long, Square, Triangle, Triangle,850,250, 
PA37,22, M,250,190,0,1.42E+03, long, Rhombus, Triangle, Rhombus,750,250, 
PA37,22, M,250,191,0,3.62E+02, long, Square, Circle, Circle,650,250, 
PA37,22, M,250,192,0,3.22E+02, long, Pentagon, Square, Pentagon,650,250, 
PA37,22, M,250,193,1,3.83E+02, long, Square, Triangle, Triangle,850,250, 
PA37,22, M,250,194,1,2.35E+03, long, Triangle, Rhombus, Rhombus,650,250, 
PA37,22, M,250,195,0,9.03E+02, short, Pentagon, Rhombus, Pentagon,350,250, 
PA37,22, M,250,196,1,2.97E+02, long, Circle, Pentagon, Pentagon,650,250, 
PA37,22, M,250,197,0,2.04E+03, long, Rhombus, Square, Rhombus,550,250, 
PA37,22, M,250,198,0,3.53E+02, long, Square, Parallelogram, Parallelogram,550,250, 
PA37,22, M,250,199,0,2.77E+02, long, Square, Pentagon, Square,850,250, 
PA37,22, M,250,200,0,1.22E+03, long, Triangle, Pentagon, Pentagon,550,250, 
PA37,22, M,250,201,1,9.53E+02, long, Pentagon, Rhombus, Pentagon,450,250, 
PA37,22, M,250,202,0,6.77E+02, short, Square, Rhombus, Rhombus,250,250, 
PA37,22, M,250,203,0,2.71E+02, long, Circle, Parallelogram, Parallelogram,650,250, 
PA37,22, M,250,204,0,3.17E+02, long, Rhombus, Circle, Rhombus,450,250, 
PA37,22, M,250,205,0,6.79E+02, short, Circle, Triangle, Triangle,250,250, 
PA37,22, M,250,206,0,2.77E+02, long, Parallelogram, Square, Parallelogram,850,250, 
PA37,22, M,250,207,1,5.21E+02, long, Rhombus, Parallelogram, Rhombus,350,250, 
PA37,22, M,250,208,1,2.58E+02, long, Pentagon, Square, Square,750,250, 
PA37,22, M,250,209,1,4.67E+02, long, Square, Triangle, Triangle,750,250, 
PA37,22, M,250,210,0,8.02E+03, long, Pentagon, Rhombus, Pentagon,750,250, 
