﻿Subject ID, Subject Age, Gender, Group, TrialNumber, Intended or Unintended Outcome, Reaction Time on Outcome Response, Response - Short or Long, Left Image Code, Right Image Code, Chosen Image Code, Objective Duration of Stimulus, Stimulus Delay,
PA20,27, F,1000,1,1,9.62E+02, short, Rhombus, Parallelogram, Rhombus,550,1000, 
PA20,27, F,1000,2,0,1.80E+03, long, Pentagon, Circle, Pentagon,550,1000, 
PA20,27, F,1000,3,0,7.91E+02, short, Circle, Square, Circle,250,1000, 
PA20,27, F,1000,4,0,2.70E+03, long, Triangle, Pentagon, Triangle,750,1000, 
PA20,27, F,1000,5,0,8.59E+02, short, Parallelogram, Pentagon, Pentagon,450,1000, 
PA20,27, F,1000,6,1,8.87E+02, short, Square, Rhombus, Rhombus,450,1000, 
PA20,27, F,1000,7,0,5.51E+02, long, Triangle, Rhombus, Rhombus,850,1000, 
PA20,27, F,1000,8,1,5.47E+03, long, Square, Parallelogram, Parallelogram,450,1000, 
PA20,27, F,1000,9,0,1.28E+03, long, Parallelogram, Pentagon, Pentagon,650,1000, 
PA20,27, F,1000,10,0,1.25E+03, short, Circle, Parallelogram, Circle,550,1000, 
PA20,27, F,1000,11,1,2.50E+03, short, Pentagon, Rhombus, Pentagon,750,1000, 
PA20,27, F,1000,12,1,1.32E+03, short, Circle, Pentagon, Circle,650,1000, 
PA20,27, F,1000,13,1,8.58E+02, short, Parallelogram, Triangle, Parallelogram,250,1000, 
PA20,27, F,1000,14,0,5.56E+02, long, Square, Triangle, Triangle,850,1000, 
PA20,27, F,1000,15,1,7.66E+02, short, Pentagon, Parallelogram, Parallelogram,350,1000, 
PA20,27, F,1000,16,1,1.39E+03, long, Square, Rhombus, Square,550,1000, 
PA20,27, F,1000,17,0,8.53E+02, short, Circle, Pentagon, Circle,350,1000, 
PA20,27, F,1000,18,1,1.48E+03, long, Parallelogram, Circle, Circle,650,1000, 
PA20,27, F,1000,19,1,9.09E+02, short, Parallelogram, Triangle, Triangle,250,1000, 
PA20,27, F,1000,20,1,7.01E+02, short, Circle, Pentagon, Circle,350,1000, 
PA20,27, F,1000,21,0,5.61E+02, short, Triangle, Parallelogram, Triangle,350,1000, 
PA20,27, F,1000,22,1,1.34E+03, long, Parallelogram, Rhombus, Rhombus,550,1000, 
PA20,27, F,1000,23,1,7.17E+02, short, Triangle, Circle, Triangle,450,1000, 
PA20,27, F,1000,24,1,9.09E+02, short, Triangle, Square, Square,350,1000, 
PA20,27, F,1000,25,0,7.92E+02, short, Parallelogram, Rhombus, Parallelogram,450,1000, 
PA20,27, F,1000,26,0,5.82E+02, short, Rhombus, Pentagon, Pentagon,250,1000, 
PA20,27, F,1000,27,1,7.10E+02, short, Triangle, Circle, Triangle,550,1000, 
PA20,27, F,1000,28,1,2.24E+03, long, Circle, Parallelogram, Parallelogram,550,1000, 
PA20,27, F,1000,29,1,1.22E+03, long, Square, Parallelogram, Square,550,1000, 
PA20,27, F,1000,30,1,2.67E+03, long, Rhombus, Triangle, Triangle,550,1000, 
PA20,27, F,1000,31,1,9.94E+02, long, Triangle, Square, Triangle,650,1000, 
PA20,27, F,1000,32,0,8.68E+02, long, Parallelogram, Pentagon, Pentagon,750,1000, 
PA20,27, F,1000,33,1,7.20E+02, short, Parallelogram, Square, Parallelogram,250,1000, 
PA20,27, F,1000,34,0,7.40E+02, short, Square, Parallelogram, Parallelogram,450,1000, 
PA20,27, F,1000,35,1,4.87E+02, long, Rhombus, Pentagon, Rhombus,850,1000, 
PA20,27, F,1000,36,1,6.03E+02, long, Triangle, Parallelogram, Parallelogram,850,1000, 
PA20,27, F,1000,37,0,6.99E+02, short, Triangle, Pentagon, Triangle,550,1000, 
PA20,27, F,1000,38,0,7.13E+02, short, Square, Circle, Circle,350,1000, 
PA20,27, F,1000,39,1,5.19E+02, long, Triangle, Circle, Triangle,750,1000, 
PA20,27, F,1000,40,1,1.13E+03, long, Rhombus, Circle, Circle,650,1000, 
PA20,27, F,1000,41,1,5.23E+02, long, Circle, Pentagon, Circle,750,1000, 
PA20,27, F,1000,42,0,8.67E+02, short, Triangle, Pentagon, Pentagon,350,1000, 
PA20,27, F,1000,43,0,1.51E+03, long, Pentagon, Square, Pentagon,850,1000, 
PA20,27, F,1000,44,0,4.38E+02, long, Rhombus, Circle, Rhombus,850,1000, 
PA20,27, F,1000,45,0,7.84E+02, short, Triangle, Pentagon, Pentagon,450,1000, 
PA20,27, F,1000,46,0,7.38E+02, long, Circle, Triangle, Triangle,750,1000, 
PA20,27, F,1000,47,1,9.76E+02, long, Square, Pentagon, Square,650,1000, 
PA20,27, F,1000,48,1,1.96E+03, long, Circle, Triangle, Triangle,450,1000, 
PA20,27, F,1000,49,1,8.68E+02, long, Parallelogram, Pentagon, Pentagon,650,1000, 
PA20,27, F,1000,50,1,9.28E+02, short, Rhombus, Pentagon, Rhombus,250,1000, 
PA20,27, F,1000,51,1,7.66E+02, short, Rhombus, Circle, Circle,250,1000, 
PA20,27, F,1000,52,1,6.80E+02, long, Rhombus, Parallelogram, Rhombus,650,1000, 
PA20,27, F,1000,53,0,9.22E+02, short, Pentagon, Parallelogram, Parallelogram,350,1000, 
PA20,27, F,1000,54,1,5.73E+02, long, Rhombus, Square, Rhombus,650,1000, 
PA20,27, F,1000,55,0,3.82E+02, long, Triangle, Square, Square,850,1000, 
PA20,27, F,1000,56,0,4.11E+02, long, Rhombus, Parallelogram, Parallelogram,750,1000, 
PA20,27, F,1000,57,0,1.62E+03, long, Parallelogram, Rhombus, Parallelogram,550,1000, 
PA20,27, F,1000,58,1,1.26E+03, short, Circle, Rhombus, Rhombus,250,1000, 
PA20,27, F,1000,59,1,1.53E+03, short, Rhombus, Square, Rhombus,350,1000, 
PA20,27, F,1000,60,0,6.31E+02, short, Rhombus, Pentagon, Pentagon,250,1000, 
PA20,27, F,1000,61,1,4.79E+02, long, Pentagon, Circle, Pentagon,650,1000, 
PA20,27, F,1000,62,0,6.19E+02, short, Parallelogram, Square, Square,450,1000, 
PA20,27, F,1000,63,0,2.19E+03, long, Rhombus, Triangle, Rhombus,550,1000, 
PA20,27, F,1000,64,1,4.76E+02, long, Rhombus, Triangle, Rhombus,750,1000, 
PA20,27, F,1000,65,0,4.87E+02, long, Rhombus, Parallelogram, Rhombus,850,1000, 
PA20,27, F,1000,66,1,1.30E+03, long, Pentagon, Circle, Pentagon,450,1000, 
PA20,27, F,1000,67,1,1.18E+03, short, Triangle, Parallelogram, Triangle,450,1000, 
PA20,27, F,1000,68,0,6.46E+02, short, Triangle, Parallelogram, Triangle,250,1000, 
PA20,27, F,1000,69,1,7.90E+02, short, Parallelogram, Pentagon, Parallelogram,350,1000, 
PA20,27, F,1000,70,1,5.50E+02, short, Circle, Parallelogram, Circle,250,1000, 
PA20,27, F,1000,71,1,4.64E+02, long, Pentagon, Circle, Pentagon,850,1000, 
PA20,27, F,1000,72,1,6.06E+02, long, Circle, Parallelogram, Circle,850,1000, 
PA20,27, F,1000,73,1,3.46E+02, long, Triangle, Square, Square,750,1000, 
PA20,27, F,1000,74,1,7.87E+02, short, Square, Circle, Circle,550,1000, 
PA20,27, F,1000,75,1,6.16E+02, long, Parallelogram, Rhombus, Rhombus,650,1000, 
PA20,27, F,1000,76,0,3.68E+02, long, Triangle, Parallelogram, Parallelogram,650,1000, 
PA20,27, F,1000,77,1,7.36E+02, long, Parallelogram, Circle, Circle,650,1000, 
PA20,27, F,1000,78,0,7.59E+02, short, Parallelogram, Rhombus, Rhombus,250,1000, 
PA20,27, F,1000,79,0,2.13E+03, short, Circle, Pentagon, Pentagon,450,1000, 
PA20,27, F,1000,80,1,3.29E+02, long, Square, Rhombus, Rhombus,850,1000, 
PA20,27, F,1000,81,0,3.79E+02, long, Parallelogram, Circle, Circle,850,1000, 
PA20,27, F,1000,82,1,4.15E+02, long, Circle, Rhombus, Rhombus,850,1000, 
PA20,27, F,1000,83,0,5.11E+02, long, Pentagon, Parallelogram, Parallelogram,750,1000, 
PA20,27, F,1000,84,0,8.63E+02, short, Rhombus, Square, Square,250,1000, 
PA20,27, F,1000,85,1,6.70E+02, short, Circle, Rhombus, Rhombus,250,1000, 
PA20,27, F,1000,86,0,4.05E+02, long, Pentagon, Square, Square,750,1000, 
PA20,27, F,1000,87,0,9.47E+02, long, Circle, Square, Circle,850,1000, 
PA20,27, F,1000,88,1,4.63E+02, long, Parallelogram, Triangle, Parallelogram,850,1000, 
PA20,27, F,1000,89,0,7.12E+02, long, Pentagon, Parallelogram, Pentagon,850,1000, 
PA20,27, F,1000,90,0,4.04E+02, long, Pentagon, Triangle, Pentagon,750,1000, 
PA20,27, F,1000,91,1,5.90E+02, short, Circle, Rhombus, Circle,250,1000, 
PA20,27, F,1000,92,0,1.06E+03, long, Rhombus, Parallelogram, Rhombus,650,1000, 
PA20,27, F,1000,93,1,1.09E+03, long, Triangle, Circle, Triangle,450,1000, 
PA20,27, F,1000,94,1,3.06E+02, long, Pentagon, Circle, Pentagon,750,1000, 
PA20,27, F,1000,95,0,7.74E+02, short, Pentagon, Triangle, Pentagon,450,1000, 
PA20,27, F,1000,96,1,4.28E+02, long, Pentagon, Parallelogram, Pentagon,750,1000, 
PA20,27, F,1000,97,1,4.82E+02, long, Triangle, Rhombus, Triangle,750,1000, 
PA20,27, F,1000,98,1,1.66E+03, short, Pentagon, Square, Pentagon,350,1000, 
PA20,27, F,1000,99,0,1.04E+03, short, Pentagon, Square, Pentagon,450,1000, 
PA20,27, F,1000,100,0,3.92E+02, long, Pentagon, Square, Pentagon,650,1000, 
PA20,27, F,1000,101,0,4.50E+02, long, Rhombus, Triangle, Rhombus,750,1000, 
PA20,27, F,1000,102,1,2.97E+02, long, Square, Parallelogram, Square,850,1000, 
PA20,27, F,1000,103,1,3.53E+02, long, Parallelogram, Triangle, Parallelogram,550,1000, 
PA20,27, F,1000,104,0,6.09E+02, short, Circle, Triangle, Circle,250,1000, 
PA20,27, F,1000,105,0,7.33E+02, short, Square, Parallelogram, Square,250,1000, 
PA20,27, F,1000,106,1,4.31E+02, long, Parallelogram, Rhombus, Parallelogram,450,1000, 
PA20,27, F,1000,107,1,7.79E+02, short, Square, Parallelogram, Square,350,1000, 
PA20,27, F,1000,108,1,5.31E+02, short, Rhombus, Triangle, Rhombus,350,1000, 
PA20,27, F,1000,109,0,3.71E+02, long, Pentagon, Triangle, Pentagon,550,1000, 
PA20,27, F,1000,110,0,2.85E+02, long, Rhombus, Parallelogram, Rhombus,650,1000, 
PA20,27, F,1000,111,1,5.83E+02, short, Circle, Rhombus, Circle,450,1000, 
PA20,27, F,1000,112,1,5.21E+02, long, Circle, Rhombus, Circle,850,1000, 
PA20,27, F,1000,113,0,6.36E+02, short, Pentagon, Circle, Pentagon,250,1000, 
PA20,27, F,1000,114,0,9.31E+02, short, Square, Pentagon, Square,350,1000, 
PA20,27, F,1000,115,1,6.58E+02, short, Triangle, Square, Triangle,250,1000, 
PA20,27, F,1000,116,1,7.58E+02, short, Parallelogram, Rhombus, Parallelogram,450,1000, 
PA20,27, F,1000,117,0,5.72E+02, long, Triangle, Circle, Triangle,650,1000, 
PA20,27, F,1000,118,0,6.60E+02, short, Pentagon, Parallelogram, Pentagon,350,1000, 
PA20,27, F,1000,119,0,8.20E+02, short, Circle, Square, Circle,450,1000, 
PA20,27, F,1000,120,1,4.42E+02, long, Circle, Parallelogram, Circle,850,1000, 
PA20,27, F,1000,121,1,6.78E+02, short, Triangle, Pentagon, Triangle,350,1000, 
PA20,27, F,1000,122,1,7.94E+02, long, Parallelogram, Pentagon, Parallelogram,550,1000, 
PA20,27, F,1000,123,0,3.66E+02, long, Triangle, Rhombus, Triangle,450,1000, 
PA20,27, F,1000,124,0,4.51E+02, long, Pentagon, Triangle, Pentagon,450,1000, 
PA20,27, F,1000,125,1,6.41E+02, short, Triangle, Rhombus, Triangle,250,1000, 
PA20,27, F,1000,126,1,5.04E+02, long, Square, Triangle, Square,650,1000, 
PA20,27, F,1000,127,1,2.00E+03, short, Triangle, Square, Square,750,1000, 
PA20,27, F,1000,128,0,6.55E+02, short, Parallelogram, Pentagon, Pentagon,250,1000, 
PA20,27, F,1000,129,0,7.11E+02, long, Circle, Pentagon, Pentagon,850,1000, 
PA20,27, F,1000,130,0,1.29E+03, long, Circle, Rhombus, Rhombus,550,1000, 
PA20,27, F,1000,131,1,4.11E+02, long, Circle, Square, Square,850,1000, 
PA20,27, F,1000,132,1,7.11E+02, short, Parallelogram, Square, Square,350,1000, 
PA20,27, F,1000,133,0,4.87E+02, long, Square, Triangle, Triangle,750,1000, 
PA20,27, F,1000,134,1,2.01E+03, long, Square, Triangle, Triangle,450,1000, 
PA20,27, F,1000,135,1,3.79E+02, long, Pentagon, Rhombus, Rhombus,750,1000, 
PA20,27, F,1000,136,1,3.55E+02, long, Triangle, Pentagon, Pentagon,750,1000, 
PA20,27, F,1000,137,0,5.15E+02, long, Rhombus, Pentagon, Pentagon,750,1000, 
PA20,27, F,1000,138,1,4.58E+02, long, Parallelogram, Circle, Circle,550,1000, 
PA20,27, F,1000,139,0,2.70E+02, long, Pentagon, Triangle, Triangle,650,1000, 
PA20,27, F,1000,140,0,2.88E+02, long, Square, Rhombus, Rhombus,850,1000, 
PA20,27, F,1000,141,1,6.94E+02, short, Rhombus, Pentagon, Pentagon,250,1000, 
PA20,27, F,1000,142,0,2.60E+03, long, Pentagon, Parallelogram, Parallelogram,650,1000, 
PA20,27, F,1000,143,0,2.86E+02, long, Parallelogram, Circle, Parallelogram,750,1000, 
PA20,27, F,1000,144,0,9.21E+02, short, Triangle, Parallelogram, Triangle,250,1000, 
PA20,27, F,1000,145,0,3.30E+02, long, Triangle, Square, Triangle,550,1000, 
PA20,27, F,1000,146,1,6.08E+02, short, Rhombus, Square, Rhombus,350,1000, 
PA20,27, F,1000,147,1,4.54E+02, long, Square, Circle, Square,550,1000, 
PA20,27, F,1000,148,0,3.50E+02, long, Circle, Triangle, Circle,850,1000, 
PA20,27, F,1000,149,0,6.70E+02, short, Parallelogram, Triangle, Parallelogram,350,1000, 
PA20,27, F,1000,150,0,4.17E+02, short, Circle, Square, Circle,550,1000, 
PA20,27, F,1000,151,1,1.06E+03, short, Rhombus, Circle, Rhombus,450,1000, 
PA20,27, F,1000,152,0,3.36E+02, long, Pentagon, Triangle, Pentagon,450,1000, 
PA20,27, F,1000,153,0,6.52E+02, short, Square, Pentagon, Square,350,1000, 
PA20,27, F,1000,154,1,3.97E+02, long, Triangle, Circle, Triangle,750,1000, 
PA20,27, F,1000,155,1,2.18E+03, long, Circle, Triangle, Circle,850,1000, 
PA20,27, F,1000,156,1,1.60E+03, long, Pentagon, Rhombus, Rhombus,350,1000, 
PA20,27, F,1000,157,1,3.51E+02, long, Parallelogram, Circle, Circle,550,1000, 
PA20,27, F,1000,158,0,8.91E+02, long, Rhombus, Circle, Circle,350,1000, 
PA20,27, F,1000,159,1,3.59E+02, long, Square, Circle, Circle,650,1000, 
PA20,27, F,1000,160,1,3.31E+02, long, Parallelogram, Square, Square,750,1000, 
PA20,27, F,1000,161,0,4.59E+02, long, Circle, Triangle, Triangle,650,1000, 
PA20,27, F,1000,162,1,3.15E+02, long, Rhombus, Square, Square,550,1000, 
PA20,27, F,1000,163,0,2.77E+02, long, Square, Pentagon, Pentagon,850,1000, 
PA20,27, F,1000,164,0,4.43E+02, long, Square, Pentagon, Square,750,1000, 
PA20,27, F,1000,165,0,7.79E+02, short, Triangle, Rhombus, Triangle,750,1000, 
PA20,27, F,1000,166,0,7.96E+02, short, Parallelogram, Triangle, Parallelogram,350,1000, 
PA20,27, F,1000,167,0,1.08E+03, short, Rhombus, Triangle, Rhombus,250,1000, 
PA20,27, F,1000,168,0,1.11E+03, short, Parallelogram, Triangle, Parallelogram,350,1000, 
PA20,27, F,1000,169,0,8.54E+02, long, Triangle, Circle, Triangle,450,1000, 
PA20,27, F,1000,170,0,3.38E+02, long, Pentagon, Circle, Pentagon,550,1000, 
PA20,27, F,1000,171,1,7.54E+02, short, Circle, Square, Circle,350,1000, 
PA20,27, F,1000,172,1,1.88E+03, short, Square, Rhombus, Square,850,1000, 
PA20,27, F,1000,173,0,1.31E+03, short, Circle, Parallelogram, Circle,350,1000, 
PA20,27, F,1000,174,0,1.21E+03, short, Rhombus, Square, Rhombus,250,1000, 
PA20,27, F,1000,175,0,8.62E+02, short, Parallelogram, Square, Parallelogram,550,1000, 
PA20,27, F,1000,176,1,9.02E+02, short, Pentagon, Triangle, Pentagon,450,1000, 
PA20,27, F,1000,177,1,9.84E+02, short, Rhombus, Circle, Rhombus,250,1000, 
PA20,27, F,1000,178,1,1.71E+03, long, Rhombus, Pentagon, Rhombus,550,1000, 
PA20,27, F,1000,179,1,1.08E+03, short, Pentagon, Rhombus, Pentagon,250,1000, 
PA20,27, F,1000,180,1,1.17E+03, short, Parallelogram, Circle, Parallelogram,350,1000, 
PA20,27, F,1000,181,0,7.17E+02, long, Square, Rhombus, Square,650,1000, 
PA20,27, F,1000,182,1,7.47E+02, short, Triangle, Rhombus, Triangle,250,1000, 
PA20,27, F,1000,183,0,1.73E+03, long, Square, Circle, Square,550,1000, 
PA20,27, F,1000,184,1,6.75E+02, long, Square, Pentagon, Square,450,1000, 
PA20,27, F,1000,185,0,7.53E+02, long, Circle, Square, Circle,450,1000, 
PA20,27, F,1000,186,0,8.09E+02, long, Square, Circle, Square,650,1000, 
PA20,27, F,1000,187,0,5.63E+02, long, Parallelogram, Square, Parallelogram,650,1000, 
PA20,27, F,1000,188,0,7.47E+02, short, Triangle, Parallelogram, Triangle,350,1000, 
PA20,27, F,1000,189,1,5.79E+02, long, Square, Triangle, Square,850,1000, 
PA20,27, F,1000,190,0,4.25E+02, long, Rhombus, Triangle, Rhombus,750,1000, 
PA20,27, F,1000,191,0,4.05E+02, long, Square, Circle, Square,650,1000, 
PA20,27, F,1000,192,0,6.35E+02, long, Pentagon, Square, Pentagon,650,1000, 
PA20,27, F,1000,193,1,5.21E+02, long, Square, Triangle, Square,850,1000, 
PA20,27, F,1000,194,1,3.01E+02, long, Triangle, Rhombus, Triangle,650,1000, 
PA20,27, F,1000,195,0,9.22E+02, short, Pentagon, Rhombus, Pentagon,350,1000, 
PA20,27, F,1000,196,1,8.54E+02, long, Circle, Pentagon, Circle,650,1000, 
PA20,27, F,1000,197,0,5.00E+02, long, Rhombus, Square, Rhombus,550,1000, 
PA20,27, F,1000,198,0,1.22E+03, long, Square, Parallelogram, Square,550,1000, 
PA20,27, F,1000,199,0,4.30E+02, long, Square, Pentagon, Square,850,1000, 
PA20,27, F,1000,200,0,1.07E+03, long, Triangle, Pentagon, Triangle,550,1000, 
PA20,27, F,1000,201,1,3.52E+02, long, Pentagon, Rhombus, Pentagon,450,1000, 
PA20,27, F,1000,202,0,4.98E+02, short, Square, Rhombus, Square,250,1000, 
PA20,27, F,1000,203,0,3.56E+02, long, Circle, Parallelogram, Circle,650,1000, 
PA20,27, F,1000,204,0,8.74E+02, short, Rhombus, Circle, Rhombus,450,1000, 
PA20,27, F,1000,205,0,6.90E+02, short, Circle, Triangle, Circle,250,1000, 
PA20,27, F,1000,206,0,2.84E+02, long, Parallelogram, Square, Parallelogram,850,1000, 
PA20,27, F,1000,207,1,7.56E+02, short, Rhombus, Parallelogram, Rhombus,350,1000, 
PA20,27, F,1000,208,1,1.36E+03, long, Pentagon, Square, Pentagon,750,1000, 
PA20,27, F,1000,209,1,3.58E+02, short, Square, Triangle, Square,750,1000, 
PA20,27, F,1000,210,0,4.62E+02, long, Pentagon, Rhombus, Pentagon,750,1000, 
