﻿Subject ID, Subject Age, Gender, Group, TrialNumber, Intended or Unintended Outcome, Reaction Time on Outcome Response, Response - Short or Long, Left Image Code, Right Image Code, Chosen Image Code, Objective Duration of Stimulus, Stimulus Delay,
PA12,26, M,1000,1,0,9.01E+02, short, Circle, Square, Circle,450,1000, 
PA12,26, M,1000,2,1,4.63E+02, long, Rhombus, Square, Rhombus,750,1000, 
PA12,26, M,1000,3,1,8.44E+02, long, Triangle, Parallelogram, Triangle,650,1000, 
PA12,26, M,1000,4,1,6.28E+02, short, Pentagon, Parallelogram, Pentagon,350,1000, 
PA12,26, M,1000,5,1,1.10E+03, long, Circle, Pentagon, Circle,850,1000, 
PA12,26, M,1000,6,0,1.02E+03, long, Rhombus, Parallelogram, Parallelogram,550,1000, 
PA12,26, M,1000,7,0,4.48E+02, long, Parallelogram, Circle, Parallelogram,850,1000, 
PA12,26, M,1000,8,1,6.66E+02, short, Parallelogram, Pentagon, Pentagon,250,1000, 
PA12,26, M,1000,9,0,6.94E+02, long, Parallelogram, Rhombus, Rhombus,650,1000, 
PA12,26, M,1000,10,1,4.87E+02, long, Rhombus, Parallelogram, Rhombus,850,1000, 
PA12,26, M,1000,11,0,5.69E+02, short, Rhombus, Circle, Circle,250,1000, 
PA12,26, M,1000,12,0,7.09E+02, short, Square, Rhombus, Square,350,1000, 
PA12,26, M,1000,13,1,7.23E+02, short, Pentagon, Circle, Pentagon,250,1000, 
PA12,26, M,1000,14,1,5.68E+02, short, Square, Circle, Square,250,1000, 
PA12,26, M,1000,15,0,6.76E+02, long, Rhombus, Parallelogram, Rhombus,650,1000, 
PA12,26, M,1000,16,0,6.28E+02, long, Square, Pentagon, Square,750,1000, 
PA12,26, M,1000,17,0,1.10E+03, long, Parallelogram, Triangle, Parallelogram,850,1000, 
PA12,26, M,1000,18,1,5.33E+02, long, Pentagon, Triangle, Triangle,850,1000, 
PA12,26, M,1000,19,1,6.21E+02, long, Rhombus, Circle, Rhombus,650,1000, 
PA12,26, M,1000,20,1,2.65E+03, short, Parallelogram, Circle, Parallelogram,450,1000, 
PA12,26, M,1000,21,1,3.05E+03, long, Triangle, Square, Triangle,650,1000, 
PA12,26, M,1000,22,0,4.97E+02, long, Circle, Rhombus, Rhombus,850,1000, 
PA12,26, M,1000,23,0,6.11E+02, short, Circle, Parallelogram, Circle,550,1000, 
PA12,26, M,1000,24,1,5.70E+02, short, Rhombus, Pentagon, Rhombus,350,1000, 
PA12,26, M,1000,25,1,6.24E+02, short, Circle, Triangle, Circle,350,1000, 
PA12,26, M,1000,26,1,6.45E+02, short, Triangle, Circle, Circle,350,1000, 
PA12,26, M,1000,27,1,2.11E+03, long, Pentagon, Circle, Pentagon,550,1000, 
PA12,26, M,1000,28,0,1.80E+03, long, Circle, Rhombus, Rhombus,750,1000, 
PA12,26, M,1000,29,1,2.08E+03, long, Square, Circle, Square,650,1000, 
PA12,26, M,1000,30,1,5.52E+02, short, Circle, Parallelogram, Circle,250,1000, 
PA12,26, M,1000,31,0,1.05E+03, short, Rhombus, Parallelogram, Rhombus,550,1000, 
PA12,26, M,1000,32,0,2.33E+03, long, Circle, Pentagon, Circle,850,1000, 
PA12,26, M,1000,33,1,8.46E+02, long, Square, Triangle, Triangle,750,1000, 
PA12,26, M,1000,34,1,1.29E+03, long, Pentagon, Rhombus, Pentagon,650,1000, 
PA12,26, M,1000,35,1,4.87E+03, short, Triangle, Parallelogram, Parallelogram,750,1000, 
PA12,26, M,1000,36,1,1.85E+03, short, Square, Rhombus, Square,350,1000, 
PA12,26, M,1000,37,0,1.33E+03, short, Parallelogram, Square, Square,550,1000, 
PA12,26, M,1000,38,0,7.15E+02, long, Triangle, Pentagon, Triangle,850,1000, 
PA12,26, M,1000,39,1,9.21E+02, short, Triangle, Circle, Triangle,250,1000, 
PA12,26, M,1000,40,0,8.45E+02, short, Triangle, Square, Square,350,1000, 
PA12,26, M,1000,41,1,1.43E+03, short, Triangle, Parallelogram, Triangle,450,1000, 
PA12,26, M,1000,42,1,4.93E+02, long, Circle, Parallelogram, Parallelogram,850,1000, 
PA12,26, M,1000,43,1,1.11E+03, long, Square, Pentagon, Square,750,1000, 
PA12,26, M,1000,44,0,6.08E+02, short, Triangle, Pentagon, Triangle,450,1000, 
PA12,26, M,1000,45,0,7.66E+02, short, Square, Parallelogram, Parallelogram,350,1000, 
PA12,26, M,1000,46,0,5.44E+02, long, Parallelogram, Triangle, Parallelogram,750,1000, 
PA12,26, M,1000,47,0,8.34E+02, short, Triangle, Parallelogram, Parallelogram,350,1000, 
PA12,26, M,1000,48,0,5.26E+02, short, Circle, Rhombus, Circle,450,1000, 
PA12,26, M,1000,49,1,4.52E+02, long, Pentagon, Square, Square,750,1000, 
PA12,26, M,1000,50,0,5.76E+02, long, Rhombus, Triangle, Rhombus,750,1000, 
PA12,26, M,1000,51,0,7.02E+02, short, Parallelogram, Circle, Circle,550,1000, 
PA12,26, M,1000,52,1,7.58E+02, short, Square, Pentagon, Square,250,1000, 
PA12,26, M,1000,53,1,4.80E+02, long, Square, Triangle, Triangle,850,1000, 
PA12,26, M,1000,54,1,2.73E+03, long, Circle, Triangle, Circle,750,1000, 
PA12,26, M,1000,55,1,7.93E+02, long, Square, Triangle, Square,750,1000, 
PA12,26, M,1000,56,0,6.23E+02, short, Circle, Pentagon, Pentagon,250,1000, 
PA12,26, M,1000,57,0,2.42E+03, long, Square, Pentagon, Square,850,1000, 
PA12,26, M,1000,58,1,8.39E+02, long, Rhombus, Triangle, Triangle,550,1000, 
PA12,26, M,1000,59,0,5.79E+02, short, Rhombus, Circle, Rhombus,350,1000, 
PA12,26, M,1000,60,0,6.41E+02, short, Square, Circle, Circle,350,1000, 
PA12,26, M,1000,61,1,6.61E+02, long, Square, Rhombus, Square,650,1000, 
PA12,26, M,1000,62,0,1.90E+03, short, Rhombus, Circle, Rhombus,550,1000, 
PA12,26, M,1000,63,1,1.09E+03, short, Triangle, Circle, Triangle,650,1000, 
PA12,26, M,1000,64,1,2.29E+03, long, Triangle, Rhombus, Rhombus,650,1000, 
PA12,26, M,1000,65,1,6.58E+02, long, Square, Pentagon, Square,750,1000, 
PA12,26, M,1000,66,1,4.10E+02, long, Triangle, Parallelogram, Parallelogram,750,1000, 
PA12,26, M,1000,67,1,6.20E+02, short, Pentagon, Rhombus, Pentagon,350,1000, 
PA12,26, M,1000,68,0,4.72E+02, long, Parallelogram, Circle, Circle,750,1000, 
PA12,26, M,1000,69,0,1.29E+03, short, Square, Triangle, Square,350,1000, 
PA12,26, M,1000,70,0,5.02E+02, long, Rhombus, Parallelogram, Parallelogram,650,1000, 
PA12,26, M,1000,71,0,5.42E+02, long, Rhombus, Pentagon, Rhombus,750,1000, 
PA12,26, M,1000,72,0,1.26E+03, short, Parallelogram, Circle, Parallelogram,450,1000, 
PA12,26, M,1000,73,1,4.59E+03, short, Square, Parallelogram, Square,650,1000, 
PA12,26, M,1000,74,1,4.80E+02, long, Rhombus, Pentagon, Rhombus,550,1000, 
PA12,26, M,1000,75,0,8.18E+02, short, Pentagon, Rhombus, Pentagon,450,1000, 
PA12,26, M,1000,76,0,6.60E+02, short, Parallelogram, Pentagon, Pentagon,250,1000, 
PA12,26, M,1000,77,0,6.02E+02, short, Square, Triangle, Square,350,1000, 
PA12,26, M,1000,78,0,6.79E+02, short, Triangle, Rhombus, Rhombus,250,1000, 
PA12,26, M,1000,79,0,4.81E+02, short, Square, Triangle, Square,350,1000, 
PA12,26, M,1000,80,0,3.71E+02, long, Pentagon, Rhombus, Pentagon,750,1000, 
PA12,26, M,1000,81,0,5.07E+02, long, Circle, Square, Circle,550,1000, 
PA12,26, M,1000,82,0,6.15E+02, short, Circle, Rhombus, Circle,450,1000, 
PA12,26, M,1000,83,1,1.08E+03, short, Square, Rhombus, Square,550,1000, 
PA12,26, M,1000,84,1,8.91E+02, short, Circle, Parallelogram, Parallelogram,550,1000, 
PA12,26, M,1000,85,0,5.88E+02, short, Parallelogram, Rhombus, Parallelogram,250,1000, 
PA12,26, M,1000,86,0,3.38E+02, long, Parallelogram, Circle, Circle,750,1000, 
PA12,26, M,1000,87,0,3.42E+02, long, Parallelogram, Pentagon, Parallelogram,850,1000, 
PA12,26, M,1000,88,1,2.48E+02, long, Parallelogram, Square, Parallelogram,750,1000, 
PA12,26, M,1000,89,1,6.12E+02, long, Rhombus, Triangle, Rhombus,550,1000, 
PA12,26, M,1000,90,0,2.74E+02, long, Square, Circle, Square,750,1000, 
PA12,26, M,1000,91,0,5.50E+02, long, Parallelogram, Square, Parallelogram,650,1000, 
PA12,26, M,1000,92,1,2.86E+02, long, Circle, Square, Circle,650,1000, 
PA12,26, M,1000,93,0,2.72E+02, long, Circle, Rhombus, Circle,850,1000, 
PA12,26, M,1000,94,1,7.56E+02, long, Triangle, Pentagon, Triangle,550,1000, 
PA12,26, M,1000,95,0,5.86E+02, short, Rhombus, Triangle, Rhombus,250,1000, 
PA12,26, M,1000,96,1,9.21E+02, short, Triangle, Circle, Triangle,550,1000, 
PA12,26, M,1000,97,0,5.88E+02, short, Circle, Triangle, Triangle,350,1000, 
PA12,26, M,1000,98,1,1.14E+03, long, Pentagon, Triangle, Pentagon,550,1000, 
PA12,26, M,1000,99,1,1.23E+03, long, Triangle, Pentagon, Triangle,650,1000, 
PA12,26, M,1000,100,1,5.71E+02, long, Pentagon, Triangle, Triangle,650,1000, 
PA12,26, M,1000,101,1,1.19E+03, long, Pentagon, Circle, Pentagon,850,1000, 
PA12,26, M,1000,102,0,8.11E+02, long, Circle, Triangle, Circle,550,1000, 
PA12,26, M,1000,103,0,4.21E+02, long, Circle, Square, Circle,850,1000, 
PA12,26, M,1000,104,1,7.05E+02, short, Square, Parallelogram, Square,250,1000, 
PA12,26, M,1000,105,1,2.63E+02, long, Pentagon, Triangle, Pentagon,850,1000, 
PA12,26, M,1000,106,0,1.60E+03, long, Rhombus, Square, Rhombus,450,1000, 
PA12,26, M,1000,107,1,1.82E+03, short, Triangle, Square, Triangle,450,1000, 
PA12,26, M,1000,108,0,2.55E+03, short, Parallelogram, Square, Parallelogram,250,1000, 
PA12,26, M,1000,109,1,8.43E+02, short, Parallelogram, Triangle, Parallelogram,550,1000, 
PA12,26, M,1000,110,0,3.17E+02, long, Circle, Triangle, Circle,850,1000, 
PA12,26, M,1000,111,0,1.05E+03, short, Square, Rhombus, Square,650,1000, 
PA12,26, M,1000,112,1,1.02E+03, short, Square, Parallelogram, Parallelogram,450,1000, 
PA12,26, M,1000,113,1,4.10E+02, long, Parallelogram, Rhombus, Rhombus,750,1000, 
PA12,26, M,1000,114,1,2.75E+03, long, Parallelogram, Triangle, Parallelogram,650,1000, 
PA12,26, M,1000,115,0,4.44E+02, long, Square, Pentagon, Pentagon,850,1000, 
PA12,26, M,1000,116,1,6.22E+02, short, Rhombus, Pentagon, Pentagon,250,1000, 
PA12,26, M,1000,117,0,7.88E+02, short, Square, Triangle, Square,450,1000, 
PA12,26, M,1000,118,0,1.32E+03, long, Circle, Square, Square,550,1000, 
PA12,26, M,1000,119,1,6.35E+02, short, Pentagon, Parallelogram, Pentagon,350,1000, 
PA12,26, M,1000,120,1,7.35E+02, short, Circle, Pentagon, Circle,450,1000, 
PA12,26, M,1000,121,1,4.88E+02, short, Pentagon, Square, Square,450,1000, 
PA12,26, M,1000,122,1,4.65E+02, short, Rhombus, Triangle, Rhombus,350,1000, 
PA12,26, M,1000,123,1,4.08E+02, short, Pentagon, Triangle, Pentagon,250,1000, 
PA12,26, M,1000,124,1,6.73E+02, short, Pentagon, Parallelogram, Parallelogram,750,1000, 
PA12,26, M,1000,125,0,5.76E+02, short, Square, Parallelogram, Parallelogram,650,1000, 
PA12,26, M,1000,126,0,7.87E+02, short, Rhombus, Circle, Rhombus,350,1000, 
PA12,26, M,1000,127,1,5.62E+02, short, Parallelogram, Triangle, Parallelogram,450,1000, 
PA12,26, M,1000,128,0,6.35E+02, short, Parallelogram, Triangle, Triangle,450,1000, 
PA12,26, M,1000,129,0,4.03E+02, short, Rhombus, Pentagon, Rhombus,350,1000, 
PA12,26, M,1000,130,1,1.15E+03, long, Rhombus, Square, Rhombus,850,1000, 
PA12,26, M,1000,131,0,5.22E+02, short, Rhombus, Square, Square,350,1000, 
PA12,26, M,1000,132,1,4.50E+02, long, Parallelogram, Rhombus, Parallelogram,550,1000, 
PA12,26, M,1000,133,1,5.66E+02, short, Triangle, Square, Triangle,350,1000, 
PA12,26, M,1000,134,0,1.27E+03, long, Triangle, Circle, Triangle,850,1000, 
PA12,26, M,1000,135,1,6.44E+02, short, Pentagon, Circle, Pentagon,250,1000, 
PA12,26, M,1000,136,0,3.66E+02, long, Square, Rhombus, Square,850,1000, 
PA12,26, M,1000,137,0,7.40E+02, short, Circle, Square, Circle,550,1000, 
PA12,26, M,1000,138,1,7.70E+02, long, Triangle, Pentagon, Triangle,550,1000, 
PA12,26, M,1000,139,0,4.24E+02, long, Square, Circle, Circle,750,1000, 
PA12,26, M,1000,140,0,7.84E+02, short, Parallelogram, Rhombus, Rhombus,650,1000, 
PA12,26, M,1000,141,1,5.34E+02, short, Pentagon, Parallelogram, Parallelogram,450,1000, 
PA12,26, M,1000,142,1,4.01E+02, short, Triangle, Circle, Triangle,450,1000, 
PA12,26, M,1000,143,0,6.07E+02, short, Rhombus, Parallelogram, Parallelogram,250,1000, 
PA12,26, M,1000,144,0,1.15E+03, long, Pentagon, Square, Square,750,1000, 
PA12,26, M,1000,145,1,7.39E+02, short, Pentagon, Square, Pentagon,750,1000, 
PA12,26, M,1000,146,1,6.17E+02, short, Parallelogram, Circle, Parallelogram,250,1000, 
PA12,26, M,1000,147,0,6.23E+02, short, Square, Circle, Circle,250,1000, 
PA12,26, M,1000,148,0,4.57E+02, long, Rhombus, Pentagon, Pentagon,850,1000, 
PA12,26, M,1000,149,1,6.71E+02, short, Circle, Rhombus, Circle,250,1000, 
PA12,26, M,1000,150,0,5.11E+02, short, Pentagon, Circle, Circle,450,1000, 
PA12,26, M,1000,151,1,3.13E+02, long, Circle, Parallelogram, Circle,850,1000, 
PA12,26, M,1000,152,0,2.83E+03, long, Parallelogram, Rhombus, Rhombus,550,1000, 
PA12,26, M,1000,153,0,4.81E+02, long, Circle, Pentagon, Pentagon,650,1000, 
PA12,26, M,1000,154,1,8.89E+02, short, Circle, Pentagon, Pentagon,450,1000, 
PA12,26, M,1000,155,1,1.13E+03, short, Triangle, Square, Triangle,450,1000, 
PA12,26, M,1000,156,1,6.90E+02, short, Square, Circle, Square,250,1000, 
PA12,26, M,1000,157,1,4.60E+03, short, Pentagon, Square, Square,250,1000, 
PA12,26, M,1000,158,0,4.46E+02, long, Rhombus, Circle, Circle,650,1000, 
PA12,26, M,1000,159,0,1.37E+03, short, Triangle, Rhombus, Rhombus,550,1000, 
PA12,26, M,1000,160,1,4.50E+02, long, Rhombus, Circle, Rhombus,850,1000, 
PA12,26, M,1000,161,1,6.48E+02, long, Triangle, Rhombus, Rhombus,550,1000, 
PA12,26, M,1000,162,0,1.41E+03, long, Parallelogram, Rhombus, Rhombus,650,1000, 
PA12,26, M,1000,163,0,4.52E+02, long, Pentagon, Rhombus, Rhombus,550,1000, 
PA12,26, M,1000,164,0,9.86E+02, short, Circle, Pentagon, Pentagon,450,1000, 
PA12,26, M,1000,165,1,4.14E+02, long, Rhombus, Triangle, Rhombus,850,1000, 
PA12,26, M,1000,166,1,5.35E+02, long, Rhombus, Square, Rhombus,650,1000, 
PA12,26, M,1000,167,0,7.56E+02, short, Pentagon, Parallelogram, Pentagon,350,1000, 
PA12,26, M,1000,168,0,4.42E+02, long, Parallelogram, Square, Square,650,1000, 
PA12,26, M,1000,169,0,4.73E+02, long, Triangle, Square, Triangle,750,1000, 
PA12,26, M,1000,170,0,5.33E+02, short, Square, Parallelogram, Square,450,1000, 
PA12,26, M,1000,171,0,8.28E+02, short, Triangle, Pentagon, Triangle,550,1000, 
PA12,26, M,1000,172,0,9.00E+02, short, Triangle, Parallelogram, Parallelogram,450,1000, 
PA12,26, M,1000,173,0,7.92E+02, short, Pentagon, Square, Pentagon,550,1000, 
PA12,26, M,1000,174,1,3.46E+02, long, Pentagon, Parallelogram, Parallelogram,850,1000, 
PA12,26, M,1000,175,1,6.70E+02, short, Circle, Triangle, Circle,450,1000, 
PA12,26, M,1000,176,1,6.24E+02, short, Triangle, Circle, Triangle,350,1000, 
PA12,26, M,1000,177,1,5.14E+02, long, Parallelogram, Square, Parallelogram,850,1000, 
PA12,26, M,1000,178,1,4.45E+02, long, Square, Parallelogram, Square,650,1000, 
PA12,26, M,1000,179,0,6.54E+02, long, Pentagon, Rhombus, Pentagon,850,1000, 
PA12,26, M,1000,180,0,6.66E+02, short, Parallelogram, Square, Square,450,1000, 
PA12,26, M,1000,181,1,5.96E+02, short, Triangle, Parallelogram, Triangle,250,1000, 
PA12,26, M,1000,182,1,4.34E+02, long, Pentagon, Parallelogram, Parallelogram,550,1000, 
PA12,26, M,1000,183,0,3.86E+02, long, Rhombus, Parallelogram, Rhombus,650,1000, 
PA12,26, M,1000,184,1,7.21E+02, short, Triangle, Rhombus, Triangle,450,1000, 
PA12,26, M,1000,185,1,7.17E+02, short, Parallelogram, Pentagon, Pentagon,350,1000, 
PA12,26, M,1000,186,0,6.39E+02, short, Parallelogram, Pentagon, Pentagon,250,1000, 
PA12,26, M,1000,187,0,5.69E+02, short, Pentagon, Square, Square,250,1000, 
PA12,26, M,1000,188,1,6.19E+02, short, Rhombus, Square, Rhombus,350,1000, 
PA12,26, M,1000,189,1,6.71E+02, long, Rhombus, Triangle, Triangle,550,1000, 
PA12,26, M,1000,190,0,7.47E+02, short, Parallelogram, Pentagon, Parallelogram,250,1000, 
PA12,26, M,1000,191,1,7.07E+02, long, Parallelogram, Pentagon, Parallelogram,750,1000, 
PA12,26, M,1000,192,0,6.59E+02, short, Triangle, Rhombus, Triangle,250,1000, 
PA12,26, M,1000,193,0,7.11E+02, long, Triangle, Square, Triangle,650,1000, 
PA12,26, M,1000,194,1,7.47E+02, long, Parallelogram, Triangle, Parallelogram,350,1000, 
PA12,26, M,1000,195,0,5.28E+02, short, Pentagon, Rhombus, Pentagon,250,1000, 
PA12,26, M,1000,196,0,5.27E+02, short, Pentagon, Triangle, Pentagon,250,1000, 
PA12,26, M,1000,197,1,6.86E+02, short, Circle, Triangle, Circle,350,1000, 
PA12,26, M,1000,198,0,8.33E+02, long, Square, Rhombus, Rhombus,750,1000, 
PA12,26, M,1000,199,0,5.47E+02, short, Circle, Rhombus, Circle,450,1000, 
PA12,26, M,1000,200,1,4.56E+02, short, Pentagon, Circle, Pentagon,450,1000, 
PA12,26, M,1000,201,1,1.32E+03, short, Rhombus, Square, Rhombus,750,1000, 
PA12,26, M,1000,202,1,6.94E+02, short, Circle, Parallelogram, Circle,450,1000, 
PA12,26, M,1000,203,0,5.20E+02, long, Triangle, Rhombus, Triangle,650,1000, 
PA12,26, M,1000,204,1,3.64E+02, long, Rhombus, Pentagon, Rhombus,850,1000, 
PA12,26, M,1000,205,0,4.48E+02, short, Pentagon, Triangle, Triangle,350,1000, 
PA12,26, M,1000,206,1,4.47E+02, long, Pentagon, Circle, Circle,850,1000, 
PA12,26, M,1000,207,0,1.13E+03, long, Circle, Square, Square,750,1000, 
PA12,26, M,1000,208,0,9.20E+02, long, Square, Pentagon, Pentagon,650,1000, 
PA12,26, M,1000,209,0,1.22E+03, long, Triangle, Pentagon, Triangle,750,1000, 
PA12,26, M,1000,210,1,4.46E+02, short, Circle, Parallelogram, Circle,350,1000, 
