﻿Subject ID, Subject Age, Gender, Group, TrialNumber, Intended or Unintended Outcome, Reaction Time on Outcome Response, Response - Short or Long, Left Image Code, Right Image Code, Chosen Image Code, Objective Duration of Stimulus, Stimulus Delay,
PA47,20, M,250,1,0,1.52E+03, short, Circle, Rhombus, Circle,350,250, 
PA47,20, M,250,2,0,9.94E+02, short, Square, Triangle, Triangle,350,250, 
PA47,20, M,250,3,1,4.19E+02, long, Parallelogram, Square, Square,650,250, 
PA47,20, M,250,4,1,4.17E+02, long, Rhombus, Square, Rhombus,850,250, 
PA47,20, M,250,5,1,9.27E+02, long, Parallelogram, Rhombus, Rhombus,550,250, 
PA47,20, M,250,6,0,5.97E+02, long, Circle, Pentagon, Circle,850,250, 
PA47,20, M,250,7,1,5.89E+02, long, Pentagon, Rhombus, Rhombus,750,250, 
PA47,20, M,250,8,0,1.02E+03, short, Circle, Rhombus, Circle,250,250, 
PA47,20, M,250,9,0,2.16E+03, short, Triangle, Square, Triangle,450,250, 
PA47,20, M,250,10,0,2.76E+03, long, Rhombus, Parallelogram, Parallelogram,550,250, 
PA47,20, M,250,11,1,5.40E+02, long, Triangle, Parallelogram, Triangle,650,250, 
PA47,20, M,250,12,0,8.44E+02, short, Parallelogram, Square, Square,250,250, 
PA47,20, M,250,13,1,8.32E+02, long, Parallelogram, Pentagon, Parallelogram,750,250, 
PA47,20, M,250,14,0,6.44E+02, short, Triangle, Parallelogram, Parallelogram,450,250, 
PA47,20, M,250,15,0,5.04E+02, long, Pentagon, Triangle, Triangle,750,250, 
PA47,20, M,250,16,0,5.81E+02, short, Pentagon, Circle, Circle,550,250, 
PA47,20, M,250,17,0,5.13E+02, short, Pentagon, Square, Square,450,250, 
PA47,20, M,250,18,1,6.37E+02, short, Pentagon, Square, Square,250,250, 
PA47,20, M,250,19,1,5.65E+02, short, Triangle, Circle, Circle,250,250, 
PA47,20, M,250,20,0,6.93E+02, short, Pentagon, Circle, Circle,350,250, 
PA47,20, M,250,21,1,3.33E+02, long, Triangle, Square, Triangle,850,250, 
PA47,20, M,250,22,1,8.25E+02, short, Square, Rhombus, Square,550,250, 
PA47,20, M,250,23,1,4.81E+02, long, Triangle, Square, Square,750,250, 
PA47,20, M,250,24,1,2.77E+03, long, Triangle, Circle, Circle,650,250, 
PA47,20, M,250,25,0,1.02E+03, long, Pentagon, Triangle, Triangle,850,250, 
PA47,20, M,250,26,0,6.36E+02, short, Rhombus, Circle, Circle,750,250, 
PA47,20, M,250,27,0,4.68E+02, short, Pentagon, Square, Square,750,250, 
PA47,20, M,250,28,0,1.24E+03, long, Circle, Rhombus, Circle,850,250, 
PA47,20, M,250,29,0,6.68E+02, short, Rhombus, Parallelogram, Rhombus,750,250, 
PA47,20, M,250,30,1,6.50E+02, short, Rhombus, Circle, Circle,350,250, 
PA47,20, M,250,31,0,8.82E+02, short, Triangle, Square, Triangle,550,250, 
PA47,20, M,250,32,1,5.38E+02, short, Rhombus, Triangle, Triangle,450,250, 
PA47,20, M,250,33,0,5.42E+02, short, Square, Pentagon, Square,250,250, 
PA47,20, M,250,34,0,4.66E+02, short, Pentagon, Circle, Circle,350,250, 
PA47,20, M,250,35,0,4.26E+02, long, Parallelogram, Circle, Circle,750,250, 
PA47,20, M,250,36,1,4.02E+02, short, Parallelogram, Circle, Circle,350,250, 
PA47,20, M,250,37,1,4.98E+02, short, Circle, Triangle, Triangle,550,250, 
PA47,20, M,250,38,0,5.10E+02, short, Circle, Parallelogram, Circle,250,250, 
PA47,20, M,250,39,0,2.23E+03, long, Rhombus, Square, Square,550,250, 
PA47,20, M,250,40,0,5.89E+02, short, Square, Circle, Circle,450,250, 
PA47,20, M,250,41,0,5.25E+02, short, Pentagon, Parallelogram, Parallelogram,250,250, 
PA47,20, M,250,42,0,3.97E+02, long, Square, Triangle, Triangle,650,250, 
PA47,20, M,250,43,1,6.47E+02, long, Rhombus, Pentagon, Rhombus,750,250, 
PA47,20, M,250,44,1,3.67E+02, long, Rhombus, Pentagon, Rhombus,650,250, 
PA47,20, M,250,45,1,3.57E+02, long, Pentagon, Circle, Circle,850,250, 
PA47,20, M,250,46,1,4.47E+02, short, Square, Pentagon, Square,450,250, 
PA47,20, M,250,47,1,4.75E+02, short, Circle, Square, Circle,650,250, 
PA47,20, M,250,48,0,2.34E+03, short, Pentagon, Triangle, Triangle,750,250, 
PA47,20, M,250,49,1,4.88E+02, short, Square, Pentagon, Square,350,250, 
PA47,20, M,250,50,0,3.04E+03, short, Parallelogram, Pentagon, Parallelogram,650,250, 
PA47,20, M,250,51,1,4.48E+02, long, Parallelogram, Square, Square,750,250, 
PA47,20, M,250,52,1,8.68E+02, short, Rhombus, Pentagon, Rhombus,250,250, 
PA47,20, M,250,53,0,3.62E+02, long, Square, Circle, Circle,750,250, 
PA47,20, M,250,54,1,3.54E+02, long, Square, Triangle, Triangle,750,250, 
PA47,20, M,250,55,0,3.28E+02, long, Rhombus, Parallelogram, Rhombus,850,250, 
PA47,20, M,250,56,0,4.68E+02, short, Rhombus, Triangle, Triangle,650,250, 
PA47,20, M,250,57,0,4.78E+02, short, Triangle, Square, Triangle,350,250, 
PA47,20, M,250,58,0,5.61E+02, short, Circle, Parallelogram, Circle,550,250, 
PA47,20, M,250,59,1,3.94E+02, short, Square, Parallelogram, Square,350,250, 
PA47,20, M,250,60,0,3.16E+02, long, Triangle, Circle, Circle,850,250, 
PA47,20, M,250,61,1,3.11E+02, long, Pentagon, Square, Square,650,250, 
PA47,20, M,250,62,0,1.28E+03, long, Square, Triangle, Square,650,250, 
PA47,20, M,250,63,1,6.32E+02, long, Parallelogram, Circle, Circle,850,250, 
PA47,20, M,250,64,0,5.26E+02, long, Circle, Pentagon, Circle,850,250, 
PA47,20, M,250,65,1,3.67E+02, long, Circle, Triangle, Circle,650,250, 
PA47,20, M,250,66,0,5.93E+02, short, Parallelogram, Pentagon, Pentagon,250,250, 
PA47,20, M,250,67,1,5.09E+02, short, Triangle, Pentagon, Triangle,350,250, 
PA47,20, M,250,68,0,6.92E+02, short, Triangle, Parallelogram, Triangle,550,250, 
PA47,20, M,250,69,0,4.70E+02, long, Square, Pentagon, Square,850,250, 
PA47,20, M,250,70,0,4.26E+02, short, Triangle, Rhombus, Triangle,350,250, 
PA47,20, M,250,71,1,6.44E+02, short, Triangle, Rhombus, Triangle,450,250, 
PA47,20, M,250,72,1,4.18E+02, short, Parallelogram, Square, Parallelogram,250,250, 
PA47,20, M,250,73,1,6.30E+02, short, Square, Circle, Square,550,250, 
PA47,20, M,250,74,1,5.24E+02, short, Rhombus, Parallelogram, Parallelogram,450,250, 
PA47,20, M,250,75,1,5.58E+02, short, Rhombus, Pentagon, Rhombus,550,250, 
PA47,20, M,250,76,1,3.18E+02, long, Circle, Pentagon, Circle,850,250, 
PA47,20, M,250,77,0,5.36E+02, short, Square, Pentagon, Square,250,250, 
PA47,20, M,250,78,1,4.48E+02, short, Triangle, Square, Triangle,250,250, 
PA47,20, M,250,79,1,5.04E+02, short, Rhombus, Square, Square,350,250, 
PA47,20, M,250,80,0,3.54E+02, long, Triangle, Rhombus, Triangle,650,250, 
PA47,20, M,250,81,1,3.42E+02, long, Triangle, Parallelogram, Triangle,750,250, 
PA47,20, M,250,82,0,1.45E+03, short, Circle, Pentagon, Circle,450,250, 
PA47,20, M,250,83,1,4.50E+02, short, Square, Rhombus, Square,350,250, 
PA47,20, M,250,84,0,3.46E+02, long, Rhombus, Triangle, Triangle,650,250, 
PA47,20, M,250,85,1,2.93E+02, long, Circle, Pentagon, Circle,850,250, 
PA47,20, M,250,86,1,7.17E+02, long, Pentagon, Rhombus, Rhombus,850,250, 
PA47,20, M,250,87,0,5.81E+02, short, Square, Parallelogram, Square,250,250, 
PA47,20, M,250,88,0,4.85E+02, short, Circle, Rhombus, Circle,250,250, 
PA47,20, M,250,89,1,2.65E+02, long, Triangle, Pentagon, Triangle,850,250, 
PA47,20, M,250,90,0,3.77E+02, long, Rhombus, Square, Square,650,250, 
PA47,20, M,250,91,1,6.45E+02, long, Pentagon, Square, Square,750,250, 
PA47,20, M,250,92,1,4.37E+02, short, Pentagon, Triangle, Triangle,350,250, 
PA47,20, M,250,93,1,1.75E+03, short, Parallelogram, Pentagon, Parallelogram,450,250, 
PA47,20, M,250,94,0,7.11E+02, long, Square, Triangle, Triangle,850,250, 
PA47,20, M,250,95,1,8.05E+02, short, Triangle, Pentagon, Triangle,250,250, 
PA47,20, M,250,96,0,4.90E+02, short, Square, Rhombus, Square,250,250, 
PA47,20, M,250,97,1,8.78E+02, long, Parallelogram, Triangle, Triangle,850,250, 
PA47,20, M,250,98,1,1.28E+03, long, Circle, Rhombus, Circle,650,250, 
PA47,20, M,250,99,0,2.14E+03, short, Parallelogram, Circle, Circle,550,250, 
PA47,20, M,250,100,1,5.24E+02, short, Circle, Square, Circle,250,250, 
PA47,20, M,250,101,1,4.88E+02, long, Circle, Triangle, Circle,650,250, 
PA47,20, M,250,102,0,1.06E+03, long, Pentagon, Parallelogram, Pentagon,450,250, 
PA47,20, M,250,103,0,4.64E+02, long, Circle, Pentagon, Circle,850,250, 
PA47,20, M,250,104,0,4.58E+02, short, Rhombus, Triangle, Triangle,350,250, 
PA47,20, M,250,105,1,3.08E+02, long, Triangle, Rhombus, Triangle,650,250, 
PA47,20, M,250,106,0,6.62E+02, long, Square, Rhombus, Square,450,250, 
PA47,20, M,250,107,1,3.26E+02, long, Parallelogram, Rhombus, Parallelogram,850,250, 
PA47,20, M,250,108,1,4.78E+02, short, Triangle, Parallelogram, Triangle,450,250, 
PA47,20, M,250,109,1,6.82E+02, long, Circle, Rhombus, Circle,550,250, 
PA47,20, M,250,110,0,1.70E+03, long, Parallelogram, Triangle, Triangle,650,250, 
PA47,20, M,250,111,0,5.10E+02, long, Pentagon, Parallelogram, Parallelogram,650,250, 
PA47,20, M,250,112,1,4.88E+02, short, Circle, Square, Circle,250,250, 
PA47,20, M,250,113,1,6.47E+02, long, Parallelogram, Rhombus, Rhombus,850,250, 
PA47,20, M,250,114,0,1.26E+03, short, Rhombus, Triangle, Triangle,450,250, 
PA47,20, M,250,115,0,3.21E+02, long, Circle, Square, Circle,750,250, 
PA47,20, M,250,116,1,5.01E+02, short, Square, Pentagon, Square,250,250, 
PA47,20, M,250,117,1,3.13E+02, long, Parallelogram, Rhombus, Rhombus,850,250, 
PA47,20, M,250,118,1,3.73E+02, long, Circle, Rhombus, Circle,850,250, 
PA47,20, M,250,119,1,3.21E+02, long, Circle, Parallelogram, Circle,750,250, 
PA47,20, M,250,120,1,1.02E+03, long, Square, Rhombus, Square,550,250, 
PA47,20, M,250,121,1,4.62E+02, short, Square, Rhombus, Square,350,250, 
PA47,20, M,250,122,1,6.13E+02, short, Parallelogram, Circle, Circle,250,250, 
PA47,20, M,250,123,0,5.42E+02, short, Rhombus, Square, Square,350,250, 
PA47,20, M,250,124,0,3.29E+02, long, Square, Rhombus, Square,550,250, 
PA47,20, M,250,125,1,2.64E+02, long, Parallelogram, Circle, Circle,850,250, 
PA47,20, M,250,126,1,5.68E+02, short, Square, Triangle, Square,450,250, 
PA47,20, M,250,127,0,1.05E+03, short, Pentagon, Rhombus, Rhombus,450,250, 
PA47,20, M,250,128,1,8.82E+02, long, Rhombus, Circle, Circle,550,250, 
PA47,20, M,250,129,1,4.84E+02, long, Triangle, Circle, Circle,450,250, 
PA47,20, M,250,130,0,6.10E+02, short, Rhombus, Circle, Circle,350,250, 
PA47,20, M,250,131,0,6.34E+02, short, Triangle, Circle, Circle,450,250, 
PA47,20, M,250,132,1,2.84E+02, long, Circle, Square, Circle,750,250, 
PA47,20, M,250,133,1,5.79E+02, long, Parallelogram, Triangle, Triangle,550,250, 
PA47,20, M,250,134,0,4.13E+02, long, Rhombus, Parallelogram, Rhombus,850,250, 
PA47,20, M,250,135,1,5.30E+02, long, Pentagon, Circle, Circle,550,250, 
PA47,20, M,250,136,1,5.33E+02, long, Parallelogram, Triangle, Triangle,650,250, 
PA47,20, M,250,137,0,4.57E+02, long, Square, Parallelogram, Square,750,250, 
PA47,20, M,250,138,0,3.85E+02, long, Triangle, Rhombus, Triangle,750,250, 
PA47,20, M,250,139,0,1.67E+03, short, Pentagon, Rhombus, Rhombus,550,250, 
PA47,20, M,250,140,0,3.83E+03, long, Circle, Pentagon, Circle,450,250, 
PA47,20, M,250,141,1,4.31E+02, long, Rhombus, Triangle, Triangle,650,250, 
PA47,20, M,250,142,0,6.07E+02, long, Triangle, Circle, Circle,650,250, 
PA47,20, M,250,143,0,6.73E+02, short, Circle, Triangle, Circle,250,250, 
PA47,20, M,250,144,1,1.30E+03, long, Parallelogram, Triangle, Triangle,450,250, 
PA47,20, M,250,145,0,1.52E+03, long, Parallelogram, Square, Square,450,250, 
PA47,20, M,250,146,1,4.15E+02, short, Circle, Parallelogram, Circle,450,250, 
PA47,20, M,250,147,0,4.16E+02, long, Pentagon, Rhombus, Rhombus,750,250, 
PA47,20, M,250,148,0,5.12E+02, short, Square, Parallelogram, Square,350,250, 
PA47,20, M,250,149,0,5.66E+02, short, Parallelogram, Circle, Circle,250,250, 
PA47,20, M,250,150,1,5.48E+02, short, Triangle, Rhombus, Triangle,250,250, 
PA47,20, M,250,151,1,3.16E+02, long, Square, Triangle, Square,650,250, 
PA47,20, M,250,152,0,3.64E+02, long, Square, Circle, Circle,750,250, 
PA47,20, M,250,153,0,4.24E+02, short, Triangle, Parallelogram, Triangle,350,250, 
PA47,20, M,250,154,1,2.88E+02, long, Circle, Square, Circle,750,250, 
PA47,20, M,250,155,1,5.08E+02, short, Pentagon, Triangle, Triangle,250,250, 
PA47,20, M,250,156,0,3.84E+02, long, Circle, Triangle, Circle,550,250, 
PA47,20, M,250,157,1,4.30E+02, short, Parallelogram, Rhombus, Rhombus,350,250, 
PA47,20, M,250,158,0,6.90E+02, long, Pentagon, Circle, Circle,550,250, 
PA47,20, M,250,159,1,3.52E+02, long, Triangle, Rhombus, Triangle,750,250, 
PA47,20, M,250,160,0,8.46E+02, long, Triangle, Circle, Circle,650,250, 
PA47,20, M,250,161,0,4.22E+02, short, Pentagon, Triangle, Triangle,250,250, 
PA47,20, M,250,162,0,3.87E+02, long, Circle, Parallelogram, Circle,550,250, 
PA47,20, M,250,163,0,3.17E+02, long, Parallelogram, Triangle, Triangle,650,250, 
PA47,20, M,250,164,1,3.97E+02, short, Pentagon, Circle, Circle,350,250, 
PA47,20, M,250,165,1,2.61E+02, long, Pentagon, Parallelogram, Parallelogram,850,250, 
PA47,20, M,250,166,0,1.34E+03, short, Parallelogram, Rhombus, Rhombus,450,250, 
PA47,20, M,250,167,0,4.65E+02, long, Pentagon, Square, Square,650,250, 
PA47,20, M,250,168,0,3.29E+02, long, Square, Parallelogram, Square,750,250, 
PA47,20, M,250,169,0,4.78E+02, short, Rhombus, Square, Square,350,250, 
PA47,20, M,250,170,0,2.53E+02, long, Pentagon, Parallelogram, Parallelogram,650,250, 
PA47,20, M,250,171,1,1.67E+03, short, Circle, Parallelogram, Circle,350,250, 
PA47,20, M,250,172,0,4.77E+02, long, Parallelogram, Pentagon, Parallelogram,650,250, 
PA47,20, M,250,173,1,2.70E+02, long, Triangle, Parallelogram, Triangle,750,250, 
PA47,20, M,250,174,1,5.48E+02, short, Circle, Triangle, Circle,250,250, 
PA47,20, M,250,175,1,7.28E+02, short, Rhombus, Square, Square,450,250, 
PA47,20, M,250,176,0,4.92E+02, short, Rhombus, Circle, Circle,450,250, 
PA47,20, M,250,177,0,4.82E+02, short, Circle, Triangle, Circle,250,250, 
PA47,20, M,250,178,0,5.60E+02, short, Square, Circle, Circle,350,250, 
PA47,20, M,250,179,1,4.38E+02, long, Parallelogram, Square, Square,750,250, 
PA47,20, M,250,180,1,4.78E+02, short, Parallelogram, Square, Square,350,250, 
PA47,20, M,250,181,1,5.60E+02, long, Square, Parallelogram, Square,550,250, 
PA47,20, M,250,182,1,7.57E+02, long, Rhombus, Pentagon, Rhombus,650,250, 
PA47,20, M,250,183,0,4.30E+02, long, Pentagon, Parallelogram, Parallelogram,850,250, 
PA47,20, M,250,184,1,5.28E+02, long, Square, Circle, Circle,550,250, 
PA47,20, M,250,185,0,3.87E+02, long, Pentagon, Parallelogram, Pentagon,750,250, 
PA47,20, M,250,186,1,5.14E+02, short, Rhombus, Parallelogram, Parallelogram,350,250, 
PA47,20, M,250,187,0,2.86E+02, long, Triangle, Pentagon, Triangle,750,250, 
PA47,20, M,250,188,0,4.31E+02, long, Pentagon, Triangle, Triangle,550,250, 
PA47,20, M,250,189,0,6.67E+02, long, Rhombus, Pentagon, Rhombus,850,250, 
PA47,20, M,250,190,0,4.73E+02, long, Parallelogram, Triangle, Triangle,850,250, 
PA47,20, M,250,191,0,5.47E+02, short, Triangle, Pentagon, Triangle,350,250, 
PA47,20, M,250,192,1,1.24E+03, short, Rhombus, Circle, Circle,450,250, 
PA47,20, M,250,193,0,5.89E+02, short, Parallelogram, Pentagon, Parallelogram,350,250, 
PA47,20, M,250,194,0,3.77E+02, long, Triangle, Pentagon, Triangle,550,250, 
PA47,20, M,250,195,0,5.42E+02, long, Pentagon, Rhombus, Rhombus,550,250, 
PA47,20, M,250,196,1,4.48E+02, short, Triangle, Square, Triangle,250,250, 
PA47,20, M,250,197,0,6.66E+02, long, Rhombus, Circle, Circle,450,250, 
PA47,20, M,250,198,0,4.74E+02, short, Pentagon, Square, Square,250,250, 
PA47,20, M,250,199,1,3.56E+02, long, Parallelogram, Rhombus, Rhombus,550,250, 
PA47,20, M,250,200,1,2.44E+02, long, Parallelogram, Pentagon, Parallelogram,650,250, 
PA47,20, M,250,201,1,4.32E+02, short, Triangle, Pentagon, Triangle,250,250, 
PA47,20, M,250,202,1,2.04E+03, short, Circle, Square, Circle,450,250, 
PA47,20, M,250,203,0,2.60E+02, long, Rhombus, Triangle, Triangle,850,250, 
PA47,20, M,250,204,1,2.19E+03, long, Square, Pentagon, Square,450,250, 
PA47,20, M,250,205,0,3.56E+02, long, Square, Circle, Square,850,250, 
PA47,20, M,250,206,1,3.76E+02, long, Rhombus, Pentagon, Rhombus,750,250, 
PA47,20, M,250,207,1,5.68E+02, long, Rhombus, Parallelogram, Rhombus,450,250, 
PA47,20, M,250,208,1,5.04E+02, short, Pentagon, Rhombus, Rhombus,350,250, 
PA47,20, M,250,209,1,5.30E+02, long, Circle, Parallelogram, Circle,550,250, 
PA47,20, M,250,210,1,9.67E+02, long, Square, Parallelogram, Square,550,250, 
