﻿Subject ID, Subject Age, Gender, Group, TrialNumber, Intended or Unintended Outcome, Reaction Time on Outcome Response, Response - Short or Long, Left Image Code, Right Image Code, Chosen Image Code, Objective Duration of Stimulus, Stimulus Delay,
PA34,20, F,1000,1,0,8.44E+02, short, Parallelogram, Circle, Circle,350,1000, 
PA34,20, F,1000,2,0,6.86E+02, long, Rhombus, Pentagon, Rhombus,850,1000, 
PA34,20, F,1000,3,1,7.51E+02, long, Circle, Parallelogram, Circle,850,1000, 
PA34,20, F,1000,4,1,7.76E+02, short, Square, Pentagon, Pentagon,450,1000, 
PA34,20, F,1000,5,1,4.54E+02, long, Parallelogram, Triangle, Triangle,750,1000, 
PA34,20, F,1000,6,0,9.91E+02, short, Rhombus, Triangle, Rhombus,550,1000, 
PA34,20, F,1000,7,0,5.45E+02, long, Circle, Triangle, Circle,850,1000, 
PA34,20, F,1000,8,1,2.15E+03, long, Parallelogram, Triangle, Parallelogram,650,1000, 
PA34,20, F,1000,9,1,4.07E+02, long, Square, Triangle, Triangle,850,1000, 
PA34,20, F,1000,10,0,8.77E+02, short, Triangle, Pentagon, Triangle,450,1000, 
PA34,20, F,1000,11,1,1.34E+03, long, Rhombus, Parallelogram, Parallelogram,850,1000, 
PA34,20, F,1000,12,0,5.27E+02, short, Triangle, Circle, Circle,350,1000, 
PA34,20, F,1000,13,0,5.75E+02, long, Triangle, Pentagon, Triangle,850,1000, 
PA34,20, F,1000,14,1,3.67E+02, long, Circle, Rhombus, Circle,850,1000, 
PA34,20, F,1000,15,0,4.41E+02, short, Parallelogram, Rhombus, Parallelogram,250,1000, 
PA34,20, F,1000,16,1,1.36E+03, short, Parallelogram, Circle, Circle,450,1000, 
PA34,20, F,1000,17,0,3.18E+02, long, Triangle, Parallelogram, Parallelogram,850,1000, 
PA34,20, F,1000,18,0,5.33E+02, short, Circle, Square, Circle,250,1000, 
PA34,20, F,1000,19,1,5.52E+02, long, Parallelogram, Rhombus, Rhombus,650,1000, 
PA34,20, F,1000,20,0,4.78E+02, short, Triangle, Rhombus, Triangle,450,1000, 
PA34,20, F,1000,21,1,3.92E+03, long, Square, Triangle, Triangle,650,1000, 
PA34,20, F,1000,22,0,3.86E+02, long, Circle, Rhombus, Circle,750,1000, 
PA34,20, F,1000,23,1,4.88E+02, short, Rhombus, Pentagon, Rhombus,350,1000, 
PA34,20, F,1000,24,1,6.02E+02, short, Pentagon, Circle, Pentagon,450,1000, 
PA34,20, F,1000,25,0,6.02E+02, long, Rhombus, Triangle, Triangle,650,1000, 
PA34,20, F,1000,26,0,5.40E+02, short, Pentagon, Circle, Pentagon,550,1000, 
PA34,20, F,1000,27,0,4.56E+02, short, Parallelogram, Rhombus, Rhombus,250,1000, 
PA34,20, F,1000,28,1,4.16E+02, long, Pentagon, Square, Square,650,1000, 
PA34,20, F,1000,29,0,4.96E+02, short, Triangle, Parallelogram, Triangle,250,1000, 
PA34,20, F,1000,30,0,1.36E+03, long, Circle, Pentagon, Circle,650,1000, 
PA34,20, F,1000,31,0,3.79E+02, long, Square, Parallelogram, Parallelogram,850,1000, 
PA34,20, F,1000,32,0,3.53E+02, short, Square, Circle, Square,350,1000, 
PA34,20, F,1000,33,1,3.33E+02, long, Square, Triangle, Triangle,850,1000, 
PA34,20, F,1000,34,1,4.05E+02, short, Pentagon, Triangle, Pentagon,350,1000, 
PA34,20, F,1000,35,0,3.92E+03, long, Rhombus, Triangle, Rhombus,550,1000, 
PA34,20, F,1000,36,0,4.11E+02, short, Circle, Triangle, Triangle,350,1000, 
PA34,20, F,1000,37,0,4.91E+02, short, Parallelogram, Pentagon, Parallelogram,550,1000, 
PA34,20, F,1000,38,0,4.93E+02, short, Triangle, Pentagon, Pentagon,850,1000, 
PA34,20, F,1000,39,1,3.19E+02, long, Square, Pentagon, Pentagon,850,1000, 
PA34,20, F,1000,40,1,4.82E+02, short, Parallelogram, Pentagon, Parallelogram,350,1000, 
PA34,20, F,1000,41,0,6.85E+02, short, Pentagon, Triangle, Triangle,550,1000, 
PA34,20, F,1000,42,0,3.33E+02, long, Parallelogram, Pentagon, Parallelogram,650,1000, 
PA34,20, F,1000,43,1,4.30E+02, short, Square, Circle, Square,350,1000, 
PA34,20, F,1000,44,1,2.60E+02, long, Triangle, Square, Square,750,1000, 
PA34,20, F,1000,45,0,3.30E+02, short, Square, Circle, Square,450,1000, 
PA34,20, F,1000,46,1,4.20E+02, short, Rhombus, Circle, Circle,250,1000, 
PA34,20, F,1000,47,1,4.23E+02, short, Triangle, Rhombus, Triangle,450,1000, 
PA34,20, F,1000,48,1,4.70E+02, short, Rhombus, Circle, Circle,350,1000, 
PA34,20, F,1000,49,0,2.52E+02, long, Triangle, Square, Triangle,650,1000, 
PA34,20, F,1000,50,1,4.68E+02, short, Square, Circle, Circle,350,1000, 
PA34,20, F,1000,51,1,7.96E+02, short, Parallelogram, Square, Parallelogram,250,1000, 
PA34,20, F,1000,52,1,3.79E+02, short, Triangle, Rhombus, Rhombus,550,1000, 
PA34,20, F,1000,53,1,4.83E+02, short, Square, Parallelogram, Parallelogram,550,1000, 
PA34,20, F,1000,54,1,2.55E+02, long, Triangle, Circle, Triangle,850,1000, 
PA34,20, F,1000,55,0,2.53E+02, long, Square, Triangle, Triangle,750,1000, 
PA34,20, F,1000,56,1,3.47E+02, short, Parallelogram, Pentagon, Parallelogram,350,1000, 
PA34,20, F,1000,57,0,2.09E+02, long, Circle, Parallelogram, Parallelogram,750,1000, 
PA34,20, F,1000,58,1,2.69E+02, long, Rhombus, Parallelogram, Parallelogram,650,1000, 
PA34,20, F,1000,59,1,4.49E+02, short, Square, Parallelogram, Square,450,1000, 
PA34,20, F,1000,60,1,4.05E+02, short, Pentagon, Triangle, Triangle,450,1000, 
PA34,20, F,1000,61,0,2.33E+02, long, Triangle, Circle, Circle,750,1000, 
PA34,20, F,1000,62,0,3.89E+02, short, Rhombus, Square, Rhombus,450,1000, 
PA34,20, F,1000,63,0,8.27E+02, long, Pentagon, Circle, Circle,750,1000, 
PA34,20, F,1000,64,0,4.69E+02, short, Parallelogram, Triangle, Parallelogram,350,1000, 
PA34,20, F,1000,65,1,4.39E+02, short, Pentagon, Rhombus, Rhombus,450,1000, 
PA34,20, F,1000,66,1,6.62E+02, short, Circle, Rhombus, Circle,250,1000, 
PA34,20, F,1000,67,0,5.59E+02, short, Circle, Triangle, Triangle,550,1000, 
PA34,20, F,1000,68,1,3.70E+02, short, Triangle, Rhombus, Rhombus,350,1000, 
PA34,20, F,1000,69,0,2.60E+02, long, Circle, Pentagon, Circle,850,1000, 
PA34,20, F,1000,70,1,4.39E+02, short, Pentagon, Parallelogram, Parallelogram,450,1000, 
PA34,20, F,1000,71,0,2.44E+02, long, Circle, Square, Circle,850,1000, 
PA34,20, F,1000,72,1,2.46E+02, long, Pentagon, Square, Square,750,1000, 
PA34,20, F,1000,73,1,5.44E+02, long, Square, Pentagon, Square,650,1000, 
PA34,20, F,1000,74,0,3.92E+02, short, Triangle, Parallelogram, Parallelogram,450,1000, 
PA34,20, F,1000,75,0,2.26E+02, long, Square, Pentagon, Square,750,1000, 
PA34,20, F,1000,76,1,4.80E+02, short, Rhombus, Pentagon, Pentagon,250,1000, 
PA34,20, F,1000,77,1,5.64E+02, short, Square, Rhombus, Square,550,1000, 
PA34,20, F,1000,78,0,7.57E+02, long, Rhombus, Circle, Circle,650,1000, 
PA34,20, F,1000,79,0,4.06E+02, short, Circle, Rhombus, Circle,450,1000, 
PA34,20, F,1000,80,0,2.56E+02, long, Triangle, Pentagon, Pentagon,650,1000, 
PA34,20, F,1000,81,1,4.46E+02, short, Rhombus, Triangle, Rhombus,250,1000, 
PA34,20, F,1000,82,0,2.70E+02, long, Parallelogram, Pentagon, Pentagon,650,1000, 
PA34,20, F,1000,83,0,3.86E+02, short, Pentagon, Triangle, Pentagon,350,1000, 
PA34,20, F,1000,84,1,3.44E+02, long, Parallelogram, Rhombus, Rhombus,550,1000, 
PA34,20, F,1000,85,0,6.43E+02, long, Pentagon, Parallelogram, Pentagon,350,1000, 
PA34,20, F,1000,86,1,6.33E+02, short, Parallelogram, Triangle, Triangle,350,1000, 
PA34,20, F,1000,87,0,4.19E+02, short, Parallelogram, Circle, Parallelogram,350,1000, 
PA34,20, F,1000,88,0,5.43E+02, short, Pentagon, Square, Square,450,1000, 
PA34,20, F,1000,89,0,4.97E+02, short, Rhombus, Triangle, Triangle,450,1000, 
PA34,20, F,1000,90,0,2.77E+02, long, Rhombus, Parallelogram, Rhombus,850,1000, 
PA34,20, F,1000,91,1,4.21E+02, short, Parallelogram, Circle, Circle,450,1000, 
PA34,20, F,1000,92,0,2.67E+02, long, Pentagon, Rhombus, Rhombus,850,1000, 
PA34,20, F,1000,93,0,9.89E+02, long, Circle, Rhombus, Circle,650,1000, 
PA34,20, F,1000,94,1,3.99E+02, short, Pentagon, Circle, Circle,350,1000, 
PA34,20, F,1000,95,0,3.79E+02, short, Circle, Square, Square,350,1000, 
PA34,20, F,1000,96,0,3.67E+02, short, Circle, Parallelogram, Circle,250,1000, 
PA34,20, F,1000,97,1,3.31E+02, short, Circle, Square, Square,350,1000, 
PA34,20, F,1000,98,1,3.47E+02, short, Square, Parallelogram, Square,350,1000, 
PA34,20, F,1000,99,0,3.35E+02, short, Pentagon, Square, Square,250,1000, 
PA34,20, F,1000,100,1,3.99E+02, short, Pentagon, Square, Pentagon,550,1000, 
PA34,20, F,1000,101,0,2.63E+02, long, Circle, Triangle, Triangle,650,1000, 
PA34,20, F,1000,102,1,3.92E+02, short, Rhombus, Triangle, Triangle,250,1000, 
PA34,20, F,1000,103,0,1.77E+02, long, Triangle, Parallelogram, Parallelogram,850,1000, 
PA34,20, F,1000,104,1,2.63E+02, long, Parallelogram, Rhombus, Parallelogram,850,1000, 
PA34,20, F,1000,105,1,3.16E+02, long, Pentagon, Rhombus, Rhombus,750,1000, 
PA34,20, F,1000,106,0,2.56E+02, long, Triangle, Rhombus, Triangle,650,1000, 
PA34,20, F,1000,107,1,3.20E+02, long, Triangle, Square, Square,550,1000, 
PA34,20, F,1000,108,1,3.04E+02, long, Circle, Pentagon, Circle,550,1000, 
PA34,20, F,1000,109,0,4.30E+02, short, Triangle, Square, Triangle,450,1000, 
PA34,20, F,1000,110,1,2.54E+02, long, Triangle, Pentagon, Pentagon,850,1000, 
PA34,20, F,1000,111,1,3.36E+02, long, Rhombus, Parallelogram, Rhombus,650,1000, 
PA34,20, F,1000,112,1,2.18E+02, long, Rhombus, Square, Square,750,1000, 
PA34,20, F,1000,113,1,4.14E+02, long, Circle, Parallelogram, Circle,850,1000, 
PA34,20, F,1000,114,1,4.31E+02, short, Rhombus, Pentagon, Pentagon,450,1000, 
PA34,20, F,1000,115,0,3.92E+02, short, Square, Circle, Circle,250,1000, 
PA34,20, F,1000,116,1,4.00E+02, short, Circle, Square, Square,550,1000, 
PA34,20, F,1000,117,1,2.63E+02, long, Triangle, Square, Triangle,850,1000, 
PA34,20, F,1000,118,0,3.82E+02, short, Rhombus, Triangle, Triangle,350,1000, 
PA34,20, F,1000,119,1,3.55E+02, short, Rhombus, Parallelogram, Rhombus,250,1000, 
PA34,20, F,1000,120,0,4.98E+02, short, Pentagon, Rhombus, Rhombus,550,1000, 
PA34,20, F,1000,121,1,9.05E+02, long, Circle, Rhombus, Rhombus,550,1000, 
PA34,20, F,1000,122,0,5.91E+02, long, Parallelogram, Circle, Circle,450,1000, 
PA34,20, F,1000,123,1,4.07E+02, short, Square, Pentagon, Pentagon,250,1000, 
PA34,20, F,1000,124,0,8.55E+02, long, Circle, Triangle, Triangle,550,1000, 
PA34,20, F,1000,125,1,3.46E+02, long, Pentagon, Square, Square,750,1000, 
PA34,20, F,1000,126,1,2.99E+02, long, Square, Triangle, Triangle,550,1000, 
PA34,20, F,1000,127,0,4.15E+02, long, Pentagon, Triangle, Pentagon,650,1000, 
PA34,20, F,1000,128,0,2.65E+02, long, Rhombus, Parallelogram, Parallelogram,750,1000, 
PA34,20, F,1000,129,1,4.81E+02, short, Pentagon, Rhombus, Rhombus,250,1000, 
PA34,20, F,1000,130,0,1.13E+03, long, Circle, Triangle, Triangle,650,1000, 
PA34,20, F,1000,131,0,2.29E+02, long, Circle, Triangle, Circle,750,1000, 
PA34,20, F,1000,132,1,5.50E+02, short, Circle, Parallelogram, Parallelogram,450,1000, 
PA34,20, F,1000,133,0,2.60E+02, long, Rhombus, Pentagon, Pentagon,850,1000, 
PA34,20, F,1000,134,1,6.90E+02, short, Rhombus, Square, Rhombus,450,1000, 
PA34,20, F,1000,135,1,2.88E+02, long, Triangle, Pentagon, Pentagon,750,1000, 
PA34,20, F,1000,136,0,2.60E+02, long, Pentagon, Parallelogram, Pentagon,750,1000, 
PA34,20, F,1000,137,1,3.68E+02, long, Pentagon, Triangle, Pentagon,750,1000, 
PA34,20, F,1000,138,1,3.58E+02, short, Triangle, Parallelogram, Parallelogram,250,1000, 
PA34,20, F,1000,139,1,2.68E+02, long, Rhombus, Circle, Rhombus,550,1000, 
PA34,20, F,1000,140,0,3.70E+02, short, Circle, Parallelogram, Parallelogram,350,1000, 
PA34,20, F,1000,141,0,2.74E+02, long, Square, Rhombus, Square,850,1000, 
PA34,20, F,1000,142,1,4.32E+02, short, Circle, Pentagon, Pentagon,250,1000, 
PA34,20, F,1000,143,0,3.36E+02, long, Square, Pentagon, Square,650,1000, 
PA34,20, F,1000,144,0,4.88E+02, short, Triangle, Circle, Triangle,250,1000, 
PA34,20, F,1000,145,1,2.54E+02, long, Rhombus, Pentagon, Pentagon,650,1000, 
PA34,20, F,1000,146,0,4.59E+02, short, Circle, Pentagon, Circle,350,1000, 
PA34,20, F,1000,147,0,5.24E+02, short, Pentagon, Rhombus, Rhombus,250,1000, 
PA34,20, F,1000,148,0,3.34E+02, long, Parallelogram, Circle, Parallelogram,550,1000, 
PA34,20, F,1000,149,0,9.25E+02, long, Square, Circle, Circle,550,1000, 
PA34,20, F,1000,150,0,8.09E+02, long, Triangle, Square, Triangle,550,1000, 
PA34,20, F,1000,151,1,4.51E+02, long, Rhombus, Circle, Rhombus,550,1000, 
PA34,20, F,1000,152,1,4.28E+02, long, Pentagon, Circle, Circle,650,1000, 
PA34,20, F,1000,153,1,3.89E+02, long, Parallelogram, Square, Parallelogram,850,1000, 
PA34,20, F,1000,154,0,4.15E+02, long, Triangle, Circle, Circle,850,1000, 
PA34,20, F,1000,155,0,5.55E+02, long, Rhombus, Circle, Rhombus,550,1000, 
PA34,20, F,1000,156,1,4.65E+02, long, Pentagon, Parallelogram, Parallelogram,750,1000, 
PA34,20, F,1000,157,0,2.63E+02, long, Pentagon, Square, Pentagon,850,1000, 
PA34,20, F,1000,158,0,4.91E+02, short, Square, Rhombus, Rhombus,550,1000, 
PA34,20, F,1000,159,1,6.52E+02, short, Circle, Rhombus, Circle,450,1000, 
PA34,20, F,1000,160,1,2.79E+02, long, Square, Parallelogram, Square,850,1000, 
PA34,20, F,1000,161,1,3.53E+02, long, Parallelogram, Square, Square,650,1000, 
PA34,20, F,1000,162,1,5.37E+02, long, Circle, Parallelogram, Circle,650,1000, 
PA34,20, F,1000,163,0,4.30E+02, short, Pentagon, Circle, Pentagon,250,1000, 
PA34,20, F,1000,164,0,2.19E+02, long, Triangle, Pentagon, Pentagon,750,1000, 
PA34,20, F,1000,165,1,4.03E+02, long, Parallelogram, Pentagon, Parallelogram,550,1000, 
PA34,20, F,1000,166,0,4.78E+02, short, Triangle, Circle, Circle,450,1000, 
PA34,20, F,1000,167,1,3.06E+02, long, Parallelogram, Square, Parallelogram,750,1000, 
PA34,20, F,1000,168,1,7.14E+02, long, Pentagon, Rhombus, Rhombus,650,1000, 
PA34,20, F,1000,169,1,2.60E+02, long, Square, Pentagon, Square,650,1000, 
PA34,20, F,1000,170,0,3.04E+02, short, Rhombus, Square, Square,250,1000, 
PA34,20, F,1000,171,1,5.02E+02, short, Circle, Square, Circle,450,1000, 
PA34,20, F,1000,172,0,6.18E+02, short, Parallelogram, Rhombus, Parallelogram,350,1000, 
PA34,20, F,1000,173,1,2.56E+02, long, Square, Circle, Circle,750,1000, 
PA34,20, F,1000,174,1,4.16E+02, short, Rhombus, Square, Rhombus,250,1000, 
PA34,20, F,1000,175,0,4.72E+02, short, Pentagon, Triangle, Triangle,250,1000, 
PA34,20, F,1000,176,0,2.60E+02, long, Circle, Pentagon, Pentagon,750,1000, 
PA34,20, F,1000,177,0,4.10E+02, short, Parallelogram, Square, Parallelogram,250,1000, 
PA34,20, F,1000,178,0,1.64E+02, long, Triangle, Rhombus, Rhombus,750,1000, 
PA34,20, F,1000,179,0,3.66E+02, short, Triangle, Square, Triangle,250,1000, 
PA34,20, F,1000,180,0,5.12E+02, short, Square, Rhombus, Rhombus,350,1000, 
PA34,20, F,1000,181,1,1.06E+03, short, Square, Rhombus, Square,250,1000, 
PA34,20, F,1000,182,0,2.18E+02, long, Parallelogram, Square, Square,650,1000, 
PA34,20, F,1000,183,1,3.15E+02, long, Square, Parallelogram, Square,750,1000, 
PA34,20, F,1000,184,1,3.71E+02, short, Triangle, Rhombus, Triangle,250,1000, 
PA34,20, F,1000,185,0,3.01E+02, long, Square, Triangle, Triangle,750,1000, 
PA34,20, F,1000,186,0,7.69E+02, long, Rhombus, Square, Rhombus,550,1000, 
PA34,20, F,1000,187,1,5.37E+02, long, Triangle, Circle, Triangle,650,1000, 
PA34,20, F,1000,188,1,2.27E+02, long, Parallelogram, Circle, Circle,850,1000, 
PA34,20, F,1000,189,1,2.57E+02, long, Parallelogram, Triangle, Parallelogram,750,1000, 
PA34,20, F,1000,190,1,1.73E+02, long, Triangle, Parallelogram, Parallelogram,750,1000, 
PA34,20, F,1000,191,1,7.15E+02, long, Parallelogram, Triangle, Triangle,750,1000, 
PA34,20, F,1000,192,1,6.03E+02, short, Parallelogram, Pentagon, Parallelogram,350,1000, 
PA34,20, F,1000,193,0,2.35E+02, long, Pentagon, Parallelogram, Pentagon,750,1000, 
PA34,20, F,1000,194,1,3.37E+02, long, Triangle, Parallelogram, Parallelogram,650,1000, 
PA34,20, F,1000,195,0,4.77E+02, short, Square, Rhombus, Square,450,1000, 
PA34,20, F,1000,196,1,4.61E+02, short, Rhombus, Square, Rhombus,350,1000, 
PA34,20, F,1000,197,1,5.72E+02, short, Square, Triangle, Square,450,1000, 
PA34,20, F,1000,198,1,5.67E+02, short, Rhombus, Parallelogram, Parallelogram,250,1000, 
PA34,20, F,1000,199,0,3.19E+02, long, Square, Parallelogram, Square,450,1000, 
PA34,20, F,1000,200,0,6.55E+02, short, Circle, Pentagon, Pentagon,450,1000, 
PA34,20, F,1000,201,1,3.59E+02, long, Pentagon, Parallelogram, Pentagon,550,1000, 
PA34,20, F,1000,202,0,5.54E+02, short, Rhombus, Circle, Circle,250,1000, 
PA34,20, F,1000,203,1,6.06E+02, short, Rhombus, Pentagon, Rhombus,850,1000, 
PA34,20, F,1000,204,1,9.66E+02, short, Pentagon, Circle, Pentagon,350,1000, 
PA34,20, F,1000,205,0,4.94E+02, long, Circle, Square, Circle,650,1000, 
PA34,20, F,1000,206,0,9.90E+02, long, Square, Rhombus, Square,750,1000, 
PA34,20, F,1000,207,0,1.68E+03, long, Parallelogram, Rhombus, Rhombus,450,1000, 
PA34,20, F,1000,208,0,3.56E+02, short, Parallelogram, Triangle, Parallelogram,350,1000, 
PA34,20, F,1000,209,1,3.88E+02, short, Pentagon, Parallelogram, Pentagon,550,1000, 
PA34,20, F,1000,210,0,5.77E+02, short, Parallelogram, Square, Square,550,1000, 
