﻿Subject ID, Subject Age, Gender, Group, TrialNumber, Intended or Unintended Outcome, Reaction Time on Outcome Response, Response - Short or Long, Left Image Code, Right Image Code, Chosen Image Code, Objective Duration of Stimulus, Stimulus Delay,
PA28,25, M,1000,1,0,8.42E+02, short, Circle, Rhombus, Circle,350,1000, 
PA28,25, M,1000,2,0,6.95E+03, short, Square, Triangle, Square,350,1000, 
PA28,25, M,1000,3,1,5.68E+02, long, Parallelogram, Square, Square,650,1000, 
PA28,25, M,1000,4,1,5.51E+02, long, Rhombus, Square, Square,850,1000, 
PA28,25, M,1000,5,1,8.35E+02, short, Parallelogram, Rhombus, Parallelogram,550,1000, 
PA28,25, M,1000,6,0,7.49E+02, long, Circle, Pentagon, Circle,850,1000, 
PA28,25, M,1000,7,1,5.82E+02, long, Pentagon, Rhombus, Rhombus,750,1000, 
PA28,25, M,1000,8,0,7.17E+02, short, Circle, Rhombus, Circle,250,1000, 
PA28,25, M,1000,9,0,9.98E+03, short, Triangle, Square, Triangle,450,1000, 
PA28,25, M,1000,10,0,9.22E+02, long, Rhombus, Parallelogram, Parallelogram,550,1000, 
PA28,25, M,1000,11,1,6.54E+02, long, Triangle, Parallelogram, Triangle,650,1000, 
PA28,25, M,1000,12,0,5.72E+02, short, Parallelogram, Square, Parallelogram,250,1000, 
PA28,25, M,1000,13,1,4.06E+02, long, Parallelogram, Pentagon, Pentagon,750,1000, 
PA28,25, M,1000,14,0,1.36E+03, short, Triangle, Parallelogram, Parallelogram,450,1000, 
PA28,25, M,1000,15,0,5.00E+02, long, Pentagon, Triangle, Pentagon,750,1000, 
PA28,25, M,1000,16,0,7.32E+02, short, Pentagon, Circle, Circle,550,1000, 
PA28,25, M,1000,17,0,8.13E+02, short, Pentagon, Square, Square,450,1000, 
PA28,25, M,1000,18,1,5.95E+02, short, Pentagon, Square, Square,250,1000, 
PA28,25, M,1000,19,1,5.47E+02, short, Triangle, Circle, Triangle,250,1000, 
PA28,25, M,1000,20,0,1.17E+03, long, Pentagon, Circle, Circle,350,1000, 
PA28,25, M,1000,21,1,3.91E+02, long, Triangle, Square, Square,850,1000, 
PA28,25, M,1000,22,1,5.61E+02, long, Square, Rhombus, Square,550,1000, 
PA28,25, M,1000,23,1,4.03E+02, long, Triangle, Square, Square,750,1000, 
PA28,25, M,1000,24,1,7.78E+02, long, Triangle, Circle, Triangle,650,1000, 
PA28,25, M,1000,25,0,4.62E+02, long, Pentagon, Triangle, Pentagon,850,1000, 
PA28,25, M,1000,26,0,3.70E+03, long, Rhombus, Circle, Circle,750,1000, 
PA28,25, M,1000,27,0,1.18E+03, long, Pentagon, Square, Pentagon,750,1000, 
PA28,25, M,1000,28,0,3.86E+02, long, Circle, Rhombus, Circle,850,1000, 
PA28,25, M,1000,29,0,1.01E+03, long, Rhombus, Parallelogram, Parallelogram,750,1000, 
PA28,25, M,1000,30,1,6.19E+02, short, Rhombus, Circle, Circle,350,1000, 
PA28,25, M,1000,31,0,5.68E+03, short, Triangle, Square, Triangle,550,1000, 
PA28,25, M,1000,32,1,3.22E+03, short, Rhombus, Triangle, Triangle,450,1000, 
PA28,25, M,1000,33,0,5.98E+02, short, Square, Pentagon, Square,250,1000, 
PA28,25, M,1000,34,0,3.23E+03, short, Pentagon, Circle, Circle,350,1000, 
PA28,25, M,1000,35,0,3.51E+02, long, Parallelogram, Circle, Circle,750,1000, 
PA28,25, M,1000,36,1,5.42E+02, short, Parallelogram, Circle, Circle,350,1000, 
PA28,25, M,1000,37,1,5.47E+03, long, Circle, Triangle, Circle,550,1000, 
PA28,25, M,1000,38,0,6.48E+02, short, Circle, Parallelogram, Parallelogram,250,1000, 
PA28,25, M,1000,39,0,6.57E+03, short, Rhombus, Square, Rhombus,550,1000, 
PA28,25, M,1000,40,0,6.64E+03, long, Square, Circle, Square,450,1000, 
PA28,25, M,1000,41,0,8.63E+02, short, Pentagon, Parallelogram, Pentagon,250,1000, 
PA28,25, M,1000,42,0,8.23E+02, long, Square, Triangle, Triangle,650,1000, 
PA28,25, M,1000,43,1,1.98E+04, short, Rhombus, Pentagon, Rhombus,750,1000, 
PA28,25, M,1000,44,1,7.60E+02, long, Rhombus, Pentagon, Rhombus,650,1000, 
PA28,25, M,1000,45,1,5.20E+02, long, Pentagon, Circle, Circle,850,1000, 
PA28,25, M,1000,46,1,8.79E+02, short, Square, Pentagon, Pentagon,450,1000, 
PA28,25, M,1000,47,1,5.12E+02, long, Circle, Square, Circle,650,1000, 
PA28,25, M,1000,48,0,1.10E+03, long, Pentagon, Triangle, Triangle,750,1000, 
PA28,25, M,1000,49,1,2.91E+03, short, Square, Pentagon, Square,350,1000, 
PA28,25, M,1000,50,0,9.03E+02, long, Parallelogram, Pentagon, Parallelogram,650,1000, 
PA28,25, M,1000,51,1,3.99E+02, long, Parallelogram, Square, Square,750,1000, 
PA28,25, M,1000,52,1,6.47E+02, short, Rhombus, Pentagon, Pentagon,250,1000, 
PA28,25, M,1000,53,0,4.75E+02, long, Square, Circle, Square,750,1000, 
PA28,25, M,1000,54,1,1.36E+03, long, Square, Triangle, Triangle,750,1000, 
PA28,25, M,1000,55,0,4.36E+02, long, Rhombus, Parallelogram, Rhombus,850,1000, 
PA28,25, M,1000,56,0,4.07E+03, long, Rhombus, Triangle, Triangle,650,1000, 
PA28,25, M,1000,57,0,6.49E+02, short, Triangle, Square, Triangle,350,1000, 
PA28,25, M,1000,58,0,2.75E+03, long, Circle, Parallelogram, Parallelogram,550,1000, 
PA28,25, M,1000,59,1,8.89E+02, short, Square, Parallelogram, Parallelogram,350,1000, 
PA28,25, M,1000,60,0,3.91E+02, long, Triangle, Circle, Circle,850,1000, 
PA28,25, M,1000,61,1,3.18E+03, long, Pentagon, Square, Pentagon,650,1000, 
PA28,25, M,1000,62,0,6.65E+02, long, Square, Triangle, Triangle,650,1000, 
PA28,25, M,1000,63,1,3.59E+02, long, Parallelogram, Circle, Parallelogram,850,1000, 
PA28,25, M,1000,64,0,8.04E+02, long, Circle, Pentagon, Pentagon,850,1000, 
PA28,25, M,1000,65,1,2.41E+03, long, Circle, Triangle, Circle,650,1000, 
PA28,25, M,1000,66,0,1.44E+03, short, Parallelogram, Pentagon, Parallelogram,250,1000, 
PA28,25, M,1000,67,1,1.28E+03, short, Triangle, Pentagon, Pentagon,350,1000, 
PA28,25, M,1000,68,0,4.77E+03, short, Triangle, Parallelogram, Triangle,550,1000, 
PA28,25, M,1000,69,0,6.55E+02, long, Square, Pentagon, Pentagon,850,1000, 
PA28,25, M,1000,70,0,1.18E+03, short, Triangle, Rhombus, Triangle,350,1000, 
PA28,25, M,1000,71,1,5.33E+03, long, Triangle, Rhombus, Rhombus,450,1000, 
PA28,25, M,1000,72,1,7.56E+02, short, Parallelogram, Square, Square,250,1000, 
PA28,25, M,1000,73,1,3.97E+03, long, Square, Circle, Square,550,1000, 
PA28,25, M,1000,74,1,1.97E+03, long, Rhombus, Parallelogram, Parallelogram,450,1000, 
PA28,25, M,1000,75,1,8.10E+03, long, Rhombus, Pentagon, Rhombus,550,1000, 
PA28,25, M,1000,76,1,4.32E+02, long, Circle, Pentagon, Circle,850,1000, 
PA28,25, M,1000,77,0,5.55E+02, short, Square, Pentagon, Pentagon,250,1000, 
PA28,25, M,1000,78,1,5.32E+02, short, Triangle, Square, Square,250,1000, 
PA28,25, M,1000,79,1,4.01E+03, short, Rhombus, Square, Rhombus,350,1000, 
PA28,25, M,1000,80,0,5.57E+02, long, Triangle, Rhombus, Rhombus,650,1000, 
PA28,25, M,1000,81,1,4.92E+02, long, Triangle, Parallelogram, Triangle,750,1000, 
PA28,25, M,1000,82,0,5.91E+03, short, Circle, Pentagon, Pentagon,450,1000, 
PA28,25, M,1000,83,1,6.71E+02, short, Square, Rhombus, Square,350,1000, 
PA28,25, M,1000,84,0,2.23E+03, long, Rhombus, Triangle, Triangle,650,1000, 
PA28,25, M,1000,85,1,4.37E+02, long, Circle, Pentagon, Pentagon,850,1000, 
PA28,25, M,1000,86,1,2.65E+02, long, Pentagon, Rhombus, Pentagon,850,1000, 
PA28,25, M,1000,87,0,7.18E+02, short, Square, Parallelogram, Parallelogram,250,1000, 
PA28,25, M,1000,88,0,7.90E+02, short, Circle, Rhombus, Circle,250,1000, 
PA28,25, M,1000,89,1,3.96E+02, long, Triangle, Pentagon, Pentagon,850,1000, 
PA28,25, M,1000,90,0,2.29E+03, long, Rhombus, Square, Rhombus,650,1000, 
PA28,25, M,1000,91,1,5.64E+02, long, Pentagon, Square, Square,750,1000, 
PA28,25, M,1000,92,1,7.02E+02, short, Pentagon, Triangle, Pentagon,350,1000, 
PA28,25, M,1000,93,1,3.94E+03, short, Parallelogram, Pentagon, Parallelogram,450,1000, 
PA28,25, M,1000,94,0,8.86E+02, long, Square, Triangle, Triangle,850,1000, 
PA28,25, M,1000,95,1,6.78E+02, short, Triangle, Pentagon, Pentagon,250,1000, 
PA28,25, M,1000,96,0,7.67E+02, short, Square, Rhombus, Square,250,1000, 
PA28,25, M,1000,97,1,4.57E+02, long, Parallelogram, Triangle, Triangle,850,1000, 
PA28,25, M,1000,98,1,1.02E+03, long, Circle, Rhombus, Circle,650,1000, 
PA28,25, M,1000,99,0,1.42E+03, short, Parallelogram, Circle, Circle,550,1000, 
PA28,25, M,1000,100,1,6.70E+02, short, Circle, Square, Square,250,1000, 
PA28,25, M,1000,101,1,4.91E+02, long, Circle, Triangle, Circle,650,1000, 
PA28,25, M,1000,102,0,1.01E+03, short, Pentagon, Parallelogram, Pentagon,450,1000, 
PA28,25, M,1000,103,0,9.16E+03, long, Circle, Pentagon, Circle,850,1000, 
PA28,25, M,1000,104,0,8.04E+02, short, Rhombus, Triangle, Rhombus,350,1000, 
PA28,25, M,1000,105,1,8.48E+02, long, Triangle, Rhombus, Rhombus,650,1000, 
PA28,25, M,1000,106,0,9.36E+02, short, Square, Rhombus, Square,450,1000, 
PA28,25, M,1000,107,1,3.68E+02, long, Parallelogram, Rhombus, Rhombus,850,1000, 
PA28,25, M,1000,108,1,8.87E+02, short, Triangle, Parallelogram, Parallelogram,450,1000, 
PA28,25, M,1000,109,1,8.11E+02, long, Circle, Rhombus, Circle,550,1000, 
PA28,25, M,1000,110,0,1.07E+04, long, Parallelogram, Triangle, Parallelogram,650,1000, 
PA28,25, M,1000,111,0,6.88E+03, long, Pentagon, Parallelogram, Parallelogram,650,1000, 
PA28,25, M,1000,112,1,7.36E+02, short, Circle, Square, Circle,250,1000, 
PA28,25, M,1000,113,1,9.82E+02, long, Parallelogram, Rhombus, Parallelogram,850,1000, 
PA28,25, M,1000,114,0,6.51E+03, long, Rhombus, Triangle, Triangle,450,1000, 
PA28,25, M,1000,115,0,3.00E+02, long, Circle, Square, Circle,750,1000, 
PA28,25, M,1000,116,1,5.35E+02, short, Square, Pentagon, Pentagon,250,1000, 
PA28,25, M,1000,117,1,3.61E+02, long, Parallelogram, Rhombus, Rhombus,850,1000, 
PA28,25, M,1000,118,1,5.52E+02, long, Circle, Rhombus, Circle,850,1000, 
PA28,25, M,1000,119,1,5.95E+02, long, Circle, Parallelogram, Parallelogram,750,1000, 
PA28,25, M,1000,120,1,1.24E+04, short, Square, Rhombus, Square,550,1000, 
PA28,25, M,1000,121,1,1.77E+03, short, Square, Rhombus, Square,350,1000, 
PA28,25, M,1000,122,1,7.78E+02, long, Parallelogram, Circle, Circle,250,1000, 
PA28,25, M,1000,123,0,8.85E+02, short, Rhombus, Square, Rhombus,350,1000, 
PA28,25, M,1000,124,0,7.72E+03, short, Square, Rhombus, Square,550,1000, 
PA28,25, M,1000,125,1,3.34E+02, long, Parallelogram, Circle, Circle,850,1000, 
PA28,25, M,1000,126,1,2.71E+03, short, Square, Triangle, Square,450,1000, 
PA28,25, M,1000,127,0,2.01E+03, short, Pentagon, Rhombus, Pentagon,450,1000, 
PA28,25, M,1000,128,1,3.12E+03, short, Rhombus, Circle, Rhombus,550,1000, 
PA28,25, M,1000,129,1,5.12E+03, long, Triangle, Circle, Circle,450,1000, 
PA28,25, M,1000,130,0,7.70E+02, short, Rhombus, Circle, Circle,350,1000, 
PA28,25, M,1000,131,0,2.83E+03, short, Triangle, Circle, Triangle,450,1000, 
PA28,25, M,1000,132,1,3.27E+02, long, Circle, Square, Square,750,1000, 
PA28,25, M,1000,133,1,1.66E+03, short, Parallelogram, Triangle, Parallelogram,550,1000, 
PA28,25, M,1000,134,0,4.94E+02, long, Rhombus, Parallelogram, Parallelogram,850,1000, 
PA28,25, M,1000,135,1,1.08E+03, long, Pentagon, Circle, Circle,550,1000, 
PA28,25, M,1000,136,1,1.10E+03, long, Parallelogram, Triangle, Triangle,650,1000, 
PA28,25, M,1000,137,0,7.96E+02, long, Square, Parallelogram, Square,750,1000, 
PA28,25, M,1000,138,0,1.45E+03, long, Triangle, Rhombus, Triangle,750,1000, 
PA28,25, M,1000,139,0,1.86E+03, long, Pentagon, Rhombus, Pentagon,550,1000, 
PA28,25, M,1000,140,0,9.19E+02, short, Circle, Pentagon, Pentagon,450,1000, 
PA28,25, M,1000,141,1,3.90E+03, long, Rhombus, Triangle, Rhombus,650,1000, 
PA28,25, M,1000,142,0,2.37E+03, long, Triangle, Circle, Triangle,650,1000, 
PA28,25, M,1000,143,0,7.85E+02, short, Circle, Triangle, Circle,250,1000, 
PA28,25, M,1000,144,1,8.99E+02, short, Parallelogram, Triangle, Triangle,450,1000, 
PA28,25, M,1000,145,0,1.42E+03, short, Parallelogram, Square, Parallelogram,450,1000, 
PA28,25, M,1000,146,1,3.17E+03, short, Circle, Parallelogram, Parallelogram,450,1000, 
PA28,25, M,1000,147,0,1.22E+03, long, Pentagon, Rhombus, Rhombus,750,1000, 
PA28,25, M,1000,148,0,6.95E+02, short, Square, Parallelogram, Square,350,1000, 
PA28,25, M,1000,149,0,7.96E+02, short, Parallelogram, Circle, Parallelogram,250,1000, 
PA28,25, M,1000,150,1,6.48E+02, short, Triangle, Rhombus, Rhombus,250,1000, 
PA28,25, M,1000,151,1,3.64E+02, long, Square, Triangle, Triangle,650,1000, 
PA28,25, M,1000,152,0,4.32E+02, long, Square, Circle, Square,750,1000, 
PA28,25, M,1000,153,0,7.36E+02, short, Triangle, Parallelogram, Parallelogram,350,1000, 
PA28,25, M,1000,154,1,6.58E+02, long, Circle, Square, Circle,750,1000, 
PA28,25, M,1000,155,1,5.42E+02, short, Pentagon, Triangle, Triangle,250,1000, 
PA28,25, M,1000,156,0,9.81E+02, long, Circle, Triangle, Circle,550,1000, 
PA28,25, M,1000,157,1,6.72E+02, short, Parallelogram, Rhombus, Rhombus,350,1000, 
PA28,25, M,1000,158,0,4.92E+03, short, Pentagon, Circle, Circle,550,1000, 
PA28,25, M,1000,159,1,3.07E+02, long, Triangle, Rhombus, Rhombus,750,1000, 
PA28,25, M,1000,160,0,2.18E+03, long, Triangle, Circle, Triangle,650,1000, 
PA28,25, M,1000,161,0,8.15E+02, short, Pentagon, Triangle, Triangle,250,1000, 
PA28,25, M,1000,162,0,6.20E+02, long, Circle, Parallelogram, Parallelogram,550,1000, 
PA28,25, M,1000,163,0,2.42E+03, long, Parallelogram, Triangle, Parallelogram,650,1000, 
PA28,25, M,1000,164,1,8.56E+02, short, Pentagon, Circle, Pentagon,350,1000, 
PA28,25, M,1000,165,1,2.94E+02, long, Pentagon, Parallelogram, Parallelogram,850,1000, 
PA28,25, M,1000,166,0,5.14E+02, short, Parallelogram, Rhombus, Parallelogram,450,1000, 
PA28,25, M,1000,167,0,4.68E+02, long, Pentagon, Square, Square,650,1000, 
PA28,25, M,1000,168,0,1.38E+03, long, Square, Parallelogram, Square,750,1000, 
PA28,25, M,1000,169,0,6.76E+02, short, Rhombus, Square, Rhombus,350,1000, 
PA28,25, M,1000,170,0,3.32E+02, long, Pentagon, Parallelogram, Parallelogram,650,1000, 
PA28,25, M,1000,171,1,5.06E+02, short, Circle, Parallelogram, Circle,350,1000, 
PA28,25, M,1000,172,0,1.36E+03, long, Parallelogram, Pentagon, Pentagon,650,1000, 
PA28,25, M,1000,173,1,2.24E+02, long, Triangle, Parallelogram, Triangle,750,1000, 
PA28,25, M,1000,174,1,5.70E+02, short, Circle, Triangle, Circle,250,1000, 
PA28,25, M,1000,175,1,1.81E+03, short, Rhombus, Square, Square,450,1000, 
PA28,25, M,1000,176,0,1.94E+04, long, Rhombus, Circle, Circle,450,1000, 
PA28,25, M,1000,177,0,5.00E+02, short, Circle, Triangle, Circle,250,1000, 
PA28,25, M,1000,178,0,1.37E+03, short, Square, Circle, Circle,350,1000, 
PA28,25, M,1000,179,1,2.39E+02, long, Parallelogram, Square, Square,750,1000, 
PA28,25, M,1000,180,1,5.49E+02, short, Parallelogram, Square, Parallelogram,350,1000, 
PA28,25, M,1000,181,1,7.25E+02, long, Square, Parallelogram, Parallelogram,550,1000, 
PA28,25, M,1000,182,1,3.76E+02, long, Rhombus, Pentagon, Pentagon,650,1000, 
PA28,25, M,1000,183,0,2.50E+02, long, Pentagon, Parallelogram, Pentagon,850,1000, 
PA28,25, M,1000,184,1,6.34E+02, long, Square, Circle, Circle,550,1000, 
PA28,25, M,1000,185,0,3.08E+02, long, Pentagon, Parallelogram, Pentagon,750,1000, 
PA28,25, M,1000,186,1,5.66E+02, short, Rhombus, Parallelogram, Parallelogram,350,1000, 
PA28,25, M,1000,187,0,2.78E+02, long, Triangle, Pentagon, Triangle,750,1000, 
PA28,25, M,1000,188,0,9.16E+02, long, Pentagon, Triangle, Triangle,550,1000, 
PA28,25, M,1000,189,0,2.56E+02, long, Rhombus, Pentagon, Rhombus,850,1000, 
PA28,25, M,1000,190,0,2.88E+02, long, Parallelogram, Triangle, Triangle,850,1000, 
PA28,25, M,1000,191,0,5.24E+02, short, Triangle, Pentagon, Triangle,350,1000, 
PA28,25, M,1000,192,1,5.26E+02, short, Rhombus, Circle, Circle,450,1000, 
PA28,25, M,1000,193,0,5.23E+02, short, Parallelogram, Pentagon, Parallelogram,350,1000, 
PA28,25, M,1000,194,0,2.42E+02, long, Triangle, Pentagon, Pentagon,550,1000, 
PA28,25, M,1000,195,0,2.14E+03, long, Pentagon, Rhombus, Pentagon,550,1000, 
PA28,25, M,1000,196,1,4.95E+02, short, Triangle, Square, Triangle,250,1000, 
PA28,25, M,1000,197,0,1.26E+03, short, Rhombus, Circle, Rhombus,450,1000, 
PA28,25, M,1000,198,0,5.67E+02, short, Pentagon, Square, Square,250,1000, 
PA28,25, M,1000,199,1,6.23E+02, long, Parallelogram, Rhombus, Rhombus,550,1000, 
PA28,25, M,1000,200,1,6.87E+02, short, Parallelogram, Pentagon, Parallelogram,650,1000, 
PA28,25, M,1000,201,1,6.62E+02, short, Triangle, Pentagon, Pentagon,250,1000, 
PA28,25, M,1000,202,1,1.50E+03, short, Circle, Square, Circle,450,1000, 
PA28,25, M,1000,203,0,2.69E+02, long, Rhombus, Triangle, Triangle,850,1000, 
PA28,25, M,1000,204,1,5.13E+02, short, Square, Pentagon, Square,450,1000, 
PA28,25, M,1000,205,0,2.79E+02, long, Square, Circle, Circle,850,1000, 
PA28,25, M,1000,206,1,9.62E+02, long, Rhombus, Pentagon, Pentagon,750,1000, 
PA28,25, M,1000,207,1,3.97E+02, short, Rhombus, Parallelogram, Parallelogram,450,1000, 
PA28,25, M,1000,208,1,7.34E+02, short, Pentagon, Rhombus, Pentagon,350,1000, 
PA28,25, M,1000,209,1,1.66E+03, long, Circle, Parallelogram, Parallelogram,550,1000, 
PA28,25, M,1000,210,1,2.23E+03, short, Square, Parallelogram, Square,550,1000, 
