﻿Subject ID, Subject Age, Gender, Group, TrialNumber, Intended or Unintended Outcome, Reaction Time on Outcome Response, Response - Short or Long, Left Image Code, Right Image Code, Chosen Image Code, Objective Duration of Stimulus, Stimulus Delay,
PA15,23, F,250,1,1,9.04E+02, short, Rhombus, Parallelogram, Rhombus,550,250, 
PA15,23, F,250,2,0,1.73E+03, short, Pentagon, Circle, Pentagon,550,250, 
PA15,23, F,250,3,0,4.66E+02, short, Circle, Square, Circle,250,250, 
PA15,23, F,250,4,0,5.90E+02, long, Triangle, Pentagon, Triangle,750,250, 
PA15,23, F,250,5,0,9.18E+02, long, Parallelogram, Pentagon, Parallelogram,450,250, 
PA15,23, F,250,6,1,5.10E+02, long, Square, Rhombus, Square,450,250, 
PA15,23, F,250,7,0,4.68E+02, long, Triangle, Rhombus, Triangle,850,250, 
PA15,23, F,250,8,1,1.56E+03, short, Square, Parallelogram, Square,450,250, 
PA15,23, F,250,9,0,6.51E+02, long, Parallelogram, Pentagon, Parallelogram,650,250, 
PA15,23, F,250,10,0,5.53E+02, long, Circle, Parallelogram, Circle,550,250, 
PA15,23, F,250,11,1,3.59E+02, long, Pentagon, Rhombus, Pentagon,750,250, 
PA15,23, F,250,12,1,6.63E+02, short, Circle, Pentagon, Circle,650,250, 
PA15,23, F,250,13,1,5.33E+02, short, Parallelogram, Triangle, Parallelogram,250,250, 
PA15,23, F,250,14,0,4.94E+02, long, Square, Triangle, Square,850,250, 
PA15,23, F,250,15,1,1.11E+03, short, Pentagon, Parallelogram, Pentagon,350,250, 
PA15,23, F,250,16,1,5.15E+02, long, Square, Rhombus, Square,550,250, 
PA15,23, F,250,17,0,7.13E+02, short, Circle, Pentagon, Circle,350,250, 
PA15,23, F,250,18,1,4.85E+02, long, Parallelogram, Circle, Parallelogram,650,250, 
PA15,23, F,250,19,1,5.75E+02, short, Parallelogram, Triangle, Parallelogram,250,250, 
PA15,23, F,250,20,1,6.83E+02, short, Circle, Pentagon, Circle,350,250, 
PA15,23, F,250,21,0,4.63E+02, short, Triangle, Parallelogram, Triangle,350,250, 
PA15,23, F,250,22,1,5.45E+02, short, Parallelogram, Rhombus, Parallelogram,550,250, 
PA15,23, F,250,23,1,5.59E+02, short, Triangle, Circle, Triangle,450,250, 
PA15,23, F,250,24,1,4.07E+02, short, Triangle, Square, Triangle,350,250, 
PA15,23, F,250,25,0,5.66E+02, long, Parallelogram, Rhombus, Parallelogram,450,250, 
PA15,23, F,250,26,0,6.29E+02, short, Rhombus, Pentagon, Rhombus,250,250, 
PA15,23, F,250,27,1,4.50E+02, long, Triangle, Circle, Triangle,550,250, 
PA15,23, F,250,28,1,7.03E+02, long, Circle, Parallelogram, Circle,550,250, 
PA15,23, F,250,29,1,5.36E+02, long, Square, Parallelogram, Square,550,250, 
PA15,23, F,250,30,1,4.47E+02, long, Rhombus, Triangle, Rhombus,550,250, 
PA15,23, F,250,31,1,5.56E+02, long, Triangle, Square, Triangle,650,250, 
PA15,23, F,250,32,0,5.38E+02, long, Parallelogram, Pentagon, Parallelogram,750,250, 
PA15,23, F,250,33,1,9.04E+02, short, Parallelogram, Square, Parallelogram,250,250, 
PA15,23, F,250,34,0,8.36E+02, short, Square, Parallelogram, Square,450,250, 
PA15,23, F,250,35,1,5.18E+02, long, Rhombus, Pentagon, Rhombus,850,250, 
PA15,23, F,250,36,1,4.52E+02, long, Triangle, Parallelogram, Triangle,850,250, 
PA15,23, F,250,37,0,6.62E+02, long, Triangle, Pentagon, Triangle,550,250, 
PA15,23, F,250,38,0,9.56E+02, long, Square, Circle, Square,350,250, 
PA15,23, F,250,39,1,5.32E+02, long, Triangle, Circle, Triangle,750,250, 
PA15,23, F,250,40,1,6.54E+02, long, Rhombus, Circle, Rhombus,650,250, 
PA15,23, F,250,41,1,5.55E+02, long, Circle, Pentagon, Circle,750,250, 
PA15,23, F,250,42,0,5.00E+02, short, Triangle, Pentagon, Triangle,350,250, 
PA15,23, F,250,43,0,3.50E+02, long, Pentagon, Square, Pentagon,850,250, 
PA15,23, F,250,44,0,3.25E+02, long, Rhombus, Circle, Rhombus,850,250, 
PA15,23, F,250,45,0,1.85E+03, short, Triangle, Pentagon, Triangle,450,250, 
PA15,23, F,250,46,0,8.21E+02, long, Circle, Triangle, Circle,750,250, 
PA15,23, F,250,47,1,3.47E+02, long, Square, Pentagon, Square,650,250, 
PA15,23, F,250,48,1,1.01E+03, short, Circle, Triangle, Circle,450,250, 
PA15,23, F,250,49,1,3.27E+02, long, Parallelogram, Pentagon, Parallelogram,650,250, 
PA15,23, F,250,50,1,5.37E+02, short, Rhombus, Pentagon, Rhombus,250,250, 
PA15,23, F,250,51,1,4.37E+02, short, Rhombus, Circle, Rhombus,250,250, 
PA15,23, F,250,52,1,3.67E+02, long, Rhombus, Parallelogram, Rhombus,650,250, 
PA15,23, F,250,53,0,4.37E+02, short, Pentagon, Parallelogram, Pentagon,350,250, 
PA15,23, F,250,54,1,1.06E+03, long, Rhombus, Square, Rhombus,650,250, 
PA15,23, F,250,55,0,4.35E+02, long, Triangle, Square, Triangle,850,250, 
PA15,23, F,250,56,0,4.74E+02, long, Rhombus, Parallelogram, Rhombus,750,250, 
PA15,23, F,250,57,0,5.05E+02, long, Parallelogram, Rhombus, Parallelogram,550,250, 
PA15,23, F,250,58,1,6.14E+02, short, Circle, Rhombus, Circle,250,250, 
PA15,23, F,250,59,1,4.08E+02, short, Rhombus, Square, Rhombus,350,250, 
PA15,23, F,250,60,0,6.35E+02, short, Rhombus, Pentagon, Rhombus,250,250, 
PA15,23, F,250,61,1,4.36E+02, long, Pentagon, Circle, Pentagon,650,250, 
PA15,23, F,250,62,0,1.30E+03, long, Parallelogram, Square, Parallelogram,450,250, 
PA15,23, F,250,63,0,5.96E+02, long, Rhombus, Triangle, Rhombus,550,250, 
PA15,23, F,250,64,1,3.94E+02, long, Rhombus, Triangle, Rhombus,750,250, 
PA15,23, F,250,65,0,3.40E+02, long, Rhombus, Parallelogram, Rhombus,850,250, 
PA15,23, F,250,66,1,1.03E+03, long, Pentagon, Circle, Pentagon,450,250, 
PA15,23, F,250,67,1,6.60E+02, long, Triangle, Parallelogram, Triangle,450,250, 
PA15,23, F,250,68,0,7.36E+02, short, Triangle, Parallelogram, Triangle,250,250, 
PA15,23, F,250,69,1,1.01E+03, long, Parallelogram, Pentagon, Parallelogram,350,250, 
PA15,23, F,250,70,1,6.24E+02, short, Circle, Parallelogram, Circle,250,250, 
PA15,23, F,250,71,1,2.54E+02, long, Pentagon, Circle, Pentagon,850,250, 
PA15,23, F,250,72,1,3.04E+02, long, Circle, Parallelogram, Circle,850,250, 
PA15,23, F,250,73,1,4.38E+02, long, Triangle, Square, Triangle,750,250, 
PA15,23, F,250,74,1,6.34E+02, long, Square, Circle, Square,550,250, 
PA15,23, F,250,75,1,4.97E+02, long, Parallelogram, Rhombus, Parallelogram,650,250, 
PA15,23, F,250,76,0,4.41E+02, long, Triangle, Parallelogram, Triangle,650,250, 
PA15,23, F,250,77,1,4.15E+02, long, Parallelogram, Circle, Parallelogram,650,250, 
PA15,23, F,250,78,0,5.09E+02, short, Parallelogram, Rhombus, Parallelogram,250,250, 
PA15,23, F,250,79,0,4.77E+02, short, Circle, Pentagon, Circle,450,250, 
PA15,23, F,250,80,1,3.09E+02, long, Square, Rhombus, Square,850,250, 
PA15,23, F,250,81,0,2.86E+02, long, Parallelogram, Circle, Parallelogram,850,250, 
PA15,23, F,250,82,1,3.74E+02, long, Circle, Rhombus, Circle,850,250, 
PA15,23, F,250,83,0,3.82E+02, long, Pentagon, Parallelogram, Pentagon,750,250, 
PA15,23, F,250,84,0,4.62E+02, short, Rhombus, Square, Rhombus,250,250, 
PA15,23, F,250,85,1,6.53E+02, short, Circle, Rhombus, Circle,250,250, 
PA15,23, F,250,86,0,3.51E+02, long, Pentagon, Square, Pentagon,750,250, 
PA15,23, F,250,87,0,3.13E+02, long, Circle, Square, Circle,850,250, 
PA15,23, F,250,88,1,3.11E+02, long, Parallelogram, Triangle, Parallelogram,850,250, 
PA15,23, F,250,89,0,2.99E+02, long, Pentagon, Parallelogram, Pentagon,850,250, 
PA15,23, F,250,90,0,3.93E+02, long, Pentagon, Triangle, Pentagon,750,250, 
PA15,23, F,250,91,1,5.71E+02, short, Circle, Rhombus, Circle,250,250, 
PA15,23, F,250,92,0,4.31E+02, long, Rhombus, Parallelogram, Rhombus,650,250, 
PA15,23, F,250,93,1,7.05E+02, short, Triangle, Circle, Triangle,450,250, 
PA15,23, F,250,94,1,2.57E+02, long, Pentagon, Circle, Pentagon,750,250, 
PA15,23, F,250,95,0,5.73E+02, short, Pentagon, Triangle, Pentagon,450,250, 
PA15,23, F,250,96,1,3.07E+02, long, Pentagon, Parallelogram, Pentagon,750,250, 
PA15,23, F,250,97,1,7.20E+02, long, Triangle, Rhombus, Triangle,750,250, 
PA15,23, F,250,98,1,5.00E+02, short, Pentagon, Square, Pentagon,350,250, 
PA15,23, F,250,99,0,4.74E+02, short, Pentagon, Square, Pentagon,450,250, 
PA15,23, F,250,100,0,6.10E+02, short, Pentagon, Square, Pentagon,650,250, 
PA15,23, F,250,101,0,6.43E+02, short, Rhombus, Triangle, Rhombus,750,250, 
PA15,23, F,250,102,1,4.88E+02, long, Square, Parallelogram, Square,850,250, 
PA15,23, F,250,103,1,6.53E+02, short, Parallelogram, Triangle, Parallelogram,550,250, 
PA15,23, F,250,104,0,5.64E+02, short, Circle, Triangle, Circle,250,250, 
PA15,23, F,250,105,0,4.60E+02, short, Square, Parallelogram, Square,250,250, 
PA15,23, F,250,106,1,6.02E+02, short, Parallelogram, Rhombus, Parallelogram,450,250, 
PA15,23, F,250,107,1,3.68E+02, short, Square, Parallelogram, Square,350,250, 
PA15,23, F,250,108,1,3.60E+02, short, Rhombus, Triangle, Rhombus,350,250, 
PA15,23, F,250,109,0,6.38E+02, long, Pentagon, Triangle, Pentagon,550,250, 
PA15,23, F,250,110,0,1.25E+03, long, Rhombus, Parallelogram, Rhombus,650,250, 
PA15,23, F,250,111,1,6.10E+02, short, Circle, Rhombus, Circle,450,250, 
PA15,23, F,250,112,1,3.14E+02, short, Circle, Rhombus, Circle,850,250, 
PA15,23, F,250,113,0,7.42E+02, short, Pentagon, Circle, Pentagon,250,250, 
PA15,23, F,250,114,0,5.26E+02, short, Square, Pentagon, Square,350,250, 
PA15,23, F,250,115,1,4.42E+02, short, Triangle, Square, Triangle,250,250, 
PA15,23, F,250,116,1,4.36E+02, short, Parallelogram, Rhombus, Parallelogram,450,250, 
PA15,23, F,250,117,0,4.54E+02, short, Triangle, Circle, Triangle,650,250, 
PA15,23, F,250,118,0,4.08E+02, short, Pentagon, Parallelogram, Pentagon,350,250, 
PA15,23, F,250,119,0,3.73E+02, short, Circle, Square, Circle,450,250, 
PA15,23, F,250,120,1,3.44E+02, long, Circle, Parallelogram, Circle,850,250, 
PA15,23, F,250,121,1,4.41E+02, short, Triangle, Pentagon, Triangle,350,250, 
PA15,23, F,250,122,1,6.89E+02, short, Parallelogram, Pentagon, Parallelogram,550,250, 
PA15,23, F,250,123,0,4.93E+02, short, Triangle, Rhombus, Triangle,450,250, 
PA15,23, F,250,124,0,2.76E+02, short, Pentagon, Triangle, Pentagon,450,250, 
PA15,23, F,250,125,1,2.34E+03, short, Triangle, Rhombus, Triangle,250,250, 
PA15,23, F,250,126,1,3.63E+02, long, Square, Triangle, Square,650,250, 
PA15,23, F,250,127,1,2.97E+02, long, Triangle, Square, Triangle,750,250, 
PA15,23, F,250,128,0,4.59E+02, short, Parallelogram, Pentagon, Parallelogram,250,250, 
PA15,23, F,250,129,0,1.23E+02, long, Circle, Pentagon, Circle,850,250, 
PA15,23, F,250,130,0,9.53E+02, long, Circle, Rhombus, Circle,550,250, 
PA15,23, F,250,131,1,3.57E+02, long, Circle, Square, Circle,850,250, 
PA15,23, F,250,132,1,5.95E+02, short, Parallelogram, Square, Parallelogram,350,250, 
PA15,23, F,250,133,0,3.05E+02, long, Square, Triangle, Square,750,250, 
PA15,23, F,250,134,1,5.57E+02, short, Square, Triangle, Square,450,250, 
PA15,23, F,250,135,1,3.63E+02, long, Pentagon, Rhombus, Pentagon,750,250, 
PA15,23, F,250,136,1,3.69E+01, short, Triangle, Pentagon, Triangle,750,250, 
PA15,23, F,250,137,0,1.65E+03, long, Rhombus, Pentagon, Rhombus,750,250, 
PA15,23, F,250,138,1,1.08E+03, long, Parallelogram, Circle, Parallelogram,550,250, 
PA15,23, F,250,139,0,1.46E+03, long, Pentagon, Triangle, Pentagon,650,250, 
PA15,23, F,250,140,0,7.16E+02, long, Square, Rhombus, Square,850,250, 
PA15,23, F,250,141,1,7.45E+02, short, Rhombus, Pentagon, Rhombus,250,250, 
PA15,23, F,250,142,0,3.63E+02, long, Pentagon, Parallelogram, Pentagon,650,250, 
PA15,23, F,250,143,0,7.53E+02, short, Parallelogram, Circle, Parallelogram,750,250, 
PA15,23, F,250,144,0,5.16E+02, short, Triangle, Parallelogram, Triangle,250,250, 
PA15,23, F,250,145,0,2.86E+02, long, Triangle, Square, Triangle,550,250, 
PA15,23, F,250,146,1,1.38E+03, short, Rhombus, Square, Rhombus,350,250, 
PA15,23, F,250,147,1,2.30E+02, short, Square, Circle, Square,550,250, 
PA15,23, F,250,148,0,2.46E+02, long, Circle, Triangle, Circle,850,250, 
PA15,23, F,250,149,0,8.16E+02, short, Parallelogram, Triangle, Parallelogram,350,250, 
PA15,23, F,250,150,0,7.92E+02, long, Circle, Square, Circle,550,250, 
PA15,23, F,250,151,1,5.98E+02, short, Rhombus, Circle, Rhombus,450,250, 
PA15,23, F,250,152,0,5.92E+02, short, Pentagon, Triangle, Pentagon,450,250, 
PA15,23, F,250,153,0,4.08E+02, short, Square, Pentagon, Square,350,250, 
PA15,23, F,250,154,1,2.72E+02, short, Triangle, Circle, Triangle,750,250, 
PA15,23, F,250,155,1,2.06E+02, long, Circle, Triangle, Circle,850,250, 
PA15,23, F,250,156,1,7.74E+02, long, Pentagon, Rhombus, Pentagon,350,250, 
PA15,23, F,250,157,1,7.18E+02, short, Parallelogram, Circle, Parallelogram,550,250, 
PA15,23, F,250,158,0,6.82E+02, short, Rhombus, Circle, Rhombus,350,250, 
PA15,23, F,250,159,1,5.26E+02, short, Square, Circle, Square,650,250, 
PA15,23, F,250,160,1,4.08E+02, long, Parallelogram, Square, Parallelogram,750,250, 
PA15,23, F,250,161,0,5.82E+02, long, Circle, Triangle, Circle,650,250, 
PA15,23, F,250,162,1,4.52E+02, short, Rhombus, Square, Rhombus,550,250, 
PA15,23, F,250,163,0,2.96E+02, long, Square, Pentagon, Square,850,250, 
PA15,23, F,250,164,0,8.40E+02, long, Square, Pentagon, Square,750,250, 
PA15,23, F,250,165,0,2.46E+03, long, Triangle, Rhombus, Triangle,750,250, 
PA15,23, F,250,166,0,7.67E+02, short, Parallelogram, Triangle, Parallelogram,350,250, 
PA15,23, F,250,167,0,3.33E+02, short, Rhombus, Triangle, Rhombus,250,250, 
PA15,23, F,250,168,0,2.61E+02, short, Parallelogram, Triangle, Parallelogram,350,250, 
PA15,23, F,250,169,0,2.28E+03, short, Triangle, Circle, Triangle,450,250, 
PA15,23, F,250,170,0,1.37E+03, short, Pentagon, Circle, Pentagon,550,250, 
PA15,23, F,250,171,1,3.25E+02, short, Circle, Square, Circle,350,250, 
PA15,23, F,250,172,1,9.69E+02, long, Square, Rhombus, Square,850,250, 
PA15,23, F,250,173,0,6.05E+02, short, Circle, Parallelogram, Circle,350,250, 
PA15,23, F,250,174,0,3.81E+02, short, Rhombus, Square, Rhombus,250,250, 
PA15,23, F,250,175,0,2.95E+02, short, Parallelogram, Square, Parallelogram,550,250, 
PA15,23, F,250,176,1,3.11E+02, short, Pentagon, Triangle, Pentagon,450,250, 
PA15,23, F,250,177,1,4.71E+02, short, Rhombus, Circle, Rhombus,250,250, 
PA15,23, F,250,178,1,5.69E+02, short, Rhombus, Pentagon, Rhombus,550,250, 
PA15,23, F,250,179,1,4.73E+02, short, Pentagon, Rhombus, Pentagon,250,250, 
PA15,23, F,250,180,1,4.01E+02, short, Parallelogram, Circle, Parallelogram,350,250, 
PA15,23, F,250,181,0,4.35E+02, long, Square, Rhombus, Square,650,250, 
PA15,23, F,250,182,1,7.77E+02, long, Triangle, Rhombus, Triangle,250,250, 
PA15,23, F,250,183,0,1.24E+03, long, Square, Circle, Square,550,250, 
PA15,23, F,250,184,1,7.37E+02, long, Square, Pentagon, Square,450,250, 
PA15,23, F,250,185,0,2.84E+02, long, Circle, Square, Circle,450,250, 
PA15,23, F,250,186,0,2.77E+02, long, Square, Circle, Square,650,250, 
PA15,23, F,250,187,0,2.85E+02, long, Parallelogram, Square, Parallelogram,650,250, 
PA15,23, F,250,188,0,3.76E+02, long, Triangle, Parallelogram, Triangle,350,250, 
PA15,23, F,250,189,1,2.34E+02, long, Square, Triangle, Square,850,250, 
PA15,23, F,250,190,0,4.17E+02, long, Rhombus, Triangle, Rhombus,750,250, 
PA15,23, F,250,191,0,3.81E+02, long, Square, Circle, Square,650,250, 
PA15,23, F,250,192,0,4.60E+02, long, Pentagon, Square, Pentagon,650,250, 
PA15,23, F,250,193,1,2.91E+02, long, Square, Triangle, Square,850,250, 
PA15,23, F,250,194,1,3.42E+02, long, Triangle, Rhombus, Triangle,650,250, 
PA15,23, F,250,195,0,5.38E+02, short, Pentagon, Rhombus, Pentagon,350,250, 
PA15,23, F,250,196,1,3.56E+02, long, Circle, Pentagon, Circle,650,250, 
PA15,23, F,250,197,0,4.62E+02, short, Rhombus, Square, Rhombus,550,250, 
PA15,23, F,250,198,0,2.74E+02, short, Square, Parallelogram, Square,550,250, 
PA15,23, F,250,199,0,4.78E+02, short, Square, Pentagon, Square,850,250, 
PA15,23, F,250,200,0,3.16E+02, long, Triangle, Pentagon, Triangle,550,250, 
PA15,23, F,250,201,1,5.08E+02, long, Pentagon, Rhombus, Pentagon,450,250, 
PA15,23, F,250,202,0,5.08E+02, short, Square, Rhombus, Square,250,250, 
PA15,23, F,250,203,0,1.03E+03, short, Circle, Parallelogram, Circle,650,250, 
PA15,23, F,250,204,0,4.28E+02, long, Rhombus, Circle, Rhombus,450,250, 
PA15,23, F,250,205,0,5.70E+02, short, Circle, Triangle, Circle,250,250, 
PA15,23, F,250,206,0,3.23E+02, long, Parallelogram, Square, Parallelogram,850,250, 
PA15,23, F,250,207,1,4.34E+02, short, Rhombus, Parallelogram, Rhombus,350,250, 
PA15,23, F,250,208,1,4.94E+02, long, Pentagon, Square, Pentagon,750,250, 
PA15,23, F,250,209,1,4.24E+02, long, Square, Triangle, Square,750,250, 
PA15,23, F,250,210,0,3.40E+02, long, Pentagon, Rhombus, Pentagon,750,250, 
