﻿Subject ID, Subject Age, Gender, Group, TrialNumber, Intended or Unintended Outcome, Reaction Time on Outcome Response, Response - Short or Long, Left Image Code, Right Image Code, Chosen Image Code, Objective Duration of Stimulus, Stimulus Delay,
PA27,27, F,250,1,0,7.11E+02, short, Circle, Square, Circle,450,250, 
PA27,27, F,250,2,1,1.36E+03, long, Rhombus, Square, Square,750,250, 
PA27,27, F,250,3,1,7.53E+02, long, Triangle, Parallelogram, Parallelogram,650,250, 
PA27,27, F,250,4,1,5.85E+02, short, Pentagon, Parallelogram, Pentagon,350,250, 
PA27,27, F,250,5,1,3.25E+02, long, Circle, Pentagon, Circle,850,250, 
PA27,27, F,250,6,0,1.31E+03, long, Rhombus, Parallelogram, Parallelogram,550,250, 
PA27,27, F,250,7,0,2.85E+02, long, Parallelogram, Circle, Parallelogram,850,250, 
PA27,27, F,250,8,1,1.38E+03, short, Parallelogram, Pentagon, Pentagon,250,250, 
PA27,27, F,250,9,0,3.33E+02, long, Parallelogram, Rhombus, Parallelogram,650,250, 
PA27,27, F,250,10,1,2.98E+02, long, Rhombus, Parallelogram, Parallelogram,850,250, 
PA27,27, F,250,11,0,6.90E+02, short, Rhombus, Circle, Rhombus,250,250, 
PA27,27, F,250,12,0,8.08E+02, short, Square, Rhombus, Square,350,250, 
PA27,27, F,250,13,1,9.54E+02, short, Pentagon, Circle, Circle,250,250, 
PA27,27, F,250,14,1,5.66E+02, short, Square, Circle, Square,250,250, 
PA27,27, F,250,15,0,1.05E+03, long, Rhombus, Parallelogram, Parallelogram,650,250, 
PA27,27, F,250,16,0,8.15E+02, long, Square, Pentagon, Square,750,250, 
PA27,27, F,250,17,0,3.42E+02, long, Parallelogram, Triangle, Triangle,850,250, 
PA27,27, F,250,18,1,9.53E+02, long, Pentagon, Triangle, Pentagon,850,250, 
PA27,27, F,250,19,1,6.09E+02, long, Rhombus, Circle, Circle,650,250, 
PA27,27, F,250,20,1,1.03E+03, long, Parallelogram, Circle, Parallelogram,450,250, 
PA27,27, F,250,21,1,3.99E+02, long, Triangle, Square, Square,650,250, 
PA27,27, F,250,22,0,4.65E+02, long, Circle, Rhombus, Circle,850,250, 
PA27,27, F,250,23,0,1.30E+03, short, Circle, Parallelogram, Parallelogram,550,250, 
PA27,27, F,250,24,1,6.01E+02, short, Rhombus, Pentagon, Pentagon,350,250, 
PA27,27, F,250,25,1,1.10E+03, short, Circle, Triangle, Circle,350,250, 
PA27,27, F,250,26,1,5.85E+02, short, Triangle, Circle, Circle,350,250, 
PA27,27, F,250,27,1,1.03E+03, long, Pentagon, Circle, Pentagon,550,250, 
PA27,27, F,250,28,0,5.58E+02, long, Circle, Rhombus, Rhombus,750,250, 
PA27,27, F,250,29,1,3.38E+02, long, Square, Circle, Square,650,250, 
PA27,27, F,250,30,1,8.72E+02, short, Circle, Parallelogram, Parallelogram,250,250, 
PA27,27, F,250,31,0,4.74E+02, long, Rhombus, Parallelogram, Rhombus,550,250, 
PA27,27, F,250,32,0,3.70E+02, long, Circle, Pentagon, Pentagon,850,250, 
PA27,27, F,250,33,1,4.04E+02, long, Square, Triangle, Square,750,250, 
PA27,27, F,250,34,1,1.07E+03, long, Pentagon, Rhombus, Rhombus,650,250, 
PA27,27, F,250,35,1,3.87E+02, long, Triangle, Parallelogram, Triangle,750,250, 
PA27,27, F,250,36,1,1.57E+03, short, Square, Rhombus, Rhombus,350,250, 
PA27,27, F,250,37,0,1.18E+03, short, Parallelogram, Square, Parallelogram,550,250, 
PA27,27, F,250,38,0,5.62E+02, long, Triangle, Pentagon, Pentagon,850,250, 
PA27,27, F,250,39,1,7.43E+02, short, Triangle, Circle, Triangle,250,250, 
PA27,27, F,250,40,0,1.09E+03, short, Triangle, Square, Square,350,250, 
PA27,27, F,250,41,1,5.57E+02, short, Triangle, Parallelogram, Triangle,450,250, 
PA27,27, F,250,42,1,9.01E+02, long, Circle, Parallelogram, Parallelogram,850,250, 
PA27,27, F,250,43,1,4.87E+02, long, Square, Pentagon, Square,750,250, 
PA27,27, F,250,44,0,2.29E+03, long, Triangle, Pentagon, Pentagon,450,250, 
PA27,27, F,250,45,0,7.60E+02, short, Square, Parallelogram, Square,350,250, 
PA27,27, F,250,46,0,6.09E+02, long, Parallelogram, Triangle, Triangle,750,250, 
PA27,27, F,250,47,0,9.06E+02, short, Triangle, Parallelogram, Triangle,350,250, 
PA27,27, F,250,48,0,1.64E+03, long, Circle, Rhombus, Rhombus,450,250, 
PA27,27, F,250,49,1,3.74E+02, long, Pentagon, Square, Pentagon,750,250, 
PA27,27, F,250,50,0,4.66E+02, long, Rhombus, Triangle, Triangle,750,250, 
PA27,27, F,250,51,0,1.88E+03, long, Parallelogram, Circle, Parallelogram,550,250, 
PA27,27, F,250,52,1,6.30E+02, short, Square, Pentagon, Pentagon,250,250, 
PA27,27, F,250,53,1,3.62E+02, long, Square, Triangle, Square,850,250, 
PA27,27, F,250,54,1,3.80E+02, long, Circle, Triangle, Triangle,750,250, 
PA27,27, F,250,55,1,3.28E+02, long, Square, Triangle, Square,750,250, 
PA27,27, F,250,56,0,8.33E+02, short, Circle, Pentagon, Pentagon,250,250, 
PA27,27, F,250,57,0,6.52E+02, long, Square, Pentagon, Square,850,250, 
PA27,27, F,250,58,1,6.25E+02, long, Rhombus, Triangle, Triangle,550,250, 
PA27,27, F,250,59,0,9.85E+02, long, Rhombus, Circle, Rhombus,350,250, 
PA27,27, F,250,60,0,6.89E+02, short, Square, Circle, Circle,350,250, 
PA27,27, F,250,61,1,1.97E+03, short, Square, Rhombus, Square,650,250, 
PA27,27, F,250,62,0,7.29E+02, short, Rhombus, Circle, Circle,550,250, 
PA27,27, F,250,63,1,4.81E+02, long, Triangle, Circle, Triangle,650,250, 
PA27,27, F,250,64,1,5.65E+02, long, Triangle, Rhombus, Rhombus,650,250, 
PA27,27, F,250,65,1,5.31E+02, long, Square, Pentagon, Square,750,250, 
PA27,27, F,250,66,1,2.73E+02, long, Triangle, Parallelogram, Parallelogram,750,250, 
PA27,27, F,250,67,1,5.01E+02, short, Pentagon, Rhombus, Pentagon,350,250, 
PA27,27, F,250,68,0,8.19E+02, long, Parallelogram, Circle, Circle,750,250, 
PA27,27, F,250,69,0,8.09E+02, short, Square, Triangle, Square,350,250, 
PA27,27, F,250,70,0,3.12E+03, short, Rhombus, Parallelogram, Parallelogram,650,250, 
PA27,27, F,250,71,0,1.12E+03, long, Rhombus, Pentagon, Rhombus,750,250, 
PA27,27, F,250,72,0,6.42E+02, short, Parallelogram, Circle, Circle,450,250, 
PA27,27, F,250,73,1,1.27E+03, long, Square, Parallelogram, Square,650,250, 
PA27,27, F,250,74,1,6.74E+02, short, Rhombus, Pentagon, Pentagon,550,250, 
PA27,27, F,250,75,0,1.52E+03, short, Pentagon, Rhombus, Rhombus,450,250, 
PA27,27, F,250,76,0,9.00E+02, short, Parallelogram, Pentagon, Parallelogram,250,250, 
PA27,27, F,250,77,0,6.64E+02, short, Square, Triangle, Triangle,350,250, 
PA27,27, F,250,78,0,7.26E+02, short, Triangle, Rhombus, Triangle,250,250, 
PA27,27, F,250,79,0,5.56E+02, short, Square, Triangle, Triangle,350,250, 
PA27,27, F,250,80,0,7.38E+02, short, Pentagon, Rhombus, Pentagon,750,250, 
PA27,27, F,250,81,0,5.53E+02, short, Circle, Square, Circle,550,250, 
PA27,27, F,250,82,0,2.02E+03, long, Circle, Rhombus, Rhombus,450,250, 
PA27,27, F,250,83,1,4.66E+02, long, Square, Rhombus, Square,550,250, 
PA27,27, F,250,84,1,9.27E+02, long, Circle, Parallelogram, Parallelogram,550,250, 
PA27,27, F,250,85,0,9.62E+02, short, Parallelogram, Rhombus, Parallelogram,250,250, 
PA27,27, F,250,86,0,3.44E+02, long, Parallelogram, Circle, Circle,750,250, 
PA27,27, F,250,87,0,5.56E+02, long, Parallelogram, Pentagon, Parallelogram,850,250, 
PA27,27, F,250,88,1,4.06E+02, long, Parallelogram, Square, Square,750,250, 
PA27,27, F,250,89,1,1.08E+03, long, Rhombus, Triangle, Rhombus,550,250, 
PA27,27, F,250,90,0,5.28E+02, long, Square, Circle, Circle,750,250, 
PA27,27, F,250,91,0,5.08E+02, long, Parallelogram, Square, Square,650,250, 
PA27,27, F,250,92,1,3.68E+02, long, Circle, Square, Circle,650,250, 
PA27,27, F,250,93,0,4.36E+02, long, Circle, Rhombus, Circle,850,250, 
PA27,27, F,250,94,1,5.52E+02, long, Triangle, Pentagon, Pentagon,550,250, 
PA27,27, F,250,95,0,6.50E+02, short, Rhombus, Triangle, Rhombus,250,250, 
PA27,27, F,250,96,1,1.25E+03, long, Triangle, Circle, Circle,550,250, 
PA27,27, F,250,97,0,8.12E+02, short, Circle, Triangle, Circle,350,250, 
PA27,27, F,250,98,1,3.95E+02, long, Pentagon, Triangle, Triangle,550,250, 
PA27,27, F,250,99,1,8.99E+02, long, Triangle, Pentagon, Triangle,650,250, 
PA27,27, F,250,100,1,3.27E+02, long, Pentagon, Triangle, Triangle,650,250, 
PA27,27, F,250,101,1,5.37E+02, long, Pentagon, Circle, Pentagon,850,250, 
PA27,27, F,250,102,0,1.92E+03, long, Circle, Triangle, Triangle,550,250, 
PA27,27, F,250,103,0,2.89E+02, long, Circle, Square, Circle,850,250, 
PA27,27, F,250,104,1,6.71E+02, short, Square, Parallelogram, Parallelogram,250,250, 
PA27,27, F,250,105,1,3.47E+02, long, Pentagon, Triangle, Pentagon,850,250, 
PA27,27, F,250,106,0,8.01E+02, long, Rhombus, Square, Square,450,250, 
PA27,27, F,250,107,1,9.89E+02, long, Triangle, Square, Square,450,250, 
PA27,27, F,250,108,0,6.69E+02, short, Parallelogram, Square, Parallelogram,250,250, 
PA27,27, F,250,109,1,3.08E+02, long, Parallelogram, Triangle, Triangle,550,250, 
PA27,27, F,250,110,0,3.30E+02, long, Circle, Triangle, Circle,850,250, 
PA27,27, F,250,111,0,1.61E+03, long, Square, Rhombus, Rhombus,650,250, 
PA27,27, F,250,112,1,5.56E+02, long, Square, Parallelogram, Square,450,250, 
PA27,27, F,250,113,1,3.74E+02, long, Parallelogram, Rhombus, Rhombus,750,250, 
PA27,27, F,250,114,1,2.94E+02, long, Parallelogram, Triangle, Parallelogram,650,250, 
PA27,27, F,250,115,0,4.08E+02, long, Square, Pentagon, Pentagon,850,250, 
PA27,27, F,250,116,1,8.58E+02, short, Rhombus, Pentagon, Rhombus,250,250, 
PA27,27, F,250,117,0,4.86E+02, long, Square, Triangle, Triangle,450,250, 
PA27,27, F,250,118,0,3.66E+02, long, Circle, Square, Circle,550,250, 
PA27,27, F,250,119,1,7.32E+02, short, Pentagon, Parallelogram, Parallelogram,350,250, 
PA27,27, F,250,120,1,1.43E+03, long, Circle, Pentagon, Circle,450,250, 
PA27,27, F,250,121,1,8.76E+02, short, Pentagon, Square, Square,450,250, 
PA27,27, F,250,122,1,6.82E+02, short, Rhombus, Triangle, Rhombus,350,250, 
PA27,27, F,250,123,1,6.84E+02, short, Pentagon, Triangle, Triangle,250,250, 
PA27,27, F,250,124,1,8.36E+02, long, Pentagon, Parallelogram, Pentagon,750,250, 
PA27,27, F,250,125,0,4.92E+02, long, Square, Parallelogram, Parallelogram,650,250, 
PA27,27, F,250,126,0,6.89E+02, short, Rhombus, Circle, Rhombus,350,250, 
PA27,27, F,250,127,1,3.93E+02, long, Parallelogram, Triangle, Triangle,450,250, 
PA27,27, F,250,128,0,8.67E+02, long, Parallelogram, Triangle, Parallelogram,450,250, 
PA27,27, F,250,129,0,5.49E+02, short, Rhombus, Pentagon, Pentagon,350,250, 
PA27,27, F,250,130,1,2.97E+02, long, Rhombus, Square, Rhombus,850,250, 
PA27,27, F,250,131,0,7.03E+02, short, Rhombus, Square, Square,350,250, 
PA27,27, F,250,132,1,1.38E+03, long, Parallelogram, Rhombus, Parallelogram,550,250, 
PA27,27, F,250,133,1,5.23E+02, short, Triangle, Square, Square,350,250, 
PA27,27, F,250,134,0,4.33E+02, long, Triangle, Circle, Triangle,850,250, 
PA27,27, F,250,135,1,6.73E+02, short, Pentagon, Circle, Circle,250,250, 
PA27,27, F,250,136,0,4.36E+02, long, Square, Rhombus, Square,850,250, 
PA27,27, F,250,137,0,9.51E+02, long, Circle, Square, Circle,550,250, 
PA27,27, F,250,138,1,4.54E+02, long, Triangle, Pentagon, Pentagon,550,250, 
PA27,27, F,250,139,0,5.28E+02, long, Square, Circle, Square,750,250, 
PA27,27, F,250,140,0,7.06E+02, long, Parallelogram, Rhombus, Rhombus,650,250, 
PA27,27, F,250,141,1,1.99E+03, short, Pentagon, Parallelogram, Pentagon,450,250, 
PA27,27, F,250,142,1,1.79E+03, short, Triangle, Circle, Circle,450,250, 
PA27,27, F,250,143,0,7.82E+02, short, Rhombus, Parallelogram, Parallelogram,250,250, 
PA27,27, F,250,144,0,3.12E+02, long, Pentagon, Square, Pentagon,750,250, 
PA27,27, F,250,145,1,1.40E+03, short, Pentagon, Square, Square,750,250, 
PA27,27, F,250,146,1,9.06E+02, short, Parallelogram, Circle, Parallelogram,250,250, 
PA27,27, F,250,147,0,6.28E+02, short, Square, Circle, Square,250,250, 
PA27,27, F,250,148,0,1.20E+03, long, Rhombus, Pentagon, Pentagon,850,250, 
PA27,27, F,250,149,1,5.11E+02, short, Circle, Rhombus, Circle,250,250, 
PA27,27, F,250,150,0,3.81E+02, long, Pentagon, Circle, Circle,450,250, 
PA27,27, F,250,151,1,3.41E+02, long, Circle, Parallelogram, Circle,850,250, 
PA27,27, F,250,152,0,1.87E+03, short, Parallelogram, Rhombus, Rhombus,550,250, 
PA27,27, F,250,153,0,1.01E+03, long, Circle, Pentagon, Circle,650,250, 
PA27,27, F,250,154,1,1.39E+03, short, Circle, Pentagon, Pentagon,450,250, 
PA27,27, F,250,155,1,7.09E+02, short, Triangle, Square, Triangle,450,250, 
PA27,27, F,250,156,1,9.45E+02, short, Square, Circle, Circle,250,250, 
PA27,27, F,250,157,1,6.95E+02, short, Pentagon, Square, Pentagon,250,250, 
PA27,27, F,250,158,0,1.18E+03, long, Rhombus, Circle, Circle,650,250, 
PA27,27, F,250,159,0,9.83E+02, short, Triangle, Rhombus, Triangle,550,250, 
PA27,27, F,250,160,1,4.97E+02, long, Rhombus, Circle, Circle,850,250, 
PA27,27, F,250,161,1,4.63E+02, long, Triangle, Rhombus, Triangle,550,250, 
PA27,27, F,250,162,0,3.89E+02, long, Parallelogram, Rhombus, Rhombus,650,250, 
PA27,27, F,250,163,0,2.54E+03, short, Pentagon, Rhombus, Pentagon,550,250, 
PA27,27, F,250,164,0,6.29E+02, short, Circle, Pentagon, Pentagon,450,250, 
PA27,27, F,250,165,1,1.43E+03, long, Rhombus, Triangle, Rhombus,850,250, 
PA27,27, F,250,166,1,4.78E+02, short, Rhombus, Square, Rhombus,650,250, 
PA27,27, F,250,167,0,2.09E+03, short, Pentagon, Parallelogram, Parallelogram,350,250, 
PA27,27, F,250,168,0,9.40E+02, long, Parallelogram, Square, Parallelogram,650,250, 
PA27,27, F,250,169,0,3.38E+02, long, Triangle, Square, Triangle,750,250, 
PA27,27, F,250,170,0,8.65E+02, short, Square, Parallelogram, Parallelogram,450,250, 
PA27,27, F,250,171,0,1.63E+03, long, Triangle, Pentagon, Triangle,550,250, 
PA27,27, F,250,172,0,6.14E+02, long, Triangle, Parallelogram, Parallelogram,450,250, 
PA27,27, F,250,173,0,4.91E+02, long, Pentagon, Square, Pentagon,550,250, 
PA27,27, F,250,174,1,3.65E+02, long, Pentagon, Parallelogram, Parallelogram,850,250, 
PA27,27, F,250,175,1,1.32E+03, long, Circle, Triangle, Triangle,450,250, 
PA27,27, F,250,176,1,5.69E+02, short, Triangle, Circle, Triangle,350,250, 
PA27,27, F,250,177,1,3.15E+02, long, Parallelogram, Square, Square,850,250, 
PA27,27, F,250,178,1,1.19E+03, long, Square, Parallelogram, Square,650,250, 
PA27,27, F,250,179,0,3.61E+02, long, Pentagon, Rhombus, Rhombus,850,250, 
PA27,27, F,250,180,0,8.39E+02, short, Parallelogram, Square, Parallelogram,450,250, 
PA27,27, F,250,181,1,8.25E+02, short, Triangle, Parallelogram, Parallelogram,250,250, 
PA27,27, F,250,182,1,6.05E+02, short, Pentagon, Parallelogram, Pentagon,550,250, 
PA27,27, F,250,183,0,3.93E+02, long, Rhombus, Parallelogram, Parallelogram,650,250, 
PA27,27, F,250,184,1,6.76E+02, short, Triangle, Rhombus, Triangle,450,250, 
PA27,27, F,250,185,1,8.18E+02, short, Parallelogram, Pentagon, Pentagon,350,250, 
PA27,27, F,250,186,0,6.17E+02, short, Parallelogram, Pentagon, Parallelogram,250,250, 
PA27,27, F,250,187,0,5.36E+02, short, Pentagon, Square, Square,250,250, 
PA27,27, F,250,188,1,6.60E+02, short, Rhombus, Square, Rhombus,350,250, 
PA27,27, F,250,189,1,2.09E+03, long, Rhombus, Triangle, Triangle,550,250, 
PA27,27, F,250,190,0,8.72E+02, short, Parallelogram, Pentagon, Parallelogram,250,250, 
PA27,27, F,250,191,1,5.94E+02, long, Parallelogram, Pentagon, Pentagon,750,250, 
PA27,27, F,250,192,0,8.18E+02, short, Triangle, Rhombus, Triangle,250,250, 
PA27,27, F,250,193,0,1.16E+03, long, Triangle, Square, Square,650,250, 
PA27,27, F,250,194,1,6.60E+02, short, Parallelogram, Triangle, Parallelogram,350,250, 
PA27,27, F,250,195,0,2.47E+03, long, Pentagon, Rhombus, Rhombus,250,250, 
PA27,27, F,250,196,0,4.60E+02, short, Pentagon, Triangle, Pentagon,250,250, 
PA27,27, F,250,197,1,1.41E+03, short, Circle, Triangle, Triangle,350,250, 
PA27,27, F,250,198,0,4.02E+02, long, Square, Rhombus, Square,750,250, 
PA27,27, F,250,199,0,6.65E+02, short, Circle, Rhombus, Circle,450,250, 
PA27,27, F,250,200,1,1.54E+03, short, Pentagon, Circle, Circle,450,250, 
PA27,27, F,250,201,1,1.15E+03, long, Rhombus, Square, Rhombus,750,250, 
PA27,27, F,250,202,1,1.55E+03, long, Circle, Parallelogram, Parallelogram,450,250, 
PA27,27, F,250,203,0,7.17E+02, long, Triangle, Rhombus, Triangle,650,250, 
PA27,27, F,250,204,1,6.29E+02, long, Rhombus, Pentagon, Pentagon,850,250, 
PA27,27, F,250,205,0,8.07E+02, short, Pentagon, Triangle, Pentagon,350,250, 
PA27,27, F,250,206,1,4.21E+02, long, Pentagon, Circle, Circle,850,250, 
PA27,27, F,250,207,0,6.87E+02, long, Circle, Square, Circle,750,250, 
PA27,27, F,250,208,0,3.89E+02, long, Square, Pentagon, Pentagon,650,250, 
PA27,27, F,250,209,0,1.59E+03, long, Triangle, Pentagon, Triangle,750,250, 
PA27,27, F,250,210,1,7.29E+02, short, Circle, Parallelogram, Parallelogram,350,250, 
