﻿Subject ID, Subject Age, Gender, Group, TrialNumber, Intended or Unintended Outcome, Reaction Time on Outcome Response, Response - Short or Long, Left Image Code, Right Image Code, Chosen Image Code, Objective Duration of Stimulus, Stimulus Delay,
PA44,21, M,1000,1,0,8.45E+02, short, Parallelogram, Circle, Circle,350,1000, 
PA44,21, M,1000,2,0,2.06E+03, long, Rhombus, Pentagon, Pentagon,850,1000, 
PA44,21, M,1000,3,1,3.60E+02, long, Circle, Parallelogram, Circle,850,1000, 
PA44,21, M,1000,4,1,7.08E+02, short, Square, Pentagon, Square,450,1000, 
PA44,21, M,1000,5,1,5.25E+03, long, Parallelogram, Triangle, Triangle,750,1000, 
PA44,21, M,1000,6,0,1.46E+03, short, Rhombus, Triangle, Rhombus,550,1000, 
PA44,21, M,1000,7,0,8.32E+03, short, Circle, Triangle, Triangle,850,1000, 
PA44,21, M,1000,8,1,2.51E+03, long, Parallelogram, Triangle, Parallelogram,650,1000, 
PA44,21, M,1000,9,1,5.55E+03, short, Square, Triangle, Square,850,1000, 
PA44,21, M,1000,10,0,1.04E+03, short, Triangle, Pentagon, Triangle,450,1000, 
PA44,21, M,1000,11,1,5.21E+02, long, Rhombus, Parallelogram, Rhombus,850,1000, 
PA44,21, M,1000,12,0,6.69E+02, short, Triangle, Circle, Circle,350,1000, 
PA44,21, M,1000,13,0,1.91E+03, long, Triangle, Pentagon, Pentagon,850,1000, 
PA44,21, M,1000,14,1,8.97E+02, long, Circle, Rhombus, Circle,850,1000, 
PA44,21, M,1000,15,0,5.52E+02, short, Parallelogram, Rhombus, Rhombus,250,1000, 
PA44,21, M,1000,16,1,3.84E+02, short, Parallelogram, Circle, Circle,450,1000, 
PA44,21, M,1000,17,0,7.02E+02, short, Triangle, Parallelogram, Triangle,850,1000, 
PA44,21, M,1000,18,0,7.02E+02, short, Circle, Square, Circle,250,1000, 
PA44,21, M,1000,19,1,1.57E+03, short, Parallelogram, Rhombus, Rhombus,650,1000, 
PA44,21, M,1000,20,0,5.18E+02, short, Triangle, Rhombus, Triangle,450,1000, 
PA44,21, M,1000,21,1,2.31E+03, short, Square, Triangle, Triangle,650,1000, 
PA44,21, M,1000,22,0,1.74E+03, long, Circle, Rhombus, Circle,750,1000, 
PA44,21, M,1000,23,1,6.31E+02, short, Rhombus, Pentagon, Rhombus,350,1000, 
PA44,21, M,1000,24,1,6.16E+02, short, Pentagon, Circle, Pentagon,450,1000, 
PA44,21, M,1000,25,0,5.55E+02, short, Rhombus, Triangle, Rhombus,650,1000, 
PA44,21, M,1000,26,0,4.87E+02, short, Pentagon, Circle, Pentagon,550,1000, 
PA44,21, M,1000,27,0,4.39E+02, short, Parallelogram, Rhombus, Rhombus,250,1000, 
PA44,21, M,1000,28,1,7.05E+02, long, Pentagon, Square, Square,650,1000, 
PA44,21, M,1000,29,0,4.41E+02, short, Triangle, Parallelogram, Triangle,250,1000, 
PA44,21, M,1000,30,0,1.09E+03, long, Circle, Pentagon, Circle,650,1000, 
PA44,21, M,1000,31,0,1.33E+03, long, Square, Parallelogram, Square,850,1000, 
PA44,21, M,1000,32,0,4.42E+02, short, Square, Circle, Circle,350,1000, 
PA44,21, M,1000,33,1,2.91E+02, long, Square, Triangle, Square,850,1000, 
PA44,21, M,1000,34,1,3.54E+02, short, Pentagon, Triangle, Pentagon,350,1000, 
PA44,21, M,1000,35,0,1.39E+03, short, Rhombus, Triangle, Rhombus,550,1000, 
PA44,21, M,1000,36,0,6.66E+02, short, Circle, Triangle, Circle,350,1000, 
PA44,21, M,1000,37,0,6.26E+02, short, Parallelogram, Pentagon, Pentagon,550,1000, 
PA44,21, M,1000,38,0,4.54E+02, long, Triangle, Pentagon, Triangle,850,1000, 
PA44,21, M,1000,39,1,4.84E+02, long, Square, Pentagon, Square,850,1000, 
PA44,21, M,1000,40,1,3.50E+02, short, Parallelogram, Pentagon, Pentagon,350,1000, 
PA44,21, M,1000,41,0,6.64E+02, short, Pentagon, Triangle, Pentagon,550,1000, 
PA44,21, M,1000,42,0,5.98E+02, short, Parallelogram, Pentagon, Pentagon,650,1000, 
PA44,21, M,1000,43,1,4.01E+02, short, Square, Circle, Square,350,1000, 
PA44,21, M,1000,44,1,2.53E+02, long, Triangle, Square, Square,750,1000, 
PA44,21, M,1000,45,0,8.87E+02, short, Square, Circle, Circle,450,1000, 
PA44,21, M,1000,46,1,4.35E+02, short, Rhombus, Circle, Rhombus,250,1000, 
PA44,21, M,1000,47,1,3.11E+02, long, Triangle, Rhombus, Triangle,450,1000, 
PA44,21, M,1000,48,1,7.39E+02, short, Rhombus, Circle, Rhombus,350,1000, 
PA44,21, M,1000,49,0,4.23E+02, long, Triangle, Square, Square,650,1000, 
PA44,21, M,1000,50,1,3.74E+02, short, Square, Circle, Square,350,1000, 
PA44,21, M,1000,51,1,4.60E+02, short, Parallelogram, Square, Square,250,1000, 
PA44,21, M,1000,52,1,4.11E+02, long, Triangle, Rhombus, Rhombus,550,1000, 
PA44,21, M,1000,53,1,1.67E+03, long, Square, Parallelogram, Square,550,1000, 
PA44,21, M,1000,54,1,3.23E+02, long, Triangle, Circle, Triangle,850,1000, 
PA44,21, M,1000,55,0,2.41E+03, long, Square, Triangle, Square,750,1000, 
PA44,21, M,1000,56,1,5.84E+02, short, Parallelogram, Pentagon, Parallelogram,350,1000, 
PA44,21, M,1000,57,0,3.38E+02, long, Circle, Parallelogram, Circle,750,1000, 
PA44,21, M,1000,58,1,3.28E+02, long, Rhombus, Parallelogram, Parallelogram,650,1000, 
PA44,21, M,1000,59,1,7.46E+02, short, Square, Parallelogram, Square,450,1000, 
PA44,21, M,1000,60,1,6.27E+02, short, Pentagon, Triangle, Pentagon,450,1000, 
PA44,21, M,1000,61,0,3.75E+02, long, Triangle, Circle, Triangle,750,1000, 
PA44,21, M,1000,62,0,4.82E+02, short, Rhombus, Square, Rhombus,450,1000, 
PA44,21, M,1000,63,0,1.03E+03, long, Pentagon, Circle, Circle,750,1000, 
PA44,21, M,1000,64,0,3.65E+02, short, Parallelogram, Triangle, Triangle,350,1000, 
PA44,21, M,1000,65,1,8.31E+02, short, Pentagon, Rhombus, Pentagon,450,1000, 
PA44,21, M,1000,66,1,4.11E+02, short, Circle, Rhombus, Circle,250,1000, 
PA44,21, M,1000,67,0,1.65E+03, short, Circle, Triangle, Triangle,550,1000, 
PA44,21, M,1000,68,1,2.97E+02, short, Triangle, Rhombus, Triangle,350,1000, 
PA44,21, M,1000,69,0,3.61E+02, long, Circle, Pentagon, Pentagon,850,1000, 
PA44,21, M,1000,70,1,8.55E+02, long, Pentagon, Parallelogram, Pentagon,450,1000, 
PA44,21, M,1000,71,0,3.19E+02, long, Circle, Square, Circle,850,1000, 
PA44,21, M,1000,72,1,4.01E+02, long, Pentagon, Square, Square,750,1000, 
PA44,21, M,1000,73,1,5.71E+02, long, Square, Pentagon, Square,650,1000, 
PA44,21, M,1000,74,0,4.71E+02, short, Triangle, Parallelogram, Parallelogram,450,1000, 
PA44,21, M,1000,75,0,7.51E+02, long, Square, Pentagon, Square,750,1000, 
PA44,21, M,1000,76,1,7.22E+02, short, Rhombus, Pentagon, Rhombus,250,1000, 
PA44,21, M,1000,77,1,3.80E+02, short, Square, Rhombus, Square,550,1000, 
PA44,21, M,1000,78,0,6.68E+02, short, Rhombus, Circle, Rhombus,650,1000, 
PA44,21, M,1000,79,0,1.20E+03, short, Circle, Rhombus, Rhombus,450,1000, 
PA44,21, M,1000,80,0,4.74E+02, long, Triangle, Pentagon, Triangle,650,1000, 
PA44,21, M,1000,81,1,4.42E+02, short, Rhombus, Triangle, Rhombus,250,1000, 
PA44,21, M,1000,82,0,7.63E+02, short, Parallelogram, Pentagon, Parallelogram,650,1000, 
PA44,21, M,1000,83,0,6.68E+02, short, Pentagon, Triangle, Pentagon,350,1000, 
PA44,21, M,1000,84,1,2.75E+03, short, Parallelogram, Rhombus, Rhombus,550,1000, 
PA44,21, M,1000,85,0,5.33E+02, short, Pentagon, Parallelogram, Parallelogram,350,1000, 
PA44,21, M,1000,86,1,3.93E+02, short, Parallelogram, Triangle, Parallelogram,350,1000, 
PA44,21, M,1000,87,0,4.83E+02, short, Parallelogram, Circle, Parallelogram,350,1000, 
PA44,21, M,1000,88,0,7.29E+02, short, Pentagon, Square, Square,450,1000, 
PA44,21, M,1000,89,0,6.63E+02, short, Rhombus, Triangle, Rhombus,450,1000, 
PA44,21, M,1000,90,0,5.11E+02, long, Rhombus, Parallelogram, Rhombus,850,1000, 
PA44,21, M,1000,91,1,9.59E+02, short, Parallelogram, Circle, Parallelogram,450,1000, 
PA44,21, M,1000,92,0,3.05E+02, long, Pentagon, Rhombus, Rhombus,850,1000, 
PA44,21, M,1000,93,0,7.57E+02, short, Circle, Rhombus, Rhombus,650,1000, 
PA44,21, M,1000,94,1,6.55E+02, short, Pentagon, Circle, Circle,350,1000, 
PA44,21, M,1000,95,0,4.03E+02, short, Circle, Square, Square,350,1000, 
PA44,21, M,1000,96,0,4.52E+02, short, Circle, Parallelogram, Parallelogram,250,1000, 
PA44,21, M,1000,97,1,3.90E+02, short, Circle, Square, Square,350,1000, 
PA44,21, M,1000,98,1,1.64E+03, short, Square, Parallelogram, Square,350,1000, 
PA44,21, M,1000,99,0,4.48E+02, short, Pentagon, Square, Square,250,1000, 
PA44,21, M,1000,100,1,2.52E+03, long, Pentagon, Square, Square,550,1000, 
PA44,21, M,1000,101,0,4.88E+02, long, Circle, Triangle, Triangle,650,1000, 
PA44,21, M,1000,102,1,3.40E+02, short, Rhombus, Triangle, Rhombus,250,1000, 
PA44,21, M,1000,103,0,3.86E+02, long, Triangle, Parallelogram, Parallelogram,850,1000, 
PA44,21, M,1000,104,1,1.59E+03, long, Parallelogram, Rhombus, Rhombus,850,1000, 
PA44,21, M,1000,105,1,3.31E+02, short, Pentagon, Rhombus, Rhombus,750,1000, 
PA44,21, M,1000,106,0,1.61E+03, short, Triangle, Rhombus, Rhombus,650,1000, 
PA44,21, M,1000,107,1,3.63E+02, long, Triangle, Square, Square,550,1000, 
PA44,21, M,1000,108,1,3.75E+02, long, Circle, Pentagon, Pentagon,550,1000, 
PA44,21, M,1000,109,0,3.75E+02, short, Triangle, Square, Square,450,1000, 
PA44,21, M,1000,110,1,1.13E+03, long, Triangle, Pentagon, Triangle,850,1000, 
PA44,21, M,1000,111,1,1.65E+03, long, Rhombus, Parallelogram, Rhombus,650,1000, 
PA44,21, M,1000,112,1,3.11E+02, long, Rhombus, Square, Square,750,1000, 
PA44,21, M,1000,113,1,1.08E+03, long, Circle, Parallelogram, Circle,850,1000, 
PA44,21, M,1000,114,1,4.90E+02, short, Rhombus, Pentagon, Rhombus,450,1000, 
PA44,21, M,1000,115,0,1.19E+03, short, Square, Circle, Square,250,1000, 
PA44,21, M,1000,116,1,1.32E+03, long, Circle, Square, Square,550,1000, 
PA44,21, M,1000,117,1,3.68E+02, long, Triangle, Square, Square,850,1000, 
PA44,21, M,1000,118,0,4.16E+02, short, Rhombus, Triangle, Triangle,350,1000, 
PA44,21, M,1000,119,1,5.98E+02, short, Rhombus, Parallelogram, Rhombus,250,1000, 
PA44,21, M,1000,120,0,1.35E+03, long, Pentagon, Rhombus, Rhombus,550,1000, 
PA44,21, M,1000,121,1,3.46E+02, long, Circle, Rhombus, Rhombus,550,1000, 
PA44,21, M,1000,122,0,7.32E+02, short, Parallelogram, Circle, Parallelogram,450,1000, 
PA44,21, M,1000,123,1,3.51E+02, short, Square, Pentagon, Square,250,1000, 
PA44,21, M,1000,124,0,9.34E+02, long, Circle, Triangle, Circle,550,1000, 
PA44,21, M,1000,125,1,3.16E+02, long, Pentagon, Square, Pentagon,750,1000, 
PA44,21, M,1000,126,1,4.75E+02, short, Square, Triangle, Square,550,1000, 
PA44,21, M,1000,127,0,2.63E+02, long, Pentagon, Triangle, Pentagon,650,1000, 
PA44,21, M,1000,128,0,2.43E+02, long, Rhombus, Parallelogram, Rhombus,750,1000, 
PA44,21, M,1000,129,1,3.67E+02, short, Pentagon, Rhombus, Rhombus,250,1000, 
PA44,21, M,1000,130,0,4.51E+02, long, Circle, Triangle, Triangle,650,1000, 
PA44,21, M,1000,131,0,1.19E+03, long, Circle, Triangle, Circle,750,1000, 
PA44,21, M,1000,132,1,9.00E+02, long, Circle, Parallelogram, Circle,450,1000, 
PA44,21, M,1000,133,0,7.44E+01, long, Rhombus, Pentagon, Rhombus,850,1000, 
PA44,21, M,1000,134,1,1.08E+03, short, Rhombus, Square, Rhombus,450,1000, 
PA44,21, M,1000,135,1,2.32E+02, long, Triangle, Pentagon, Pentagon,750,1000, 
PA44,21, M,1000,136,0,8.42E+02, short, Pentagon, Parallelogram, Pentagon,750,1000, 
PA44,21, M,1000,137,1,3.94E+02, long, Pentagon, Triangle, Triangle,750,1000, 
PA44,21, M,1000,138,1,4.71E+02, short, Triangle, Parallelogram, Triangle,250,1000, 
PA44,21, M,1000,139,1,4.82E+02, short, Rhombus, Circle, Rhombus,550,1000, 
PA44,21, M,1000,140,0,5.34E+02, short, Circle, Parallelogram, Circle,350,1000, 
PA44,21, M,1000,141,0,4.50E+02, long, Square, Rhombus, Square,850,1000, 
PA44,21, M,1000,142,1,4.31E+02, short, Circle, Pentagon, Circle,250,1000, 
PA44,21, M,1000,143,0,4.90E+03, long, Square, Pentagon, Square,650,1000, 
PA44,21, M,1000,144,0,4.37E+02, short, Triangle, Circle, Triangle,250,1000, 
PA44,21, M,1000,145,1,4.73E+02, long, Rhombus, Pentagon, Rhombus,650,1000, 
PA44,21, M,1000,146,0,3.09E+02, short, Circle, Pentagon, Circle,350,1000, 
PA44,21, M,1000,147,0,4.13E+02, short, Pentagon, Rhombus, Rhombus,250,1000, 
PA44,21, M,1000,148,0,3.47E+02, long, Parallelogram, Circle, Parallelogram,550,1000, 
PA44,21, M,1000,149,0,5.41E+02, short, Square, Circle, Square,550,1000, 
PA44,21, M,1000,150,0,2.48E+03, short, Triangle, Square, Triangle,550,1000, 
PA44,21, M,1000,151,1,3.37E+02, long, Rhombus, Circle, Circle,550,1000, 
PA44,21, M,1000,152,1,2.74E+02, long, Pentagon, Circle, Pentagon,650,1000, 
PA44,21, M,1000,153,1,3.13E+02, long, Parallelogram, Square, Parallelogram,850,1000, 
PA44,21, M,1000,154,0,1.33E+03, long, Triangle, Circle, Circle,850,1000, 
PA44,21, M,1000,155,0,8.20E+02, short, Rhombus, Circle, Rhombus,550,1000, 
PA44,21, M,1000,156,1,1.61E+03, long, Pentagon, Parallelogram, Parallelogram,750,1000, 
PA44,21, M,1000,157,0,8.00E+02, long, Pentagon, Square, Square,850,1000, 
PA44,21, M,1000,158,0,4.88E+02, short, Square, Rhombus, Square,550,1000, 
PA44,21, M,1000,159,1,5.48E+02, short, Circle, Rhombus, Circle,450,1000, 
PA44,21, M,1000,160,1,4.90E+02, long, Square, Parallelogram, Parallelogram,850,1000, 
PA44,21, M,1000,161,1,4.88E+03, long, Parallelogram, Square, Parallelogram,650,1000, 
PA44,21, M,1000,162,1,2.72E+02, long, Circle, Parallelogram, Circle,650,1000, 
PA44,21, M,1000,163,0,4.21E+02, short, Pentagon, Circle, Circle,250,1000, 
PA44,21, M,1000,164,0,7.55E+02, long, Triangle, Pentagon, Triangle,750,1000, 
PA44,21, M,1000,165,1,5.95E+02, short, Parallelogram, Pentagon, Parallelogram,550,1000, 
PA44,21, M,1000,166,0,8.65E+02, short, Triangle, Circle, Triangle,450,1000, 
PA44,21, M,1000,167,1,9.13E+02, long, Parallelogram, Square, Parallelogram,750,1000, 
PA44,21, M,1000,168,1,5.75E+02, long, Pentagon, Rhombus, Rhombus,650,1000, 
PA44,21, M,1000,169,1,2.42E+02, long, Square, Pentagon, Square,650,1000, 
PA44,21, M,1000,170,0,3.53E+02, short, Rhombus, Square, Rhombus,250,1000, 
PA44,21, M,1000,171,1,3.99E+02, short, Circle, Square, Square,450,1000, 
PA44,21, M,1000,172,0,4.66E+02, short, Parallelogram, Rhombus, Parallelogram,350,1000, 
PA44,21, M,1000,173,1,1.56E+02, long, Square, Circle, Circle,750,1000, 
PA44,21, M,1000,174,1,3.37E+02, short, Rhombus, Square, Rhombus,250,1000, 
PA44,21, M,1000,175,0,5.59E+02, short, Pentagon, Triangle, Pentagon,250,1000, 
PA44,21, M,1000,176,0,3.72E+02, long, Circle, Pentagon, Pentagon,750,1000, 
PA44,21, M,1000,177,0,3.18E+02, short, Parallelogram, Square, Parallelogram,250,1000, 
PA44,21, M,1000,178,0,5.02E+02, long, Triangle, Rhombus, Rhombus,750,1000, 
PA44,21, M,1000,179,0,6.79E+02, short, Triangle, Square, Triangle,250,1000, 
PA44,21, M,1000,180,0,5.08E+02, short, Square, Rhombus, Square,350,1000, 
PA44,21, M,1000,181,1,3.35E+02, short, Square, Rhombus, Square,250,1000, 
PA44,21, M,1000,182,0,8.45E+02, long, Parallelogram, Square, Parallelogram,650,1000, 
PA44,21, M,1000,183,1,3.71E+02, long, Square, Parallelogram, Parallelogram,750,1000, 
PA44,21, M,1000,184,1,3.13E+02, short, Triangle, Rhombus, Triangle,250,1000, 
PA44,21, M,1000,185,0,1.41E+03, long, Square, Triangle, Square,750,1000, 
PA44,21, M,1000,186,0,2.97E+02, long, Rhombus, Square, Square,550,1000, 
PA44,21, M,1000,187,1,8.45E+02, long, Triangle, Circle, Triangle,650,1000, 
PA44,21, M,1000,188,1,3.07E+02, long, Parallelogram, Circle, Parallelogram,850,1000, 
PA44,21, M,1000,189,1,5.47E+02, long, Parallelogram, Triangle, Parallelogram,750,1000, 
PA44,21, M,1000,190,1,4.76E+02, long, Triangle, Parallelogram, Triangle,750,1000, 
PA44,21, M,1000,191,1,6.20E+02, long, Parallelogram, Triangle, Parallelogram,750,1000, 
PA44,21, M,1000,192,1,1.38E+03, short, Parallelogram, Pentagon, Parallelogram,350,1000, 
PA44,21, M,1000,193,0,7.48E+03, long, Pentagon, Parallelogram, Parallelogram,750,1000, 
PA44,21, M,1000,194,1,7.17E+02, long, Triangle, Parallelogram, Parallelogram,650,1000, 
PA44,21, M,1000,195,0,6.48E+02, short, Square, Rhombus, Square,450,1000, 
PA44,21, M,1000,196,1,3.30E+02, short, Rhombus, Square, Square,350,1000, 
PA44,21, M,1000,197,1,3.20E+02, long, Square, Triangle, Square,450,1000, 
PA44,21, M,1000,198,1,3.77E+02, short, Rhombus, Parallelogram, Rhombus,250,1000, 
PA44,21, M,1000,199,0,5.73E+02, short, Square, Parallelogram, Square,450,1000, 
PA44,21, M,1000,200,0,3.83E+02, short, Circle, Pentagon, Circle,450,1000, 
PA44,21, M,1000,201,1,3.04E+03, long, Pentagon, Parallelogram, Pentagon,550,1000, 
PA44,21, M,1000,202,0,5.35E+02, short, Rhombus, Circle, Rhombus,250,1000, 
PA44,21, M,1000,203,1,1.12E+03, long, Rhombus, Pentagon, Rhombus,850,1000, 
PA44,21, M,1000,204,1,6.67E+02, long, Pentagon, Circle, Pentagon,350,1000, 
PA44,21, M,1000,205,0,3.17E+02, long, Circle, Square, Square,650,1000, 
PA44,21, M,1000,206,0,2.90E+02, long, Square, Rhombus, Square,750,1000, 
PA44,21, M,1000,207,0,4.79E+02, short, Parallelogram, Rhombus, Rhombus,450,1000, 
PA44,21, M,1000,208,0,5.28E+02, short, Parallelogram, Triangle, Parallelogram,350,1000, 
PA44,21, M,1000,209,1,3.35E+02, long, Pentagon, Parallelogram, Pentagon,550,1000, 
PA44,21, M,1000,210,0,1.83E+03, short, Parallelogram, Square, Parallelogram,550,1000, 
