﻿Subject ID, Subject Age, Gender, Group, TrialNumber, Intended or Unintended Outcome, Reaction Time on Outcome Response, Response - Short or Long, Left Image Code, Right Image Code, Chosen Image Code, Objective Duration of Stimulus, Stimulus Delay,
PA17,25, F,250,1,0,1.66E+03, short, Circle, Rhombus, Circle,350,250, 
PA17,25, F,250,2,0,8.28E+02, long, Square, Triangle, Triangle,350,250, 
PA17,25, F,250,3,1,1.87E+02, long, Parallelogram, Square, Square,650,250, 
PA17,25, F,250,4,1,4.34E+02, long, Rhombus, Square, Rhombus,850,250, 
PA17,25, F,250,5,1,4.27E+02, long, Parallelogram, Rhombus, Parallelogram,550,250, 
PA17,25, F,250,6,0,2.83E+02, long, Circle, Pentagon, Pentagon,850,250, 
PA17,25, F,250,7,1,3.47E+02, long, Pentagon, Rhombus, Rhombus,750,250, 
PA17,25, F,250,8,0,4.87E+02, short, Circle, Rhombus, Rhombus,250,250, 
PA17,25, F,250,9,0,7.93E+02, long, Triangle, Square, Square,450,250, 
PA17,25, F,250,10,0,4.15E+02, long, Rhombus, Parallelogram, Rhombus,550,250, 
PA17,25, F,250,11,1,4.44E+02, long, Triangle, Parallelogram, Triangle,650,250, 
PA17,25, F,250,12,0,5.32E+02, short, Parallelogram, Square, Square,250,250, 
PA17,25, F,250,13,1,2.74E+02, long, Parallelogram, Pentagon, Pentagon,750,250, 
PA17,25, F,250,14,0,5.56E+02, short, Triangle, Parallelogram, Parallelogram,450,250, 
PA17,25, F,250,15,0,2.94E+02, long, Pentagon, Triangle, Pentagon,750,250, 
PA17,25, F,250,16,0,5.40E+02, short, Pentagon, Circle, Circle,550,250, 
PA17,25, F,250,17,0,5.42E+02, short, Pentagon, Square, Pentagon,450,250, 
PA17,25, F,250,18,1,4.74E+02, short, Pentagon, Square, Square,250,250, 
PA17,25, F,250,19,1,4.06E+02, short, Triangle, Circle, Triangle,250,250, 
PA17,25, F,250,20,0,3.86E+02, short, Pentagon, Circle, Circle,350,250, 
PA17,25, F,250,21,1,2.93E+02, long, Triangle, Square, Triangle,850,250, 
PA17,25, F,250,22,1,4.57E+02, long, Square, Rhombus, Square,550,250, 
PA17,25, F,250,23,1,2.81E+02, long, Triangle, Square, Square,750,250, 
PA17,25, F,250,24,1,4.21E+02, long, Triangle, Circle, Triangle,650,250, 
PA17,25, F,250,25,0,4.03E+02, long, Pentagon, Triangle, Triangle,850,250, 
PA17,25, F,250,26,0,4.49E+02, long, Rhombus, Circle, Circle,750,250, 
PA17,25, F,250,27,0,3.03E+02, long, Pentagon, Square, Pentagon,750,250, 
PA17,25, F,250,28,0,3.23E+02, long, Circle, Rhombus, Circle,850,250, 
PA17,25, F,250,29,0,6.08E+02, short, Rhombus, Parallelogram, Parallelogram,750,250, 
PA17,25, F,250,30,1,4.12E+02, short, Rhombus, Circle, Rhombus,350,250, 
PA17,25, F,250,31,0,4.88E+02, short, Triangle, Square, Square,550,250, 
PA17,25, F,250,32,1,6.00E+02, short, Rhombus, Triangle, Rhombus,450,250, 
PA17,25, F,250,33,0,4.70E+02, short, Square, Pentagon, Pentagon,250,250, 
PA17,25, F,250,34,0,3.80E+02, short, Pentagon, Circle, Pentagon,350,250, 
PA17,25, F,250,35,0,2.70E+02, long, Parallelogram, Circle, Parallelogram,750,250, 
PA17,25, F,250,36,1,5.12E+02, short, Parallelogram, Circle, Parallelogram,350,250, 
PA17,25, F,250,37,1,5.58E+02, long, Circle, Triangle, Triangle,550,250, 
PA17,25, F,250,38,0,4.84E+02, short, Circle, Parallelogram, Parallelogram,250,250, 
PA17,25, F,250,39,0,3.04E+02, long, Rhombus, Square, Rhombus,550,250, 
PA17,25, F,250,40,0,4.43E+02, short, Square, Circle, Circle,450,250, 
PA17,25, F,250,41,0,4.42E+02, short, Pentagon, Parallelogram, Pentagon,250,250, 
PA17,25, F,250,42,0,3.08E+02, long, Square, Triangle, Triangle,650,250, 
PA17,25, F,250,43,1,2.21E+02, long, Rhombus, Pentagon, Rhombus,750,250, 
PA17,25, F,250,44,1,2.81E+02, long, Rhombus, Pentagon, Pentagon,650,250, 
PA17,25, F,250,45,1,2.47E+02, long, Pentagon, Circle, Pentagon,850,250, 
PA17,25, F,250,46,1,3.53E+02, short, Square, Pentagon, Square,450,250, 
PA17,25, F,250,47,1,4.30E+02, short, Circle, Square, Circle,650,250, 
PA17,25, F,250,48,0,3.15E+02, long, Pentagon, Triangle, Pentagon,750,250, 
PA17,25, F,250,49,1,4.99E+02, short, Square, Pentagon, Pentagon,350,250, 
PA17,25, F,250,50,0,3.27E+02, long, Parallelogram, Pentagon, Pentagon,650,250, 
PA17,25, F,250,51,1,3.61E+02, long, Parallelogram, Square, Parallelogram,750,250, 
PA17,25, F,250,52,1,5.37E+02, short, Rhombus, Pentagon, Pentagon,250,250, 
PA17,25, F,250,53,0,1.02E+03, short, Square, Circle, Square,750,250, 
PA17,25, F,250,54,1,5.12E+02, short, Square, Triangle, Square,750,250, 
PA17,25, F,250,55,0,2.57E+02, long, Rhombus, Parallelogram, Parallelogram,850,250, 
PA17,25, F,250,56,0,3.01E+02, long, Rhombus, Triangle, Triangle,650,250, 
PA17,25, F,250,57,0,5.84E+02, short, Triangle, Square, Triangle,350,250, 
PA17,25, F,250,58,0,4.40E+02, short, Circle, Parallelogram, Parallelogram,550,250, 
PA17,25, F,250,59,1,5.79E+02, short, Square, Parallelogram, Square,350,250, 
PA17,25, F,250,60,0,2.94E+02, long, Triangle, Circle, Circle,850,250, 
PA17,25, F,250,61,1,4.30E+02, long, Pentagon, Square, Square,650,250, 
PA17,25, F,250,62,0,3.22E+02, long, Square, Triangle, Triangle,650,250, 
PA17,25, F,250,63,1,2.68E+02, long, Parallelogram, Circle, Circle,850,250, 
PA17,25, F,250,64,0,5.24E+02, short, Circle, Pentagon, Circle,850,250, 
PA17,25, F,250,65,1,3.80E+02, long, Circle, Triangle, Triangle,650,250, 
PA17,25, F,250,66,0,6.46E+02, short, Parallelogram, Pentagon, Parallelogram,250,250, 
PA17,25, F,250,67,1,4.08E+02, short, Triangle, Pentagon, Triangle,350,250, 
PA17,25, F,250,68,0,6.91E+02, short, Triangle, Parallelogram, Parallelogram,550,250, 
PA17,25, F,250,69,0,2.61E+02, long, Square, Pentagon, Square,850,250, 
PA17,25, F,250,70,0,4.33E+02, short, Triangle, Rhombus, Rhombus,350,250, 
PA17,25, F,250,71,1,4.69E+02, short, Triangle, Rhombus, Triangle,450,250, 
PA17,25, F,250,72,1,4.65E+02, short, Parallelogram, Square, Square,250,250, 
PA17,25, F,250,73,1,3.53E+02, long, Square, Circle, Square,550,250, 
PA17,25, F,250,74,1,4.55E+02, short, Rhombus, Parallelogram, Parallelogram,450,250, 
PA17,25, F,250,75,1,5.27E+02, long, Rhombus, Pentagon, Rhombus,550,250, 
PA17,25, F,250,76,1,2.37E+02, long, Circle, Pentagon, Pentagon,850,250, 
PA17,25, F,250,77,0,3.99E+02, short, Square, Pentagon, Square,250,250, 
PA17,25, F,250,78,1,3.75E+02, short, Triangle, Square, Square,250,250, 
PA17,25, F,250,79,1,3.21E+02, short, Rhombus, Square, Rhombus,350,250, 
PA17,25, F,250,80,0,3.45E+02, long, Triangle, Rhombus, Rhombus,650,250, 
PA17,25, F,250,81,1,2.93E+02, long, Triangle, Parallelogram, Parallelogram,750,250, 
PA17,25, F,250,82,0,3.31E+02, short, Circle, Pentagon, Circle,450,250, 
PA17,25, F,250,83,1,7.69E+02, short, Square, Rhombus, Rhombus,350,250, 
PA17,25, F,250,84,0,3.06E+02, long, Rhombus, Triangle, Rhombus,650,250, 
PA17,25, F,250,85,1,1.90E+02, long, Circle, Pentagon, Circle,850,250, 
PA17,25, F,250,86,1,2.22E+02, long, Pentagon, Rhombus, Rhombus,850,250, 
PA17,25, F,250,87,0,4.44E+02, short, Square, Parallelogram, Parallelogram,250,250, 
PA17,25, F,250,88,0,4.02E+02, short, Circle, Rhombus, Rhombus,250,250, 
PA17,25, F,250,89,1,1.58E+02, long, Triangle, Pentagon, Triangle,850,250, 
PA17,25, F,250,90,0,2.39E+02, long, Rhombus, Square, Rhombus,650,250, 
PA17,25, F,250,91,1,4.00E+02, long, Pentagon, Square, Square,750,250, 
PA17,25, F,250,92,1,3.20E+02, short, Pentagon, Triangle, Pentagon,350,250, 
PA17,25, F,250,93,1,3.49E+02, long, Parallelogram, Pentagon, Pentagon,450,250, 
PA17,25, F,250,94,0,2.35E+02, long, Square, Triangle, Square,850,250, 
PA17,25, F,250,95,1,4.56E+02, short, Triangle, Pentagon, Pentagon,250,250, 
PA17,25, F,250,96,0,3.43E+02, short, Square, Rhombus, Square,250,250, 
PA17,25, F,250,97,1,2.47E+02, long, Parallelogram, Triangle, Triangle,850,250, 
PA17,25, F,250,98,1,6.25E+02, long, Circle, Rhombus, Rhombus,650,250, 
PA17,25, F,250,99,0,3.13E+02, long, Parallelogram, Circle, Parallelogram,550,250, 
PA17,25, F,250,100,1,4.53E+02, short, Circle, Square, Square,250,250, 
PA17,25, F,250,101,1,3.11E+02, long, Circle, Triangle, Triangle,650,250, 
PA17,25, F,250,102,0,4.87E+02, short, Pentagon, Parallelogram, Pentagon,450,250, 
PA17,25, F,250,103,0,2.49E+02, long, Circle, Pentagon, Circle,850,250, 
PA17,25, F,250,104,0,3.77E+02, short, Rhombus, Triangle, Rhombus,350,250, 
PA17,25, F,250,105,1,2.77E+02, long, Triangle, Rhombus, Triangle,650,250, 
PA17,25, F,250,106,0,3.23E+02, long, Square, Rhombus, Rhombus,450,250, 
PA17,25, F,250,107,1,2.47E+02, long, Parallelogram, Rhombus, Rhombus,850,250, 
PA17,25, F,250,108,1,6.75E+02, short, Triangle, Parallelogram, Triangle,450,250, 
PA17,25, F,250,109,1,3.48E+02, long, Circle, Rhombus, Rhombus,550,250, 
PA17,25, F,250,110,0,5.08E+02, long, Parallelogram, Triangle, Parallelogram,650,250, 
PA17,25, F,250,111,0,4.96E+02, short, Pentagon, Parallelogram, Parallelogram,650,250, 
PA17,25, F,250,112,1,3.16E+02, short, Circle, Square, Circle,250,250, 
PA17,25, F,250,113,1,4.75E+02, long, Parallelogram, Rhombus, Rhombus,850,250, 
PA17,25, F,250,114,0,5.50E+02, short, Rhombus, Triangle, Rhombus,450,250, 
PA17,25, F,250,115,0,2.62E+02, long, Circle, Square, Square,750,250, 
PA17,25, F,250,116,1,5.80E+02, short, Square, Pentagon, Square,250,250, 
PA17,25, F,250,117,1,2.04E+02, long, Parallelogram, Rhombus, Rhombus,850,250, 
PA17,25, F,250,118,1,3.72E+02, long, Circle, Rhombus, Circle,850,250, 
PA17,25, F,250,119,1,2.41E+02, long, Circle, Parallelogram, Parallelogram,750,250, 
PA17,25, F,250,120,1,3.48E+02, long, Square, Rhombus, Rhombus,550,250, 
PA17,25, F,250,121,1,6.32E+02, short, Square, Rhombus, Rhombus,350,250, 
PA17,25, F,250,122,1,7.18E+02, short, Parallelogram, Circle, Circle,250,250, 
PA17,25, F,250,123,0,5.42E+02, short, Rhombus, Square, Rhombus,350,250, 
PA17,25, F,250,124,0,2.89E+02, long, Square, Rhombus, Square,550,250, 
PA17,25, F,250,125,1,3.74E+02, long, Parallelogram, Circle, Parallelogram,850,250, 
PA17,25, F,250,126,1,5.97E+02, short, Square, Triangle, Triangle,450,250, 
PA17,25, F,250,127,0,7.33E+02, short, Pentagon, Rhombus, Pentagon,450,250, 
PA17,25, F,250,128,1,2.89E+02, long, Rhombus, Circle, Circle,550,250, 
PA17,25, F,250,129,1,3.25E+02, long, Triangle, Circle, Triangle,450,250, 
PA17,25, F,250,130,0,4.59E+02, short, Rhombus, Circle, Circle,350,250, 
PA17,25, F,250,131,0,2.97E+02, long, Triangle, Circle, Triangle,450,250, 
PA17,25, F,250,132,1,2.63E+02, long, Circle, Square, Square,750,250, 
PA17,25, F,250,133,1,2.75E+02, long, Parallelogram, Triangle, Triangle,550,250, 
PA17,25, F,250,134,0,1.91E+02, long, Rhombus, Parallelogram, Parallelogram,850,250, 
PA17,25, F,250,135,1,5.35E+02, long, Pentagon, Circle, Pentagon,550,250, 
PA17,25, F,250,136,1,3.56E+02, long, Parallelogram, Triangle, Parallelogram,650,250, 
PA17,25, F,250,137,0,2.30E+02, long, Square, Parallelogram, Parallelogram,750,250, 
PA17,25, F,250,138,0,2.10E+02, long, Triangle, Rhombus, Rhombus,750,250, 
PA17,25, F,250,139,0,2.63E+02, long, Pentagon, Rhombus, Pentagon,550,250, 
PA17,25, F,250,140,0,5.56E+02, short, Circle, Pentagon, Pentagon,450,250, 
PA17,25, F,250,141,1,5.84E+02, short, Rhombus, Triangle, Rhombus,650,250, 
PA17,25, F,250,142,0,2.80E+02, long, Triangle, Circle, Circle,650,250, 
PA17,25, F,250,143,0,5.14E+02, short, Circle, Triangle, Circle,250,250, 
PA17,25, F,250,144,1,4.86E+02, short, Parallelogram, Triangle, Triangle,450,250, 
PA17,25, F,250,145,0,6.88E+02, short, Parallelogram, Square, Square,450,250, 
PA17,25, F,250,146,1,4.54E+02, short, Circle, Parallelogram, Circle,450,250, 
PA17,25, F,250,147,0,2.00E+02, long, Pentagon, Rhombus, Pentagon,750,250, 
PA17,25, F,250,148,0,4.66E+02, short, Square, Parallelogram, Parallelogram,350,250, 
PA17,25, F,250,149,0,3.94E+02, short, Parallelogram, Circle, Circle,250,250, 
PA17,25, F,250,150,1,3.18E+02, short, Triangle, Rhombus, Triangle,250,250, 
PA17,25, F,250,151,1,2.61E+02, long, Square, Triangle, Triangle,650,250, 
PA17,25, F,250,152,0,2.05E+02, long, Square, Circle, Square,750,250, 
PA17,25, F,250,153,0,3.25E+02, short, Triangle, Parallelogram, Parallelogram,350,250, 
PA17,25, F,250,154,1,2.43E+02, long, Circle, Square, Circle,750,250, 
PA17,25, F,250,155,1,4.08E+02, short, Pentagon, Triangle, Triangle,250,250, 
PA17,25, F,250,156,0,5.75E+02, short, Circle, Triangle, Triangle,550,250, 
PA17,25, F,250,157,1,3.65E+02, short, Parallelogram, Rhombus, Parallelogram,350,250, 
PA17,25, F,250,158,0,2.51E+02, long, Pentagon, Circle, Circle,550,250, 
PA17,25, F,250,159,1,6.43E+02, long, Triangle, Rhombus, Rhombus,750,250, 
PA17,25, F,250,160,0,7.97E+02, short, Triangle, Circle, Triangle,650,250, 
PA17,25, F,250,161,0,3.61E+02, short, Pentagon, Triangle, Triangle,250,250, 
PA17,25, F,250,162,0,2.69E+02, long, Circle, Parallelogram, Circle,550,250, 
PA17,25, F,250,163,0,2.67E+02, long, Parallelogram, Triangle, Triangle,650,250, 
PA17,25, F,250,164,1,4.51E+02, short, Pentagon, Circle, Circle,350,250, 
PA17,25, F,250,165,1,2.21E+02, long, Pentagon, Parallelogram, Pentagon,850,250, 
PA17,25, F,250,166,0,5.11E+02, short, Parallelogram, Rhombus, Parallelogram,450,250, 
PA17,25, F,250,167,0,2.82E+02, long, Pentagon, Square, Square,650,250, 
PA17,25, F,250,168,0,2.32E+02, long, Square, Parallelogram, Square,750,250, 
PA17,25, F,250,169,0,4.64E+02, short, Rhombus, Square, Rhombus,350,250, 
PA17,25, F,250,170,0,1.95E+02, long, Pentagon, Parallelogram, Pentagon,650,250, 
PA17,25, F,250,171,1,3.68E+02, short, Circle, Parallelogram, Parallelogram,350,250, 
PA17,25, F,250,172,0,1.82E+02, long, Parallelogram, Pentagon, Pentagon,650,250, 
PA17,25, F,250,173,1,3.86E+02, short, Triangle, Parallelogram, Triangle,750,250, 
PA17,25, F,250,174,1,3.88E+02, short, Circle, Triangle, Triangle,250,250, 
PA17,25, F,250,175,1,4.76E+02, short, Rhombus, Square, Rhombus,450,250, 
PA17,25, F,250,176,0,2.46E+02, long, Rhombus, Circle, Circle,450,250, 
PA17,25, F,250,177,0,4.36E+02, short, Circle, Triangle, Triangle,250,250, 
PA17,25, F,250,178,0,3.12E+02, short, Square, Circle, Circle,350,250, 
PA17,25, F,250,179,1,1.84E+02, long, Parallelogram, Square, Parallelogram,750,250, 
PA17,25, F,250,180,1,3.62E+02, short, Parallelogram, Square, Square,350,250, 
PA17,25, F,250,181,1,3.30E+02, long, Square, Parallelogram, Parallelogram,550,250, 
PA17,25, F,250,182,1,2.48E+02, long, Rhombus, Pentagon, Rhombus,650,250, 
PA17,25, F,250,183,0,1.70E+02, long, Pentagon, Parallelogram, Parallelogram,850,250, 
PA17,25, F,250,184,1,3.01E+02, long, Square, Circle, Square,550,250, 
PA17,25, F,250,185,0,2.46E+02, long, Pentagon, Parallelogram, Parallelogram,750,250, 
PA17,25, F,250,186,1,4.63E+02, short, Rhombus, Parallelogram, Rhombus,350,250, 
PA17,25, F,250,187,0,2.05E+02, long, Triangle, Pentagon, Pentagon,750,250, 
PA17,25, F,250,188,0,2.67E+02, long, Pentagon, Triangle, Triangle,550,250, 
PA17,25, F,250,189,0,1.16E+02, long, Rhombus, Pentagon, Rhombus,850,250, 
PA17,25, F,250,190,0,1.87E+02, long, Parallelogram, Triangle, Triangle,850,250, 
PA17,25, F,250,191,0,8.19E+02, short, Triangle, Pentagon, Triangle,350,250, 
PA17,25, F,250,192,1,4.41E+02, short, Rhombus, Circle, Circle,450,250, 
PA17,25, F,250,193,0,2.65E+02, short, Parallelogram, Pentagon, Pentagon,350,250, 
PA17,25, F,250,194,0,2.65E+02, long, Triangle, Pentagon, Triangle,550,250, 
PA17,25, F,250,195,0,3.31E+02, long, Pentagon, Rhombus, Rhombus,550,250, 
PA17,25, F,250,196,1,3.83E+02, long, Triangle, Square, Square,250,250, 
PA17,25, F,250,197,0,4.57E+02, short, Rhombus, Circle, Rhombus,450,250, 
PA17,25, F,250,198,0,4.47E+02, short, Pentagon, Square, Square,250,250, 
PA17,25, F,250,199,1,7.23E+02, short, Parallelogram, Rhombus, Parallelogram,550,250, 
PA17,25, F,250,200,1,2.56E+02, long, Parallelogram, Pentagon, Pentagon,650,250, 
PA17,25, F,250,201,1,3.53E+02, short, Triangle, Pentagon, Triangle,250,250, 
PA17,25, F,250,202,1,3.00E+02, long, Circle, Square, Square,450,250, 
PA17,25, F,250,203,0,4.99E+02, long, Rhombus, Triangle, Rhombus,850,250, 
PA17,25, F,250,204,1,5.17E+02, short, Square, Pentagon, Pentagon,450,250, 
PA17,25, F,250,205,0,2.01E+02, long, Square, Circle, Square,850,250, 
PA17,25, F,250,206,1,7.37E+02, long, Rhombus, Pentagon, Pentagon,750,250, 
PA17,25, F,250,207,1,7.51E+02, short, Rhombus, Parallelogram, Rhombus,450,250, 
PA17,25, F,250,208,1,5.36E+02, short, Pentagon, Rhombus, Rhombus,350,250, 
PA17,25, F,250,209,1,3.06E+02, long, Circle, Parallelogram, Parallelogram,550,250, 
PA17,25, F,250,210,1,6.50E+02, long, Square, Parallelogram, Parallelogram,550,250, 
