﻿Subject ID, Subject Age, Gender, Group, TrialNumber, Intended or Unintended Outcome, Reaction Time on Outcome Response, Response - Short or Long, Left Image Code, Right Image Code, Chosen Image Code, Objective Duration of Stimulus, Stimulus Delay,
PA09,21, M,250,1,1,1.33E+03, short, Square, Parallelogram, Square,850,250, 
PA09,21, M,250,2,1,6.08E+02, short, Parallelogram, Square, Square,350,250, 
PA09,21, M,250,3,1,5.92E+02, short, Square, Rhombus, Square,350,250, 
PA09,21, M,250,4,0,7.08E+02, short, Rhombus, Triangle, Triangle,250,250, 
PA09,21, M,250,5,0,7.60E+02, short, Pentagon, Rhombus, Pentagon,350,250, 
PA09,21, M,250,6,1,7.00E+02, short, Rhombus, Circle, Rhombus,350,250, 
PA09,21, M,250,7,0,2.48E+02, long, Circle, Parallelogram, Circle,850,250, 
PA09,21, M,250,8,0,6.27E+02, short, Parallelogram, Circle, Parallelogram,650,250, 
PA09,21, M,250,9,1,2.84E+02, long, Rhombus, Square, Rhombus,750,250, 
PA09,21, M,250,10,0,6.61E+02, short, Triangle, Square, Triangle,250,250, 
PA09,21, M,250,11,0,9.65E+02, short, Pentagon, Circle, Pentagon,450,250, 
PA09,21, M,250,12,1,3.01E+02, long, Rhombus, Triangle, Rhombus,850,250, 
PA09,21, M,250,13,0,6.75E+02, short, Circle, Pentagon, Circle,550,250, 
PA09,21, M,250,14,0,3.10E+02, long, Triangle, Pentagon, Triangle,850,250, 
PA09,21, M,250,15,0,1.55E+03, long, Pentagon, Parallelogram, Pentagon,650,250, 
PA09,21, M,250,16,1,6.09E+02, short, Square, Pentagon, Square,450,250, 
PA09,21, M,250,17,0,8.39E+02, long, Parallelogram, Square, Parallelogram,550,250, 
PA09,21, M,250,18,1,4.57E+02, short, Triangle, Pentagon, Triangle,250,250, 
PA09,21, M,250,19,1,9.19E+02, short, Parallelogram, Triangle, Parallelogram,650,250, 
PA09,21, M,250,20,0,5.47E+02, short, Circle, Triangle, Circle,350,250, 
PA09,21, M,250,21,1,1.02E+03, long, Pentagon, Rhombus, Pentagon,850,250, 
PA09,21, M,250,22,0,5.00E+02, long, Square, Triangle, Square,750,250, 
PA09,21, M,250,23,1,4.42E+02, short, Rhombus, Circle, Rhombus,450,250, 
PA09,21, M,250,24,1,7.16E+02, short, Square, Triangle, Square,550,250, 
PA09,21, M,250,25,1,5.32E+02, short, Pentagon, Parallelogram, Pentagon,450,250, 
PA09,21, M,250,26,1,1.66E+03, short, Square, Triangle, Square,450,250, 
PA09,21, M,250,27,0,2.69E+02, long, Circle, Rhombus, Circle,850,250, 
PA09,21, M,250,28,0,7.30E+02, short, Rhombus, Square, Rhombus,350,250, 
PA09,21, M,250,29,0,9.88E+02, long, Circle, Triangle, Circle,550,250, 
PA09,21, M,250,30,0,8.92E+02, short, Rhombus, Square, Rhombus,350,250, 
PA09,21, M,250,31,0,9.36E+02, long, Triangle, Parallelogram, Triangle,650,250, 
PA09,21, M,250,32,1,5.80E+02, short, Triangle, Circle, Triangle,850,250, 
PA09,21, M,250,33,0,1.85E+03, long, Parallelogram, Square, Parallelogram,750,250, 
PA09,21, M,250,34,0,8.03E+02, short, Circle, Rhombus, Circle,750,250, 
PA09,21, M,250,35,0,7.22E+02, short, Triangle, Circle, Triangle,750,250, 
PA09,21, M,250,36,0,5.31E+02, short, Rhombus, Circle, Rhombus,250,250, 
PA09,21, M,250,37,0,8.22E+02, short, Circle, Triangle, Circle,650,250, 
PA09,21, M,250,38,0,8.79E+02, long, Circle, Rhombus, Circle,650,250, 
PA09,21, M,250,39,0,7.59E+02, short, Square, Circle, Square,350,250, 
PA09,21, M,250,40,1,5.43E+02, short, Parallelogram, Pentagon, Parallelogram,350,250, 
PA09,21, M,250,41,1,5.99E+02, long, Pentagon, Triangle, Pentagon,750,250, 
PA09,21, M,250,42,0,1.02E+03, long, Parallelogram, Pentagon, Parallelogram,750,250, 
PA09,21, M,250,43,1,6.39E+02, short, Parallelogram, Square, Parallelogram,250,250, 
PA09,21, M,250,44,0,3.81E+02, long, Rhombus, Pentagon, Rhombus,750,250, 
PA09,21, M,250,45,1,5.45E+02, short, Parallelogram, Circle, Parallelogram,550,250, 
PA09,21, M,250,46,1,7.49E+02, short, Circle, Pentagon, Circle,350,250, 
PA09,21, M,250,47,0,5.43E+02, long, Rhombus, Parallelogram, Rhombus,850,250, 
PA09,21, M,250,48,0,1.54E+03, long, Triangle, Circle, Triangle,650,250, 
PA09,21, M,250,49,0,3.92E+02, short, Parallelogram, Triangle, Parallelogram,250,250, 
PA09,21, M,250,50,1,7.82E+02, long, Parallelogram, Triangle, Parallelogram,650,250, 
PA09,21, M,250,51,1,5.78E+02, short, Parallelogram, Pentagon, Parallelogram,350,250, 
PA09,21, M,250,52,1,3.46E+02, short, Pentagon, Rhombus, Pentagon,350,250, 
PA09,21, M,250,53,0,4.65E+02, short, Parallelogram, Rhombus, Parallelogram,550,250, 
PA09,21, M,250,54,0,3.20E+03, short, Circle, Square, Circle,250,250, 
PA09,21, M,250,55,1,6.60E+02, long, Pentagon, Square, Pentagon,850,250, 
PA09,21, M,250,56,1,1.53E+03, long, Triangle, Pentagon, Triangle,550,250, 
PA09,21, M,250,57,1,4.80E+02, short, Parallelogram, Rhombus, Parallelogram,550,250, 
PA09,21, M,250,58,1,6.74E+02, short, Rhombus, Parallelogram, Rhombus,750,250, 
PA09,21, M,250,59,1,4.92E+02, long, Triangle, Parallelogram, Triangle,850,250, 
PA09,21, M,250,60,0,7.26E+02, short, Pentagon, Circle, Pentagon,450,250, 
PA09,21, M,250,61,0,5.05E+02, short, Rhombus, Pentagon, Rhombus,450,250, 
PA09,21, M,250,62,1,5.48E+02, short, Square, Rhombus, Square,250,250, 
PA09,21, M,250,63,0,3.95E+02, long, Triangle, Square, Triangle,650,250, 
PA09,21, M,250,64,1,1.82E+03, short, Square, Rhombus, Square,750,250, 
PA09,21, M,250,65,0,6.07E+02, short, Triangle, Circle, Triangle,450,250, 
PA09,21, M,250,66,1,6.89E+02, short, Pentagon, Parallelogram, Pentagon,650,250, 
PA09,21, M,250,67,0,2.30E+03, long, Circle, Triangle, Circle,650,250, 
PA09,21, M,250,68,1,4.53E+02, short, Circle, Parallelogram, Circle,450,250, 
PA09,21, M,250,69,0,4.29E+02, short, Circle, Rhombus, Circle,350,250, 
PA09,21, M,250,70,1,4.33E+02, long, Square, Circle, Square,550,250, 
PA09,21, M,250,71,0,1.23E+03, long, Square, Pentagon, Square,750,250, 
PA09,21, M,250,72,1,8.61E+02, long, Pentagon, Circle, Pentagon,250,250, 
PA09,21, M,250,73,1,4.01E+02, short, Triangle, Pentagon, Triangle,250,250, 
PA09,21, M,250,74,0,6.03E+02, short, Square, Pentagon, Square,650,250, 
PA09,21, M,250,75,1,6.29E+02, long, Rhombus, Square, Rhombus,850,250, 
PA09,21, M,250,76,0,4.31E+02, short, Pentagon, Square, Pentagon,450,250, 
PA09,21, M,250,77,1,5.69E+02, short, Pentagon, Triangle, Pentagon,550,250, 
PA09,21, M,250,78,0,4.83E+02, long, Square, Circle, Square,550,250, 
PA09,21, M,250,79,0,5.34E+02, short, Parallelogram, Pentagon, Parallelogram,350,250, 
PA09,21, M,250,80,0,5.52E+02, short, Parallelogram, Circle, Parallelogram,450,250, 
PA09,21, M,250,81,0,3.19E+02, long, Square, Parallelogram, Square,850,250, 
PA09,21, M,250,82,1,5.34E+02, long, Pentagon, Square, Pentagon,750,250, 
PA09,21, M,250,83,1,7.37E+02, short, Circle, Parallelogram, Circle,350,250, 
PA09,21, M,250,84,0,5.20E+02, short, Triangle, Rhombus, Triangle,550,250, 
PA09,21, M,250,85,0,6.88E+02, short, Pentagon, Triangle, Pentagon,350,250, 
PA09,21, M,250,86,0,5.22E+02, long, Rhombus, Circle, Rhombus,650,250, 
PA09,21, M,250,87,1,5.94E+02, long, Rhombus, Square, Rhombus,550,250, 
PA09,21, M,250,88,1,5.98E+02, short, Parallelogram, Triangle, Parallelogram,250,250, 
PA09,21, M,250,89,0,4.38E+02, short, Pentagon, Rhombus, Pentagon,550,250, 
PA09,21, M,250,90,1,3.34E+02, long, Triangle, Pentagon, Triangle,550,250, 
PA09,21, M,250,91,0,6.84E+02, short, Pentagon, Circle, Pentagon,550,250, 
PA09,21, M,250,92,1,1.15E+03, short, Circle, Square, Circle,550,250, 
PA09,21, M,250,93,1,3.87E+02, long, Rhombus, Triangle, Rhombus,650,250, 
PA09,21, M,250,94,1,5.66E+02, short, Pentagon, Square, Pentagon,450,250, 
PA09,21, M,250,95,1,5.43E+02, long, Circle, Pentagon, Circle,650,250, 
PA09,21, M,250,96,1,4.91E+02, short, Parallelogram, Rhombus, Parallelogram,550,250, 
PA09,21, M,250,97,0,3.92E+02, short, Square, Circle, Square,450,250, 
PA09,21, M,250,98,1,4.77E+02, short, Rhombus, Triangle, Rhombus,750,250, 
PA09,21, M,250,99,0,4.75E+02, short, Triangle, Square, Triangle,450,250, 
PA09,21, M,250,100,1,3.48E+02, long, Circle, Parallelogram, Circle,550,250, 
PA09,21, M,250,101,0,5.31E+02, long, Circle, Triangle, Circle,650,250, 
PA09,21, M,250,102,0,3.73E+02, short, Rhombus, Pentagon, Rhombus,650,250, 
PA09,21, M,250,103,0,6.47E+02, long, Rhombus, Parallelogram, Rhombus,850,250, 
PA09,21, M,250,104,1,5.17E+02, short, Pentagon, Rhombus, Pentagon,650,250, 
PA09,21, M,250,105,0,5.53E+02, long, Circle, Rhombus, Circle,350,250, 
PA09,21, M,250,106,1,4.53E+02, short, Parallelogram, Triangle, Parallelogram,550,250, 
PA09,21, M,250,107,0,2.93E+02, long, Square, Pentagon, Square,850,250, 
PA09,21, M,250,108,0,3.37E+02, long, Triangle, Rhombus, Triangle,750,250, 
PA09,21, M,250,109,1,5.33E+02, short, Triangle, Rhombus, Triangle,450,250, 
PA09,21, M,250,110,0,2.52E+02, long, Parallelogram, Circle, Parallelogram,850,250, 
PA09,21, M,250,111,1,4.57E+02, long, Parallelogram, Rhombus, Parallelogram,550,250, 
PA09,21, M,250,112,1,3.05E+02, long, Circle, Square, Circle,850,250, 
PA09,21, M,250,113,1,7.44E+02, long, Triangle, Parallelogram, Triangle,750,250, 
PA09,21, M,250,114,0,3.04E+02, short, Square, Triangle, Square,550,250, 
PA09,21, M,250,115,0,7.77E+02, long, Pentagon, Parallelogram, Pentagon,250,250, 
PA09,21, M,250,116,1,8.28E+02, short, Triangle, Square, Triangle,750,250, 
PA09,21, M,250,117,0,5.20E+02, long, Circle, Pentagon, Circle,250,250, 
PA09,21, M,250,118,0,7.92E+02, short, Square, Rhombus, Square,350,250, 
PA09,21, M,250,119,1,3.44E+02, short, Parallelogram, Triangle, Parallelogram,350,250, 
PA09,21, M,250,120,1,3.48E+02, long, Pentagon, Parallelogram, Pentagon,650,250, 
PA09,21, M,250,121,1,3.36E+02, long, Parallelogram, Circle, Parallelogram,750,250, 
PA09,21, M,250,122,1,1.98E+03, short, Square, Triangle, Square,750,250, 
PA09,21, M,250,123,0,5.40E+02, short, Triangle, Square, Triangle,350,250, 
PA09,21, M,250,124,0,6.28E+02, short, Triangle, Circle, Triangle,250,250, 
PA09,21, M,250,125,0,2.98E+02, long, Square, Triangle, Square,650,250, 
PA09,21, M,250,126,0,8.58E+02, short, Pentagon, Rhombus, Pentagon,350,250, 
PA09,21, M,250,127,0,5.62E+02, short, Pentagon, Circle, Pentagon,350,250, 
PA09,21, M,250,128,1,2.54E+02, long, Triangle, Parallelogram, Triangle,850,250, 
PA09,21, M,250,129,1,4.63E+02, short, Parallelogram, Pentagon, Parallelogram,250,250, 
PA09,21, M,250,130,1,2.97E+02, long, Square, Parallelogram, Square,850,250, 
PA09,21, M,250,131,1,4.91E+02, short, Rhombus, Parallelogram, Rhombus,250,250, 
PA09,21, M,250,132,0,3.29E+02, short, Circle, Rhombus, Circle,450,250, 
PA09,21, M,250,133,1,3.19E+02, long, Triangle, Pentagon, Triangle,650,250, 
PA09,21, M,250,134,0,9.80E+02, long, Circle, Parallelogram, Circle,850,250, 
PA09,21, M,250,135,0,3.77E+02, long, Parallelogram, Rhombus, Parallelogram,750,250, 
PA09,21, M,250,136,1,3.65E+02, long, Triangle, Square, Triangle,650,250, 
PA09,21, M,250,137,1,2.93E+02, long, Square, Parallelogram, Square,850,250, 
PA09,21, M,250,138,1,6.73E+02, short, Pentagon, Triangle, Pentagon,450,250, 
PA09,21, M,250,139,0,8.19E+02, long, Circle, Square, Circle,550,250, 
PA09,21, M,250,140,0,5.25E+02, long, Square, Rhombus, Square,650,250, 
PA09,21, M,250,141,1,5.37E+02, long, Rhombus, Triangle, Rhombus,850,250, 
PA09,21, M,250,142,0,1.12E+03, short, Pentagon, Triangle, Pentagon,550,250, 
PA09,21, M,250,143,1,4.71E+02, short, Pentagon, Rhombus, Pentagon,250,250, 
PA09,21, M,250,144,1,4.10E+02, short, Square, Triangle, Square,350,250, 
PA09,21, M,250,145,0,4.28E+02, short, Circle, Square, Circle,250,250, 
PA09,21, M,250,146,1,3.09E+02, long, Triangle, Parallelogram, Triangle,650,250, 
PA09,21, M,250,147,1,2.72E+02, long, Rhombus, Pentagon, Rhombus,750,250, 
PA09,21, M,250,148,1,5.32E+02, long, Rhombus, Square, Rhombus,850,250, 
PA09,21, M,250,149,0,3.25E+02, long, Parallelogram, Rhombus, Parallelogram,750,250, 
PA09,21, M,250,150,0,4.36E+02, short, Triangle, Parallelogram, Triangle,350,250, 
PA09,21, M,250,151,1,3.92E+02, long, Pentagon, Square, Pentagon,750,250, 
PA09,21, M,250,152,0,3.70E+02, short, Pentagon, Parallelogram, Pentagon,450,250, 
PA09,21, M,250,153,1,4.50E+02, long, Circle, Pentagon, Circle,850,250, 
PA09,21, M,250,154,0,6.92E+02, short, Rhombus, Triangle, Rhombus,450,250, 
PA09,21, M,250,155,0,3.64E+02, long, Triangle, Rhombus, Triangle,850,250, 
PA09,21, M,250,156,0,3.60E+02, long, Circle, Pentagon, Circle,750,250, 
PA09,21, M,250,157,0,3.76E+02, long, Rhombus, Parallelogram, Rhombus,750,250, 
PA09,21, M,250,158,1,4.94E+02, short, Rhombus, Pentagon, Rhombus,350,250, 
PA09,21, M,250,159,1,9.06E+02, short, Circle, Triangle, Circle,650,250, 
PA09,21, M,250,160,1,1.26E+03, short, Pentagon, Triangle, Pentagon,250,250, 
PA09,21, M,250,161,1,2.56E+02, long, Circle, Rhombus, Circle,750,250, 
PA09,21, M,250,162,1,5.54E+02, long, Triangle, Pentagon, Triangle,250,250, 
PA09,21, M,250,163,1,6.82E+02, short, Pentagon, Parallelogram, Pentagon,350,250, 
PA09,21, M,250,164,1,6.54E+02, short, Square, Circle, Square,650,250, 
PA09,21, M,250,165,0,3.16E+02, long, Rhombus, Circle, Rhombus,850,250, 
PA09,21, M,250,166,1,8.20E+02, short, Square, Rhombus, Square,350,250, 
PA09,21, M,250,167,0,4.77E+02, short, Parallelogram, Triangle, Parallelogram,250,250, 
PA09,21, M,250,168,0,4.34E+02, short, Triangle, Parallelogram, Triangle,250,250, 
PA09,21, M,250,169,1,4.19E+02, long, Square, Circle, Square,650,250, 
PA09,21, M,250,170,0,3.42E+02, short, Circle, Pentagon, Circle,450,250, 
PA09,21, M,250,171,1,2.81E+02, long, Pentagon, Square, Pentagon,650,250, 
PA09,21, M,250,172,1,5.28E+02, short, Circle, Square, Circle,350,250, 
PA09,21, M,250,173,0,1.03E+03, short, Triangle, Circle, Triangle,650,250, 
PA09,21, M,250,174,1,3.77E+02, short, Triangle, Rhombus, Triangle,450,250, 
PA09,21, M,250,175,0,2.89E+02, long, Square, Parallelogram, Square,450,250, 
PA09,21, M,250,176,1,3.41E+02, short, Parallelogram, Pentagon, Parallelogram,650,250, 
PA09,21, M,250,177,0,2.67E+02, long, Rhombus, Square, Rhombus,450,250, 
PA09,21, M,250,178,1,4.65E+02, short, Parallelogram, Square, Parallelogram,450,250, 
PA09,21, M,250,179,0,3.75E+02, long, Circle, Parallelogram, Circle,850,250, 
PA09,21, M,250,180,0,2.87E+02, long, Square, Circle, Square,750,250, 
PA09,21, M,250,181,1,4.13E+02, short, Rhombus, Pentagon, Rhombus,250,250, 
PA09,21, M,250,182,0,3.97E+02, short, Square, Parallelogram, Square,550,250, 
PA09,21, M,250,183,0,2.63E+02, long, Circle, Triangle, Circle,850,250, 
PA09,21, M,250,184,1,5.05E+02, short, Square, Pentagon, Square,250,250, 
PA09,21, M,250,185,0,4.37E+02, short, Parallelogram, Rhombus, Parallelogram,250,250, 
PA09,21, M,250,186,0,2.45E+02, long, Circle, Parallelogram, Circle,750,250, 
PA09,21, M,250,187,1,3.17E+02, long, Rhombus, Parallelogram, Rhombus,750,250, 
PA09,21, M,250,188,0,2.45E+02, long, Square, Rhombus, Square,850,250, 
PA09,21, M,250,189,1,6.07E+02, short, Parallelogram, Square, Parallelogram,250,250, 
PA09,21, M,250,190,0,4.78E+02, short, Parallelogram, Square, Parallelogram,250,250, 
PA09,21, M,250,191,0,5.52E+02, short, Pentagon, Square, Pentagon,550,250, 
PA09,21, M,250,192,0,3.63E+02, long, Rhombus, Triangle, Rhombus,750,250, 
PA09,21, M,250,193,1,6.74E+02, short, Square, Pentagon, Square,450,250, 
PA09,21, M,250,194,1,6.38E+02, short, Triangle, Rhombus, Triangle,850,250, 
PA09,21, M,250,195,1,5.03E+02, short, Square, Parallelogram, Square,350,250, 
PA09,21, M,250,196,1,1.02E+03, short, Triangle, Rhombus, Triangle,250,250, 
PA09,21, M,250,197,0,4.72E+02, short, Pentagon, Circle, Pentagon,250,250, 
PA09,21, M,250,198,0,3.38E+02, long, Square, Pentagon, Square,350,250, 
PA09,21, M,250,199,0,2.86E+02, long, Triangle, Circle, Triangle,550,250, 
PA09,21, M,250,200,1,4.96E+02, short, Parallelogram, Circle, Parallelogram,550,250, 
PA09,21, M,250,201,0,7.20E+02, long, Parallelogram, Pentagon, Parallelogram,550,250, 
PA09,21, M,250,202,1,3.96E+02, short, Rhombus, Pentagon, Rhombus,450,250, 
PA09,21, M,250,203,1,4.04E+02, short, Rhombus, Circle, Rhombus,450,250, 
PA09,21, M,250,204,1,5.96E+02, short, Rhombus, Parallelogram, Rhombus,450,250, 
PA09,21, M,250,205,1,3.36E+02, long, Rhombus, Circle, Rhombus,750,250, 
PA09,21, M,250,206,0,4.90E+02, short, Pentagon, Circle, Pentagon,250,250, 
PA09,21, M,250,207,0,2.81E+02, long, Circle, Square, Circle,850,250, 
PA09,21, M,250,208,0,4.22E+02, short, Parallelogram, Circle, Parallelogram,450,250, 
PA09,21, M,250,209,1,4.28E+02, short, Pentagon, Triangle, Pentagon,450,250, 
PA09,21, M,250,210,1,4.52E+02, short, Triangle, Square, Triangle,550,250, 
