﻿Subject ID, Subject Age, Gender, Group, TrialNumber, Intended or Unintended Outcome, Reaction Time on Outcome Response, Response - Short or Long, Left Image Code, Right Image Code, Chosen Image Code, Objective Duration of Stimulus, Stimulus Delay,
PA21,21, F,250,1,0,1.41E+03, short, Circle, Square, Square,450,250, 
PA21,21, F,250,2,1,5.21E+02, long, Rhombus, Square, Rhombus,750,250, 
PA21,21, F,250,3,1,4.63E+03, long, Triangle, Parallelogram, Parallelogram,650,250, 
PA21,21, F,250,4,1,4.70E+02, short, Pentagon, Parallelogram, Pentagon,350,250, 
PA21,21, F,250,5,1,3.72E+02, long, Circle, Pentagon, Pentagon,850,250, 
PA21,21, F,250,6,0,8.42E+02, short, Rhombus, Parallelogram, Rhombus,550,250, 
PA21,21, F,250,7,0,1.47E+03, long, Parallelogram, Circle, Circle,850,250, 
PA21,21, F,250,8,1,6.82E+02, short, Parallelogram, Pentagon, Parallelogram,250,250, 
PA21,21, F,250,9,0,1.10E+03, short, Parallelogram, Rhombus, Rhombus,650,250, 
PA21,21, F,250,10,1,3.60E+02, long, Rhombus, Parallelogram, Rhombus,850,250, 
PA21,21, F,250,11,0,1.22E+03, short, Rhombus, Circle, Circle,250,250, 
PA21,21, F,250,12,0,1.06E+03, short, Square, Rhombus, Square,350,250, 
PA21,21, F,250,13,1,9.28E+02, short, Pentagon, Circle, Circle,250,250, 
PA21,21, F,250,14,1,1.05E+03, short, Square, Circle, Square,250,250, 
PA21,21, F,250,15,0,6.44E+02, short, Rhombus, Parallelogram, Rhombus,650,250, 
PA21,21, F,250,16,0,1.15E+03, short, Square, Pentagon, Square,750,250, 
PA21,21, F,250,17,0,7.33E+02, long, Parallelogram, Triangle, Parallelogram,850,250, 
PA21,21, F,250,18,1,2.61E+03, short, Pentagon, Triangle, Triangle,850,250, 
PA21,21, F,250,19,1,4.29E+02, long, Rhombus, Circle, Circle,650,250, 
PA21,21, F,250,20,1,9.53E+02, short, Parallelogram, Circle, Parallelogram,450,250, 
PA21,21, F,250,21,1,1.03E+03, short, Triangle, Square, Triangle,650,250, 
PA21,21, F,250,22,0,1.37E+03, long, Circle, Rhombus, Rhombus,850,250, 
PA21,21, F,250,23,0,2.70E+03, short, Circle, Parallelogram, Circle,550,250, 
PA21,21, F,250,24,1,9.46E+02, short, Rhombus, Pentagon, Pentagon,350,250, 
PA21,21, F,250,25,1,6.80E+02, short, Circle, Triangle, Circle,350,250, 
PA21,21, F,250,26,1,7.30E+02, short, Triangle, Circle, Circle,350,250, 
PA21,21, F,250,27,1,5.88E+02, long, Pentagon, Circle, Pentagon,550,250, 
PA21,21, F,250,28,0,3.84E+02, long, Circle, Rhombus, Rhombus,750,250, 
PA21,21, F,250,29,1,5.92E+02, long, Square, Circle, Circle,650,250, 
PA21,21, F,250,30,1,5.98E+02, short, Circle, Parallelogram, Circle,250,250, 
PA21,21, F,250,31,0,8.82E+02, long, Rhombus, Parallelogram, Parallelogram,550,250, 
PA21,21, F,250,32,0,7.54E+02, short, Circle, Pentagon, Circle,850,250, 
PA21,21, F,250,33,1,8.86E+02, short, Square, Triangle, Triangle,750,250, 
PA21,21, F,250,34,1,4.58E+02, long, Pentagon, Rhombus, Pentagon,650,250, 
PA21,21, F,250,35,1,5.06E+02, long, Triangle, Parallelogram, Parallelogram,750,250, 
PA21,21, F,250,36,1,7.08E+02, short, Square, Rhombus, Square,350,250, 
PA21,21, F,250,37,0,1.07E+03, long, Parallelogram, Square, Square,550,250, 
PA21,21, F,250,38,0,2.53E+02, long, Triangle, Pentagon, Triangle,850,250, 
PA21,21, F,250,39,1,5.55E+02, short, Triangle, Circle, Triangle,250,250, 
PA21,21, F,250,40,0,6.95E+02, short, Triangle, Square, Triangle,350,250, 
PA21,21, F,250,41,1,4.89E+02, long, Triangle, Parallelogram, Parallelogram,450,250, 
PA21,21, F,250,42,1,2.69E+02, long, Circle, Parallelogram, Circle,850,250, 
PA21,21, F,250,43,1,4.43E+02, long, Square, Pentagon, Square,750,250, 
PA21,21, F,250,44,0,6.19E+02, short, Triangle, Pentagon, Triangle,450,250, 
PA21,21, F,250,45,0,7.95E+02, short, Square, Parallelogram, Parallelogram,350,250, 
PA21,21, F,250,46,0,3.91E+02, long, Parallelogram, Triangle, Triangle,750,250, 
PA21,21, F,250,47,0,5.93E+02, short, Triangle, Parallelogram, Triangle,350,250, 
PA21,21, F,250,48,0,6.37E+02, short, Circle, Rhombus, Circle,450,250, 
PA21,21, F,250,49,1,4.88E+02, short, Pentagon, Square, Pentagon,750,250, 
PA21,21, F,250,50,0,3.22E+02, long, Rhombus, Triangle, Triangle,750,250, 
PA21,21, F,250,51,0,7.78E+02, short, Parallelogram, Circle, Parallelogram,550,250, 
PA21,21, F,250,52,1,8.58E+02, short, Square, Pentagon, Pentagon,250,250, 
PA21,21, F,250,53,1,2.96E+02, long, Square, Triangle, Square,850,250, 
PA21,21, F,250,54,1,4.04E+02, long, Circle, Triangle, Triangle,750,250, 
PA21,21, F,250,55,1,2.45E+03, long, Square, Triangle, Triangle,750,250, 
PA21,21, F,250,56,0,5.44E+02, short, Circle, Pentagon, Circle,250,250, 
PA21,21, F,250,57,0,3.12E+02, long, Square, Pentagon, Pentagon,850,250, 
PA21,21, F,250,58,1,2.83E+03, long, Rhombus, Triangle, Rhombus,550,250, 
PA21,21, F,250,59,0,8.96E+02, short, Rhombus, Circle, Rhombus,350,250, 
PA21,21, F,250,60,0,7.49E+02, short, Square, Circle, Circle,350,250, 
PA21,21, F,250,61,1,2.11E+03, short, Square, Rhombus, Square,650,250, 
PA21,21, F,250,62,0,2.85E+02, long, Rhombus, Circle, Rhombus,550,250, 
PA21,21, F,250,63,1,5.81E+02, short, Triangle, Circle, Triangle,650,250, 
PA21,21, F,250,64,1,6.13E+02, short, Triangle, Rhombus, Rhombus,650,250, 
PA21,21, F,250,65,1,2.71E+02, long, Square, Pentagon, Pentagon,750,250, 
PA21,21, F,250,66,1,1.45E+03, long, Triangle, Parallelogram, Triangle,750,250, 
PA21,21, F,250,67,1,5.35E+02, short, Pentagon, Rhombus, Rhombus,350,250, 
PA21,21, F,250,68,0,2.95E+02, long, Parallelogram, Circle, Parallelogram,750,250, 
PA21,21, F,250,69,0,9.29E+02, short, Square, Triangle, Square,350,250, 
PA21,21, F,250,70,0,3.23E+02, long, Rhombus, Parallelogram, Parallelogram,650,250, 
PA21,21, F,250,71,0,1.15E+03, long, Rhombus, Pentagon, Rhombus,750,250, 
PA21,21, F,250,72,0,8.47E+02, short, Parallelogram, Circle, Circle,450,250, 
PA21,21, F,250,73,1,3.58E+02, long, Square, Parallelogram, Square,650,250, 
PA21,21, F,250,74,1,1.79E+03, short, Rhombus, Pentagon, Pentagon,550,250, 
PA21,21, F,250,75,0,3.88E+02, long, Pentagon, Rhombus, Pentagon,450,250, 
PA21,21, F,250,76,0,4.84E+02, short, Parallelogram, Pentagon, Parallelogram,250,250, 
PA21,21, F,250,77,0,4.80E+02, short, Square, Triangle, Square,350,250, 
PA21,21, F,250,78,0,5.64E+02, short, Triangle, Rhombus, Triangle,250,250, 
PA21,21, F,250,79,0,5.76E+02, short, Square, Triangle, Square,350,250, 
PA21,21, F,250,80,0,3.84E+02, long, Pentagon, Rhombus, Rhombus,750,250, 
PA21,21, F,250,81,0,2.76E+02, long, Circle, Square, Square,550,250, 
PA21,21, F,250,82,0,5.72E+02, short, Circle, Rhombus, Circle,450,250, 
PA21,21, F,250,83,1,1.02E+03, long, Square, Rhombus, Rhombus,550,250, 
PA21,21, F,250,84,1,1.30E+03, long, Circle, Parallelogram, Circle,550,250, 
PA21,21, F,250,85,0,7.55E+02, short, Parallelogram, Rhombus, Parallelogram,250,250, 
PA21,21, F,250,86,0,3.21E+02, long, Parallelogram, Circle, Circle,750,250, 
PA21,21, F,250,87,0,2.51E+02, long, Parallelogram, Pentagon, Parallelogram,850,250, 
PA21,21, F,250,88,1,1.03E+03, long, Parallelogram, Square, Parallelogram,750,250, 
PA21,21, F,250,89,1,1.88E+03, short, Rhombus, Triangle, Triangle,550,250, 
PA21,21, F,250,90,0,3.43E+02, long, Square, Circle, Circle,750,250, 
PA21,21, F,250,91,0,6.83E+02, long, Parallelogram, Square, Parallelogram,650,250, 
PA21,21, F,250,92,1,1.45E+03, long, Circle, Square, Square,650,250, 
PA21,21, F,250,93,0,1.84E+03, long, Circle, Rhombus, Circle,850,250, 
PA21,21, F,250,94,1,1.84E+03, long, Triangle, Pentagon, Triangle,550,250, 
PA21,21, F,250,95,0,5.96E+02, short, Rhombus, Triangle, Rhombus,250,250, 
PA21,21, F,250,96,1,8.20E+02, short, Triangle, Circle, Circle,550,250, 
PA21,21, F,250,97,0,4.22E+02, short, Circle, Triangle, Circle,350,250, 
PA21,21, F,250,98,1,5.56E+02, long, Pentagon, Triangle, Triangle,550,250, 
PA21,21, F,250,99,1,3.68E+02, long, Triangle, Pentagon, Triangle,650,250, 
PA21,21, F,250,100,1,2.88E+02, long, Pentagon, Triangle, Triangle,650,250, 
PA21,21, F,250,101,1,5.36E+02, long, Pentagon, Circle, Pentagon,850,250, 
PA21,21, F,250,102,0,9.20E+02, long, Circle, Triangle, Circle,550,250, 
PA21,21, F,250,103,0,9.82E+02, long, Circle, Square, Square,850,250, 
PA21,21, F,250,104,1,6.36E+02, short, Square, Parallelogram, Square,250,250, 
PA21,21, F,250,105,1,2.60E+02, long, Pentagon, Triangle, Pentagon,850,250, 
PA21,21, F,250,106,0,1.32E+03, short, Rhombus, Square, Square,450,250, 
PA21,21, F,250,107,1,7.46E+02, long, Triangle, Square, Triangle,450,250, 
PA21,21, F,250,108,0,5.56E+02, short, Parallelogram, Square, Square,250,250, 
PA21,21, F,250,109,1,1.86E+03, short, Parallelogram, Triangle, Parallelogram,550,250, 
PA21,21, F,250,110,0,2.50E+02, long, Circle, Triangle, Triangle,850,250, 
PA21,21, F,250,111,0,2.43E+02, long, Square, Rhombus, Square,650,250, 
PA21,21, F,250,112,1,6.31E+02, short, Square, Parallelogram, Parallelogram,450,250, 
PA21,21, F,250,113,1,4.05E+02, long, Parallelogram, Rhombus, Parallelogram,750,250, 
PA21,21, F,250,114,1,4.99E+02, long, Parallelogram, Triangle, Parallelogram,650,250, 
PA21,21, F,250,115,0,3.53E+02, long, Square, Pentagon, Pentagon,850,250, 
PA21,21, F,250,116,1,5.79E+02, short, Rhombus, Pentagon, Pentagon,250,250, 
PA21,21, F,250,117,0,7.31E+02, short, Square, Triangle, Square,450,250, 
PA21,21, F,250,118,0,1.41E+03, long, Circle, Square, Circle,550,250, 
PA21,21, F,250,119,1,5.42E+02, short, Pentagon, Parallelogram, Parallelogram,350,250, 
PA21,21, F,250,120,1,5.61E+02, long, Circle, Pentagon, Circle,450,250, 
PA21,21, F,250,121,1,1.24E+03, short, Pentagon, Square, Square,450,250, 
PA21,21, F,250,122,1,1.50E+03, long, Rhombus, Triangle, Rhombus,350,250, 
PA21,21, F,250,123,1,4.74E+02, short, Pentagon, Triangle, Pentagon,250,250, 
PA21,21, F,250,124,1,2.76E+02, long, Pentagon, Parallelogram, Parallelogram,750,250, 
PA21,21, F,250,125,0,3.76E+03, long, Square, Parallelogram, Square,650,250, 
PA21,21, F,250,126,0,9.12E+02, short, Rhombus, Circle, Rhombus,350,250, 
PA21,21, F,250,127,1,1.07E+03, short, Parallelogram, Triangle, Parallelogram,450,250, 
PA21,21, F,250,128,0,6.74E+02, short, Parallelogram, Triangle, Parallelogram,450,250, 
PA21,21, F,250,129,0,7.62E+02, short, Rhombus, Pentagon, Pentagon,350,250, 
PA21,21, F,250,130,1,4.34E+02, long, Rhombus, Square, Rhombus,850,250, 
PA21,21, F,250,131,0,1.38E+03, long, Rhombus, Square, Square,350,250, 
PA21,21, F,250,132,1,5.79E+02, long, Parallelogram, Rhombus, Parallelogram,550,250, 
PA21,21, F,250,133,1,6.10E+02, short, Triangle, Square, Square,350,250, 
PA21,21, F,250,134,0,4.25E+02, long, Triangle, Circle, Triangle,850,250, 
PA21,21, F,250,135,1,7.19E+02, short, Pentagon, Circle, Circle,250,250, 
PA21,21, F,250,136,0,2.85E+02, long, Square, Rhombus, Square,850,250, 
PA21,21, F,250,137,0,5.69E+02, short, Circle, Square, Circle,550,250, 
PA21,21, F,250,138,1,6.17E+02, short, Triangle, Pentagon, Pentagon,550,250, 
PA21,21, F,250,139,0,5.21E+02, short, Square, Circle, Square,750,250, 
PA21,21, F,250,140,0,4.09E+02, long, Parallelogram, Rhombus, Parallelogram,650,250, 
PA21,21, F,250,141,1,5.31E+02, short, Pentagon, Parallelogram, Parallelogram,450,250, 
PA21,21, F,250,142,1,5.01E+02, short, Triangle, Circle, Triangle,450,250, 
PA21,21, F,250,143,0,6.65E+02, short, Rhombus, Parallelogram, Rhombus,250,250, 
PA21,21, F,250,144,0,3.70E+02, long, Pentagon, Square, Square,750,250, 
PA21,21, F,250,145,1,6.04E+02, long, Pentagon, Square, Square,750,250, 
PA21,21, F,250,146,1,6.31E+02, short, Parallelogram, Circle, Parallelogram,250,250, 
PA21,21, F,250,147,0,7.20E+02, short, Square, Circle, Circle,250,250, 
PA21,21, F,250,148,0,3.96E+02, long, Rhombus, Pentagon, Rhombus,850,250, 
PA21,21, F,250,149,1,7.48E+02, short, Circle, Rhombus, Rhombus,250,250, 
PA21,21, F,250,150,0,6.36E+02, short, Pentagon, Circle, Circle,450,250, 
PA21,21, F,250,151,1,2.74E+02, long, Circle, Parallelogram, Circle,850,250, 
PA21,21, F,250,152,0,1.11E+03, long, Parallelogram, Rhombus, Rhombus,550,250, 
PA21,21, F,250,153,0,7.62E+02, long, Circle, Pentagon, Circle,650,250, 
PA21,21, F,250,154,1,9.00E+02, short, Circle, Pentagon, Circle,450,250, 
PA21,21, F,250,155,1,7.68E+02, short, Triangle, Square, Triangle,450,250, 
PA21,21, F,250,156,1,6.18E+02, short, Square, Circle, Square,250,250, 
PA21,21, F,250,157,1,5.94E+02, short, Pentagon, Square, Pentagon,250,250, 
PA21,21, F,250,158,0,3.61E+02, long, Rhombus, Circle, Circle,650,250, 
PA21,21, F,250,159,0,2.63E+03, long, Triangle, Rhombus, Triangle,550,250, 
PA21,21, F,250,160,1,3.27E+02, long, Rhombus, Circle, Rhombus,850,250, 
PA21,21, F,250,161,1,1.51E+03, short, Triangle, Rhombus, Rhombus,550,250, 
PA21,21, F,250,162,0,1.99E+03, long, Parallelogram, Rhombus, Rhombus,650,250, 
PA21,21, F,250,163,0,6.45E+02, short, Pentagon, Rhombus, Rhombus,550,250, 
PA21,21, F,250,164,0,3.35E+02, long, Circle, Pentagon, Pentagon,450,250, 
PA21,21, F,250,165,1,4.45E+02, long, Rhombus, Triangle, Rhombus,850,250, 
PA21,21, F,250,166,1,3.17E+02, long, Rhombus, Square, Square,650,250, 
PA21,21, F,250,167,0,7.65E+02, short, Pentagon, Parallelogram, Pentagon,350,250, 
PA21,21, F,250,168,0,2.21E+03, long, Parallelogram, Square, Parallelogram,650,250, 
PA21,21, F,250,169,0,2.80E+02, long, Triangle, Square, Triangle,750,250, 
PA21,21, F,250,170,0,1.67E+03, long, Square, Parallelogram, Parallelogram,450,250, 
PA21,21, F,250,171,0,4.45E+02, long, Triangle, Pentagon, Triangle,550,250, 
PA21,21, F,250,172,0,2.84E+03, long, Triangle, Parallelogram, Triangle,450,250, 
PA21,21, F,250,173,0,6.00E+02, long, Pentagon, Square, Square,550,250, 
PA21,21, F,250,174,1,4.37E+02, long, Pentagon, Parallelogram, Parallelogram,850,250, 
PA21,21, F,250,175,1,1.20E+03, short, Circle, Triangle, Circle,450,250, 
PA21,21, F,250,176,1,4.40E+02, short, Triangle, Circle, Triangle,350,250, 
PA21,21, F,250,177,1,2.76E+02, long, Parallelogram, Square, Parallelogram,850,250, 
PA21,21, F,250,178,1,3.08E+02, long, Square, Parallelogram, Parallelogram,650,250, 
PA21,21, F,250,179,0,4.24E+02, long, Pentagon, Rhombus, Rhombus,850,250, 
PA21,21, F,250,180,0,1.59E+03, short, Parallelogram, Square, Parallelogram,450,250, 
PA21,21, F,250,181,1,6.20E+02, short, Triangle, Parallelogram, Parallelogram,250,250, 
PA21,21, F,250,182,1,2.20E+02, long, Pentagon, Parallelogram, Parallelogram,550,250, 
PA21,21, F,250,183,0,2.54E+02, long, Rhombus, Parallelogram, Parallelogram,650,250, 
PA21,21, F,250,184,1,2.96E+03, short, Triangle, Rhombus, Triangle,450,250, 
PA21,21, F,250,185,1,5.53E+02, short, Parallelogram, Pentagon, Pentagon,350,250, 
PA21,21, F,250,186,0,7.62E+02, short, Parallelogram, Pentagon, Pentagon,250,250, 
PA21,21, F,250,187,0,8.41E+02, short, Pentagon, Square, Pentagon,250,250, 
PA21,21, F,250,188,1,7.74E+02, short, Rhombus, Square, Square,350,250, 
PA21,21, F,250,189,1,2.97E+02, long, Rhombus, Triangle, Rhombus,550,250, 
PA21,21, F,250,190,0,5.81E+02, short, Parallelogram, Pentagon, Pentagon,250,250, 
PA21,21, F,250,191,1,2.70E+02, long, Parallelogram, Pentagon, Parallelogram,750,250, 
PA21,21, F,250,192,0,6.47E+02, short, Triangle, Rhombus, Rhombus,250,250, 
PA21,21, F,250,193,0,1.25E+03, short, Triangle, Square, Triangle,650,250, 
PA21,21, F,250,194,1,3.93E+02, short, Parallelogram, Triangle, Triangle,350,250, 
PA21,21, F,250,195,0,5.09E+02, short, Pentagon, Rhombus, Pentagon,250,250, 
PA21,21, F,250,196,0,2.41E+03, short, Pentagon, Triangle, Triangle,250,250, 
PA21,21, F,250,197,1,6.67E+02, short, Circle, Triangle, Circle,350,250, 
PA21,21, F,250,198,0,1.03E+03, long, Square, Rhombus, Rhombus,750,250, 
PA21,21, F,250,199,0,3.71E+02, long, Circle, Rhombus, Circle,450,250, 
PA21,21, F,250,200,1,7.11E+02, long, Pentagon, Circle, Circle,450,250, 
PA21,21, F,250,201,1,2.24E+02, long, Rhombus, Square, Square,750,250, 
PA21,21, F,250,202,1,5.96E+02, long, Circle, Parallelogram, Circle,450,250, 
PA21,21, F,250,203,0,9.56E+02, long, Triangle, Rhombus, Rhombus,650,250, 
PA21,21, F,250,204,1,3.38E+02, long, Rhombus, Pentagon, Rhombus,850,250, 
PA21,21, F,250,205,0,8.06E+02, short, Pentagon, Triangle, Triangle,350,250, 
PA21,21, F,250,206,1,6.52E+02, short, Pentagon, Circle, Pentagon,850,250, 
PA21,21, F,250,207,0,3.12E+02, long, Circle, Square, Square,750,250, 
PA21,21, F,250,208,0,1.14E+03, short, Square, Pentagon, Pentagon,650,250, 
PA21,21, F,250,209,0,3.14E+02, long, Triangle, Pentagon, Pentagon,750,250, 
PA21,21, F,250,210,1,6.48E+02, short, Circle, Parallelogram, Parallelogram,350,250, 
