﻿Subject ID, Subject Age, Gender, Group, TrialNumber, Intended or Unintended Outcome, Reaction Time on Outcome Response, Response - Short or Long, Left Image Code, Right Image Code, Chosen Image Code, Objective Duration of Stimulus, Stimulus Delay,
PA51,18, M,250,1,0,5.85E+02, short, Parallelogram, Circle, Parallelogram,350,250, 
PA51,18, M,250,2,0,5.90E+02, long, Rhombus, Pentagon, Pentagon,850,250, 
PA51,18, M,250,3,1,3.82E+02, long, Circle, Parallelogram, Circle,850,250, 
PA51,18, M,250,4,1,5.96E+02, short, Square, Pentagon, Pentagon,450,250, 
PA51,18, M,250,5,1,6.72E+02, long, Parallelogram, Triangle, Parallelogram,750,250, 
PA51,18, M,250,6,0,1.22E+03, long, Rhombus, Triangle, Rhombus,550,250, 
PA51,18, M,250,7,0,7.66E+02, long, Circle, Triangle, Circle,850,250, 
PA51,18, M,250,8,1,9.65E+02, long, Parallelogram, Triangle, Parallelogram,650,250, 
PA51,18, M,250,9,1,9.61E+02, long, Square, Triangle, Square,850,250, 
PA51,18, M,250,10,0,1.38E+03, short, Triangle, Pentagon, Pentagon,450,250, 
PA51,18, M,250,11,1,9.09E+02, long, Rhombus, Parallelogram, Rhombus,850,250, 
PA51,18, M,250,12,0,1.54E+03, short, Triangle, Circle, Triangle,350,250, 
PA51,18, M,250,13,0,9.73E+02, long, Triangle, Pentagon, Triangle,850,250, 
PA51,18, M,250,14,1,1.24E+03, long, Circle, Rhombus, Circle,850,250, 
PA51,18, M,250,15,0,3.37E+03, short, Parallelogram, Rhombus, Rhombus,250,250, 
PA51,18, M,250,16,1,9.44E+02, short, Parallelogram, Circle, Parallelogram,450,250, 
PA51,18, M,250,17,0,7.60E+02, long, Triangle, Parallelogram, Triangle,850,250, 
PA51,18, M,250,18,0,1.06E+03, short, Circle, Square, Square,250,250, 
PA51,18, M,250,19,1,2.31E+03, short, Parallelogram, Rhombus, Rhombus,650,250, 
PA51,18, M,250,20,0,9.92E+02, short, Triangle, Rhombus, Triangle,450,250, 
PA51,18, M,250,21,1,5.52E+02, long, Square, Triangle, Triangle,650,250, 
PA51,18, M,250,22,0,4.52E+03, long, Circle, Rhombus, Rhombus,750,250, 
PA51,18, M,250,23,1,8.92E+02, short, Rhombus, Pentagon, Rhombus,350,250, 
PA51,18, M,250,24,1,3.13E+03, short, Pentagon, Circle, Circle,450,250, 
PA51,18, M,250,25,0,5.99E+02, long, Rhombus, Triangle, Rhombus,650,250, 
PA51,18, M,250,26,0,7.57E+02, short, Pentagon, Circle, Pentagon,550,250, 
PA51,18, M,250,27,0,1.06E+03, short, Parallelogram, Rhombus, Rhombus,250,250, 
PA51,18, M,250,28,1,1.28E+03, long, Pentagon, Square, Square,650,250, 
PA51,18, M,250,29,0,8.60E+02, short, Triangle, Parallelogram, Parallelogram,250,250, 
PA51,18, M,250,30,0,2.43E+03, long, Circle, Pentagon, Pentagon,650,250, 
PA51,18, M,250,31,0,8.81E+02, long, Square, Parallelogram, Parallelogram,850,250, 
PA51,18, M,250,32,0,9.46E+02, short, Square, Circle, Square,350,250, 
PA51,18, M,250,33,1,5.08E+02, long, Square, Triangle, Square,850,250, 
PA51,18, M,250,34,1,6.86E+02, short, Pentagon, Triangle, Triangle,350,250, 
PA51,18, M,250,35,0,6.48E+02, long, Rhombus, Triangle, Rhombus,550,250, 
PA51,18, M,250,36,0,8.12E+02, short, Circle, Triangle, Triangle,350,250, 
PA51,18, M,250,37,0,6.50E+02, short, Parallelogram, Pentagon, Parallelogram,550,250, 
PA51,18, M,250,38,0,6.08E+02, short, Triangle, Pentagon, Triangle,850,250, 
PA51,18, M,250,39,1,5.21E+02, long, Square, Pentagon, Square,850,250, 
PA51,18, M,250,40,1,4.73E+03, long, Parallelogram, Pentagon, Pentagon,350,250, 
PA51,18, M,250,41,0,1.03E+03, long, Pentagon, Triangle, Triangle,550,250, 
PA51,18, M,250,42,0,6.79E+02, short, Parallelogram, Pentagon, Pentagon,650,250, 
PA51,18, M,250,43,1,5.55E+02, short, Square, Circle, Square,350,250, 
PA51,18, M,250,44,1,3.26E+02, long, Triangle, Square, Triangle,750,250, 
PA51,18, M,250,45,0,6.45E+02, short, Square, Circle, Square,450,250, 
PA51,18, M,250,46,1,1.12E+03, short, Rhombus, Circle, Rhombus,250,250, 
PA51,18, M,250,47,1,7.65E+02, short, Triangle, Rhombus, Rhombus,450,250, 
PA51,18, M,250,48,1,5.62E+02, long, Rhombus, Circle, Rhombus,350,250, 
PA51,18, M,250,49,0,1.49E+03, long, Triangle, Square, Triangle,650,250, 
PA51,18, M,250,50,1,6.48E+02, short, Square, Circle, Square,350,250, 
PA51,18, M,250,51,1,8.36E+02, short, Parallelogram, Square, Parallelogram,250,250, 
PA51,18, M,250,52,1,2.76E+03, short, Triangle, Rhombus, Triangle,550,250, 
PA51,18, M,250,53,1,1.55E+03, long, Square, Parallelogram, Square,550,250, 
PA51,18, M,250,54,1,4.10E+02, long, Triangle, Circle, Circle,850,250, 
PA51,18, M,250,55,0,1.15E+03, long, Square, Triangle, Square,750,250, 
PA51,18, M,250,56,1,1.21E+03, short, Parallelogram, Pentagon, Parallelogram,350,250, 
PA51,18, M,250,57,0,8.59E+02, long, Circle, Parallelogram, Circle,750,250, 
PA51,18, M,250,58,1,1.90E+03, long, Rhombus, Parallelogram, Rhombus,650,250, 
PA51,18, M,250,59,1,2.30E+03, short, Square, Parallelogram, Square,450,250, 
PA51,18, M,250,60,1,1.51E+03, short, Pentagon, Triangle, Pentagon,450,250, 
PA51,18, M,250,61,0,4.53E+02, long, Triangle, Circle, Circle,750,250, 
PA51,18, M,250,62,0,2.04E+03, short, Rhombus, Square, Square,450,250, 
PA51,18, M,250,63,0,4.35E+02, long, Pentagon, Circle, Circle,750,250, 
PA51,18, M,250,64,0,8.19E+02, short, Parallelogram, Triangle, Triangle,350,250, 
PA51,18, M,250,65,1,1.09E+03, short, Pentagon, Rhombus, Pentagon,450,250, 
PA51,18, M,250,66,1,1.15E+03, short, Circle, Rhombus, Circle,250,250, 
PA51,18, M,250,67,0,9.06E+03, long, Circle, Triangle, Circle,550,250, 
PA51,18, M,250,68,1,7.12E+02, short, Triangle, Rhombus, Triangle,350,250, 
PA51,18, M,250,69,0,4.26E+02, long, Circle, Pentagon, Circle,850,250, 
PA51,18, M,250,70,1,1.42E+03, long, Pentagon, Parallelogram, Pentagon,450,250, 
PA51,18, M,250,71,0,8.22E+02, long, Circle, Square, Circle,850,250, 
PA51,18, M,250,72,1,2.66E+03, long, Pentagon, Square, Pentagon,750,250, 
PA51,18, M,250,73,1,1.47E+03, short, Square, Pentagon, Square,650,250, 
PA51,18, M,250,74,0,1.96E+03, short, Triangle, Parallelogram, Triangle,450,250, 
PA51,18, M,250,75,0,1.18E+03, long, Square, Pentagon, Square,750,250, 
PA51,18, M,250,76,1,8.38E+02, short, Rhombus, Pentagon, Rhombus,250,250, 
PA51,18, M,250,77,1,5.71E+02, long, Square, Rhombus, Rhombus,550,250, 
PA51,18, M,250,78,0,1.20E+03, short, Rhombus, Circle, Circle,650,250, 
PA51,18, M,250,79,0,8.29E+02, short, Circle, Rhombus, Circle,450,250, 
PA51,18, M,250,80,0,2.70E+03, long, Triangle, Pentagon, Triangle,650,250, 
PA51,18, M,250,81,1,8.87E+02, short, Rhombus, Triangle, Rhombus,250,250, 
PA51,18, M,250,82,0,1.28E+03, long, Parallelogram, Pentagon, Parallelogram,650,250, 
PA51,18, M,250,83,0,6.73E+02, short, Pentagon, Triangle, Pentagon,350,250, 
PA51,18, M,250,84,1,4.29E+02, long, Parallelogram, Rhombus, Parallelogram,550,250, 
PA51,18, M,250,85,0,5.86E+02, long, Pentagon, Parallelogram, Pentagon,350,250, 
PA51,18, M,250,86,1,5.06E+02, long, Parallelogram, Triangle, Parallelogram,350,250, 
PA51,18, M,250,87,0,8.32E+02, short, Parallelogram, Circle, Parallelogram,350,250, 
PA51,18, M,250,88,0,1.55E+03, short, Pentagon, Square, Pentagon,450,250, 
PA51,18, M,250,89,0,7.00E+02, short, Rhombus, Triangle, Rhombus,450,250, 
PA51,18, M,250,90,0,1.51E+03, long, Rhombus, Parallelogram, Rhombus,850,250, 
PA51,18, M,250,91,1,1.13E+03, long, Parallelogram, Circle, Parallelogram,450,250, 
PA51,18, M,250,92,0,4.08E+02, long, Pentagon, Rhombus, Pentagon,850,250, 
PA51,18, M,250,93,0,1.24E+03, long, Circle, Rhombus, Circle,650,250, 
PA51,18, M,250,94,1,1.20E+03, short, Pentagon, Circle, Pentagon,350,250, 
PA51,18, M,250,95,0,2.43E+03, short, Circle, Square, Circle,350,250, 
PA51,18, M,250,96,0,9.73E+02, short, Circle, Parallelogram, Circle,250,250, 
PA51,18, M,250,97,1,1.73E+03, short, Circle, Square, Circle,350,250, 
PA51,18, M,250,98,1,6.21E+02, short, Square, Parallelogram, Square,350,250, 
PA51,18, M,250,99,0,1.24E+03, short, Pentagon, Square, Pentagon,250,250, 
PA51,18, M,250,100,1,1.21E+03, long, Pentagon, Square, Pentagon,550,250, 
PA51,18, M,250,101,0,8.91E+02, long, Circle, Triangle, Circle,650,250, 
PA51,18, M,250,102,1,1.31E+03, short, Rhombus, Triangle, Rhombus,250,250, 
PA51,18, M,250,103,0,4.74E+02, long, Triangle, Parallelogram, Triangle,850,250, 
PA51,18, M,250,104,1,5.99E+02, long, Parallelogram, Rhombus, Parallelogram,850,250, 
PA51,18, M,250,105,1,5.28E+02, long, Pentagon, Rhombus, Pentagon,750,250, 
PA51,18, M,250,106,0,6.77E+02, long, Triangle, Rhombus, Triangle,650,250, 
PA51,18, M,250,107,1,9.76E+02, short, Triangle, Square, Triangle,550,250, 
PA51,18, M,250,108,1,2.41E+03, short, Circle, Pentagon, Circle,550,250, 
PA51,18, M,250,109,0,2.02E+03, short, Triangle, Square, Triangle,450,250, 
PA51,18, M,250,110,1,5.01E+03, short, Triangle, Pentagon, Triangle,850,250, 
PA51,18, M,250,111,1,3.81E+03, short, Rhombus, Parallelogram, Rhombus,650,250, 
PA51,18, M,250,112,1,5.14E+02, long, Rhombus, Square, Rhombus,750,250, 
PA51,18, M,250,113,1,1.22E+03, long, Circle, Parallelogram, Circle,850,250, 
PA51,18, M,250,114,1,9.09E+02, short, Rhombus, Pentagon, Rhombus,450,250, 
PA51,18, M,250,115,0,8.29E+02, short, Square, Circle, Square,250,250, 
PA51,18, M,250,116,1,4.83E+02, long, Circle, Square, Circle,550,250, 
PA51,18, M,250,117,1,3.83E+02, long, Triangle, Square, Triangle,850,250, 
PA51,18, M,250,118,0,1.79E+03, short, Rhombus, Triangle, Rhombus,350,250, 
PA51,18, M,250,119,1,8.31E+02, short, Rhombus, Parallelogram, Rhombus,250,250, 
PA51,18, M,250,120,0,2.16E+03, short, Pentagon, Rhombus, Pentagon,550,250, 
PA51,18, M,250,121,1,5.29E+02, long, Circle, Rhombus, Circle,550,250, 
PA51,18, M,250,122,0,6.89E+02, short, Parallelogram, Circle, Parallelogram,450,250, 
PA51,18, M,250,123,1,1.48E+03, short, Square, Pentagon, Square,250,250, 
PA51,18, M,250,124,0,7.28E+02, long, Circle, Triangle, Circle,550,250, 
PA51,18, M,250,125,1,9.52E+02, long, Pentagon, Square, Pentagon,750,250, 
PA51,18, M,250,126,1,5.28E+02, long, Square, Triangle, Square,550,250, 
PA51,18, M,250,127,0,7.56E+02, long, Pentagon, Triangle, Pentagon,650,250, 
PA51,18, M,250,128,0,6.28E+02, long, Rhombus, Parallelogram, Rhombus,750,250, 
PA51,18, M,250,129,1,7.38E+02, short, Pentagon, Rhombus, Pentagon,250,250, 
PA51,18, M,250,130,0,9.86E+02, long, Circle, Triangle, Circle,650,250, 
PA51,18, M,250,131,0,3.06E+03, short, Circle, Triangle, Circle,750,250, 
PA51,18, M,250,132,1,1.79E+03, long, Circle, Parallelogram, Circle,450,250, 
PA51,18, M,250,133,0,5.09E+02, long, Rhombus, Pentagon, Rhombus,850,250, 
PA51,18, M,250,134,1,8.63E+02, short, Rhombus, Square, Rhombus,450,250, 
PA51,18, M,250,135,1,3.99E+03, long, Triangle, Pentagon, Triangle,750,250, 
PA51,18, M,250,136,0,6.72E+02, long, Pentagon, Parallelogram, Pentagon,750,250, 
PA51,18, M,250,137,1,1.07E+03, long, Pentagon, Triangle, Pentagon,750,250, 
PA51,18, M,250,138,1,8.73E+02, short, Triangle, Parallelogram, Triangle,250,250, 
PA51,18, M,250,139,1,1.06E+03, long, Rhombus, Circle, Rhombus,550,250, 
PA51,18, M,250,140,0,1.14E+03, short, Circle, Parallelogram, Circle,350,250, 
PA51,18, M,250,141,0,2.19E+03, long, Square, Rhombus, Square,850,250, 
PA51,18, M,250,142,1,9.29E+02, short, Circle, Pentagon, Circle,250,250, 
PA51,18, M,250,143,0,1.06E+03, long, Square, Pentagon, Square,650,250, 
PA51,18, M,250,144,0,1.01E+03, short, Triangle, Circle, Triangle,250,250, 
PA51,18, M,250,145,1,8.92E+02, long, Rhombus, Pentagon, Rhombus,650,250, 
PA51,18, M,250,146,0,1.07E+03, short, Circle, Pentagon, Circle,350,250, 
PA51,18, M,250,147,0,1.10E+03, short, Pentagon, Rhombus, Pentagon,250,250, 
PA51,18, M,250,148,0,4.05E+03, short, Parallelogram, Circle, Parallelogram,550,250, 
PA51,18, M,250,149,0,2.07E+03, short, Square, Circle, Square,550,250, 
PA51,18, M,250,150,0,2.13E+03, short, Triangle, Square, Square,550,250, 
PA51,18, M,250,151,1,4.96E+03, short, Rhombus, Circle, Circle,550,250, 
PA51,18, M,250,152,1,9.96E+02, long, Pentagon, Circle, Circle,650,250, 
PA51,18, M,250,153,1,1.10E+03, long, Parallelogram, Square, Square,850,250, 
PA51,18, M,250,154,0,5.17E+02, long, Triangle, Circle, Circle,850,250, 
PA51,18, M,250,155,0,1.38E+03, long, Rhombus, Circle, Circle,550,250, 
PA51,18, M,250,156,1,1.40E+03, long, Pentagon, Parallelogram, Parallelogram,750,250, 
PA51,18, M,250,157,0,3.00E+03, long, Pentagon, Square, Pentagon,850,250, 
PA51,18, M,250,158,0,1.11E+03, short, Square, Rhombus, Square,550,250, 
PA51,18, M,250,159,1,1.05E+03, short, Circle, Rhombus, Circle,450,250, 
PA51,18, M,250,160,1,5.45E+02, long, Square, Parallelogram, Square,850,250, 
PA51,18, M,250,161,1,6.15E+02, long, Parallelogram, Square, Parallelogram,650,250, 
PA51,18, M,250,162,1,1.28E+03, long, Circle, Parallelogram, Circle,650,250, 
PA51,18, M,250,163,0,7.69E+02, short, Pentagon, Circle, Pentagon,250,250, 
PA51,18, M,250,164,0,5.07E+02, long, Triangle, Pentagon, Triangle,750,250, 
PA51,18, M,250,165,1,1.02E+03, short, Parallelogram, Pentagon, Parallelogram,550,250, 
PA51,18, M,250,166,0,6.38E+02, short, Triangle, Circle, Triangle,450,250, 
PA51,18, M,250,167,1,5.36E+02, long, Parallelogram, Square, Parallelogram,750,250, 
PA51,18, M,250,168,1,1.56E+03, long, Pentagon, Rhombus, Pentagon,650,250, 
PA51,18, M,250,169,1,5.04E+02, long, Square, Pentagon, Square,650,250, 
PA51,18, M,250,170,0,8.20E+02, short, Rhombus, Square, Rhombus,250,250, 
PA51,18, M,250,171,1,1.30E+03, long, Circle, Square, Circle,450,250, 
PA51,18, M,250,172,0,1.10E+03, short, Parallelogram, Rhombus, Parallelogram,350,250, 
PA51,18, M,250,173,1,5.00E+02, long, Square, Circle, Square,750,250, 
PA51,18, M,250,174,1,9.04E+02, short, Rhombus, Square, Rhombus,250,250, 
PA51,18, M,250,175,0,4.16E+03, short, Pentagon, Triangle, Pentagon,250,250, 
PA51,18, M,250,176,0,1.02E+03, long, Circle, Pentagon, Circle,750,250, 
PA51,18, M,250,177,0,1.47E+03, short, Parallelogram, Square, Parallelogram,250,250, 
PA51,18, M,250,178,0,1.83E+03, long, Triangle, Rhombus, Triangle,750,250, 
PA51,18, M,250,179,0,3.31E+03, short, Triangle, Square, Triangle,250,250, 
PA51,18, M,250,180,0,6.97E+02, short, Square, Rhombus, Square,350,250, 
PA51,18, M,250,181,1,1.76E+03, short, Square, Rhombus, Square,250,250, 
PA51,18, M,250,182,0,8.45E+02, long, Parallelogram, Square, Parallelogram,650,250, 
PA51,18, M,250,183,1,5.99E+02, long, Square, Parallelogram, Square,750,250, 
PA51,18, M,250,184,1,8.41E+02, short, Triangle, Rhombus, Triangle,250,250, 
PA51,18, M,250,185,0,1.24E+03, long, Square, Triangle, Square,750,250, 
PA51,18, M,250,186,0,3.06E+03, long, Rhombus, Square, Rhombus,550,250, 
PA51,18, M,250,187,1,5.48E+02, long, Triangle, Circle, Triangle,650,250, 
PA51,18, M,250,188,1,4.58E+02, long, Parallelogram, Circle, Parallelogram,850,250, 
PA51,18, M,250,189,1,6.36E+02, long, Parallelogram, Triangle, Parallelogram,750,250, 
PA51,18, M,250,190,1,1.63E+03, long, Triangle, Parallelogram, Triangle,750,250, 
PA51,18, M,250,191,1,4.26E+02, long, Parallelogram, Triangle, Parallelogram,750,250, 
PA51,18, M,250,192,1,1.00E+03, short, Parallelogram, Pentagon, Parallelogram,350,250, 
PA51,18, M,250,193,0,2.48E+03, short, Pentagon, Parallelogram, Pentagon,750,250, 
PA51,18, M,250,194,1,4.20E+02, long, Triangle, Parallelogram, Triangle,650,250, 
PA51,18, M,250,195,0,1.49E+03, long, Square, Rhombus, Square,450,250, 
PA51,18, M,250,196,1,7.49E+02, short, Rhombus, Square, Rhombus,350,250, 
PA51,18, M,250,197,1,5.03E+02, long, Square, Triangle, Square,450,250, 
PA51,18, M,250,198,1,1.04E+03, short, Rhombus, Parallelogram, Rhombus,250,250, 
PA51,18, M,250,199,0,1.77E+03, short, Square, Parallelogram, Square,450,250, 
PA51,18, M,250,200,0,1.29E+03, short, Circle, Pentagon, Circle,450,250, 
PA51,18, M,250,201,1,5.73E+02, long, Pentagon, Parallelogram, Pentagon,550,250, 
PA51,18, M,250,202,0,8.73E+02, short, Rhombus, Circle, Rhombus,250,250, 
PA51,18, M,250,203,1,3.77E+02, long, Rhombus, Pentagon, Rhombus,850,250, 
PA51,18, M,250,204,1,1.73E+03, short, Pentagon, Circle, Pentagon,350,250, 
PA51,18, M,250,205,0,3.50E+03, long, Circle, Square, Circle,650,250, 
PA51,18, M,250,206,0,2.87E+03, long, Square, Rhombus, Square,750,250, 
PA51,18, M,250,207,0,7.82E+02, short, Parallelogram, Rhombus, Parallelogram,450,250, 
PA51,18, M,250,208,0,1.48E+03, short, Parallelogram, Triangle, Parallelogram,350,250, 
PA51,18, M,250,209,1,5.68E+02, long, Pentagon, Parallelogram, Pentagon,550,250, 
PA51,18, M,250,210,0,7.49E+02, short, Parallelogram, Square, Parallelogram,550,250, 
