﻿Subject ID, Subject Age, Gender, Group, TrialNumber, Intended or Unintended Outcome, Reaction Time on Outcome Response, Response - Short or Long, Left Image Code, Right Image Code, Chosen Image Code, Objective Duration of Stimulus, Stimulus Delay,
PA29,21, F,250,1,0,5.79E+02, long, Circle, Triangle, Circle,750,250, 
PA29,21, F,250,2,0,3.57E+02, long, Triangle, Parallelogram, Parallelogram,850,250, 
PA29,21, F,250,3,1,3.42E+02, long, Pentagon, Rhombus, Pentagon,750,250, 
PA29,21, F,250,4,0,1.01E+03, long, Square, Pentagon, Pentagon,550,250, 
PA29,21, F,250,5,1,6.56E+02, short, Circle, Rhombus, Circle,350,250, 
PA29,21, F,250,6,0,4.18E+02, long, Circle, Pentagon, Circle,850,250, 
PA29,21, F,250,7,0,3.88E+02, long, Circle, Square, Square,850,250, 
PA29,21, F,250,8,0,1.79E+03, long, Square, Parallelogram, Parallelogram,450,250, 
PA29,21, F,250,9,1,5.04E+02, long, Pentagon, Circle, Pentagon,850,250, 
PA29,21, F,250,10,0,3.66E+02, long, Square, Rhombus, Square,750,250, 
PA29,21, F,250,11,1,5.54E+02, long, Triangle, Rhombus, Rhombus,550,250, 
PA29,21, F,250,12,1,8.56E+02, short, Parallelogram, Pentagon, Parallelogram,350,250, 
PA29,21, F,250,13,1,3.36E+02, long, Circle, Triangle, Triangle,750,250, 
PA29,21, F,250,14,0,8.18E+02, short, Square, Circle, Square,250,250, 
PA29,21, F,250,15,1,3.56E+02, long, Circle, Square, Circle,750,250, 
PA29,21, F,250,16,1,8.28E+02, long, Triangle, Circle, Circle,750,250, 
PA29,21, F,250,17,1,1.32E+03, long, Rhombus, Circle, Circle,650,250, 
PA29,21, F,250,18,0,2.17E+03, short, Parallelogram, Pentagon, Parallelogram,550,250, 
PA29,21, F,250,19,1,4.02E+02, long, Pentagon, Parallelogram, Pentagon,850,250, 
PA29,21, F,250,20,1,5.93E+02, short, Parallelogram, Square, Square,450,250, 
PA29,21, F,250,21,1,7.77E+02, long, Triangle, Square, Triangle,750,250, 
PA29,21, F,250,22,0,6.77E+02, short, Pentagon, Triangle, Pentagon,450,250, 
PA29,21, F,250,23,0,6.87E+02, short, Square, Pentagon, Pentagon,450,250, 
PA29,21, F,250,24,1,6.10E+02, short, Parallelogram, Triangle, Parallelogram,350,250, 
PA29,21, F,250,25,0,8.59E+02, short, Square, Pentagon, Pentagon,350,250, 
PA29,21, F,250,26,0,4.27E+02, long, Square, Triangle, Square,850,250, 
PA29,21, F,250,27,1,3.07E+02, long, Square, Rhombus, Rhombus,850,250, 
PA29,21, F,250,28,1,1.34E+03, long, Triangle, Circle, Circle,450,250, 
PA29,21, F,250,29,1,5.21E+02, long, Pentagon, Square, Pentagon,850,250, 
PA29,21, F,250,30,1,2.77E+03, long, Circle, Parallelogram, Circle,550,250, 
PA29,21, F,250,31,0,5.77E+02, long, Square, Pentagon, Pentagon,750,250, 
PA29,21, F,250,32,1,5.02E+02, long, Square, Circle, Circle,550,250, 
PA29,21, F,250,33,1,9.13E+02, short, Square, Triangle, Triangle,450,250, 
PA29,21, F,250,34,0,7.00E+02, short, Rhombus, Parallelogram, Parallelogram,250,250, 
PA29,21, F,250,35,1,3.58E+02, long, Pentagon, Circle, Pentagon,850,250, 
PA29,21, F,250,36,0,3.93E+02, long, Parallelogram, Rhombus, Parallelogram,750,250, 
PA29,21, F,250,37,1,9.04E+02, short, Square, Pentagon, Square,350,250, 
PA29,21, F,250,38,0,3.36E+02, long, Pentagon, Triangle, Triangle,850,250, 
PA29,21, F,250,39,0,5.14E+02, long, Pentagon, Square, Pentagon,750,250, 
PA29,21, F,250,40,0,9.06E+02, short, Rhombus, Circle, Circle,450,250, 
PA29,21, F,250,41,0,4.90E+02, long, Rhombus, Circle, Rhombus,650,250, 
PA29,21, F,250,42,1,9.82E+02, short, Circle, Square, Square,450,250, 
PA29,21, F,250,43,0,4.18E+02, long, Rhombus, Triangle, Rhombus,650,250, 
PA29,21, F,250,44,0,1.15E+03, long, Circle, Square, Square,750,250, 
PA29,21, F,250,45,0,5.43E+02, short, Square, Circle, Square,350,250, 
PA29,21, F,250,46,1,6.54E+02, short, Circle, Pentagon, Circle,450,250, 
PA29,21, F,250,47,0,1.68E+03, short, Triangle, Parallelogram, Triangle,750,250, 
PA29,21, F,250,48,1,3.04E+02, long, Rhombus, Triangle, Triangle,750,250, 
PA29,21, F,250,49,1,3.41E+02, long, Triangle, Rhombus, Rhombus,650,250, 
PA29,21, F,250,50,0,9.46E+02, short, Rhombus, Triangle, Triangle,350,250, 
PA29,21, F,250,51,0,3.01E+02, long, Rhombus, Pentagon, Rhombus,850,250, 
PA29,21, F,250,52,1,5.91E+02, short, Triangle, Circle, Triangle,450,250, 
PA29,21, F,250,53,1,1.47E+03, long, Pentagon, Circle, Circle,550,250, 
PA29,21, F,250,54,1,5.95E+02, long, Rhombus, Parallelogram, Parallelogram,650,250, 
PA29,21, F,250,55,1,6.05E+02, short, Pentagon, Parallelogram, Parallelogram,350,250, 
PA29,21, F,250,56,1,2.75E+02, long, Circle, Rhombus, Circle,750,250, 
PA29,21, F,250,57,0,5.77E+02, short, Parallelogram, Triangle, Parallelogram,450,250, 
PA29,21, F,250,58,0,7.01E+02, short, Circle, Triangle, Circle,250,250, 
PA29,21, F,250,59,0,1.38E+03, long, Rhombus, Pentagon, Pentagon,650,250, 
PA29,21, F,250,60,1,4.11E+02, long, Rhombus, Circle, Rhombus,750,250, 
PA29,21, F,250,61,0,1.54E+03, long, Circle, Parallelogram, Parallelogram,550,250, 
PA29,21, F,250,62,1,6.22E+02, short, Rhombus, Parallelogram, Parallelogram,550,250, 
PA29,21, F,250,63,1,1.20E+03, long, Triangle, Pentagon, Triangle,850,250, 
PA29,21, F,250,64,1,2.96E+02, long, Pentagon, Square, Pentagon,850,250, 
PA29,21, F,250,65,1,3.64E+02, long, Triangle, Circle, Circle,750,250, 
PA29,21, F,250,66,0,4.29E+02, long, Pentagon, Parallelogram, Pentagon,550,250, 
PA29,21, F,250,67,1,3.96E+02, long, Circle, Parallelogram, Parallelogram,650,250, 
PA29,21, F,250,68,1,6.20E+02, short, Square, Parallelogram, Square,350,250, 
PA29,21, F,250,69,0,8.16E+02, short, Pentagon, Rhombus, Pentagon,350,250, 
PA29,21, F,250,70,0,6.78E+02, short, Parallelogram, Triangle, Parallelogram,450,250, 
PA29,21, F,250,71,1,9.52E+02, short, Parallelogram, Rhombus, Rhombus,550,250, 
PA29,21, F,250,72,0,4.90E+02, short, Rhombus, Pentagon, Pentagon,350,250, 
PA29,21, F,250,73,0,3.74E+02, long, Parallelogram, Square, Parallelogram,750,250, 
PA29,21, F,250,74,1,5.18E+02, short, Circle, Rhombus, Circle,250,250, 
PA29,21, F,250,75,1,4.46E+02, long, Triangle, Rhombus, Triangle,750,250, 
PA29,21, F,250,76,1,4.91E+02, short, Rhombus, Square, Square,550,250, 
PA29,21, F,250,77,0,2.39E+03, short, Triangle, Pentagon, Triangle,750,250, 
PA29,21, F,250,78,1,2.35E+03, short, Triangle, Rhombus, Triangle,650,250, 
PA29,21, F,250,79,0,1.79E+03, long, Pentagon, Square, Square,650,250, 
PA29,21, F,250,80,0,6.55E+02, short, Triangle, Square, Triangle,550,250, 
PA29,21, F,250,81,1,4.55E+02, short, Square, Parallelogram, Square,350,250, 
PA29,21, F,250,82,1,6.73E+02, long, Rhombus, Square, Square,850,250, 
PA29,21, F,250,83,0,1.98E+03, short, Parallelogram, Rhombus, Parallelogram,650,250, 
PA29,21, F,250,84,1,6.61E+02, long, Parallelogram, Rhombus, Parallelogram,850,250, 
PA29,21, F,250,85,1,1.26E+03, short, Rhombus, Triangle, Rhombus,550,250, 
PA29,21, F,250,86,1,5.10E+02, short, Triangle, Parallelogram, Triangle,250,250, 
PA29,21, F,250,87,0,5.48E+02, short, Pentagon, Triangle, Pentagon,250,250, 
PA29,21, F,250,88,1,1.03E+03, short, Parallelogram, Circle, Parallelogram,550,250, 
PA29,21, F,250,89,1,4.98E+02, short, Pentagon, Parallelogram, Parallelogram,350,250, 
PA29,21, F,250,90,0,1.39E+03, long, Rhombus, Pentagon, Pentagon,550,250, 
PA29,21, F,250,91,1,4.52E+02, long, Pentagon, Parallelogram, Parallelogram,450,250, 
PA29,21, F,250,92,1,1.34E+03, short, Pentagon, Parallelogram, Pentagon,350,250, 
PA29,21, F,250,93,1,4.98E+02, long, Square, Triangle, Triangle,650,250, 
PA29,21, F,250,94,0,9.32E+02, short, Square, Pentagon, Square,350,250, 
PA29,21, F,250,95,0,9.20E+02, long, Square, Circle, Circle,850,250, 
PA29,21, F,250,96,0,2.60E+02, long, Circle, Square, Circle,850,250, 
PA29,21, F,250,97,0,1.73E+03, short, Rhombus, Triangle, Triangle,350,250, 
PA29,21, F,250,98,0,1.45E+03, short, Circle, Pentagon, Circle,650,250, 
PA29,21, F,250,99,0,1.00E+03, short, Triangle, Rhombus, Triangle,350,250, 
PA29,21, F,250,100,1,3.78E+02, long, Rhombus, Triangle, Triangle,550,250, 
PA29,21, F,250,101,0,5.38E+02, short, Pentagon, Circle, Pentagon,250,250, 
PA29,21, F,250,102,1,2.98E+02, long, Parallelogram, Circle, Circle,750,250, 
PA29,21, F,250,103,0,6.42E+02, short, Pentagon, Square, Square,350,250, 
PA29,21, F,250,104,0,1.28E+03, long, Circle, Rhombus, Circle,550,250, 
PA29,21, F,250,105,0,3.67E+02, long, Triangle, Pentagon, Triangle,650,250, 
PA29,21, F,250,106,0,3.77E+02, long, Triangle, Parallelogram, Triangle,650,250, 
PA29,21, F,250,107,1,8.19E+02, short, Rhombus, Parallelogram, Rhombus,250,250, 
PA29,21, F,250,108,1,3.01E+02, long, Pentagon, Rhombus, Rhombus,650,250, 
PA29,21, F,250,109,0,3.09E+02, long, Rhombus, Pentagon, Pentagon,650,250, 
PA29,21, F,250,110,0,6.05E+02, short, Rhombus, Circle, Rhombus,250,250, 
PA29,21, F,250,111,1,3.09E+02, long, Square, Parallelogram, Square,750,250, 
PA29,21, F,250,112,1,5.13E+02, short, Pentagon, Triangle, Triangle,350,250, 
PA29,21, F,250,113,1,8.03E+02, short, Parallelogram, Rhombus, Parallelogram,450,250, 
PA29,21, F,250,114,0,5.99E+02, short, Parallelogram, Circle, Circle,450,250, 
PA29,21, F,250,115,1,5.33E+02, short, Triangle, Square, Triangle,450,250, 
PA29,21, F,250,116,0,5.91E+02, short, Circle, Parallelogram, Parallelogram,550,250, 
PA29,21, F,250,117,0,3.30E+02, long, Parallelogram, Pentagon, Parallelogram,750,250, 
PA29,21, F,250,118,0,4.45E+02, long, Parallelogram, Triangle, Triangle,750,250, 
PA29,21, F,250,119,1,5.27E+02, short, Square, Triangle, Square,250,250, 
PA29,21, F,250,120,0,5.12E+02, short, Triangle, Pentagon, Pentagon,550,250, 
PA29,21, F,250,121,1,6.83E+02, short, Circle, Square, Circle,250,250, 
PA29,21, F,250,122,1,4.12E+02, long, Circle, Pentagon, Pentagon,850,250, 
PA29,21, F,250,123,0,6.91E+02, short, Pentagon, Triangle, Pentagon,250,250, 
PA29,21, F,250,124,0,1.91E+03, short, Rhombus, Circle, Circle,350,250, 
PA29,21, F,250,125,0,3.94E+02, long, Pentagon, Square, Pentagon,750,250, 
PA29,21, F,250,126,1,4.36E+02, long, Pentagon, Square, Square,650,250, 
PA29,21, F,250,127,1,3.20E+02, long, Pentagon, Triangle, Pentagon,550,250, 
PA29,21, F,250,128,0,4.16E+02, long, Triangle, Rhombus, Rhombus,750,250, 
PA29,21, F,250,129,1,4.92E+02, short, Circle, Parallelogram, Circle,350,250, 
PA29,21, F,250,130,0,4.40E+02, short, Parallelogram, Circle, Circle,250,250, 
PA29,21, F,250,131,0,2.86E+02, long, Circle, Triangle, Circle,850,250, 
PA29,21, F,250,132,0,5.16E+02, long, Rhombus, Triangle, Triangle,750,250, 
PA29,21, F,250,133,1,6.70E+02, short, Triangle, Circle, Triangle,250,250, 
PA29,21, F,250,134,0,6.00E+02, short, Square, Rhombus, Rhombus,450,250, 
PA29,21, F,250,135,0,4.25E+02, short, Square, Parallelogram, Square,250,250, 
PA29,21, F,250,136,1,4.37E+02, short, Square, Rhombus, Rhombus,350,250, 
PA29,21, F,250,137,0,8.60E+02, short, Square, Circle, Square,250,250, 
PA29,21, F,250,138,0,2.24E+02, long, Square, Triangle, Triangle,850,250, 
PA29,21, F,250,139,1,8.93E+02, short, Parallelogram, Pentagon, Parallelogram,850,250, 
PA29,21, F,250,140,0,5.09E+02, short, Parallelogram, Pentagon, Pentagon,250,250, 
PA29,21, F,250,141,0,2.87E+02, long, Square, Pentagon, Square,750,250, 
PA29,21, F,250,142,0,9.29E+02, short, Square, Circle, Circle,350,250, 
PA29,21, F,250,143,1,6.69E+02, long, Triangle, Parallelogram, Triangle,850,250, 
PA29,21, F,250,144,1,2.99E+02, long, Triangle, Parallelogram, Parallelogram,650,250, 
PA29,21, F,250,145,0,4.85E+02, short, Rhombus, Square, Rhombus,250,250, 
PA29,21, F,250,146,0,5.17E+02, short, Circle, Pentagon, Pentagon,250,250, 
PA29,21, F,250,147,0,3.29E+02, long, Triangle, Parallelogram, Triangle,550,250, 
PA29,21, F,250,148,1,3.19E+02, long, Parallelogram, Square, Square,550,250, 
PA29,21, F,250,149,0,1.09E+03, long, Triangle, Circle, Triangle,650,250, 
PA29,21, F,250,150,1,4.81E+02, short, Triangle, Square, Square,250,250, 
PA29,21, F,250,151,1,5.97E+02, long, Pentagon, Circle, Pentagon,850,250, 
PA29,21, F,250,152,1,2.47E+02, long, Pentagon, Parallelogram, Parallelogram,750,250, 
PA29,21, F,250,153,0,7.69E+02, short, Pentagon, Rhombus, Pentagon,450,250, 
PA29,21, F,250,154,0,6.53E+02, short, Square, Parallelogram, Parallelogram,350,250, 
PA29,21, F,250,155,0,4.14E+02, long, Circle, Parallelogram, Circle,450,250, 
PA29,21, F,250,156,1,6.84E+02, short, Parallelogram, Triangle, Triangle,650,250, 
PA29,21, F,250,157,0,2.22E+02, long, Parallelogram, Circle, Parallelogram,850,250, 
PA29,21, F,250,158,1,4.28E+02, short, Rhombus, Square, Square,650,250, 
PA29,21, F,250,159,1,8.20E+02, short, Circle, Rhombus, Circle,250,250, 
PA29,21, F,250,160,0,7.78E+02, short, Parallelogram, Rhombus, Rhombus,450,250, 
PA29,21, F,250,161,1,5.72E+02, short, Square, Rhombus, Square,250,250, 
PA29,21, F,250,162,1,6.06E+02, short, Parallelogram, Circle, Circle,450,250, 
PA29,21, F,250,163,1,6.18E+02, short, Parallelogram, Square, Parallelogram,750,250, 
PA29,21, F,250,164,0,4.63E+02, long, Circle, Pentagon, Pentagon,650,250, 
PA29,21, F,250,165,0,5.84E+02, long, Triangle, Circle, Triangle,650,250, 
PA29,21, F,250,166,1,3.84E+02, long, Triangle, Pentagon, Pentagon,450,250, 
PA29,21, F,250,167,0,2.66E+02, long, Pentagon, Circle, Pentagon,850,250, 
PA29,21, F,250,168,1,5.76E+02, long, Rhombus, Square, Square,550,250, 
PA29,21, F,250,169,1,7.34E+02, long, Parallelogram, Circle, Parallelogram,450,250, 
PA29,21, F,250,170,0,6.14E+02, long, Square, Rhombus, Rhombus,350,250, 
PA29,21, F,250,171,1,5.22E+02, short, Rhombus, Circle, Rhombus,250,250, 
PA29,21, F,250,172,1,5.21E+02, short, Parallelogram, Triangle, Triangle,450,250, 
PA29,21, F,250,173,0,3.32E+02, long, Parallelogram, Square, Parallelogram,850,250, 
PA29,21, F,250,174,0,5.57E+02, short, Square, Rhombus, Rhombus,450,250, 
PA29,21, F,250,175,1,2.49E+02, long, Parallelogram, Triangle, Parallelogram,650,250, 
PA29,21, F,250,176,1,6.85E+02, long, Triangle, Square, Square,550,250, 
PA29,21, F,250,177,1,5.61E+02, short, Circle, Rhombus, Circle,550,250, 
PA29,21, F,250,178,0,3.29E+02, long, Circle, Pentagon, Pentagon,550,250, 
PA29,21, F,250,179,1,8.91E+02, short, Parallelogram, Pentagon, Parallelogram,450,250, 
PA29,21, F,250,180,1,7.31E+02, long, Pentagon, Triangle, Triangle,850,250, 
PA29,21, F,250,181,0,4.45E+02, long, Square, Circle, Square,250,250, 
PA29,21, F,250,182,0,3.33E+02, long, Pentagon, Circle, Circle,450,250, 
PA29,21, F,250,183,0,5.91E+02, short, Rhombus, Parallelogram, Rhombus,250,250, 
PA29,21, F,250,184,1,5.39E+02, short, Triangle, Rhombus, Rhombus,350,250, 
PA29,21, F,250,185,1,3.21E+02, long, Square, Triangle, Square,650,250, 
PA29,21, F,250,186,1,3.01E+02, long, Circle, Triangle, Triangle,650,250, 
PA29,21, F,250,187,1,2.95E+02, long, Circle, Square, Circle,850,250, 
PA29,21, F,250,188,1,8.38E+02, long, Rhombus, Square, Square,750,250, 
PA29,21, F,250,189,1,3.35E+02, long, Triangle, Pentagon, Triangle,450,250, 
PA29,21, F,250,190,0,2.60E+02, long, Square, Parallelogram, Parallelogram,450,250, 
PA29,21, F,250,191,1,6.36E+02, short, Triangle, Pentagon, Triangle,350,250, 
PA29,21, F,250,192,0,6.48E+02, long, Circle, Rhombus, Rhombus,550,250, 
PA29,21, F,250,193,0,5.44E+02, long, Parallelogram, Square, Parallelogram,550,250, 
PA29,21, F,250,194,1,8.69E+02, short, Pentagon, Rhombus, Rhombus,250,250, 
PA29,21, F,250,195,1,3.54E+02, long, Rhombus, Pentagon, Rhombus,650,250, 
PA29,21, F,250,196,0,5.26E+02, short, Triangle, Square, Square,350,250, 
PA29,21, F,250,197,0,4.96E+02, long, Parallelogram, Square, Parallelogram,650,250, 
PA29,21, F,250,198,0,5.64E+02, long, Rhombus, Pentagon, Pentagon,850,250, 
PA29,21, F,250,199,1,5.94E+02, short, Parallelogram, Rhombus, Parallelogram,250,250, 
PA29,21, F,250,200,1,4.44E+02, short, Square, Triangle, Triangle,250,250, 
PA29,21, F,250,201,0,3.34E+02, short, Circle, Triangle, Circle,350,250, 
PA29,21, F,250,202,1,3.24E+02, short, Circle, Triangle, Triangle,250,250, 
PA29,21, F,250,203,0,3.72E+02, long, Triangle, Square, Triangle,850,250, 
PA29,21, F,250,204,0,4.84E+02, long, Circle, Parallelogram, Parallelogram,650,250, 
PA29,21, F,250,205,1,3.82E+02, short, Pentagon, Rhombus, Pentagon,350,250, 
PA29,21, F,250,206,0,2.58E+02, short, Rhombus, Parallelogram, Parallelogram,550,250, 
PA29,21, F,250,207,1,4.24E+02, short, Pentagon, Rhombus, Pentagon,250,250, 
PA29,21, F,250,208,0,2.86E+02, long, Rhombus, Parallelogram, Parallelogram,650,250, 
PA29,21, F,250,209,0,6.26E+02, short, Parallelogram, Pentagon, Parallelogram,550,250, 
PA29,21, F,250,210,0,2.85E+02, long, Rhombus, Square, Square,450,250, 
