﻿Subject ID, Subject Age, Gender, Group, TrialNumber, Intended or Unintended Outcome, Reaction Time on Outcome Response, Response - Short or Long, Left Image Code, Right Image Code, Chosen Image Code, Objective Duration of Stimulus, Stimulus Delay,
PA19,25, F,250,1,1,1.26E+03, long, Circle, Rhombus, Circle,750,250, 
PA19,25, F,250,2,0,3.77E+03, long, Rhombus, Triangle, Rhombus,850,250, 
PA19,25, F,250,3,0,2.51E+03, long, Circle, Pentagon, Pentagon,650,250, 
PA19,25, F,250,4,0,8.98E+03, short, Parallelogram, Square, Parallelogram,550,250, 
PA19,25, F,250,5,0,2.85E+03, long, Square, Rhombus, Rhombus,650,250, 
PA19,25, F,250,6,0,1.36E+03, short, Circle, Parallelogram, Circle,550,250, 
PA19,25, F,250,7,1,6.41E+03, short, Pentagon, Parallelogram, Pentagon,550,250, 
PA19,25, F,250,8,0,1.19E+03, short, Parallelogram, Square, Square,250,250, 
PA19,25, F,250,9,1,9.75E+02, short, Parallelogram, Circle, Circle,350,250, 
PA19,25, F,250,10,1,1.97E+04, short, Rhombus, Circle, Rhombus,350,250, 
PA19,25, F,250,11,0,1.80E+03, long, Triangle, Rhombus, Rhombus,650,250, 
PA19,25, F,250,12,1,2.00E+03, long, Parallelogram, Square, Square,750,250, 
PA19,25, F,250,13,1,4.34E+03, short, Pentagon, Square, Pentagon,550,250, 
PA19,25, F,250,14,0,1.42E+03, short, Pentagon, Triangle, Triangle,350,250, 
PA19,25, F,250,15,0,5.99E+03, long, Rhombus, Parallelogram, Parallelogram,550,250, 
PA19,25, F,250,16,0,1.23E+03, short, Circle, Triangle, Circle,350,250, 
PA19,25, F,250,17,0,4.09E+03, short, Parallelogram, Triangle, Triangle,750,250, 
PA19,25, F,250,18,1,9.80E+02, long, Parallelogram, Square, Parallelogram,850,250, 
PA19,25, F,250,19,1,1.09E+03, short, Parallelogram, Pentagon, Pentagon,250,250, 
PA19,25, F,250,20,0,7.37E+02, long, Circle, Rhombus, Circle,850,250, 
PA19,25, F,250,21,0,4.17E+03, long, Parallelogram, Rhombus, Rhombus,450,250, 
PA19,25, F,250,22,0,3.20E+03, long, Circle, Pentagon, Circle,450,250, 
PA19,25, F,250,23,1,8.95E+02, long, Pentagon, Rhombus, Rhombus,750,250, 
PA19,25, F,250,24,0,1.12E+03, short, Circle, Rhombus, Rhombus,250,250, 
PA19,25, F,250,25,1,5.56E+02, long, Square, Pentagon, Square,850,250, 
PA19,25, F,250,26,0,2.05E+03, short, Square, Rhombus, Rhombus,350,250, 
PA19,25, F,250,27,0,1.29E+03, short, Triangle, Circle, Triangle,350,250, 
PA19,25, F,250,28,0,1.15E+03, short, Square, Parallelogram, Parallelogram,350,250, 
PA19,25, F,250,29,1,6.67E+02, long, Parallelogram, Circle, Parallelogram,650,250, 
PA19,25, F,250,30,0,8.23E+03, short, Square, Pentagon, Pentagon,850,250, 
PA19,25, F,250,31,0,6.91E+02, long, Rhombus, Square, Square,850,250, 
PA19,25, F,250,32,1,1.01E+03, long, Square, Triangle, Square,850,250, 
PA19,25, F,250,33,0,4.74E+03, short, Parallelogram, Circle, Circle,550,250, 
PA19,25, F,250,34,1,8.64E+03, long, Square, Rhombus, Square,550,250, 
PA19,25, F,250,35,0,9.46E+02, short, Triangle, Parallelogram, Parallelogram,250,250, 
PA19,25, F,250,36,0,9.54E+02, long, Parallelogram, Pentagon, Pentagon,750,250, 
PA19,25, F,250,37,0,1.46E+03, long, Square, Circle, Square,750,250, 
PA19,25, F,250,38,0,1.63E+03, short, Pentagon, Rhombus, Rhombus,550,250, 
PA19,25, F,250,39,0,2.28E+03, short, Triangle, Square, Triangle,550,250, 
PA19,25, F,250,40,1,2.23E+03, short, Circle, Pentagon, Pentagon,650,250, 
PA19,25, F,250,41,0,6.83E+02, short, Square, Circle, Circle,450,250, 
PA19,25, F,250,42,1,8.61E+02, short, Pentagon, Circle, Circle,450,250, 
PA19,25, F,250,43,1,5.87E+02, long, Circle, Triangle, Circle,750,250, 
PA19,25, F,250,44,0,1.25E+03, short, Square, Rhombus, Rhombus,450,250, 
PA19,25, F,250,45,0,1.45E+03, long, Pentagon, Circle, Pentagon,750,250, 
PA19,25, F,250,46,1,9.56E+02, long, Rhombus, Pentagon, Rhombus,650,250, 
PA19,25, F,250,47,1,3.18E+03, long, Square, Parallelogram, Parallelogram,550,250, 
PA19,25, F,250,48,0,2.01E+03, long, Circle, Square, Square,750,250, 
PA19,25, F,250,49,1,1.31E+03, short, Parallelogram, Pentagon, Pentagon,450,250, 
PA19,25, F,250,50,1,8.88E+02, short, Parallelogram, Triangle, Triangle,350,250, 
PA19,25, F,250,51,0,8.61E+02, short, Triangle, Circle, Circle,250,250, 
PA19,25, F,250,52,0,1.62E+03, short, Circle, Triangle, Circle,750,250, 
PA19,25, F,250,53,0,2.19E+03, short, Triangle, Parallelogram, Parallelogram,450,250, 
PA19,25, F,250,54,1,1.17E+03, short, Triangle, Rhombus, Triangle,750,250, 
PA19,25, F,250,55,1,3.08E+03, long, Circle, Triangle, Triangle,650,250, 
PA19,25, F,250,56,0,1.36E+03, short, Circle, Pentagon, Circle,450,250, 
PA19,25, F,250,57,1,8.97E+02, short, Pentagon, Square, Pentagon,850,250, 
PA19,25, F,250,58,1,1.10E+03, short, Rhombus, Triangle, Rhombus,750,250, 
PA19,25, F,250,59,0,1.10E+03, short, Rhombus, Parallelogram, Rhombus,550,250, 
PA19,25, F,250,60,1,8.46E+02, short, Circle, Triangle, Triangle,350,250, 
PA19,25, F,250,61,0,9.80E+02, short, Circle, Pentagon, Pentagon,250,250, 
PA19,25, F,250,62,1,6.79E+02, short, Rhombus, Pentagon, Rhombus,350,250, 
PA19,25, F,250,63,1,5.63E+02, long, Pentagon, Parallelogram, Parallelogram,750,250, 
PA19,25, F,250,64,1,9.80E+02, short, Triangle, Parallelogram, Parallelogram,550,250, 
PA19,25, F,250,65,1,1.12E+03, short, Square, Parallelogram, Square,650,250, 
PA19,25, F,250,66,1,1.21E+03, short, Pentagon, Triangle, Pentagon,650,250, 
PA19,25, F,250,67,0,4.31E+03, long, Triangle, Parallelogram, Parallelogram,850,250, 
PA19,25, F,250,68,1,6.45E+02, short, Pentagon, Triangle, Pentagon,650,250, 
PA19,25, F,250,69,1,6.23E+02, short, Circle, Parallelogram, Circle,450,250, 
PA19,25, F,250,70,1,8.13E+02, short, Triangle, Pentagon, Pentagon,450,250, 
PA19,25, F,250,71,1,8.61E+02, short, Square, Triangle, Triangle,750,250, 
PA19,25, F,250,72,0,1.30E+03, short, Pentagon, Parallelogram, Pentagon,750,250, 
PA19,25, F,250,73,0,2.19E+03, short, Triangle, Rhombus, Rhombus,750,250, 
PA19,25, F,250,74,1,1.14E+03, short, Rhombus, Circle, Rhombus,450,250, 
PA19,25, F,250,75,0,6.52E+03, long, Parallelogram, Circle, Parallelogram,850,250, 
PA19,25, F,250,76,1,7.60E+02, short, Pentagon, Rhombus, Rhombus,750,250, 
PA19,25, F,250,77,1,8.04E+02, long, Circle, Rhombus, Circle,450,250, 
PA19,25, F,250,78,0,9.40E+02, short, Rhombus, Triangle, Triangle,450,250, 
PA19,25, F,250,79,1,8.18E+02, short, Rhombus, Parallelogram, Parallelogram,250,250, 
PA19,25, F,250,80,1,7.71E+02, short, Square, Pentagon, Pentagon,450,250, 
PA19,25, F,250,81,0,8.91E+02, short, Triangle, Circle, Triangle,450,250, 
PA19,25, F,250,82,0,8.11E+02, short, Square, Circle, Circle,750,250, 
PA19,25, F,250,83,0,5.73E+02, short, Parallelogram, Rhombus, Rhombus,650,250, 
PA19,25, F,250,84,1,6.59E+02, short, Square, Circle, Circle,550,250, 
PA19,25, F,250,85,1,2.81E+03, long, Triangle, Square, Square,850,250, 
PA19,25, F,250,86,0,8.14E+02, short, Triangle, Parallelogram, Parallelogram,350,250, 
PA19,25, F,250,87,1,6.83E+02, short, Rhombus, Square, Square,650,250, 
PA19,25, F,250,88,1,9.44E+02, short, Parallelogram, Triangle, Parallelogram,350,250, 
PA19,25, F,250,89,0,9.73E+02, short, Square, Parallelogram, Parallelogram,450,250, 
PA19,25, F,250,90,1,9.14E+02, short, Parallelogram, Circle, Parallelogram,550,250, 
PA19,25, F,250,91,0,8.60E+02, short, Pentagon, Triangle, Triangle,350,250, 
PA19,25, F,250,92,1,9.40E+02, short, Rhombus, Circle, Circle,250,250, 
PA19,25, F,250,93,0,8.72E+02, short, Parallelogram, Pentagon, Pentagon,250,250, 
PA19,25, F,250,94,0,1.04E+03, short, Circle, Parallelogram, Parallelogram,550,250, 
PA19,25, F,250,95,1,8.24E+02, short, Circle, Square, Circle,550,250, 
PA19,25, F,250,96,0,3.18E+03, long, Circle, Rhombus, Rhombus,650,250, 
PA19,25, F,250,97,0,4.55E+03, short, Triangle, Parallelogram, Parallelogram,650,250, 
PA19,25, F,250,98,0,5.98E+03, long, Circle, Square, Circle,550,250, 
PA19,25, F,250,99,1,4.19E+03, short, Rhombus, Triangle, Triangle,550,250, 
PA19,25, F,250,100,0,1.64E+03, short, Circle, Pentagon, Circle,350,250, 
PA19,25, F,250,101,1,1.05E+03, short, Square, Triangle, Square,250,250, 
PA19,25, F,250,102,1,5.80E+02, long, Square, Parallelogram, Parallelogram,850,250, 
PA19,25, F,250,103,0,5.55E+02, long, Parallelogram, Triangle, Triangle,750,250, 
PA19,25, F,250,104,1,6.75E+02, long, Circle, Triangle, Triangle,850,250, 
PA19,25, F,250,105,0,1.27E+03, short, Square, Parallelogram, Square,250,250, 
PA19,25, F,250,106,1,1.10E+03, short, Triangle, Circle, Triangle,350,250, 
PA19,25, F,250,107,1,9.63E+02, long, Rhombus, Square, Square,550,250, 
PA19,25, F,250,108,0,9.29E+02, long, Circle, Parallelogram, Parallelogram,550,250, 
PA19,25, F,250,109,0,1.03E+03, short, Pentagon, Square, Pentagon,250,250, 
PA19,25, F,250,110,1,8.60E+02, short, Pentagon, Square, Pentagon,250,250, 
PA19,25, F,250,111,1,7.90E+02, long, Square, Pentagon, Pentagon,850,250, 
PA19,25, F,250,112,0,6.92E+02, long, Square, Rhombus, Rhombus,650,250, 
PA19,25, F,250,113,1,1.53E+03, short, Parallelogram, Rhombus, Parallelogram,550,250, 
PA19,25, F,250,114,1,9.56E+02, short, Pentagon, Rhombus, Pentagon,250,250, 
PA19,25, F,250,115,1,2.00E+03, short, Parallelogram, Triangle, Parallelogram,450,250, 
PA19,25, F,250,116,0,1.10E+03, short, Parallelogram, Pentagon, Pentagon,550,250, 
PA19,25, F,250,117,1,7.65E+02, short, Square, Pentagon, Pentagon,550,250, 
PA19,25, F,250,118,0,6.40E+02, long, Square, Triangle, Square,850,250, 
PA19,25, F,250,119,1,8.17E+02, short, Triangle, Pentagon, Pentagon,250,250, 
PA19,25, F,250,120,1,6.98E+03, short, Triangle, Pentagon, Pentagon,550,250, 
PA19,25, F,250,121,0,4.24E+03, long, Rhombus, Pentagon, Pentagon,850,250, 
PA19,25, F,250,122,0,1.19E+03, long, Triangle, Square, Square,650,250, 
PA19,25, F,250,123,0,6.39E+02, long, Triangle, Pentagon, Pentagon,850,250, 
PA19,25, F,250,124,1,1.82E+03, long, Rhombus, Square, Rhombus,650,250, 
PA19,25, F,250,125,1,8.64E+02, long, Square, Triangle, Square,750,250, 
PA19,25, F,250,126,0,1.37E+03, short, Square, Triangle, Triangle,250,250, 
PA19,25, F,250,127,1,7.85E+02, short, Pentagon, Parallelogram, Pentagon,250,250, 
PA19,25, F,250,128,0,8.99E+02, short, Triangle, Square, Square,450,250, 
PA19,25, F,250,129,0,6.25E+02, long, Rhombus, Pentagon, Rhombus,750,250, 
PA19,25, F,250,130,0,5.28E+02, long, Pentagon, Parallelogram, Parallelogram,650,250, 
PA19,25, F,250,131,0,1.49E+03, short, Square, Rhombus, Rhombus,450,250, 
PA19,25, F,250,132,0,5.53E+02, long, Circle, Rhombus, Circle,750,250, 
PA19,25, F,250,133,1,6.33E+02, long, Rhombus, Circle, Rhombus,450,250, 
PA19,25, F,250,134,0,1.51E+03, short, Pentagon, Parallelogram, Parallelogram,750,250, 
PA19,25, F,250,135,1,3.75E+03, short, Pentagon, Triangle, Pentagon,450,250, 
PA19,25, F,250,136,0,1.46E+03, long, Triangle, Rhombus, Rhombus,650,250, 
PA19,25, F,250,137,0,9.52E+02, short, Circle, Square, Circle,650,250, 
PA19,25, F,250,138,1,1.03E+03, long, Triangle, Square, Square,650,250, 
PA19,25, F,250,139,0,8.00E+02, short, Square, Pentagon, Pentagon,350,250, 
PA19,25, F,250,140,0,7.88E+02, short, Parallelogram, Rhombus, Rhombus,250,250, 
PA19,25, F,250,141,0,7.38E+02, long, Rhombus, Square, Rhombus,650,250, 
PA19,25, F,250,142,0,1.29E+03, long, Parallelogram, Circle, Parallelogram,250,250, 
PA19,25, F,250,143,1,3.67E+03, long, Pentagon, Circle, Circle,450,250, 
PA19,25, F,250,144,1,1.05E+03, long, Triangle, Parallelogram, Triangle,750,250, 
PA19,25, F,250,145,1,4.92E+03, long, Rhombus, Pentagon, Pentagon,450,250, 
PA19,25, F,250,146,1,8.31E+02, long, Parallelogram, Square, Parallelogram,650,250, 
PA19,25, F,250,147,0,1.09E+03, short, Triangle, Pentagon, Pentagon,350,250, 
PA19,25, F,250,148,1,2.11E+03, short, Circle, Parallelogram, Parallelogram,350,250, 
PA19,25, F,250,149,0,5.51E+02, long, Pentagon, Rhombus, Pentagon,650,250, 
PA19,25, F,250,150,0,2.62E+03, short, Pentagon, Rhombus, Pentagon,350,250, 
PA19,25, F,250,151,1,5.97E+02, long, Rhombus, Circle, Circle,850,250, 
PA19,25, F,250,152,1,8.55E+02, short, Triangle, Rhombus, Rhombus,250,250, 
PA19,25, F,250,153,1,8.12E+02, long, Pentagon, Parallelogram, Parallelogram,850,250, 
PA19,25, F,250,154,0,2.96E+03, short, Circle, Square, Circle,450,250, 
PA19,25, F,250,155,1,3.17E+03, long, Square, Circle, Square,650,250, 
PA19,25, F,250,156,1,1.91E+03, long, Triangle, Rhombus, Rhombus,850,250, 
PA19,25, F,250,157,0,3.50E+03, short, Pentagon, Square, Square,550,250, 
PA19,25, F,250,158,1,7.82E+02, long, Square, Circle, Circle,850,250, 
PA19,25, F,250,159,1,1.99E+03, short, Circle, Rhombus, Circle,350,250, 
PA19,25, F,250,160,1,4.51E+03, short, Parallelogram, Rhombus, Rhombus,650,250, 
PA19,25, F,250,161,0,5.87E+03, long, Pentagon, Circle, Circle,550,250, 
PA19,25, F,250,162,0,1.59E+03, long, Circle, Square, Square,850,250, 
PA19,25, F,250,163,1,8.23E+02, short, Circle, Parallelogram, Parallelogram,250,250, 
PA19,25, F,250,164,1,1.04E+03, short, Rhombus, Triangle, Triangle,250,250, 
PA19,25, F,250,165,0,4.43E+03, short, Triangle, Square, Triangle,450,250, 
PA19,25, F,250,166,0,9.89E+02, short, Rhombus, Circle, Circle,350,250, 
PA19,25, F,250,167,0,8.15E+02, long, Circle, Parallelogram, Parallelogram,850,250, 
PA19,25, F,250,168,1,1.10E+03, short, Rhombus, Pentagon, Pentagon,350,250, 
PA19,25, F,250,169,0,8.54E+02, short, Rhombus, Parallelogram, Rhombus,250,250, 
PA19,25, F,250,170,1,7.66E+02, short, Pentagon, Circle, Circle,250,250, 
PA19,25, F,250,171,1,4.80E+02, long, Circle, Square, Square,750,250, 
PA19,25, F,250,172,0,9.47E+02, long, Pentagon, Triangle, Pentagon,550,250, 
PA19,25, F,250,173,1,8.17E+02, short, Rhombus, Square, Rhombus,350,250, 
PA19,25, F,250,174,1,8.77E+02, short, Rhombus, Parallelogram, Parallelogram,250,250, 
PA19,25, F,250,175,0,1.01E+03, short, Pentagon, Circle, Circle,450,250, 
PA19,25, F,250,176,1,6.69E+02, short, Triangle, Rhombus, Triangle,350,250, 
PA19,25, F,250,177,0,7.47E+02, short, Parallelogram, Pentagon, Pentagon,350,250, 
PA19,25, F,250,178,1,1.05E+03, short, Parallelogram, Square, Parallelogram,450,250, 
PA19,25, F,250,179,1,5.03E+02, long, Parallelogram, Square, Square,850,250, 
PA19,25, F,250,180,0,5.09E+02, long, Parallelogram, Rhombus, Rhombus,850,250, 
PA19,25, F,250,181,0,1.94E+03, long, Pentagon, Triangle, Triangle,750,250, 
PA19,25, F,250,182,0,7.89E+02, short, Rhombus, Square, Rhombus,250,250, 
PA19,25, F,250,183,1,1.10E+03, long, Rhombus, Pentagon, Rhombus,650,250, 
PA19,25, F,250,184,0,2.12E+03, long, Circle, Triangle, Triangle,750,250, 
PA19,25, F,250,185,1,2.35E+03, short, Parallelogram, Rhombus, Parallelogram,750,250, 
PA19,25, F,250,186,1,1.45E+03, short, Triangle, Circle, Circle,250,250, 
PA19,25, F,250,187,1,2.35E+03, short, Rhombus, Triangle, Triangle,550,250, 
PA19,25, F,250,188,0,7.72E+02, short, Parallelogram, Circle, Circle,250,250, 
PA19,25, F,250,189,0,5.88E+02, long, Rhombus, Triangle, Triangle,650,250, 
PA19,25, F,250,190,1,1.37E+03, long, Circle, Pentagon, Pentagon,750,250, 
PA19,25, F,250,191,1,6.44E+02, long, Rhombus, Circle, Circle,850,250, 
PA19,25, F,250,192,1,1.51E+03, long, Triangle, Square, Square,550,250, 
PA19,25, F,250,193,0,7.32E+02, long, Square, Triangle, Square,850,250, 
PA19,25, F,250,194,1,1.09E+03, short, Triangle, Circle, Circle,350,250, 
PA19,25, F,250,195,0,6.83E+02, long, Rhombus, Parallelogram, Parallelogram,850,250, 
PA19,25, F,250,196,1,9.39E+02, short, Pentagon, Circle, Circle,450,250, 
PA19,25, F,250,197,0,1.17E+03, short, Rhombus, Parallelogram, Parallelogram,450,250, 
PA19,25, F,250,198,0,2.73E+03, short, Square, Rhombus, Square,550,250, 
PA19,25, F,250,199,1,7.97E+02, short, Square, Parallelogram, Parallelogram,250,250, 
PA19,25, F,250,200,1,2.73E+03, short, Pentagon, Square, Pentagon,350,250, 
PA19,25, F,250,201,1,5.11E+03, short, Parallelogram, Triangle, Triangle,650,250, 
PA19,25, F,250,202,0,6.23E+02, long, Square, Pentagon, Pentagon,850,250, 
PA19,25, F,250,203,0,1.05E+03, short, Triangle, Circle, Triangle,250,250, 
PA19,25, F,250,204,0,7.58E+02, short, Pentagon, Square, Pentagon,350,250, 
PA19,25, F,250,205,0,1.16E+03, short, Square, Circle, Circle,350,250, 
PA19,25, F,250,206,1,1.13E+03, short, Pentagon, Rhombus, Pentagon,350,250, 
PA19,25, F,250,207,1,6.30E+02, long, Triangle, Pentagon, Pentagon,750,250, 
PA19,25, F,250,208,1,5.90E+02, long, Parallelogram, Pentagon, Pentagon,850,250, 
PA19,25, F,250,209,0,2.78E+03, long, Parallelogram, Triangle, Parallelogram,650,250, 
PA19,25, F,250,210,1,4.40E+03, long, Triangle, Pentagon, Pentagon,450,250, 
