﻿Subject ID, Subject Age, Gender, Group, TrialNumber, Intended or Unintended Outcome, Reaction Time on Outcome Response, Response - Short or Long, Left Image Code, Right Image Code, Chosen Image Code, Objective Duration of Stimulus, Stimulus Delay,
PA33,23, F,250,1,0,1.02E+03, short, Parallelogram, Circle, Circle,350,250, 
PA33,23, F,250,2,0,5.57E+02, long, Rhombus, Pentagon, Pentagon,850,250, 
PA33,23, F,250,3,1,6.03E+02, long, Circle, Parallelogram, Circle,850,250, 
PA33,23, F,250,4,1,1.09E+03, short, Square, Pentagon, Square,450,250, 
PA33,23, F,250,5,1,9.75E+02, long, Parallelogram, Triangle, Triangle,750,250, 
PA33,23, F,250,6,0,7.20E+02, long, Rhombus, Triangle, Triangle,550,250, 
PA33,23, F,250,7,0,4.47E+02, long, Circle, Triangle, Circle,850,250, 
PA33,23, F,250,8,1,1.34E+03, long, Parallelogram, Triangle, Triangle,650,250, 
PA33,23, F,250,9,1,5.16E+02, long, Square, Triangle, Square,850,250, 
PA33,23, F,250,10,0,1.72E+03, short, Triangle, Pentagon, Triangle,450,250, 
PA33,23, F,250,11,1,5.60E+02, long, Rhombus, Parallelogram, Parallelogram,850,250, 
PA33,23, F,250,12,0,9.77E+02, short, Triangle, Circle, Triangle,350,250, 
PA33,23, F,250,13,0,6.98E+02, long, Triangle, Pentagon, Triangle,850,250, 
PA33,23, F,250,14,1,4.65E+02, long, Circle, Rhombus, Circle,850,250, 
PA33,23, F,250,15,0,1.02E+03, short, Parallelogram, Rhombus, Parallelogram,250,250, 
PA33,23, F,250,16,1,1.08E+03, long, Parallelogram, Circle, Circle,450,250, 
PA33,23, F,250,17,0,1.09E+03, long, Triangle, Parallelogram, Triangle,850,250, 
PA33,23, F,250,18,0,1.01E+03, short, Circle, Square, Circle,250,250, 
PA33,23, F,250,19,1,5.18E+02, long, Parallelogram, Rhombus, Rhombus,650,250, 
PA33,23, F,250,20,0,1.28E+03, long, Triangle, Rhombus, Triangle,450,250, 
PA33,23, F,250,21,1,6.36E+02, long, Square, Triangle, Square,650,250, 
PA33,23, F,250,22,0,9.36E+02, long, Circle, Rhombus, Circle,750,250, 
PA33,23, F,250,23,1,9.60E+02, short, Rhombus, Pentagon, Rhombus,350,250, 
PA33,23, F,250,24,1,1.06E+03, short, Pentagon, Circle, Circle,450,250, 
PA33,23, F,250,25,0,8.03E+02, long, Rhombus, Triangle, Triangle,650,250, 
PA33,23, F,250,26,0,8.71E+02, short, Pentagon, Circle, Circle,550,250, 
PA33,23, F,250,27,0,9.03E+02, short, Parallelogram, Rhombus, Parallelogram,250,250, 
PA33,23, F,250,28,1,8.62E+02, long, Pentagon, Square, Square,650,250, 
PA33,23, F,250,29,0,2.28E+03, short, Triangle, Parallelogram, Triangle,250,250, 
PA33,23, F,250,30,0,1.15E+03, long, Circle, Pentagon, Circle,650,250, 
PA33,23, F,250,31,0,1.23E+03, long, Square, Parallelogram, Square,850,250, 
PA33,23, F,250,32,0,1.49E+03, short, Square, Circle, Circle,350,250, 
PA33,23, F,250,33,1,8.94E+02, long, Square, Triangle, Square,850,250, 
PA33,23, F,250,34,1,9.26E+02, short, Pentagon, Triangle, Pentagon,350,250, 
PA33,23, F,250,35,0,8.72E+02, short, Rhombus, Triangle, Triangle,550,250, 
PA33,23, F,250,36,0,1.17E+03, short, Circle, Triangle, Circle,350,250, 
PA33,23, F,250,37,0,4.11E+03, short, Parallelogram, Pentagon, Pentagon,550,250, 
PA33,23, F,250,38,0,5.36E+02, long, Triangle, Pentagon, Triangle,850,250, 
PA33,23, F,250,39,1,1.13E+03, long, Square, Pentagon, Square,850,250, 
PA33,23, F,250,40,1,1.26E+03, short, Parallelogram, Pentagon, Pentagon,350,250, 
PA33,23, F,250,41,0,9.43E+02, short, Pentagon, Triangle, Triangle,550,250, 
PA33,23, F,250,42,0,7.45E+02, short, Parallelogram, Pentagon, Parallelogram,650,250, 
PA33,23, F,250,43,1,7.22E+02, short, Square, Circle, Circle,350,250, 
PA33,23, F,250,44,1,6.68E+02, long, Triangle, Square, Square,750,250, 
PA33,23, F,250,45,0,1.00E+03, short, Square, Circle, Circle,450,250, 
PA33,23, F,250,46,1,1.05E+03, short, Rhombus, Circle, Circle,250,250, 
PA33,23, F,250,47,1,9.02E+02, short, Triangle, Rhombus, Rhombus,450,250, 
PA33,23, F,250,48,1,6.99E+02, short, Rhombus, Circle, Circle,350,250, 
PA33,23, F,250,49,0,9.08E+02, long, Triangle, Square, Square,650,250, 
PA33,23, F,250,50,1,8.85E+02, short, Square, Circle, Circle,350,250, 
PA33,23, F,250,51,1,1.54E+03, short, Parallelogram, Square, Parallelogram,250,250, 
PA33,23, F,250,52,1,1.26E+03, long, Triangle, Rhombus, Triangle,550,250, 
PA33,23, F,250,53,1,3.87E+03, short, Square, Parallelogram, Square,550,250, 
PA33,23, F,250,54,1,1.53E+03, long, Triangle, Circle, Circle,850,250, 
PA33,23, F,250,55,0,1.07E+03, long, Square, Triangle, Square,750,250, 
PA33,23, F,250,56,1,2.74E+03, short, Parallelogram, Pentagon, Parallelogram,350,250, 
PA33,23, F,250,57,0,1.56E+03, long, Circle, Parallelogram, Circle,750,250, 
PA33,23, F,250,58,1,1.60E+03, long, Rhombus, Parallelogram, Parallelogram,650,250, 
PA33,23, F,250,59,1,1.04E+03, long, Square, Parallelogram, Square,450,250, 
PA33,23, F,250,60,1,2.08E+03, short, Pentagon, Triangle, Pentagon,450,250, 
PA33,23, F,250,61,0,1.13E+03, long, Triangle, Circle, Triangle,750,250, 
PA33,23, F,250,62,0,9.58E+02, short, Rhombus, Square, Square,450,250, 
PA33,23, F,250,63,0,4.76E+02, long, Pentagon, Circle, Circle,750,250, 
PA33,23, F,250,64,0,1.05E+03, short, Parallelogram, Triangle, Triangle,350,250, 
PA33,23, F,250,65,1,6.13E+02, long, Pentagon, Rhombus, Rhombus,450,250, 
PA33,23, F,250,66,1,8.17E+02, short, Circle, Rhombus, Rhombus,250,250, 
PA33,23, F,250,67,0,5.51E+02, long, Circle, Triangle, Triangle,550,250, 
PA33,23, F,250,68,1,1.64E+03, short, Triangle, Rhombus, Triangle,350,250, 
PA33,23, F,250,69,0,4.05E+02, long, Circle, Pentagon, Circle,850,250, 
PA33,23, F,250,70,1,3.82E+03, long, Pentagon, Parallelogram, Pentagon,450,250, 
PA33,23, F,250,71,0,4.70E+02, long, Circle, Square, Circle,850,250, 
PA33,23, F,250,72,1,1.15E+03, long, Pentagon, Square, Pentagon,750,250, 
PA33,23, F,250,73,1,1.19E+03, long, Square, Pentagon, Square,650,250, 
PA33,23, F,250,74,0,9.46E+02, short, Triangle, Parallelogram, Triangle,450,250, 
PA33,23, F,250,75,0,9.44E+02, long, Square, Pentagon, Square,750,250, 
PA33,23, F,250,76,1,7.42E+02, short, Rhombus, Pentagon, Rhombus,250,250, 
PA33,23, F,250,77,1,4.98E+02, long, Square, Rhombus, Square,550,250, 
PA33,23, F,250,78,0,2.16E+03, long, Rhombus, Circle, Circle,650,250, 
PA33,23, F,250,79,0,8.45E+02, short, Circle, Rhombus, Circle,450,250, 
PA33,23, F,250,80,0,6.22E+02, long, Triangle, Pentagon, Triangle,650,250, 
PA33,23, F,250,81,1,2.64E+03, short, Rhombus, Triangle, Triangle,250,250, 
PA33,23, F,250,82,0,3.35E+03, long, Parallelogram, Pentagon, Pentagon,650,250, 
PA33,23, F,250,83,0,1.13E+03, short, Pentagon, Triangle, Triangle,350,250, 
PA33,23, F,250,84,1,5.63E+02, long, Parallelogram, Rhombus, Rhombus,550,250, 
PA33,23, F,250,85,0,1.01E+03, short, Pentagon, Parallelogram, Pentagon,350,250, 
PA33,23, F,250,86,1,2.86E+03, long, Parallelogram, Triangle, Triangle,350,250, 
PA33,23, F,250,87,0,2.81E+03, short, Parallelogram, Circle, Circle,350,250, 
PA33,23, F,250,88,0,6.92E+02, long, Pentagon, Square, Square,450,250, 
PA33,23, F,250,89,0,9.24E+02, long, Rhombus, Triangle, Triangle,450,250, 
PA33,23, F,250,90,0,1.65E+03, long, Rhombus, Parallelogram, Parallelogram,850,250, 
PA33,23, F,250,91,1,1.20E+03, short, Parallelogram, Circle, Circle,450,250, 
PA33,23, F,250,92,0,9.52E+02, long, Pentagon, Rhombus, Rhombus,850,250, 
PA33,23, F,250,93,0,1.72E+03, long, Circle, Rhombus, Rhombus,650,250, 
PA33,23, F,250,94,1,6.78E+02, short, Pentagon, Circle, Circle,350,250, 
PA33,23, F,250,95,0,1.00E+03, short, Circle, Square, Circle,350,250, 
PA33,23, F,250,96,0,8.75E+02, short, Circle, Parallelogram, Circle,250,250, 
PA33,23, F,250,97,1,7.27E+02, short, Circle, Square, Circle,350,250, 
PA33,23, F,250,98,1,1.08E+03, short, Square, Parallelogram, Square,350,250, 
PA33,23, F,250,99,0,2.10E+03, short, Pentagon, Square, Square,250,250, 
PA33,23, F,250,100,1,3.93E+02, long, Pentagon, Square, Square,550,250, 
PA33,23, F,250,101,0,1.92E+03, long, Circle, Triangle, Circle,650,250, 
PA33,23, F,250,102,1,9.53E+02, short, Rhombus, Triangle, Triangle,250,250, 
PA33,23, F,250,103,0,9.51E+02, long, Triangle, Parallelogram, Triangle,850,250, 
PA33,23, F,250,104,1,3.01E+03, long, Parallelogram, Rhombus, Parallelogram,850,250, 
PA33,23, F,250,105,1,2.84E+03, short, Pentagon, Rhombus, Pentagon,750,250, 
PA33,23, F,250,106,0,4.29E+02, long, Triangle, Rhombus, Triangle,650,250, 
PA33,23, F,250,107,1,1.33E+03, short, Triangle, Square, Triangle,550,250, 
PA33,23, F,250,108,1,9.90E+02, short, Circle, Pentagon, Circle,550,250, 
PA33,23, F,250,109,0,2.18E+03, short, Triangle, Square, Triangle,450,250, 
PA33,23, F,250,110,1,2.92E+02, long, Triangle, Pentagon, Triangle,850,250, 
PA33,23, F,250,111,1,1.08E+03, long, Rhombus, Parallelogram, Rhombus,650,250, 
PA33,23, F,250,112,1,1.55E+03, long, Rhombus, Square, Rhombus,750,250, 
PA33,23, F,250,113,1,1.48E+03, short, Circle, Parallelogram, Circle,850,250, 
PA33,23, F,250,114,1,7.33E+02, long, Rhombus, Pentagon, Rhombus,450,250, 
PA33,23, F,250,115,0,1.20E+03, short, Square, Circle, Square,250,250, 
PA33,23, F,250,116,1,5.25E+02, long, Circle, Square, Circle,550,250, 
PA33,23, F,250,117,1,2.81E+02, long, Triangle, Square, Triangle,850,250, 
PA33,23, F,250,118,0,7.71E+02, short, Rhombus, Triangle, Rhombus,350,250, 
PA33,23, F,250,119,1,8.75E+02, short, Rhombus, Parallelogram, Rhombus,250,250, 
PA33,23, F,250,120,0,3.75E+02, long, Pentagon, Rhombus, Pentagon,550,250, 
PA33,23, F,250,121,1,4.17E+02, long, Circle, Rhombus, Circle,550,250, 
PA33,23, F,250,122,0,9.25E+02, short, Parallelogram, Circle, Parallelogram,450,250, 
PA33,23, F,250,123,1,7.35E+02, short, Square, Pentagon, Square,250,250, 
PA33,23, F,250,124,0,4.01E+02, long, Circle, Triangle, Circle,550,250, 
PA33,23, F,250,125,1,1.60E+03, long, Pentagon, Square, Pentagon,750,250, 
PA33,23, F,250,126,1,4.96E+02, long, Square, Triangle, Square,550,250, 
PA33,23, F,250,127,0,8.28E+02, long, Pentagon, Triangle, Triangle,650,250, 
PA33,23, F,250,128,0,1.07E+03, long, Rhombus, Parallelogram, Rhombus,750,250, 
PA33,23, F,250,129,1,1.03E+03, short, Pentagon, Rhombus, Pentagon,250,250, 
PA33,23, F,250,130,0,1.40E+03, long, Circle, Triangle, Circle,650,250, 
PA33,23, F,250,131,0,1.12E+03, long, Circle, Triangle, Circle,750,250, 
PA33,23, F,250,132,1,1.13E+03, long, Circle, Parallelogram, Circle,450,250, 
PA33,23, F,250,133,0,4.74E+01, long, Rhombus, Pentagon, Rhombus,850,250, 
PA33,23, F,250,134,1,1.38E+03, short, Rhombus, Square, Rhombus,450,250, 
PA33,23, F,250,135,1,3.09E+02, long, Triangle, Pentagon, Triangle,750,250, 
PA33,23, F,250,136,0,1.29E+03, long, Pentagon, Parallelogram, Pentagon,750,250, 
PA33,23, F,250,137,1,7.29E+02, long, Pentagon, Triangle, Pentagon,750,250, 
PA33,23, F,250,138,1,1.09E+03, short, Triangle, Parallelogram, Triangle,250,250, 
PA33,23, F,250,139,1,6.41E+02, long, Rhombus, Circle, Circle,550,250, 
PA33,23, F,250,140,0,1.07E+03, short, Circle, Parallelogram, Circle,350,250, 
PA33,23, F,250,141,0,6.83E+02, long, Square, Rhombus, Square,850,250, 
PA33,23, F,250,142,1,6.30E+02, short, Circle, Pentagon, Circle,250,250, 
PA33,23, F,250,143,0,9.05E+02, long, Square, Pentagon, Square,650,250, 
PA33,23, F,250,144,0,9.20E+02, short, Triangle, Circle, Circle,250,250, 
PA33,23, F,250,145,1,7.88E+02, long, Rhombus, Pentagon, Rhombus,650,250, 
PA33,23, F,250,146,0,8.56E+02, short, Circle, Pentagon, Circle,350,250, 
PA33,23, F,250,147,0,9.32E+02, short, Pentagon, Rhombus, Pentagon,250,250, 
PA33,23, F,250,148,0,7.16E+02, long, Parallelogram, Circle, Circle,550,250, 
PA33,23, F,250,149,0,3.36E+03, long, Square, Circle, Circle,550,250, 
PA33,23, F,250,150,0,9.32E+02, long, Triangle, Square, Square,550,250, 
PA33,23, F,250,151,1,3.84E+02, long, Rhombus, Circle, Circle,550,250, 
PA33,23, F,250,152,1,6.52E+02, long, Pentagon, Circle, Circle,650,250, 
PA33,23, F,250,153,1,4.36E+02, long, Parallelogram, Square, Square,850,250, 
PA33,23, F,250,154,0,7.59E+02, long, Triangle, Circle, Circle,850,250, 
PA33,23, F,250,155,0,7.99E+02, short, Rhombus, Circle, Circle,550,250, 
PA33,23, F,250,156,1,4.87E+02, long, Pentagon, Parallelogram, Pentagon,750,250, 
PA33,23, F,250,157,0,1.23E+03, long, Pentagon, Square, Square,850,250, 
PA33,23, F,250,158,0,6.03E+02, long, Square, Rhombus, Square,550,250, 
PA33,23, F,250,159,1,4.97E+02, long, Circle, Rhombus, Circle,450,250, 
PA33,23, F,250,160,1,1.03E+03, long, Square, Parallelogram, Square,850,250, 
PA33,23, F,250,161,1,7.17E+02, long, Parallelogram, Square, Square,650,250, 
PA33,23, F,250,162,1,3.79E+02, long, Circle, Parallelogram, Circle,650,250, 
PA33,23, F,250,163,0,8.72E+02, short, Pentagon, Circle, Circle,250,250, 
PA33,23, F,250,164,0,1.08E+03, long, Triangle, Pentagon, Triangle,750,250, 
PA33,23, F,250,165,1,5.10E+02, long, Parallelogram, Pentagon, Pentagon,550,250, 
PA33,23, F,250,166,0,3.20E+03, short, Triangle, Circle, Circle,450,250, 
PA33,23, F,250,167,1,3.58E+02, long, Parallelogram, Square, Square,750,250, 
PA33,23, F,250,168,1,5.16E+02, long, Pentagon, Rhombus, Pentagon,650,250, 
PA33,23, F,250,169,1,1.21E+03, long, Square, Pentagon, Square,650,250, 
PA33,23, F,250,170,0,6.83E+03, long, Rhombus, Square, Square,250,250, 
PA33,23, F,250,171,1,9.59E+02, long, Circle, Square, Circle,450,250, 
PA33,23, F,250,172,0,9.29E+02, short, Parallelogram, Rhombus, Rhombus,350,250, 
PA33,23, F,250,173,1,3.10E+02, long, Square, Circle, Circle,750,250, 
PA33,23, F,250,174,1,8.37E+02, short, Rhombus, Square, Square,250,250, 
PA33,23, F,250,175,0,6.87E+02, short, Pentagon, Triangle, Triangle,250,250, 
PA33,23, F,250,176,0,5.93E+02, long, Circle, Pentagon, Pentagon,750,250, 
PA33,23, F,250,177,0,9.25E+02, short, Parallelogram, Square, Square,250,250, 
PA33,23, F,250,178,0,3.33E+02, long, Triangle, Rhombus, Rhombus,750,250, 
PA33,23, F,250,179,0,2.72E+03, long, Triangle, Square, Square,250,250, 
PA33,23, F,250,180,0,7.93E+02, short, Square, Rhombus, Rhombus,350,250, 
PA33,23, F,250,181,1,1.88E+03, short, Square, Rhombus, Square,250,250, 
PA33,23, F,250,182,0,1.32E+03, long, Parallelogram, Square, Square,650,250, 
PA33,23, F,250,183,1,3.54E+02, long, Square, Parallelogram, Square,750,250, 
PA33,23, F,250,184,1,1.33E+03, short, Triangle, Rhombus, Triangle,250,250, 
PA33,23, F,250,185,0,3.55E+02, long, Square, Triangle, Square,750,250, 
PA33,23, F,250,186,0,4.26E+02, long, Rhombus, Square, Square,550,250, 
PA33,23, F,250,187,1,3.38E+02, long, Triangle, Circle, Circle,650,250, 
PA33,23, F,250,188,1,3.20E+02, long, Parallelogram, Circle, Circle,850,250, 
PA33,23, F,250,189,1,1.52E+03, long, Parallelogram, Triangle, Triangle,750,250, 
PA33,23, F,250,190,1,3.30E+02, long, Triangle, Parallelogram, Triangle,750,250, 
PA33,23, F,250,191,1,1.95E-01, long, Parallelogram, Triangle, Triangle,750,250, 
PA33,23, F,250,192,1,1.11E+03, short, Parallelogram, Pentagon, Parallelogram,350,250, 
PA33,23, F,250,193,0,2.22E+03, long, Pentagon, Parallelogram, Pentagon,750,250, 
PA33,23, F,250,194,1,4.14E+03, short, Triangle, Parallelogram, Triangle,650,250, 
PA33,23, F,250,195,0,1.07E+03, long, Square, Rhombus, Square,450,250, 
PA33,23, F,250,196,1,9.85E+02, short, Rhombus, Square, Square,350,250, 
PA33,23, F,250,197,1,1.39E+03, long, Square, Triangle, Triangle,450,250, 
PA33,23, F,250,198,1,1.53E+03, short, Rhombus, Parallelogram, Parallelogram,250,250, 
PA33,23, F,250,199,0,2.27E+03, long, Square, Parallelogram, Parallelogram,450,250, 
PA33,23, F,250,200,0,1.52E+03, long, Circle, Pentagon, Pentagon,450,250, 
PA33,23, F,250,201,1,4.67E+02, long, Pentagon, Parallelogram, Parallelogram,550,250, 
PA33,23, F,250,202,0,9.28E+02, short, Rhombus, Circle, Circle,250,250, 
PA33,23, F,250,203,1,1.03E+03, long, Rhombus, Pentagon, Pentagon,850,250, 
PA33,23, F,250,204,1,6.70E+03, long, Pentagon, Circle, Circle,350,250, 
PA33,23, F,250,205,0,1.27E+03, long, Circle, Square, Circle,650,250, 
PA33,23, F,250,206,0,5.46E+02, long, Square, Rhombus, Square,750,250, 
PA33,23, F,250,207,0,5.66E+03, long, Parallelogram, Rhombus, Parallelogram,450,250, 
PA33,23, F,250,208,0,3.02E+03, short, Parallelogram, Triangle, Triangle,350,250, 
PA33,23, F,250,209,1,4.66E+03, short, Pentagon, Parallelogram, Pentagon,550,250, 
PA33,23, F,250,210,0,3.05E+03, long, Parallelogram, Square, Square,550,250, 
