﻿Subject ID, Subject Age, Gender, Group, TrialNumber, Intended or Unintended Outcome, Reaction Time on Outcome Response, Response - Short or Long, Left Image Code, Right Image Code, Chosen Image Code, Objective Duration of Stimulus, Stimulus Delay,
PA57,19, M,250,1,1,5.95E+02, long, Pentagon, Rhombus, Pentagon,750,250, 
PA57,19, M,250,2,1,5.63E+02, long, Square, Pentagon, Pentagon,750,250, 
PA57,19, M,250,3,1,5.73E+02, short, Circle, Parallelogram, Parallelogram,650,250, 
PA57,19, M,250,4,0,6.85E+02, short, Rhombus, Circle, Rhombus,250,250, 
PA57,19, M,250,5,1,6.09E+02, short, Rhombus, Circle, Rhombus,350,250, 
PA57,19, M,250,6,0,7.57E+02, short, Square, Rhombus, Rhombus,250,250, 
PA57,19, M,250,7,1,6.16E+03, short, Pentagon, Parallelogram, Pentagon,550,250, 
PA57,19, M,250,8,0,4.96E+02, short, Rhombus, Square, Square,350,250, 
PA57,19, M,250,9,1,3.64E+02, long, Circle, Square, Square,650,250, 
PA57,19, M,250,10,1,5.04E+02, long, Parallelogram, Square, Parallelogram,750,250, 
PA57,19, M,250,11,0,8.78E+02, long, Rhombus, Pentagon, Rhombus,650,250, 
PA57,19, M,250,12,0,6.20E+02, long, Circle, Parallelogram, Circle,650,250, 
PA57,19, M,250,13,0,5.96E+03, short, Circle, Rhombus, Circle,550,250, 
PA57,19, M,250,14,0,2.82E+02, long, Circle, Triangle, Circle,850,250, 
PA57,19, M,250,15,1,1.11E+03, short, Circle, Square, Circle,550,250, 
PA57,19, M,250,16,0,6.16E+02, long, Triangle, Rhombus, Triangle,750,250, 
PA57,19, M,250,17,1,1.44E+03, short, Square, Triangle, Square,650,250, 
PA57,19, M,250,18,0,1.34E+03, short, Rhombus, Pentagon, Pentagon,450,250, 
PA57,19, M,250,19,1,4.85E+02, short, Square, Triangle, Square,350,250, 
PA57,19, M,250,20,1,2.42E+03, short, Circle, Triangle, Circle,550,250, 
PA57,19, M,250,21,0,5.50E+02, long, Rhombus, Square, Rhombus,850,250, 
PA57,19, M,250,22,0,4.63E+02, short, Pentagon, Parallelogram, Pentagon,450,250, 
PA57,19, M,250,23,0,5.01E+02, short, Pentagon, Triangle, Pentagon,450,250, 
PA57,19, M,250,24,0,5.77E+02, short, Triangle, Circle, Triangle,550,250, 
PA57,19, M,250,25,1,5.15E+02, long, Circle, Pentagon, Circle,650,250, 
PA57,19, M,250,26,1,4.13E+02, long, Triangle, Pentagon, Triangle,850,250, 
PA57,19, M,250,27,1,5.49E+02, long, Parallelogram, Triangle, Parallelogram,850,250, 
PA57,19, M,250,28,1,4.81E+02, short, Square, Parallelogram, Parallelogram,550,250, 
PA57,19, M,250,29,0,6.95E+02, short, Parallelogram, Triangle, Parallelogram,350,250, 
PA57,19, M,250,30,1,8.19E+02, short, Circle, Pentagon, Circle,350,250, 
PA57,19, M,250,31,1,5.34E+02, short, Rhombus, Square, Square,250,250, 
PA57,19, M,250,32,0,3.27E+02, long, Pentagon, Circle, Circle,750,250, 
PA57,19, M,250,33,0,3.18E+02, long, Parallelogram, Pentagon, Parallelogram,750,250, 
PA57,19, M,250,34,1,6.80E+02, short, Circle, Pentagon, Pentagon,450,250, 
PA57,19, M,250,35,0,2.86E+03, short, Rhombus, Triangle, Rhombus,650,250, 
PA57,19, M,250,36,1,2.84E+02, long, Pentagon, Circle, Circle,650,250, 
PA57,19, M,250,37,0,4.65E+02, short, Parallelogram, Rhombus, Parallelogram,350,250, 
PA57,19, M,250,38,0,4.46E+02, short, Parallelogram, Circle, Circle,250,250, 
PA57,19, M,250,39,1,2.72E+02, long, Parallelogram, Pentagon, Pentagon,750,250, 
PA57,19, M,250,40,0,4.26E+02, long, Circle, Rhombus, Rhombus,850,250, 
PA57,19, M,250,41,1,1.02E+03, short, Pentagon, Parallelogram, Pentagon,650,250, 
PA57,19, M,250,42,1,5.58E+02, short, Circle, Square, Square,250,250, 
PA57,19, M,250,43,1,4.03E+02, short, Rhombus, Pentagon, Rhombus,250,250, 
PA57,19, M,250,44,1,4.10E+02, short, Circle, Parallelogram, Parallelogram,350,250, 
PA57,19, M,250,45,0,6.14E+02, short, Circle, Square, Circle,650,250, 
PA57,19, M,250,46,0,4.31E+02, short, Parallelogram, Circle, Circle,250,250, 
PA57,19, M,250,47,0,3.78E+02, short, Parallelogram, Triangle, Parallelogram,250,250, 
PA57,19, M,250,48,0,1.74E+03, long, Circle, Triangle, Triangle,650,250, 
PA57,19, M,250,49,1,3.26E+02, long, Square, Pentagon, Square,750,250, 
PA57,19, M,250,50,0,2.98E+02, long, Rhombus, Square, Square,750,250, 
PA57,19, M,250,51,0,4.10E+02, short, Parallelogram, Rhombus, Parallelogram,250,250, 
PA57,19, M,250,52,1,5.42E+02, short, Square, Circle, Circle,450,250, 
PA57,19, M,250,53,1,4.82E+02, short, Parallelogram, Pentagon, Parallelogram,350,250, 
PA57,19, M,250,54,1,7.38E+02, short, Triangle, Square, Triangle,550,250, 
PA57,19, M,250,55,1,2.50E+02, long, Triangle, Circle, Circle,850,250, 
PA57,19, M,250,56,0,4.96E+02, short, Triangle, Square, Triangle,550,250, 
PA57,19, M,250,57,1,3.06E+02, long, Pentagon, Triangle, Triangle,850,250, 
PA57,19, M,250,58,0,1.40E+03, long, Circle, Parallelogram, Circle,850,250, 
PA57,19, M,250,59,1,4.42E+02, short, Square, Circle, Square,350,250, 
PA57,19, M,250,60,0,3.29E+02, long, Parallelogram, Square, Square,750,250, 
PA57,19, M,250,61,1,5.83E+02, short, Parallelogram, Circle, Parallelogram,450,250, 
PA57,19, M,250,62,0,4.58E+02, short, Circle, Parallelogram, Parallelogram,250,250, 
PA57,19, M,250,63,1,2.87E+02, long, Rhombus, Parallelogram, Parallelogram,850,250, 
PA57,19, M,250,64,1,5.14E+02, short, Rhombus, Parallelogram, Rhombus,250,250, 
PA57,19, M,250,65,0,1.90E+03, short, Pentagon, Rhombus, Pentagon,550,250, 
PA57,19, M,250,66,0,2.69E+02, long, Parallelogram, Circle, Circle,650,250, 
PA57,19, M,250,67,0,5.23E+02, short, Square, Rhombus, Rhombus,450,250, 
PA57,19, M,250,68,0,6.52E+03, short, Circle, Pentagon, Circle,550,250, 
PA57,19, M,250,69,1,2.41E+02, long, Parallelogram, Triangle, Parallelogram,850,250, 
PA57,19, M,250,70,0,4.89E+02, short, Rhombus, Circle, Circle,550,250, 
PA57,19, M,250,71,0,2.73E+02, long, Pentagon, Rhombus, Pentagon,850,250, 
PA57,19, M,250,72,0,1.78E+03, long, Triangle, Pentagon, Pentagon,750,250, 
PA57,19, M,250,73,0,7.96E+02, short, Pentagon, Triangle, Triangle,450,250, 
PA57,19, M,250,74,0,1.14E+03, long, Parallelogram, Circle, Parallelogram,850,250, 
PA57,19, M,250,75,1,4.88E+02, short, Parallelogram, Square, Parallelogram,350,250, 
PA57,19, M,250,76,1,1.16E+03, short, Rhombus, Pentagon, Pentagon,650,250, 
PA57,19, M,250,77,0,2.71E+02, long, Rhombus, Triangle, Triangle,850,250, 
PA57,19, M,250,78,0,2.45E+02, long, Pentagon, Square, Pentagon,850,250, 
PA57,19, M,250,79,0,4.80E+02, short, Rhombus, Circle, Rhombus,250,250, 
PA57,19, M,250,80,1,6.36E+02, short, Triangle, Circle, Circle,650,250, 
PA57,19, M,250,81,0,2.07E+03, short, Rhombus, Pentagon, Rhombus,550,250, 
PA57,19, M,250,82,1,4.70E+02, short, Circle, Rhombus, Circle,250,250, 
PA57,19, M,250,83,0,6.04E+02, short, Rhombus, Pentagon, Rhombus,650,250, 
PA57,19, M,250,84,1,4.48E+02, short, Square, Rhombus, Rhombus,250,250, 
PA57,19, M,250,85,0,2.94E+02, long, Parallelogram, Square, Parallelogram,850,250, 
PA57,19, M,250,86,1,2.88E+02, short, Triangle, Rhombus, Triangle,450,250, 
PA57,19, M,250,87,1,3.78E+02, short, Pentagon, Parallelogram, Pentagon,350,250, 
PA57,19, M,250,88,0,2.22E+02, long, Circle, Pentagon, Circle,750,250, 
PA57,19, M,250,89,0,4.34E+02, short, Circle, Rhombus, Rhombus,350,250, 
PA57,19, M,250,90,1,2.57E+02, long, Square, Triangle, Triangle,750,250, 
PA57,19, M,250,91,1,6.02E+02, short, Rhombus, Circle, Rhombus,550,250, 
PA57,19, M,250,92,1,5.65E+02, short, Parallelogram, Pentagon, Pentagon,550,250, 
PA57,19, M,250,93,1,4.66E+02, short, Parallelogram, Pentagon, Parallelogram,250,250, 
PA57,19, M,250,94,0,1.43E+03, short, Square, Parallelogram, Square,550,250, 
PA57,19, M,250,95,1,2.69E+02, long, Parallelogram, Rhombus, Parallelogram,750,250, 
PA57,19, M,250,96,1,1.07E+03, long, Parallelogram, Square, Square,850,250, 
PA57,19, M,250,97,0,4.99E+02, short, Triangle, Square, Triangle,450,250, 
PA57,19, M,250,98,0,3.99E+02, short, Circle, Square, Square,450,250, 
PA57,19, M,250,99,1,4.93E+02, short, Pentagon, Rhombus, Pentagon,450,250, 
PA57,19, M,250,100,0,4.41E+02, short, Square, Circle, Square,350,250, 
PA57,19, M,250,101,0,5.45E+02, short, Pentagon, Parallelogram, Parallelogram,350,250, 
PA57,19, M,250,102,0,4.89E+02, short, Circle, Triangle, Circle,250,250, 
PA57,19, M,250,103,1,6.69E+02, short, Square, Circle, Circle,550,250, 
PA57,19, M,250,104,1,4.05E+02, short, Triangle, Parallelogram, Triangle,450,250, 
PA57,19, M,250,105,0,3.97E+02, short, Pentagon, Parallelogram, Parallelogram,350,250, 
PA57,19, M,250,106,0,4.63E+02, short, Triangle, Parallelogram, Triangle,550,250, 
PA57,19, M,250,107,1,4.13E+02, short, Triangle, Circle, Triangle,250,250, 
PA57,19, M,250,108,0,8.89E+02, long, Triangle, Pentagon, Triangle,550,250, 
PA57,19, M,250,109,1,3.67E+02, short, Triangle, Rhombus, Rhombus,450,250, 
PA57,19, M,250,110,0,3.00E+02, long, Rhombus, Parallelogram, Rhombus,650,250, 
PA57,19, M,250,111,1,5.18E+02, long, Triangle, Parallelogram, Parallelogram,650,250, 
PA57,19, M,250,112,1,3.20E+02, long, Rhombus, Square, Rhombus,750,250, 
PA57,19, M,250,113,0,2.91E+02, long, Triangle, Parallelogram, Parallelogram,850,250, 
PA57,19, M,250,114,1,5.03E+02, short, Pentagon, Square, Pentagon,550,250, 
PA57,19, M,250,115,0,9.44E+02, long, Rhombus, Circle, Rhombus,450,250, 
PA57,19, M,250,116,0,3.92E+02, short, Circle, Triangle, Circle,250,250, 
PA57,19, M,250,117,0,4.08E+02, short, Pentagon, Square, Square,350,250, 
PA57,19, M,250,118,0,6.88E+02, long, Circle, Rhombus, Circle,750,250, 
PA57,19, M,250,119,1,2.42E+02, long, Triangle, Parallelogram, Triangle,750,250, 
PA57,19, M,250,120,0,4.94E+02, long, Circle, Pentagon, Circle,550,250, 
PA57,19, M,250,121,0,5.24E+02, short, Rhombus, Square, Rhombus,350,250, 
PA57,19, M,250,122,0,5.24E+02, short, Circle, Pentagon, Circle,450,250, 
PA57,19, M,250,123,1,4.20E+02, short, Square, Circle, Square,450,250, 
PA57,19, M,250,124,0,2.44E+02, long, Square, Parallelogram, Parallelogram,650,250, 
PA57,19, M,250,125,0,2.54E+02, long, Square, Triangle, Square,850,250, 
PA57,19, M,250,126,0,2.38E+02, long, Rhombus, Triangle, Rhombus,750,250, 
PA57,19, M,250,127,0,2.69E+02, long, Circle, Rhombus, Rhombus,650,250, 
PA57,19, M,250,128,0,4.83E+02, short, Square, Pentagon, Square,450,250, 
PA57,19, M,250,129,0,4.51E+02, short, Triangle, Pentagon, Triangle,350,250, 
PA57,19, M,250,130,1,3.76E+02, short, Triangle, Rhombus, Triangle,350,250, 
PA57,19, M,250,131,1,2.53E+02, long, Square, Rhombus, Square,850,250, 
PA57,19, M,250,132,0,3.51E+02, short, Parallelogram, Square, Square,250,250, 
PA57,19, M,250,133,1,2.64E+02, long, Circle, Parallelogram, Circle,650,250, 
PA57,19, M,250,134,1,3.38E+02, short, Square, Parallelogram, Parallelogram,350,250, 
PA57,19, M,250,135,1,8.02E+02, short, Triangle, Pentagon, Triangle,550,250, 
PA57,19, M,250,136,0,2.06E+03, short, Square, Rhombus, Square,450,250, 
PA57,19, M,250,137,0,2.40E+02, long, Triangle, Square, Square,750,250, 
PA57,19, M,250,138,0,6.14E+02, short, Circle, Parallelogram, Circle,450,250, 
PA57,19, M,250,139,0,4.28E+02, short, Circle, Square, Circle,650,250, 
PA57,19, M,250,140,0,4.98E+02, short, Parallelogram, Rhombus, Rhombus,350,250, 
PA57,19, M,250,141,1,8.30E+02, long, Rhombus, Square, Rhombus,750,250, 
PA57,19, M,250,142,0,2.56E+03, short, Square, Rhombus, Square,650,250, 
PA57,19, M,250,143,1,4.55E+02, short, Pentagon, Circle, Circle,250,250, 
PA57,19, M,250,144,1,2.70E+03, long, Pentagon, Circle, Pentagon,550,250, 
PA57,19, M,250,145,1,3.05E+02, long, Parallelogram, Rhombus, Rhombus,750,250, 
PA57,19, M,250,146,0,5.68E+02, short, Square, Pentagon, Square,350,250, 
PA57,19, M,250,147,0,8.58E+02, short, Rhombus, Parallelogram, Rhombus,550,250, 
PA57,19, M,250,148,1,4.75E+02, short, Square, Triangle, Triangle,250,250, 
PA57,19, M,250,149,0,1.09E+03, short, Triangle, Rhombus, Triangle,350,250, 
PA57,19, M,250,150,1,7.95E+02, short, Rhombus, Parallelogram, Parallelogram,550,250, 
PA57,19, M,250,151,1,4.41E+02, short, Square, Circle, Square,250,250, 
PA57,19, M,250,152,0,4.37E+02, long, Rhombus, Triangle, Rhombus,850,250, 
PA57,19, M,250,153,0,4.89E+02, short, Triangle, Circle, Circle,250,250, 
PA57,19, M,250,154,1,5.05E+02, short, Triangle, Parallelogram, Triangle,450,250, 
PA57,19, M,250,155,1,4.29E+02, long, Pentagon, Square, Pentagon,850,250, 
PA57,19, M,250,156,1,2.69E+02, long, Parallelogram, Pentagon, Parallelogram,850,250, 
PA57,19, M,250,157,0,1.95E+03, long, Square, Pentagon, Pentagon,550,250, 
PA57,19, M,250,158,1,1.50E+03, long, Circle, Rhombus, Circle,550,250, 
PA57,19, M,250,159,1,1.59E+03, long, Triangle, Pentagon, Pentagon,750,250, 
PA57,19, M,250,160,1,7.40E+02, short, Circle, Triangle, Circle,450,250, 
PA57,19, M,250,161,1,5.12E+02, short, Pentagon, Circle, Circle,350,250, 
PA57,19, M,250,162,0,5.33E+02, short, Triangle, Parallelogram, Triangle,250,250, 
PA57,19, M,250,163,0,2.51E+02, long, Pentagon, Square, Square,850,250, 
PA57,19, M,250,164,0,4.55E+02, short, Parallelogram, Rhombus, Parallelogram,550,250, 
PA57,19, M,250,165,1,7.54E+02, short, Square, Rhombus, Square,550,250, 
PA57,19, M,250,166,1,2.66E+02, long, Parallelogram, Circle, Circle,850,250, 
PA57,19, M,250,167,1,4.54E+02, short, Square, Parallelogram, Square,350,250, 
PA57,19, M,250,168,1,2.64E+02, long, Rhombus, Circle, Rhombus,650,250, 
PA57,19, M,250,169,1,2.42E+02, long, Triangle, Rhombus, Triangle,850,250, 
PA57,19, M,250,170,1,3.62E+02, short, Rhombus, Triangle, Triangle,350,250, 
PA57,19, M,250,171,1,3.77E+02, short, Square, Parallelogram, Square,250,250, 
PA57,19, M,250,172,0,2.06E+02, long, Parallelogram, Triangle, Parallelogram,850,250, 
PA57,19, M,250,173,1,5.09E+02, short, Pentagon, Parallelogram, Pentagon,450,250, 
PA57,19, M,250,174,1,4.05E+02, short, Pentagon, Triangle, Pentagon,450,250, 
PA57,19, M,250,175,0,6.51E+02, short, Square, Parallelogram, Parallelogram,350,250, 
PA57,19, M,250,176,0,2.51E+02, long, Pentagon, Circle, Pentagon,750,250, 
PA57,19, M,250,177,1,3.45E+02, short, Pentagon, Rhombus, Pentagon,350,250, 
PA57,19, M,250,178,0,7.87E+02, short, Rhombus, Pentagon, Pentagon,250,250, 
PA57,19, M,250,179,1,5.55E+02, short, Pentagon, Triangle, Pentagon,250,250, 
PA57,19, M,250,180,0,4.85E+02, short, Triangle, Circle, Triangle,250,250, 
PA57,19, M,250,181,1,5.41E+02, short, Pentagon, Square, Pentagon,650,250, 
PA57,19, M,250,182,1,4.35E+02, short, Rhombus, Triangle, Triangle,250,250, 
PA57,19, M,250,183,0,2.19E+02, long, Parallelogram, Triangle, Parallelogram,750,250, 
PA57,19, M,250,184,0,2.29E+02, long, Square, Pentagon, Pentagon,850,250, 
PA57,19, M,250,185,0,2.80E+02, long, Pentagon, Square, Square,650,250, 
PA57,19, M,250,186,0,3.59E+02, long, Pentagon, Rhombus, Pentagon,550,250, 
PA57,19, M,250,187,1,2.54E+02, long, Pentagon, Triangle, Triangle,850,250, 
PA57,19, M,250,188,1,6.76E+02, short, Circle, Square, Circle,450,250, 
PA57,19, M,250,189,1,3.10E+02, long, Triangle, Circle, Triangle,850,250, 
PA57,19, M,250,190,1,2.86E+02, long, Pentagon, Circle, Pentagon,650,250, 
PA57,19, M,250,191,1,3.50E+02, long, Triangle, Square, Square,450,250, 
PA57,19, M,250,192,1,2.86E+02, long, Triangle, Square, Triangle,750,250, 
PA57,19, M,250,193,1,4.74E+02, short, Triangle, Rhombus, Rhombus,250,250, 
PA57,19, M,250,194,0,3.80E+02, long, Rhombus, Triangle, Rhombus,450,250, 
PA57,19, M,250,195,1,2.92E+02, long, Rhombus, Parallelogram, Parallelogram,650,250, 
PA57,19, M,250,196,1,1.09E+03, short, Triangle, Pentagon, Triangle,350,250, 
PA57,19, M,250,197,1,4.52E+02, long, Square, Pentagon, Square,550,250, 
PA57,19, M,250,198,0,2.40E+02, long, Parallelogram, Circle, Parallelogram,750,250, 
PA57,19, M,250,199,1,7.95E+02, long, Rhombus, Parallelogram, Parallelogram,750,250, 
PA57,19, M,250,200,0,1.05E+03, long, Square, Triangle, Square,450,250, 
PA57,19, M,250,201,0,4.06E+02, long, Parallelogram, Triangle, Parallelogram,650,250, 
PA57,19, M,250,202,0,5.13E+02, short, Pentagon, Triangle, Triangle,350,250, 
PA57,19, M,250,203,1,2.71E+02, long, Triangle, Square, Triangle,650,250, 
PA57,19, M,250,204,0,2.39E+02, long, Parallelogram, Square, Square,750,250, 
PA57,19, M,250,205,0,5.41E+02, long, Pentagon, Rhombus, Pentagon,450,250, 
PA57,19, M,250,206,0,2.30E+02, long, Square, Triangle, Square,750,250, 
PA57,19, M,250,207,0,8.07E+02, long, Square, Circle, Circle,650,250, 
PA57,19, M,250,208,1,2.41E+02, long, Parallelogram, Rhombus, Parallelogram,750,250, 
PA57,19, M,250,209,1,5.09E+02, short, Circle, Triangle, Triangle,450,250, 
PA57,19, M,250,210,1,2.57E+02, long, Parallelogram, Pentagon, Parallelogram,850,250, 
