﻿Subject ID, Subject Age, Gender, Group, TrialNumber, Intended or Unintended Outcome, Reaction Time on Outcome Response, Response - Short or Long, Left Image Code, Right Image Code, Chosen Image Code, Objective Duration of Stimulus, Stimulus Delay,
PA54,19, M,1000,1,0,1.07E+03, short, Circle, Rhombus, Circle,350,1000, 
PA54,19, M,1000,2,0,6.74E+02, short, Square, Triangle, Triangle,350,1000, 
PA54,19, M,1000,3,1,3.07E+02, long, Parallelogram, Square, Parallelogram,650,1000, 
PA54,19, M,1000,4,1,3.51E+02, long, Rhombus, Square, Rhombus,850,1000, 
PA54,19, M,1000,5,1,1.03E+04, short, Parallelogram, Rhombus, Rhombus,550,1000, 
PA54,19, M,1000,6,0,1.59E+04, short, Circle, Pentagon, Circle,850,1000, 
PA54,19, M,1000,7,1,2.60E+03, short, Pentagon, Rhombus, Pentagon,750,1000, 
PA54,19, M,1000,8,0,2.10E+03, short, Circle, Rhombus, Circle,250,1000, 
PA54,19, M,1000,9,0,4.20E+03, long, Triangle, Square, Triangle,450,1000, 
PA54,19, M,1000,10,0,7.17E+02, long, Rhombus, Parallelogram, Rhombus,550,1000, 
PA54,19, M,1000,11,1,3.46E+02, long, Triangle, Parallelogram, Parallelogram,650,1000, 
PA54,19, M,1000,12,0,5.16E+02, short, Parallelogram, Square, Parallelogram,250,1000, 
PA54,19, M,1000,13,1,9.04E+02, long, Parallelogram, Pentagon, Pentagon,750,1000, 
PA54,19, M,1000,14,0,5.51E+02, short, Triangle, Parallelogram, Parallelogram,450,1000, 
PA54,19, M,1000,15,0,1.35E+03, long, Pentagon, Triangle, Pentagon,750,1000, 
PA54,19, M,1000,16,0,4.35E+02, long, Pentagon, Circle, Pentagon,550,1000, 
PA54,19, M,1000,17,0,1.21E+03, short, Pentagon, Square, Square,450,1000, 
PA54,19, M,1000,18,1,4.87E+02, short, Pentagon, Square, Pentagon,250,1000, 
PA54,19, M,1000,19,1,4.37E+02, short, Triangle, Circle, Circle,250,1000, 
PA54,19, M,1000,20,0,3.91E+02, short, Pentagon, Circle, Pentagon,350,1000, 
PA54,19, M,1000,21,1,2.31E+02, long, Triangle, Square, Triangle,850,1000, 
PA54,19, M,1000,22,1,1.87E+03, long, Square, Rhombus, Rhombus,550,1000, 
PA54,19, M,1000,23,1,6.54E+02, long, Triangle, Square, Triangle,750,1000, 
PA54,19, M,1000,24,1,3.03E+02, long, Triangle, Circle, Circle,650,1000, 
PA54,19, M,1000,25,0,1.52E+03, long, Pentagon, Triangle, Triangle,850,1000, 
PA54,19, M,1000,26,0,3.60E+02, long, Rhombus, Circle, Rhombus,750,1000, 
PA54,19, M,1000,27,0,4.34E+02, long, Pentagon, Square, Square,750,1000, 
PA54,19, M,1000,28,0,4.64E+02, long, Circle, Rhombus, Rhombus,850,1000, 
PA54,19, M,1000,29,0,4.34E+02, long, Rhombus, Parallelogram, Rhombus,750,1000, 
PA54,19, M,1000,30,1,7.64E+02, short, Rhombus, Circle, Circle,350,1000, 
PA54,19, M,1000,31,0,9.88E+02, long, Triangle, Square, Triangle,550,1000, 
PA54,19, M,1000,32,1,1.05E+03, long, Rhombus, Triangle, Triangle,450,1000, 
PA54,19, M,1000,33,0,5.84E+02, short, Square, Pentagon, Square,250,1000, 
PA54,19, M,1000,34,0,4.36E+02, short, Pentagon, Circle, Pentagon,350,1000, 
PA54,19, M,1000,35,0,4.16E+02, long, Parallelogram, Circle, Circle,750,1000, 
PA54,19, M,1000,36,1,8.55E+02, short, Parallelogram, Circle, Parallelogram,350,1000, 
PA54,19, M,1000,37,1,5.83E+02, short, Circle, Triangle, Triangle,550,1000, 
PA54,19, M,1000,38,0,5.49E+02, short, Circle, Parallelogram, Circle,250,1000, 
PA54,19, M,1000,39,0,7.51E+02, short, Rhombus, Square, Square,550,1000, 
PA54,19, M,1000,40,0,5.79E+02, short, Square, Circle, Square,450,1000, 
PA54,19, M,1000,41,0,7.43E+02, short, Pentagon, Parallelogram, Parallelogram,250,1000, 
PA54,19, M,1000,42,0,2.22E+03, long, Square, Triangle, Square,650,1000, 
PA54,19, M,1000,43,1,9.36E+02, long, Rhombus, Pentagon, Rhombus,750,1000, 
PA54,19, M,1000,44,1,4.91E+02, long, Rhombus, Pentagon, Rhombus,650,1000, 
PA54,19, M,1000,45,1,5.88E+02, long, Pentagon, Circle, Circle,850,1000, 
PA54,19, M,1000,46,1,3.59E+02, long, Square, Pentagon, Square,450,1000, 
PA54,19, M,1000,47,1,4.08E+02, long, Circle, Square, Square,650,1000, 
PA54,19, M,1000,48,0,4.80E+02, long, Pentagon, Triangle, Pentagon,750,1000, 
PA54,19, M,1000,49,1,7.81E+02, short, Square, Pentagon, Pentagon,350,1000, 
PA54,19, M,1000,50,0,6.77E+02, long, Parallelogram, Pentagon, Parallelogram,650,1000, 
PA54,19, M,1000,51,1,6.27E+02, long, Parallelogram, Square, Square,750,1000, 
PA54,19, M,1000,52,1,3.89E+02, short, Rhombus, Pentagon, Rhombus,250,1000, 
PA54,19, M,1000,53,0,4.51E+02, long, Square, Circle, Circle,750,1000, 
PA54,19, M,1000,54,1,9.25E+02, long, Square, Triangle, Square,750,1000, 
PA54,19, M,1000,55,0,7.59E+02, long, Rhombus, Parallelogram, Rhombus,850,1000, 
PA54,19, M,1000,56,0,8.66E+02, long, Rhombus, Triangle, Triangle,650,1000, 
PA54,19, M,1000,57,0,6.12E+02, short, Triangle, Square, Triangle,350,1000, 
PA54,19, M,1000,58,0,5.63E+02, short, Circle, Parallelogram, Parallelogram,550,1000, 
PA54,19, M,1000,59,1,6.39E+02, short, Square, Parallelogram, Square,350,1000, 
PA54,19, M,1000,60,0,6.95E+02, long, Triangle, Circle, Triangle,850,1000, 
PA54,19, M,1000,61,1,1.11E+03, long, Pentagon, Square, Square,650,1000, 
PA54,19, M,1000,62,0,1.19E+03, long, Square, Triangle, Square,650,1000, 
PA54,19, M,1000,63,1,9.98E+02, long, Parallelogram, Circle, Parallelogram,850,1000, 
PA54,19, M,1000,64,0,1.14E+03, long, Circle, Pentagon, Circle,850,1000, 
PA54,19, M,1000,65,1,1.60E+03, short, Circle, Triangle, Triangle,650,1000, 
PA54,19, M,1000,66,0,1.79E+03, short, Parallelogram, Pentagon, Parallelogram,250,1000, 
PA54,19, M,1000,67,1,6.44E+02, short, Triangle, Pentagon, Triangle,350,1000, 
PA54,19, M,1000,68,0,4.90E+02, short, Triangle, Parallelogram, Parallelogram,550,1000, 
PA54,19, M,1000,69,0,1.46E+03, long, Square, Pentagon, Square,850,1000, 
PA54,19, M,1000,70,0,8.96E+02, short, Triangle, Rhombus, Rhombus,350,1000, 
PA54,19, M,1000,71,1,6.18E+02, short, Triangle, Rhombus, Triangle,450,1000, 
PA54,19, M,1000,72,1,5.63E+02, short, Parallelogram, Square, Parallelogram,250,1000, 
PA54,19, M,1000,73,1,5.41E+02, short, Square, Circle, Square,550,1000, 
PA54,19, M,1000,74,1,8.97E+02, short, Rhombus, Parallelogram, Rhombus,450,1000, 
PA54,19, M,1000,75,1,1.41E+03, short, Rhombus, Pentagon, Pentagon,550,1000, 
PA54,19, M,1000,76,1,5.25E+02, long, Circle, Pentagon, Pentagon,850,1000, 
PA54,19, M,1000,77,0,9.00E+02, short, Square, Pentagon, Pentagon,250,1000, 
PA54,19, M,1000,78,1,7.07E+02, short, Triangle, Square, Triangle,250,1000, 
PA54,19, M,1000,79,1,5.33E+02, short, Rhombus, Square, Rhombus,350,1000, 
PA54,19, M,1000,80,0,6.92E+02, long, Triangle, Rhombus, Triangle,650,1000, 
PA54,19, M,1000,81,1,4.77E+02, long, Triangle, Parallelogram, Parallelogram,750,1000, 
PA54,19, M,1000,82,0,1.99E+03, long, Circle, Pentagon, Circle,450,1000, 
PA54,19, M,1000,83,1,5.94E+02, short, Square, Rhombus, Rhombus,350,1000, 
PA54,19, M,1000,84,0,8.86E+02, long, Rhombus, Triangle, Rhombus,650,1000, 
PA54,19, M,1000,85,1,2.23E+02, long, Circle, Pentagon, Circle,850,1000, 
PA54,19, M,1000,86,1,4.15E+02, long, Pentagon, Rhombus, Rhombus,850,1000, 
PA54,19, M,1000,87,0,5.13E+02, short, Square, Parallelogram, Square,250,1000, 
PA54,19, M,1000,88,0,4.73E+02, short, Circle, Rhombus, Rhombus,250,1000, 
PA54,19, M,1000,89,1,2.48E+02, long, Triangle, Pentagon, Triangle,850,1000, 
PA54,19, M,1000,90,0,3.59E+02, long, Rhombus, Square, Square,650,1000, 
PA54,19, M,1000,91,1,2.76E+02, long, Pentagon, Square, Pentagon,750,1000, 
PA54,19, M,1000,92,1,2.22E+03, short, Pentagon, Triangle, Triangle,350,1000, 
PA54,19, M,1000,93,1,2.73E+03, long, Parallelogram, Pentagon, Parallelogram,450,1000, 
PA54,19, M,1000,94,0,6.75E+02, long, Square, Triangle, Triangle,850,1000, 
PA54,19, M,1000,95,1,7.04E+02, short, Triangle, Pentagon, Triangle,250,1000, 
PA54,19, M,1000,96,0,4.54E+02, short, Square, Rhombus, Square,250,1000, 
PA54,19, M,1000,97,1,2.66E+02, long, Parallelogram, Triangle, Parallelogram,850,1000, 
PA54,19, M,1000,98,1,2.86E+03, long, Circle, Rhombus, Circle,650,1000, 
PA54,19, M,1000,99,0,2.87E+03, long, Parallelogram, Circle, Circle,550,1000, 
PA54,19, M,1000,100,1,1.04E+03, short, Circle, Square, Square,250,1000, 
PA54,19, M,1000,101,1,1.06E+03, long, Circle, Triangle, Circle,650,1000, 
PA54,19, M,1000,102,0,2.36E+03, long, Pentagon, Parallelogram, Parallelogram,450,1000, 
PA54,19, M,1000,103,0,4.32E+02, long, Circle, Pentagon, Pentagon,850,1000, 
PA54,19, M,1000,104,0,9.55E+02, short, Rhombus, Triangle, Triangle,350,1000, 
PA54,19, M,1000,105,1,1.43E+03, short, Triangle, Rhombus, Triangle,650,1000, 
PA54,19, M,1000,106,0,2.51E+03, short, Square, Rhombus, Square,450,1000, 
PA54,19, M,1000,107,1,6.47E+02, long, Parallelogram, Rhombus, Parallelogram,850,1000, 
PA54,19, M,1000,108,1,6.85E+02, short, Triangle, Parallelogram, Parallelogram,450,1000, 
PA54,19, M,1000,109,1,6.27E+02, short, Circle, Rhombus, Circle,550,1000, 
PA54,19, M,1000,110,0,3.42E+03, long, Parallelogram, Triangle, Parallelogram,650,1000, 
PA54,19, M,1000,111,0,5.48E+02, long, Pentagon, Parallelogram, Parallelogram,650,1000, 
PA54,19, M,1000,112,1,5.75E+02, short, Circle, Square, Square,250,1000, 
PA54,19, M,1000,113,1,1.23E+03, long, Parallelogram, Rhombus, Parallelogram,850,1000, 
PA54,19, M,1000,114,0,1.18E+03, short, Rhombus, Triangle, Triangle,450,1000, 
PA54,19, M,1000,115,0,4.41E+02, long, Circle, Square, Circle,750,1000, 
PA54,19, M,1000,116,1,5.85E+02, short, Square, Pentagon, Pentagon,250,1000, 
PA54,19, M,1000,117,1,5.05E+02, long, Parallelogram, Rhombus, Parallelogram,850,1000, 
PA54,19, M,1000,118,1,5.45E+02, long, Circle, Rhombus, Rhombus,850,1000, 
PA54,19, M,1000,119,1,6.94E+02, short, Circle, Parallelogram, Parallelogram,750,1000, 
PA54,19, M,1000,120,1,5.76E+02, short, Square, Rhombus, Square,550,1000, 
PA54,19, M,1000,121,1,5.33E+02, short, Square, Rhombus, Square,350,1000, 
PA54,19, M,1000,122,1,4.92E+02, short, Parallelogram, Circle, Parallelogram,250,1000, 
PA54,19, M,1000,123,0,5.96E+02, short, Rhombus, Square, Rhombus,350,1000, 
PA54,19, M,1000,124,0,1.39E+03, short, Square, Rhombus, Rhombus,550,1000, 
PA54,19, M,1000,125,1,4.16E+02, long, Parallelogram, Circle, Circle,850,1000, 
PA54,19, M,1000,126,1,5.64E+02, short, Square, Triangle, Triangle,450,1000, 
PA54,19, M,1000,127,0,7.13E+02, long, Pentagon, Rhombus, Rhombus,450,1000, 
PA54,19, M,1000,128,1,1.01E+03, long, Rhombus, Circle, Rhombus,550,1000, 
PA54,19, M,1000,129,1,4.89E+02, long, Triangle, Circle, Circle,450,1000, 
PA54,19, M,1000,130,0,1.56E+03, long, Rhombus, Circle, Circle,350,1000, 
PA54,19, M,1000,131,0,5.35E+02, long, Triangle, Circle, Circle,450,1000, 
PA54,19, M,1000,132,1,4.47E+02, long, Circle, Square, Square,750,1000, 
PA54,19, M,1000,133,1,4.71E+02, long, Parallelogram, Triangle, Triangle,550,1000, 
PA54,19, M,1000,134,0,4.47E+02, long, Rhombus, Parallelogram, Parallelogram,850,1000, 
PA54,19, M,1000,135,1,7.17E+02, long, Pentagon, Circle, Pentagon,550,1000, 
PA54,19, M,1000,136,1,3.75E+02, long, Parallelogram, Triangle, Triangle,650,1000, 
PA54,19, M,1000,137,0,5.87E+02, short, Square, Parallelogram, Parallelogram,750,1000, 
PA54,19, M,1000,138,0,9.46E+02, long, Triangle, Rhombus, Triangle,750,1000, 
PA54,19, M,1000,139,0,9.14E+02, short, Pentagon, Rhombus, Rhombus,550,1000, 
PA54,19, M,1000,140,0,8.10E+02, short, Circle, Pentagon, Circle,450,1000, 
PA54,19, M,1000,141,1,2.58E+03, short, Rhombus, Triangle, Rhombus,650,1000, 
PA54,19, M,1000,142,0,4.53E+03, long, Triangle, Circle, Triangle,650,1000, 
PA54,19, M,1000,143,0,8.20E+02, short, Circle, Triangle, Triangle,250,1000, 
PA54,19, M,1000,144,1,1.08E+03, short, Parallelogram, Triangle, Parallelogram,450,1000, 
PA54,19, M,1000,145,0,9.03E+02, short, Parallelogram, Square, Parallelogram,450,1000, 
PA54,19, M,1000,146,1,4.32E+02, short, Circle, Parallelogram, Circle,450,1000, 
PA54,19, M,1000,147,0,3.94E+02, long, Pentagon, Rhombus, Pentagon,750,1000, 
PA54,19, M,1000,148,0,4.76E+02, short, Square, Parallelogram, Parallelogram,350,1000, 
PA54,19, M,1000,149,0,5.68E+02, short, Parallelogram, Circle, Parallelogram,250,1000, 
PA54,19, M,1000,150,1,6.27E+02, short, Triangle, Rhombus, Triangle,250,1000, 
PA54,19, M,1000,151,1,3.41E+02, long, Square, Triangle, Square,650,1000, 
PA54,19, M,1000,152,0,4.53E+02, long, Square, Circle, Circle,750,1000, 
PA54,19, M,1000,153,0,7.39E+02, short, Triangle, Parallelogram, Parallelogram,350,1000, 
PA54,19, M,1000,154,1,2.93E+02, long, Circle, Square, Circle,750,1000, 
PA54,19, M,1000,155,1,5.63E+02, short, Pentagon, Triangle, Triangle,250,1000, 
PA54,19, M,1000,156,0,1.51E+03, long, Circle, Triangle, Circle,550,1000, 
PA54,19, M,1000,157,1,5.50E+02, short, Parallelogram, Rhombus, Rhombus,350,1000, 
PA54,19, M,1000,158,0,7.85E+02, long, Pentagon, Circle, Pentagon,550,1000, 
PA54,19, M,1000,159,1,3.95E+02, long, Triangle, Rhombus, Rhombus,750,1000, 
PA54,19, M,1000,160,0,7.43E+02, long, Triangle, Circle, Circle,650,1000, 
PA54,19, M,1000,161,0,5.63E+02, short, Pentagon, Triangle, Triangle,250,1000, 
PA54,19, M,1000,162,0,4.05E+02, long, Circle, Parallelogram, Circle,550,1000, 
PA54,19, M,1000,163,0,7.81E+02, long, Parallelogram, Triangle, Triangle,650,1000, 
PA54,19, M,1000,164,1,6.35E+02, short, Pentagon, Circle, Circle,350,1000, 
PA54,19, M,1000,165,1,5.61E+02, long, Pentagon, Parallelogram, Pentagon,850,1000, 
PA54,19, M,1000,166,0,8.24E+02, short, Parallelogram, Rhombus, Rhombus,450,1000, 
PA54,19, M,1000,167,0,5.49E+02, short, Pentagon, Square, Pentagon,650,1000, 
PA54,19, M,1000,168,0,2.69E+02, long, Square, Parallelogram, Square,750,1000, 
PA54,19, M,1000,169,0,5.95E+02, short, Rhombus, Square, Rhombus,350,1000, 
PA54,19, M,1000,170,0,2.30E+02, long, Pentagon, Parallelogram, Pentagon,650,1000, 
PA54,19, M,1000,171,1,4.50E+02, short, Circle, Parallelogram, Parallelogram,350,1000, 
PA54,19, M,1000,172,0,1.55E+03, long, Parallelogram, Pentagon, Parallelogram,650,1000, 
PA54,19, M,1000,173,1,2.52E+02, long, Triangle, Parallelogram, Parallelogram,750,1000, 
PA54,19, M,1000,174,1,4.32E+02, short, Circle, Triangle, Triangle,250,1000, 
PA54,19, M,1000,175,1,7.62E+02, short, Rhombus, Square, Rhombus,450,1000, 
PA54,19, M,1000,176,0,6.08E+02, long, Rhombus, Circle, Rhombus,450,1000, 
PA54,19, M,1000,177,0,5.88E+02, short, Circle, Triangle, Triangle,250,1000, 
PA54,19, M,1000,178,0,5.70E+02, short, Square, Circle, Square,350,1000, 
PA54,19, M,1000,179,1,2.51E+02, long, Parallelogram, Square, Parallelogram,750,1000, 
PA54,19, M,1000,180,1,5.88E+02, short, Parallelogram, Square, Square,350,1000, 
PA54,19, M,1000,181,1,3.51E+02, long, Square, Parallelogram, Square,550,1000, 
PA54,19, M,1000,182,1,3.69E+02, long, Rhombus, Pentagon, Pentagon,650,1000, 
PA54,19, M,1000,183,0,2.87E+02, long, Pentagon, Parallelogram, Parallelogram,850,1000, 
PA54,19, M,1000,184,1,7.05E+02, long, Square, Circle, Circle,550,1000, 
PA54,19, M,1000,185,0,4.17E+02, long, Pentagon, Parallelogram, Parallelogram,750,1000, 
PA54,19, M,1000,186,1,7.31E+02, short, Rhombus, Parallelogram, Parallelogram,350,1000, 
PA54,19, M,1000,187,0,3.71E+02, long, Triangle, Pentagon, Triangle,750,1000, 
PA54,19, M,1000,188,0,4.87E+02, long, Pentagon, Triangle, Triangle,550,1000, 
PA54,19, M,1000,189,0,3.27E+02, long, Rhombus, Pentagon, Pentagon,850,1000, 
PA54,19, M,1000,190,0,1.95E+02, long, Parallelogram, Triangle, Triangle,850,1000, 
PA54,19, M,1000,191,0,7.47E+02, short, Triangle, Pentagon, Pentagon,350,1000, 
PA54,19, M,1000,192,1,2.65E+03, long, Rhombus, Circle, Rhombus,450,1000, 
PA54,19, M,1000,193,0,6.21E+02, short, Parallelogram, Pentagon, Pentagon,350,1000, 
PA54,19, M,1000,194,0,1.55E+03, short, Triangle, Pentagon, Triangle,550,1000, 
PA54,19, M,1000,195,0,6.67E+02, short, Pentagon, Rhombus, Pentagon,550,1000, 
PA54,19, M,1000,196,1,7.84E+02, short, Triangle, Square, Triangle,250,1000, 
PA54,19, M,1000,197,0,4.96E+02, short, Rhombus, Circle, Rhombus,450,1000, 
PA54,19, M,1000,198,0,5.20E+02, short, Pentagon, Square, Pentagon,250,1000, 
PA54,19, M,1000,199,1,2.34E+03, short, Parallelogram, Rhombus, Parallelogram,550,1000, 
PA54,19, M,1000,200,1,3.29E+02, long, Parallelogram, Pentagon, Pentagon,650,1000, 
PA54,19, M,1000,201,1,7.34E+02, short, Triangle, Pentagon, Pentagon,250,1000, 
PA54,19, M,1000,202,1,3.38E+02, long, Circle, Square, Circle,450,1000, 
PA54,19, M,1000,203,0,3.82E+02, long, Rhombus, Triangle, Triangle,850,1000, 
PA54,19, M,1000,204,1,6.20E+02, short, Square, Pentagon, Pentagon,450,1000, 
PA54,19, M,1000,205,0,5.76E+02, long, Square, Circle, Square,850,1000, 
PA54,19, M,1000,206,1,4.36E+02, long, Rhombus, Pentagon, Pentagon,750,1000, 
PA54,19, M,1000,207,1,6.41E+02, short, Rhombus, Parallelogram, Parallelogram,450,1000, 
PA54,19, M,1000,208,1,3.34E+03, short, Pentagon, Rhombus, Pentagon,350,1000, 
PA54,19, M,1000,209,1,6.99E+02, short, Circle, Parallelogram, Circle,550,1000, 
PA54,19, M,1000,210,1,7.88E+02, long, Square, Parallelogram, Square,550,1000, 
