﻿Subject ID, Subject Age, Gender, Group, TrialNumber, Intended or Unintended Outcome, Reaction Time on Outcome Response, Response - Short or Long, Left Image Code, Right Image Code, Chosen Image Code, Objective Duration of Stimulus, Stimulus Delay,
PA39,24, M,250,1,1,3.56E+03, long, Circle, Rhombus, Circle,550,250, 
PA39,24, M,250,2,0,2.49E+03, long, Triangle, Circle, Triangle,350,250, 
PA39,24, M,250,3,1,3.26E+03, long, Rhombus, Triangle, Triangle,750,250, 
PA39,24, M,250,4,0,1.26E+03, short, Pentagon, Square, Square,350,250, 
PA39,24, M,250,5,0,7.50E+02, short, Rhombus, Parallelogram, Parallelogram,250,250, 
PA39,24, M,250,6,0,7.80E+02, short, Parallelogram, Pentagon, Parallelogram,350,250, 
PA39,24, M,250,7,1,3.10E+03, long, Circle, Pentagon, Circle,450,250, 
PA39,24, M,250,8,1,9.65E+02, long, Square, Triangle, Square,650,250, 
PA39,24, M,250,9,0,7.54E+02, long, Triangle, Pentagon, Triangle,550,250, 
PA39,24, M,250,10,0,1.71E+03, long, Square, Triangle, Triangle,450,250, 
PA39,24, M,250,11,1,6.29E+02, long, Square, Parallelogram, Parallelogram,650,250, 
PA39,24, M,250,12,1,7.23E+02, short, Triangle, Square, Triangle,250,250, 
PA39,24, M,250,13,1,7.57E+02, long, Square, Rhombus, Rhombus,450,250, 
PA39,24, M,250,14,0,1.47E+03, short, Pentagon, Circle, Pentagon,350,250, 
PA39,24, M,250,15,0,7.01E+02, short, Parallelogram, Circle, Parallelogram,250,250, 
PA39,24, M,250,16,0,4.97E+02, long, Triangle, Parallelogram, Triangle,550,250, 
PA39,24, M,250,17,0,1.48E+03, long, Square, Triangle, Square,550,250, 
PA39,24, M,250,18,1,4.58E+02, long, Square, Parallelogram, Square,450,250, 
PA39,24, M,250,19,1,1.15E+03, long, Triangle, Rhombus, Rhombus,350,250, 
PA39,24, M,250,20,1,1.64E+03, long, Rhombus, Pentagon, Rhombus,650,250, 
PA39,24, M,250,21,0,8.76E+02, short, Pentagon, Square, Pentagon,250,250, 
PA39,24, M,250,22,1,4.54E+02, long, Circle, Pentagon, Circle,850,250, 
PA39,24, M,250,23,0,6.00E+02, long, Rhombus, Parallelogram, Rhombus,850,250, 
PA39,24, M,250,24,0,2.24E+03, short, Rhombus, Parallelogram, Rhombus,450,250, 
PA39,24, M,250,25,0,2.92E+03, long, Circle, Square, Circle,650,250, 
PA39,24, M,250,26,0,5.56E+02, long, Rhombus, Pentagon, Rhombus,850,250, 
PA39,24, M,250,27,0,5.95E+02, long, Rhombus, Triangle, Rhombus,850,250, 
PA39,24, M,250,28,0,9.73E+02, long, Pentagon, Square, Pentagon,850,250, 
PA39,24, M,250,29,0,1.30E+03, short, Triangle, Parallelogram, Triangle,550,250, 
PA39,24, M,250,30,1,1.75E+03, short, Square, Pentagon, Square,350,250, 
PA39,24, M,250,31,1,1.04E+03, short, Triangle, Pentagon, Triangle,250,250, 
PA39,24, M,250,32,0,5.25E+02, long, Pentagon, Circle, Pentagon,850,250, 
PA39,24, M,250,33,1,9.80E+02, short, Rhombus, Square, Square,250,250, 
PA39,24, M,250,34,1,4.37E+02, long, Rhombus, Circle, Circle,750,250, 
PA39,24, M,250,35,0,6.36E+02, short, Parallelogram, Pentagon, Parallelogram,250,250, 
PA39,24, M,250,36,1,3.40E+02, long, Pentagon, Circle, Pentagon,850,250, 
PA39,24, M,250,37,0,7.67E+02, long, Square, Parallelogram, Square,650,250, 
PA39,24, M,250,38,1,5.34E+02, short, Square, Rhombus, Square,250,250, 
PA39,24, M,250,39,0,1.60E+03, short, Pentagon, Rhombus, Pentagon,450,250, 
PA39,24, M,250,40,0,6.66E+02, short, Pentagon, Circle, Circle,250,250, 
PA39,24, M,250,41,1,1.16E+03, short, Pentagon, Triangle, Triangle,450,250, 
PA39,24, M,250,42,0,1.20E+03, short, Circle, Triangle, Triangle,650,250, 
PA39,24, M,250,43,0,6.62E+02, long, Rhombus, Pentagon, Rhombus,850,250, 
PA39,24, M,250,44,1,6.77E+02, short, Pentagon, Rhombus, Rhombus,250,250, 
PA39,24, M,250,45,1,4.75E+02, long, Triangle, Circle, Triangle,850,250, 
PA39,24, M,250,46,0,4.53E+02, short, Rhombus, Parallelogram, Parallelogram,250,250, 
PA39,24, M,250,47,1,4.01E+02, long, Pentagon, Rhombus, Pentagon,750,250, 
PA39,24, M,250,48,0,7.77E+02, long, Square, Parallelogram, Square,550,250, 
PA39,24, M,250,49,1,4.69E+02, long, Triangle, Rhombus, Rhombus,850,250, 
PA39,24, M,250,50,1,8.08E+02, short, Parallelogram, Pentagon, Parallelogram,550,250, 
PA39,24, M,250,51,1,5.82E+02, long, Circle, Parallelogram, Circle,750,250, 
PA39,24, M,250,52,1,7.11E+02, short, Square, Rhombus, Square,350,250, 
PA39,24, M,250,53,1,7.88E+02, long, Circle, Square, Circle,650,250, 
PA39,24, M,250,54,1,3.28E+03, long, Triangle, Rhombus, Triangle,650,250, 
PA39,24, M,250,55,1,1.60E+03, long, Circle, Rhombus, Circle,850,250, 
PA39,24, M,250,56,0,3.10E+03, short, Rhombus, Triangle, Triangle,450,250, 
PA39,24, M,250,57,1,2.80E+03, short, Square, Rhombus, Rhombus,550,250, 
PA39,24, M,250,58,1,6.18E+02, long, Triangle, Circle, Circle,650,250, 
PA39,24, M,250,59,0,1.60E+03, short, Circle, Triangle, Triangle,550,250, 
PA39,24, M,250,60,0,8.68E+02, short, Pentagon, Square, Pentagon,450,250, 
PA39,24, M,250,61,0,1.07E+03, short, Pentagon, Triangle, Pentagon,450,250, 
PA39,24, M,250,62,1,9.11E+02, short, Rhombus, Square, Rhombus,250,250, 
PA39,24, M,250,63,0,7.81E+02, short, Parallelogram, Circle, Parallelogram,650,250, 
PA39,24, M,250,64,1,6.03E+02, short, Square, Rhombus, Square,650,250, 
PA39,24, M,250,65,0,1.08E+03, short, Circle, Parallelogram, Circle,650,250, 
PA39,24, M,250,66,0,7.49E+02, short, Circle, Parallelogram, Circle,450,250, 
PA39,24, M,250,67,0,8.21E+02, short, Circle, Triangle, Circle,250,250, 
PA39,24, M,250,68,1,6.61E+02, long, Pentagon, Triangle, Pentagon,650,250, 
PA39,24, M,250,69,0,1.89E+03, long, Parallelogram, Pentagon, Pentagon,650,250, 
PA39,24, M,250,70,0,6.77E+03, long, Square, Circle, Circle,750,250, 
PA39,24, M,250,71,0,7.07E+02, short, Circle, Parallelogram, Circle,350,250, 
PA39,24, M,250,72,0,1.02E+03, short, Rhombus, Circle, Rhombus,550,250, 
PA39,24, M,250,73,0,7.88E+02, short, Circle, Rhombus, Circle,450,250, 
PA39,24, M,250,74,0,5.64E+02, long, Rhombus, Pentagon, Rhombus,750,250, 
PA39,24, M,250,75,1,8.92E+02, short, Circle, Square, Circle,450,250, 
PA39,24, M,250,76,1,9.38E+02, short, Pentagon, Parallelogram, Pentagon,550,250, 
PA39,24, M,250,77,1,5.04E+02, long, Parallelogram, Triangle, Parallelogram,750,250, 
PA39,24, M,250,78,1,1.10E+03, short, Circle, Triangle, Triangle,350,250, 
PA39,24, M,250,79,1,4.68E+02, long, Parallelogram, Circle, Parallelogram,850,250, 
PA39,24, M,250,80,0,2.01E+03, short, Triangle, Pentagon, Triangle,450,250, 
PA39,24, M,250,81,1,1.15E+03, long, Triangle, Parallelogram, Triangle,550,250, 
PA39,24, M,250,82,1,8.49E+02, short, Triangle, Pentagon, Triangle,350,250, 
PA39,24, M,250,83,1,1.80E+03, long, Triangle, Circle, Circle,650,250, 
PA39,24, M,250,84,1,6.39E+02, short, Pentagon, Triangle, Pentagon,450,250, 
PA39,24, M,250,85,0,5.85E+02, long, Triangle, Square, Triangle,650,250, 
PA39,24, M,250,86,1,7.24E+02, short, Square, Circle, Circle,450,250, 
PA39,24, M,250,87,0,6.56E+02, short, Triangle, Rhombus, Rhombus,350,250, 
PA39,24, M,250,88,1,6.12E+02, long, Triangle, Parallelogram, Triangle,650,250, 
PA39,24, M,250,89,0,2.13E+03, long, Parallelogram, Circle, Parallelogram,750,250, 
PA39,24, M,250,90,1,6.88E+02, long, Pentagon, Circle, Pentagon,750,250, 
PA39,24, M,250,91,0,8.70E+02, short, Rhombus, Circle, Rhombus,250,250, 
PA39,24, M,250,92,0,5.82E+02, short, Square, Rhombus, Square,250,250, 
PA39,24, M,250,93,0,3.94E+03, short, Parallelogram, Triangle, Parallelogram,550,250, 
PA39,24, M,250,94,0,8.86E+02, long, Triangle, Square, Triangle,650,250, 
PA39,24, M,250,95,1,1.00E+03, short, Circle, Pentagon, Circle,550,250, 
PA39,24, M,250,96,1,1.16E+03, short, Rhombus, Pentagon, Rhombus,550,250, 
PA39,24, M,250,97,0,7.23E+02, short, Triangle, Pentagon, Triangle,350,250, 
PA39,24, M,250,98,1,5.53E+02, short, Triangle, Parallelogram, Triangle,350,250, 
PA39,24, M,250,99,1,9.01E+02, short, Parallelogram, Square, Square,350,250, 
PA39,24, M,250,100,0,4.87E+02, short, Square, Triangle, Triangle,450,250, 
PA39,24, M,250,101,0,6.97E+02, short, Triangle, Circle, Circle,850,250, 
PA39,24, M,250,102,1,4.55E+02, long, Rhombus, Parallelogram, Parallelogram,850,250, 
PA39,24, M,250,103,1,9.69E+02, short, Parallelogram, Triangle, Triangle,550,250, 
PA39,24, M,250,104,0,1.61E+03, long, Rhombus, Triangle, Triangle,550,250, 
PA39,24, M,250,105,0,7.95E+02, long, Parallelogram, Triangle, Triangle,750,250, 
PA39,24, M,250,106,0,7.27E+02, short, Parallelogram, Pentagon, Pentagon,250,250, 
PA39,24, M,250,107,0,4.68E+02, long, Triangle, Parallelogram, Parallelogram,850,250, 
PA39,24, M,250,108,1,1.41E+03, short, Circle, Rhombus, Circle,550,250, 
PA39,24, M,250,109,0,5.92E+02, long, Triangle, Rhombus, Triangle,750,250, 
PA39,24, M,250,110,0,6.60E+03, long, Circle, Square, Square,850,250, 
PA39,24, M,250,111,0,9.35E+02, short, Circle, Rhombus, Rhombus,750,250, 
PA39,24, M,250,112,1,1.05E+03, short, Triangle, Square, Triangle,650,250, 
PA39,24, M,250,113,1,9.70E+02, short, Circle, Triangle, Circle,650,250, 
PA39,24, M,250,114,0,1.21E+03, short, Square, Parallelogram, Parallelogram,450,250, 
PA39,24, M,250,115,1,7.42E+02, short, Triangle, Circle, Triangle,350,250, 
PA39,24, M,250,116,0,4.96E+02, long, Parallelogram, Square, Parallelogram,650,250, 
PA39,24, M,250,117,1,6.07E+02, long, Triangle, Rhombus, Triangle,750,250, 
PA39,24, M,250,118,1,7.28E+02, short, Pentagon, Triangle, Pentagon,250,250, 
PA39,24, M,250,119,1,6.33E+02, short, Square, Triangle, Square,350,250, 
PA39,24, M,250,120,1,6.77E+02, short, Parallelogram, Triangle, Parallelogram,450,250, 
PA39,24, M,250,121,1,5.45E+02, long, Pentagon, Rhombus, Pentagon,750,250, 
PA39,24, M,250,122,0,6.67E+02, long, Rhombus, Circle, Rhombus,650,250, 
PA39,24, M,250,123,1,5.45E+02, long, Parallelogram, Triangle, Parallelogram,850,250, 
PA39,24, M,250,124,0,7.25E+02, short, Rhombus, Square, Square,250,250, 
PA39,24, M,250,125,0,8.47E+02, short, Square, Pentagon, Pentagon,350,250, 
PA39,24, M,250,126,0,1.13E+03, short, Circle, Square, Square,750,250, 
PA39,24, M,250,127,0,5.48E+02, long, Circle, Square, Circle,650,250, 
PA39,24, M,250,128,1,5.54E+02, long, Pentagon, Rhombus, Pentagon,750,250, 
PA39,24, M,250,129,1,4.18E+02, long, Rhombus, Square, Rhombus,850,250, 
PA39,24, M,250,130,1,6.05E+02, short, Parallelogram, Rhombus, Rhombus,250,250, 
PA39,24, M,250,131,1,4.30E+02, long, Circle, Parallelogram, Parallelogram,850,250, 
PA39,24, M,250,132,1,3.16E+03, short, Rhombus, Parallelogram, Parallelogram,550,250, 
PA39,24, M,250,133,1,2.46E+03, short, Parallelogram, Triangle, Triangle,550,250, 
PA39,24, M,250,134,0,5.83E+02, long, Rhombus, Triangle, Triangle,650,250, 
PA39,24, M,250,135,0,9.79E+02, long, Square, Circle, Circle,650,250, 
PA39,24, M,250,136,0,1.92E+03, long, Square, Circle, Circle,350,250, 
PA39,24, M,250,137,0,1.87E+03, short, Triangle, Square, Square,550,250, 
PA39,24, M,250,138,0,1.32E+03, long, Triangle, Pentagon, Triangle,750,250, 
PA39,24, M,250,139,0,9.11E+02, short, Circle, Pentagon, Circle,350,250, 
PA39,24, M,250,140,1,1.33E+03, short, Parallelogram, Square, Parallelogram,750,250, 
PA39,24, M,250,141,1,4.84E+02, short, Pentagon, Circle, Pentagon,450,250, 
PA39,24, M,250,142,1,8.97E+02, short, Parallelogram, Pentagon, Parallelogram,250,250, 
PA39,24, M,250,143,0,4.11E+02, long, Pentagon, Parallelogram, Pentagon,850,250, 
PA39,24, M,250,144,1,8.16E+02, short, Parallelogram, Circle, Parallelogram,350,250, 
PA39,24, M,250,145,0,6.12E+02, short, Square, Pentagon, Square,450,250, 
PA39,24, M,250,146,1,1.33E+03, short, Triangle, Square, Triangle,650,250, 
PA39,24, M,250,147,0,5.96E+02, short, Circle, Pentagon, Circle,350,250, 
PA39,24, M,250,148,1,5.42E+02, short, Triangle, Circle, Triangle,450,250, 
PA39,24, M,250,149,1,4.80E+02, long, Pentagon, Triangle, Pentagon,750,250, 
PA39,24, M,250,150,1,2.34E+03, long, Rhombus, Square, Rhombus,450,250, 
PA39,24, M,250,151,1,6.60E+02, short, Pentagon, Square, Square,350,250, 
PA39,24, M,250,152,0,4.66E+02, long, Rhombus, Parallelogram, Parallelogram,850,250, 
PA39,24, M,250,153,0,6.70E+02, short, Pentagon, Square, Square,250,250, 
PA39,24, M,250,154,0,5.74E+02, short, Pentagon, Rhombus, Rhombus,350,250, 
PA39,24, M,250,155,1,4.42E+02, long, Parallelogram, Rhombus, Rhombus,750,250, 
PA39,24, M,250,156,0,9.28E+02, long, Rhombus, Square, Square,650,250, 
PA39,24, M,250,157,1,7.89E+02, short, Square, Circle, Circle,250,250, 
PA39,24, M,250,158,0,9.92E+02, long, Rhombus, Pentagon, Pentagon,550,250, 
PA39,24, M,250,159,0,8.37E+02, long, Circle, Parallelogram, Parallelogram,650,250, 
PA39,24, M,250,160,1,5.90E+02, short, Rhombus, Square, Square,350,250, 
PA39,24, M,250,161,1,8.93E+02, short, Square, Circle, Square,250,250, 
PA39,24, M,250,162,1,6.75E+02, short, Square, Triangle, Square,250,250, 
PA39,24, M,250,163,0,4.49E+02, short, Circle, Rhombus, Circle,250,250, 
PA39,24, M,250,164,0,3.53E+02, long, Triangle, Pentagon, Triangle,750,250, 
PA39,24, M,250,165,1,7.41E+02, short, Square, Parallelogram, Square,250,250, 
PA39,24, M,250,166,1,3.69E+02, long, Pentagon, Parallelogram, Pentagon,850,250, 
PA39,24, M,250,167,0,6.99E+02, short, Square, Triangle, Square,450,250, 
PA39,24, M,250,168,0,7.71E+02, short, Parallelogram, Pentagon, Parallelogram,550,250, 
PA39,24, M,250,169,0,3.81E+02, long, Pentagon, Rhombus, Pentagon,750,250, 
PA39,24, M,250,170,0,4.65E+02, long, Circle, Square, Circle,750,250, 
PA39,24, M,250,171,0,3.89E+02, long, Rhombus, Triangle, Triangle,850,250, 
PA39,24, M,250,172,1,5.35E+02, long, Parallelogram, Circle, Circle,650,250, 
PA39,24, M,250,173,1,6.97E+02, short, Circle, Rhombus, Rhombus,350,250, 
PA39,24, M,250,174,1,4.77E+02, short, Triangle, Parallelogram, Parallelogram,250,250, 
PA39,24, M,250,175,1,3.31E+02, long, Pentagon, Parallelogram, Parallelogram,850,250, 
PA39,24, M,250,176,0,4.33E+02, long, Circle, Pentagon, Pentagon,750,250, 
PA39,24, M,250,177,1,2.39E+03, short, Pentagon, Square, Square,450,250, 
PA39,24, M,250,178,0,8.93E+02, long, Square, Pentagon, Pentagon,750,250, 
PA39,24, M,250,179,0,5.55E+02, short, Pentagon, Parallelogram, Parallelogram,350,250, 
PA39,24, M,250,180,0,4.83E+02, short, Parallelogram, Square, Square,550,250, 
PA39,24, M,250,181,1,1.88E+03, long, Parallelogram, Rhombus, Rhombus,550,250, 
PA39,24, M,250,182,0,1.19E+03, long, Circle, Triangle, Triangle,550,250, 
PA39,24, M,250,183,0,7.24E+02, short, Pentagon, Circle, Pentagon,250,250, 
PA39,24, M,250,184,1,6.80E+02, short, Parallelogram, Rhombus, Parallelogram,450,250, 
PA39,24, M,250,185,1,9.32E+02, long, Pentagon, Parallelogram, Pentagon,850,250, 
PA39,24, M,250,186,1,3.68E+02, long, Parallelogram, Square, Parallelogram,850,250, 
PA39,24, M,250,187,0,8.16E+02, short, Square, Parallelogram, Square,450,250, 
PA39,24, M,250,188,0,6.44E+02, short, Circle, Parallelogram, Circle,350,250, 
PA39,24, M,250,189,0,9.76E+02, long, Rhombus, Triangle, Rhombus,850,250, 
PA39,24, M,250,190,1,1.22E+03, long, Triangle, Square, Square,750,250, 
PA39,24, M,250,191,0,1.12E+03, long, Rhombus, Circle, Circle,450,250, 
PA39,24, M,250,192,1,1.44E+03, short, Parallelogram, Rhombus, Rhombus,350,250, 
PA39,24, M,250,193,0,1.34E+03, long, Square, Rhombus, Rhombus,550,250, 
PA39,24, M,250,194,0,1.03E+03, long, Pentagon, Parallelogram, Parallelogram,750,250, 
PA39,24, M,250,195,1,1.16E+03, long, Parallelogram, Square, Square,650,250, 
PA39,24, M,250,196,1,2.35E+03, short, Rhombus, Circle, Circle,350,250, 
PA39,24, M,250,197,1,5.49E+02, long, Pentagon, Triangle, Pentagon,750,250, 
PA39,24, M,250,198,1,3.03E+03, long, Square, Pentagon, Square,450,250, 
PA39,24, M,250,199,0,3.59E+02, long, Circle, Triangle, Circle,750,250, 
PA39,24, M,250,200,0,8.19E+02, long, Rhombus, Circle, Rhombus,850,250, 
PA39,24, M,250,201,1,4.63E+02, long, Parallelogram, Rhombus, Parallelogram,750,250, 
PA39,24, M,250,202,1,1.30E+03, long, Parallelogram, Square, Parallelogram,550,250, 
PA39,24, M,250,203,1,8.53E+02, long, Square, Pentagon, Square,850,250, 
PA39,24, M,250,204,1,6.01E+02, long, Parallelogram, Rhombus, Parallelogram,550,250, 
PA39,24, M,250,205,1,1.55E+03, long, Parallelogram, Circle, Circle,450,250, 
PA39,24, M,250,206,0,3.87E+02, long, Square, Pentagon, Pentagon,850,250, 
PA39,24, M,250,207,0,7.84E+02, short, Rhombus, Pentagon, Pentagon,250,250, 
PA39,24, M,250,208,0,8.06E+02, short, Circle, Pentagon, Circle,350,250, 
PA39,24, M,250,209,1,3.96E+02, short, Triangle, Rhombus, Triangle,250,250, 
PA39,24, M,250,210,1,5.12E+02, short, Square, Circle, Square,550,250, 
