﻿Subject ID, Subject Age, Gender, Group, TrialNumber, Intended or Unintended Outcome, Reaction Time on Outcome Response, Response - Short or Long, Left Image Code, Right Image Code, Chosen Image Code, Objective Duration of Stimulus, Stimulus Delay,
PA38,21, M,1000,1,0,3.28E+03, short, Circle, Square, Circle,450,1000, 
PA38,21, M,1000,2,1,1.95E+03, long, Rhombus, Square, Square,750,1000, 
PA38,21, M,1000,3,1,9.17E+02, long, Triangle, Parallelogram, Triangle,650,1000, 
PA38,21, M,1000,4,1,1.19E+03, short, Pentagon, Parallelogram, Pentagon,350,1000, 
PA38,21, M,1000,5,1,7.21E+02, long, Circle, Pentagon, Circle,850,1000, 
PA38,21, M,1000,6,0,5.08E+03, short, Rhombus, Parallelogram, Parallelogram,550,1000, 
PA38,21, M,1000,7,0,1.21E+03, long, Parallelogram, Circle, Circle,850,1000, 
PA38,21, M,1000,8,1,8.96E+02, short, Parallelogram, Pentagon, Parallelogram,250,1000, 
PA38,21, M,1000,9,0,1.00E+03, long, Parallelogram, Rhombus, Rhombus,650,1000, 
PA38,21, M,1000,10,1,1.27E+03, long, Rhombus, Parallelogram, Rhombus,850,1000, 
PA38,21, M,1000,11,0,1.05E+03, short, Rhombus, Circle, Circle,250,1000, 
PA38,21, M,1000,12,0,8.47E+02, short, Square, Rhombus, Square,350,1000, 
PA38,21, M,1000,13,1,8.70E+02, short, Pentagon, Circle, Pentagon,250,1000, 
PA38,21, M,1000,14,1,9.75E+02, short, Square, Circle, Circle,250,1000, 
PA38,21, M,1000,15,0,1.04E+03, long, Rhombus, Parallelogram, Parallelogram,650,1000, 
PA38,21, M,1000,16,0,1.75E+03, long, Square, Pentagon, Square,750,1000, 
PA38,21, M,1000,17,0,1.13E+03, long, Parallelogram, Triangle, Triangle,850,1000, 
PA38,21, M,1000,18,1,7.79E+02, long, Pentagon, Triangle, Pentagon,850,1000, 
PA38,21, M,1000,19,1,8.41E+02, long, Rhombus, Circle, Circle,650,1000, 
PA38,21, M,1000,20,1,1.57E+03, short, Parallelogram, Circle, Circle,450,1000, 
PA38,21, M,1000,21,1,8.27E+02, long, Triangle, Square, Square,650,1000, 
PA38,21, M,1000,22,0,8.69E+02, long, Circle, Rhombus, Circle,850,1000, 
PA38,21, M,1000,23,0,9.07E+02, long, Circle, Parallelogram, Circle,550,1000, 
PA38,21, M,1000,24,1,1.35E+03, short, Rhombus, Pentagon, Pentagon,350,1000, 
PA38,21, M,1000,25,1,1.23E+03, short, Circle, Triangle, Circle,350,1000, 
PA38,21, M,1000,26,1,1.14E+03, short, Triangle, Circle, Triangle,350,1000, 
PA38,21, M,1000,27,1,1.12E+03, short, Pentagon, Circle, Circle,550,1000, 
PA38,21, M,1000,28,0,8.89E+02, long, Circle, Rhombus, Circle,750,1000, 
PA38,21, M,1000,29,1,1.85E+03, short, Square, Circle, Circle,650,1000, 
PA38,21, M,1000,30,1,1.23E+03, short, Circle, Parallelogram, Circle,250,1000, 
PA38,21, M,1000,31,0,1.06E+03, long, Rhombus, Parallelogram, Rhombus,550,1000, 
PA38,21, M,1000,32,0,7.28E+02, long, Circle, Pentagon, Circle,850,1000, 
PA38,21, M,1000,33,1,1.12E+03, long, Square, Triangle, Square,750,1000, 
PA38,21, M,1000,34,1,1.25E+03, long, Pentagon, Rhombus, Pentagon,650,1000, 
PA38,21, M,1000,35,1,9.24E+02, long, Triangle, Parallelogram, Triangle,750,1000, 
PA38,21, M,1000,36,1,1.24E+03, short, Square, Rhombus, Square,350,1000, 
PA38,21, M,1000,37,0,9.47E+02, long, Parallelogram, Square, Square,550,1000, 
PA38,21, M,1000,38,0,7.95E+02, long, Triangle, Pentagon, Triangle,850,1000, 
PA38,21, M,1000,39,1,1.40E+03, short, Triangle, Circle, Circle,250,1000, 
PA38,21, M,1000,40,0,9.13E+02, short, Triangle, Square, Triangle,350,1000, 
PA38,21, M,1000,41,1,1.33E+03, short, Triangle, Parallelogram, Triangle,450,1000, 
PA38,21, M,1000,42,1,8.05E+02, long, Circle, Parallelogram, Circle,850,1000, 
PA38,21, M,1000,43,1,6.30E+02, long, Square, Pentagon, Square,750,1000, 
PA38,21, M,1000,44,0,4.09E+03, short, Triangle, Pentagon, Pentagon,450,1000, 
PA38,21, M,1000,45,0,1.04E+03, short, Square, Parallelogram, Parallelogram,350,1000, 
PA38,21, M,1000,46,0,3.28E+02, long, Parallelogram, Triangle, Triangle,750,1000, 
PA38,21, M,1000,47,0,6.72E+02, short, Triangle, Parallelogram, Triangle,350,1000, 
PA38,21, M,1000,48,0,5.96E+02, short, Circle, Rhombus, Circle,450,1000, 
PA38,21, M,1000,49,1,4.55E+02, long, Pentagon, Square, Square,750,1000, 
PA38,21, M,1000,50,0,3.29E+02, long, Rhombus, Triangle, Triangle,750,1000, 
PA38,21, M,1000,51,0,3.97E+02, long, Parallelogram, Circle, Circle,550,1000, 
PA38,21, M,1000,52,1,6.55E+02, short, Square, Pentagon, Square,250,1000, 
PA38,21, M,1000,53,1,3.03E+02, long, Square, Triangle, Square,850,1000, 
PA38,21, M,1000,54,1,7.09E+02, long, Circle, Triangle, Circle,750,1000, 
PA38,21, M,1000,55,1,4.83E+02, long, Square, Triangle, Square,750,1000, 
PA38,21, M,1000,56,0,6.82E+02, short, Circle, Pentagon, Circle,250,1000, 
PA38,21, M,1000,57,0,3.46E+02, long, Square, Pentagon, Square,850,1000, 
PA38,21, M,1000,58,1,9.38E+02, long, Rhombus, Triangle, Triangle,550,1000, 
PA38,21, M,1000,59,0,6.44E+02, short, Rhombus, Circle, Circle,350,1000, 
PA38,21, M,1000,60,0,2.88E+03, short, Square, Circle, Circle,350,1000, 
PA38,21, M,1000,61,1,4.68E+02, long, Square, Rhombus, Square,650,1000, 
PA38,21, M,1000,62,0,1.72E+03, long, Rhombus, Circle, Rhombus,550,1000, 
PA38,21, M,1000,63,1,3.50E+02, long, Triangle, Circle, Circle,650,1000, 
PA38,21, M,1000,64,1,4.16E+03, short, Triangle, Rhombus, Triangle,650,1000, 
PA38,21, M,1000,65,1,4.71E+02, long, Square, Pentagon, Square,750,1000, 
PA38,21, M,1000,66,1,1.00E+03, long, Triangle, Parallelogram, Triangle,750,1000, 
PA38,21, M,1000,67,1,5.13E+02, short, Pentagon, Rhombus, Rhombus,350,1000, 
PA38,21, M,1000,68,0,3.71E+02, long, Parallelogram, Circle, Circle,750,1000, 
PA38,21, M,1000,69,0,7.93E+02, short, Square, Triangle, Square,350,1000, 
PA38,21, M,1000,70,0,2.47E+02, long, Rhombus, Parallelogram, Rhombus,650,1000, 
PA38,21, M,1000,71,0,2.83E+02, long, Rhombus, Pentagon, Rhombus,750,1000, 
PA38,21, M,1000,72,0,1.98E+03, short, Parallelogram, Circle, Parallelogram,450,1000, 
PA38,21, M,1000,73,1,1.49E+03, long, Square, Parallelogram, Parallelogram,650,1000, 
PA38,21, M,1000,74,1,1.57E+03, long, Rhombus, Pentagon, Pentagon,550,1000, 
PA38,21, M,1000,75,0,9.24E+02, short, Pentagon, Rhombus, Rhombus,450,1000, 
PA38,21, M,1000,76,0,5.90E+02, short, Parallelogram, Pentagon, Pentagon,250,1000, 
PA38,21, M,1000,77,0,8.54E+02, short, Square, Triangle, Square,350,1000, 
PA38,21, M,1000,78,0,5.23E+02, short, Triangle, Rhombus, Triangle,250,1000, 
PA38,21, M,1000,79,0,2.43E+03, short, Square, Triangle, Square,350,1000, 
PA38,21, M,1000,80,0,5.25E+02, long, Pentagon, Rhombus, Pentagon,750,1000, 
PA38,21, M,1000,81,0,7.95E+02, long, Circle, Square, Circle,550,1000, 
PA38,21, M,1000,82,0,1.37E+03, long, Circle, Rhombus, Circle,450,1000, 
PA38,21, M,1000,83,1,1.29E+04, short, Square, Rhombus, Square,550,1000, 
PA38,21, M,1000,84,1,2.90E+02, long, Circle, Parallelogram, Circle,550,1000, 
PA38,21, M,1000,85,0,9.76E+02, short, Parallelogram, Rhombus, Parallelogram,250,1000, 
PA38,21, M,1000,86,0,3.20E+02, short, Parallelogram, Circle, Circle,750,1000, 
PA38,21, M,1000,87,0,2.56E+02, long, Parallelogram, Pentagon, Pentagon,850,1000, 
PA38,21, M,1000,88,1,3.32E+02, long, Parallelogram, Square, Square,750,1000, 
PA38,21, M,1000,89,1,1.05E+03, long, Rhombus, Triangle, Triangle,550,1000, 
PA38,21, M,1000,90,0,3.09E+02, long, Square, Circle, Circle,750,1000, 
PA38,21, M,1000,91,0,3.01E+02, long, Parallelogram, Square, Square,650,1000, 
PA38,21, M,1000,92,1,5.23E+02, long, Circle, Square, Circle,650,1000, 
PA38,21, M,1000,93,0,3.25E+02, long, Circle, Rhombus, Circle,850,1000, 
PA38,21, M,1000,94,1,3.29E+02, long, Triangle, Pentagon, Triangle,550,1000, 
PA38,21, M,1000,95,0,6.79E+02, short, Rhombus, Triangle, Triangle,250,1000, 
PA38,21, M,1000,96,1,4.27E+02, long, Triangle, Circle, Circle,550,1000, 
PA38,21, M,1000,97,0,1.31E+03, short, Circle, Triangle, Circle,350,1000, 
PA38,21, M,1000,98,1,1.59E+03, short, Pentagon, Triangle, Triangle,550,1000, 
PA38,21, M,1000,99,1,2.48E+02, long, Triangle, Pentagon, Triangle,650,1000, 
PA38,21, M,1000,100,1,3.02E+02, long, Pentagon, Triangle, Triangle,650,1000, 
PA38,21, M,1000,101,1,5.90E+02, long, Pentagon, Circle, Circle,850,1000, 
PA38,21, M,1000,102,0,8.92E+02, short, Circle, Triangle, Circle,550,1000, 
PA38,21, M,1000,103,0,2.56E+02, long, Circle, Square, Circle,850,1000, 
PA38,21, M,1000,104,1,9.05E+02, short, Square, Parallelogram, Square,250,1000, 
PA38,21, M,1000,105,1,3.68E+02, long, Pentagon, Triangle, Triangle,850,1000, 
PA38,21, M,1000,106,0,9.23E+02, short, Rhombus, Square, Square,450,1000, 
PA38,21, M,1000,107,1,6.79E+02, short, Triangle, Square, Square,450,1000, 
PA38,21, M,1000,108,0,7.35E+02, short, Parallelogram, Square, Square,250,1000, 
PA38,21, M,1000,109,1,3.87E+02, long, Parallelogram, Triangle, Triangle,550,1000, 
PA38,21, M,1000,110,0,3.29E+02, long, Circle, Triangle, Triangle,850,1000, 
PA38,21, M,1000,111,0,3.17E+02, long, Square, Rhombus, Square,650,1000, 
PA38,21, M,1000,112,1,9.31E+02, short, Square, Parallelogram, Square,450,1000, 
PA38,21, M,1000,113,1,4.47E+02, long, Parallelogram, Rhombus, Rhombus,750,1000, 
PA38,21, M,1000,114,1,1.46E+03, long, Parallelogram, Triangle, Triangle,650,1000, 
PA38,21, M,1000,115,0,3.59E+02, long, Square, Pentagon, Square,850,1000, 
PA38,21, M,1000,116,1,7.64E+02, short, Rhombus, Pentagon, Rhombus,250,1000, 
PA38,21, M,1000,117,0,6.68E+02, short, Square, Triangle, Square,450,1000, 
PA38,21, M,1000,118,0,3.99E+02, long, Circle, Square, Circle,550,1000, 
PA38,21, M,1000,119,1,8.26E+02, short, Pentagon, Parallelogram, Pentagon,350,1000, 
PA38,21, M,1000,120,1,5.70E+02, short, Circle, Pentagon, Circle,450,1000, 
PA38,21, M,1000,121,1,6.34E+02, short, Pentagon, Square, Square,450,1000, 
PA38,21, M,1000,122,1,1.39E+03, short, Rhombus, Triangle, Triangle,350,1000, 
PA38,21, M,1000,123,1,5.85E+02, short, Pentagon, Triangle, Pentagon,250,1000, 
PA38,21, M,1000,124,1,1.43E+03, long, Pentagon, Parallelogram, Pentagon,750,1000, 
PA38,21, M,1000,125,0,4.26E+02, long, Square, Parallelogram, Square,650,1000, 
PA38,21, M,1000,126,0,9.04E+02, short, Rhombus, Circle, Circle,350,1000, 
PA38,21, M,1000,127,1,7.43E+02, short, Parallelogram, Triangle, Triangle,450,1000, 
PA38,21, M,1000,128,0,8.75E+02, short, Parallelogram, Triangle, Triangle,450,1000, 
PA38,21, M,1000,129,0,9.07E+02, short, Rhombus, Pentagon, Pentagon,350,1000, 
PA38,21, M,1000,130,1,9.06E+01, long, Rhombus, Square, Square,850,1000, 
PA38,21, M,1000,131,0,1.70E+03, short, Rhombus, Square, Square,350,1000, 
PA38,21, M,1000,132,1,7.13E+02, short, Parallelogram, Rhombus, Parallelogram,550,1000, 
PA38,21, M,1000,133,1,1.11E+03, short, Triangle, Square, Triangle,350,1000, 
PA38,21, M,1000,134,0,3.26E+02, long, Triangle, Circle, Circle,850,1000, 
PA38,21, M,1000,135,1,6.18E+02, short, Pentagon, Circle, Circle,250,1000, 
PA38,21, M,1000,136,0,3.55E+02, long, Square, Rhombus, Square,850,1000, 
PA38,21, M,1000,137,0,3.08E+02, long, Circle, Square, Circle,550,1000, 
PA38,21, M,1000,138,1,8.82E+02, short, Triangle, Pentagon, Triangle,550,1000, 
PA38,21, M,1000,139,0,4.08E+02, long, Square, Circle, Circle,750,1000, 
PA38,21, M,1000,140,0,2.04E+03, long, Parallelogram, Rhombus, Parallelogram,650,1000, 
PA38,21, M,1000,141,1,6.03E+03, short, Pentagon, Parallelogram, Pentagon,450,1000, 
PA38,21, M,1000,142,1,1.10E+03, short, Triangle, Circle, Circle,450,1000, 
PA38,21, M,1000,143,0,1.32E+03, short, Rhombus, Parallelogram, Parallelogram,250,1000, 
PA38,21, M,1000,144,0,9.45E+02, long, Pentagon, Square, Pentagon,750,1000, 
PA38,21, M,1000,145,1,4.93E+02, long, Pentagon, Square, Pentagon,750,1000, 
PA38,21, M,1000,146,1,9.35E+02, short, Parallelogram, Circle, Circle,250,1000, 
PA38,21, M,1000,147,0,8.43E+02, short, Square, Circle, Circle,250,1000, 
PA38,21, M,1000,148,0,3.65E+02, long, Rhombus, Pentagon, Pentagon,850,1000, 
PA38,21, M,1000,149,1,8.54E+02, short, Circle, Rhombus, Circle,250,1000, 
PA38,21, M,1000,150,0,6.12E+02, short, Pentagon, Circle, Circle,450,1000, 
PA38,21, M,1000,151,1,4.16E+02, long, Circle, Parallelogram, Circle,850,1000, 
PA38,21, M,1000,152,0,7.52E+02, long, Parallelogram, Rhombus, Parallelogram,550,1000, 
PA38,21, M,1000,153,0,4.32E+02, long, Circle, Pentagon, Circle,650,1000, 
PA38,21, M,1000,154,1,9.04E+02, short, Circle, Pentagon, Circle,450,1000, 
PA38,21, M,1000,155,1,6.72E+02, short, Triangle, Square, Triangle,450,1000, 
PA38,21, M,1000,156,1,6.59E+02, short, Square, Circle, Square,250,1000, 
PA38,21, M,1000,157,1,4.47E+02, short, Pentagon, Square, Pentagon,250,1000, 
PA38,21, M,1000,158,0,4.04E+02, long, Rhombus, Circle, Circle,650,1000, 
PA38,21, M,1000,159,0,7.20E+02, long, Triangle, Rhombus, Triangle,550,1000, 
PA38,21, M,1000,160,1,3.31E+02, long, Rhombus, Circle, Rhombus,850,1000, 
PA38,21, M,1000,161,1,5.15E+02, short, Triangle, Rhombus, Triangle,550,1000, 
PA38,21, M,1000,162,0,1.26E+03, long, Parallelogram, Rhombus, Rhombus,650,1000, 
PA38,21, M,1000,163,0,2.01E+03, short, Pentagon, Rhombus, Pentagon,550,1000, 
PA38,21, M,1000,164,0,1.33E+03, short, Circle, Pentagon, Circle,450,1000, 
PA38,21, M,1000,165,1,1.13E+03, long, Rhombus, Triangle, Triangle,850,1000, 
PA38,21, M,1000,166,1,4.53E+02, long, Rhombus, Square, Square,650,1000, 
PA38,21, M,1000,167,0,6.97E+02, short, Pentagon, Parallelogram, Pentagon,350,1000, 
PA38,21, M,1000,168,0,3.99E+02, long, Parallelogram, Square, Square,650,1000, 
PA38,21, M,1000,169,0,3.72E+02, long, Triangle, Square, Triangle,750,1000, 
PA38,21, M,1000,170,0,4.34E+02, short, Square, Parallelogram, Square,450,1000, 
PA38,21, M,1000,171,0,1.03E+03, short, Triangle, Pentagon, Triangle,550,1000, 
PA38,21, M,1000,172,0,6.28E+02, short, Triangle, Parallelogram, Triangle,450,1000, 
PA38,21, M,1000,173,0,1.76E+03, long, Pentagon, Square, Pentagon,550,1000, 
PA38,21, M,1000,174,1,6.06E+02, long, Pentagon, Parallelogram, Pentagon,850,1000, 
PA38,21, M,1000,175,1,5.84E+02, short, Circle, Triangle, Circle,450,1000, 
PA38,21, M,1000,176,1,8.36E+02, short, Triangle, Circle, Circle,350,1000, 
PA38,21, M,1000,177,1,3.29E+02, long, Parallelogram, Square, Square,850,1000, 
PA38,21, M,1000,178,1,4.31E+02, long, Square, Parallelogram, Square,650,1000, 
PA38,21, M,1000,179,0,3.87E+02, long, Pentagon, Rhombus, Pentagon,850,1000, 
PA38,21, M,1000,180,0,8.89E+02, short, Parallelogram, Square, Square,450,1000, 
PA38,21, M,1000,181,1,1.00E+03, short, Triangle, Parallelogram, Triangle,250,1000, 
PA38,21, M,1000,182,1,1.18E+03, short, Pentagon, Parallelogram, Pentagon,550,1000, 
PA38,21, M,1000,183,0,1.05E+03, short, Rhombus, Parallelogram, Rhombus,650,1000, 
PA38,21, M,1000,184,1,8.02E+02, short, Triangle, Rhombus, Triangle,450,1000, 
PA38,21, M,1000,185,1,9.98E+02, short, Parallelogram, Pentagon, Pentagon,350,1000, 
PA38,21, M,1000,186,0,5.44E+02, short, Parallelogram, Pentagon, Pentagon,250,1000, 
PA38,21, M,1000,187,0,1.00E+03, short, Pentagon, Square, Square,250,1000, 
PA38,21, M,1000,188,1,5.80E+02, short, Rhombus, Square, Square,350,1000, 
PA38,21, M,1000,189,1,3.55E+02, long, Rhombus, Triangle, Triangle,550,1000, 
PA38,21, M,1000,190,0,8.31E+02, short, Parallelogram, Pentagon, Pentagon,250,1000, 
PA38,21, M,1000,191,1,2.42E+02, long, Parallelogram, Pentagon, Pentagon,750,1000, 
PA38,21, M,1000,192,0,1.12E+03, short, Triangle, Rhombus, Rhombus,250,1000, 
PA38,21, M,1000,193,0,3.32E+02, long, Triangle, Square, Square,650,1000, 
PA38,21, M,1000,194,1,6.35E+02, short, Parallelogram, Triangle, Triangle,350,1000, 
PA38,21, M,1000,195,0,5.27E+02, short, Pentagon, Rhombus, Rhombus,250,1000, 
PA38,21, M,1000,196,0,4.59E+02, short, Pentagon, Triangle, Triangle,250,1000, 
PA38,21, M,1000,197,1,4.45E+02, short, Circle, Triangle, Triangle,350,1000, 
PA38,21, M,1000,198,0,1.45E+03, short, Square, Rhombus, Rhombus,750,1000, 
PA38,21, M,1000,199,0,1.18E+03, long, Circle, Rhombus, Rhombus,450,1000, 
PA38,21, M,1000,200,1,6.13E+02, long, Pentagon, Circle, Circle,450,1000, 
PA38,21, M,1000,201,1,3.07E+02, long, Rhombus, Square, Square,750,1000, 
PA38,21, M,1000,202,1,1.61E+03, short, Circle, Parallelogram, Parallelogram,450,1000, 
PA38,21, M,1000,203,0,2.87E+02, long, Triangle, Rhombus, Rhombus,650,1000, 
PA38,21, M,1000,204,1,2.91E+02, long, Rhombus, Pentagon, Pentagon,850,1000, 
PA38,21, M,1000,205,0,1.14E+03, short, Pentagon, Triangle, Triangle,350,1000, 
PA38,21, M,1000,206,1,3.10E+02, long, Pentagon, Circle, Circle,850,1000, 
PA38,21, M,1000,207,0,1.37E+03, long, Circle, Square, Square,750,1000, 
PA38,21, M,1000,208,0,2.98E+03, long, Square, Pentagon, Pentagon,650,1000, 
PA38,21, M,1000,209,0,3.56E+02, long, Triangle, Pentagon, Pentagon,750,1000, 
PA38,21, M,1000,210,1,8.34E+02, short, Circle, Parallelogram, Parallelogram,350,1000, 
