﻿Subject ID, Subject Age, Gender, Group, TrialNumber, Intended or Unintended Outcome, Reaction Time on Outcome Response, Response - Short or Long, Left Image Code, Right Image Code, Chosen Image Code, Objective Duration of Stimulus, Stimulus Delay,
PA06,21, M,1000,1,0,2.64E+03, short, Circle, Triangle, Circle,750,1000, 
PA06,21, M,1000,2,0,8.31E+02, long, Triangle, Parallelogram, Triangle,850,1000, 
PA06,21, M,1000,3,1,1.57E+03, long, Pentagon, Rhombus, Rhombus,750,1000, 
PA06,21, M,1000,4,0,1.94E+03, short, Square, Pentagon, Square,550,1000, 
PA06,21, M,1000,5,1,8.59E+02, short, Circle, Rhombus, Circle,350,1000, 
PA06,21, M,1000,6,0,6.63E+02, long, Circle, Pentagon, Circle,850,1000, 
PA06,21, M,1000,7,0,7.87E+02, long, Circle, Square, Circle,850,1000, 
PA06,21, M,1000,8,0,5.39E+02, short, Square, Parallelogram, Square,450,1000, 
PA06,21, M,1000,9,1,4.15E+02, long, Pentagon, Circle, Pentagon,850,1000, 
PA06,21, M,1000,10,0,2.32E+03, short, Square, Rhombus, Square,750,1000, 
PA06,21, M,1000,11,1,1.07E+03, short, Triangle, Rhombus, Triangle,550,1000, 
PA06,21, M,1000,12,1,5.56E+02, short, Parallelogram, Pentagon, Parallelogram,350,1000, 
PA06,21, M,1000,13,1,1.40E+03, long, Circle, Triangle, Circle,750,1000, 
PA06,21, M,1000,14,0,6.80E+02, short, Square, Circle, Square,250,1000, 
PA06,21, M,1000,15,1,3.42E+02, long, Circle, Square, Circle,750,1000, 
PA06,21, M,1000,16,1,4.68E+02, long, Triangle, Circle, Triangle,750,1000, 
PA06,21, M,1000,17,1,8.09E+02, long, Rhombus, Circle, Rhombus,650,1000, 
PA06,21, M,1000,18,0,8.36E+02, short, Parallelogram, Pentagon, Parallelogram,550,1000, 
PA06,21, M,1000,19,1,6.00E+02, long, Pentagon, Parallelogram, Pentagon,850,1000, 
PA06,21, M,1000,20,1,6.19E+02, short, Parallelogram, Square, Parallelogram,450,1000, 
PA06,21, M,1000,21,1,7.71E+02, long, Triangle, Square, Triangle,750,1000, 
PA06,21, M,1000,22,0,8.55E+02, short, Pentagon, Triangle, Pentagon,450,1000, 
PA06,21, M,1000,23,0,6.55E+02, short, Square, Pentagon, Square,450,1000, 
PA06,21, M,1000,24,1,9.71E+02, short, Parallelogram, Triangle, Parallelogram,350,1000, 
PA06,21, M,1000,25,0,1.22E+03, short, Square, Pentagon, Square,350,1000, 
PA06,21, M,1000,26,0,4.15E+02, long, Square, Triangle, Square,850,1000, 
PA06,21, M,1000,27,1,3.49E+02, long, Square, Rhombus, Square,850,1000, 
PA06,21, M,1000,28,1,8.13E+02, short, Triangle, Circle, Triangle,450,1000, 
PA06,21, M,1000,29,1,1.42E+03, short, Pentagon, Square, Pentagon,850,1000, 
PA06,21, M,1000,30,1,1.06E+03, short, Circle, Parallelogram, Circle,550,1000, 
PA06,21, M,1000,31,0,1.23E+03, short, Square, Pentagon, Square,750,1000, 
PA06,21, M,1000,32,1,8.75E+02, short, Square, Circle, Square,550,1000, 
PA06,21, M,1000,33,1,6.22E+02, short, Square, Triangle, Square,450,1000, 
PA06,21, M,1000,34,0,5.66E+02, short, Rhombus, Parallelogram, Rhombus,250,1000, 
PA06,21, M,1000,35,1,3.46E+02, long, Pentagon, Circle, Pentagon,850,1000, 
PA06,21, M,1000,36,0,4.98E+02, long, Parallelogram, Rhombus, Parallelogram,750,1000, 
PA06,21, M,1000,37,1,5.56E+02, short, Square, Pentagon, Square,350,1000, 
PA06,21, M,1000,38,0,1.52E+03, long, Pentagon, Triangle, Pentagon,850,1000, 
PA06,21, M,1000,39,0,9.54E+02, long, Pentagon, Square, Pentagon,750,1000, 
PA06,21, M,1000,40,0,8.70E+02, short, Rhombus, Circle, Rhombus,450,1000, 
PA06,21, M,1000,41,0,6.22E+02, short, Rhombus, Circle, Rhombus,650,1000, 
PA06,21, M,1000,42,1,9.35E+02, short, Circle, Square, Circle,450,1000, 
PA06,21, M,1000,43,0,9.66E+02, long, Rhombus, Triangle, Rhombus,650,1000, 
PA06,21, M,1000,44,0,3.37E+02, long, Circle, Square, Circle,750,1000, 
PA06,21, M,1000,45,0,6.94E+02, short, Square, Circle, Square,350,1000, 
PA06,21, M,1000,46,1,5.21E+02, short, Circle, Pentagon, Circle,450,1000, 
PA06,21, M,1000,47,0,2.51E+02, long, Triangle, Parallelogram, Triangle,750,1000, 
PA06,21, M,1000,48,1,4.81E+02, long, Rhombus, Triangle, Rhombus,750,1000, 
PA06,21, M,1000,49,1,5.31E+02, short, Triangle, Rhombus, Triangle,650,1000, 
PA06,21, M,1000,50,0,7.71E+02, short, Rhombus, Triangle, Rhombus,350,1000, 
PA06,21, M,1000,51,0,1.11E+03, short, Rhombus, Pentagon, Rhombus,850,1000, 
PA06,21, M,1000,52,1,6.61E+02, short, Triangle, Circle, Triangle,450,1000, 
PA06,21, M,1000,53,1,3.95E+02, short, Pentagon, Circle, Pentagon,550,1000, 
PA06,21, M,1000,54,1,2.63E+02, long, Rhombus, Parallelogram, Rhombus,650,1000, 
PA06,21, M,1000,55,1,6.35E+02, short, Pentagon, Parallelogram, Pentagon,350,1000, 
PA06,21, M,1000,56,1,9.45E+02, long, Circle, Rhombus, Circle,750,1000, 
PA06,21, M,1000,57,0,6.41E+02, short, Parallelogram, Triangle, Parallelogram,450,1000, 
PA06,21, M,1000,58,0,7.10E+02, short, Circle, Triangle, Circle,250,1000, 
PA06,21, M,1000,59,0,9.82E+02, short, Rhombus, Pentagon, Rhombus,650,1000, 
PA06,21, M,1000,60,1,4.02E+02, long, Rhombus, Circle, Rhombus,750,1000, 
PA06,21, M,1000,61,0,4.51E+03, long, Circle, Parallelogram, Circle,550,1000, 
PA06,21, M,1000,62,1,1.70E+03, long, Rhombus, Parallelogram, Rhombus,550,1000, 
PA06,21, M,1000,63,1,2.19E+03, short, Triangle, Pentagon, Triangle,850,1000, 
PA06,21, M,1000,64,1,3.75E+01, long, Pentagon, Square, Pentagon,850,1000, 
PA06,21, M,1000,65,1,3.97E+03, short, Triangle, Circle, Triangle,750,1000, 
PA06,21, M,1000,66,0,7.54E+02, short, Pentagon, Parallelogram, Pentagon,550,1000, 
PA06,21, M,1000,67,1,6.56E+02, short, Circle, Parallelogram, Circle,650,1000, 
PA06,21, M,1000,68,1,5.79E+02, short, Square, Parallelogram, Square,350,1000, 
PA06,21, M,1000,69,0,5.39E+02, short, Pentagon, Rhombus, Pentagon,350,1000, 
PA06,21, M,1000,70,0,6.97E+02, short, Parallelogram, Triangle, Parallelogram,450,1000, 
PA06,21, M,1000,71,1,1.71E+03, long, Parallelogram, Rhombus, Parallelogram,550,1000, 
PA06,21, M,1000,72,0,5.99E+02, short, Rhombus, Pentagon, Rhombus,350,1000, 
PA06,21, M,1000,73,0,1.20E+03, long, Parallelogram, Square, Parallelogram,750,1000, 
PA06,21, M,1000,74,1,4.85E+02, short, Circle, Rhombus, Circle,250,1000, 
PA06,21, M,1000,75,1,3.55E+02, long, Triangle, Rhombus, Triangle,750,1000, 
PA06,21, M,1000,76,1,2.81E+02, long, Rhombus, Square, Rhombus,550,1000, 
PA06,21, M,1000,77,0,4.03E+02, long, Triangle, Pentagon, Triangle,750,1000, 
PA06,21, M,1000,78,1,4.05E+02, long, Triangle, Rhombus, Triangle,650,1000, 
PA06,21, M,1000,79,0,4.35E+02, long, Pentagon, Square, Pentagon,650,1000, 
PA06,21, M,1000,80,0,1.06E+03, short, Triangle, Square, Triangle,550,1000, 
PA06,21, M,1000,81,1,1.03E+03, short, Square, Parallelogram, Square,350,1000, 
PA06,21, M,1000,82,1,3.29E+02, long, Rhombus, Square, Rhombus,850,1000, 
PA06,21, M,1000,83,0,4.31E+02, long, Parallelogram, Rhombus, Parallelogram,650,1000, 
PA06,21, M,1000,84,1,4.82E+02, long, Parallelogram, Rhombus, Parallelogram,850,1000, 
PA06,21, M,1000,85,1,8.18E+02, short, Rhombus, Triangle, Rhombus,550,1000, 
PA06,21, M,1000,86,1,6.64E+02, short, Triangle, Parallelogram, Triangle,250,1000, 
PA06,21, M,1000,87,0,5.20E+02, short, Pentagon, Triangle, Pentagon,250,1000, 
PA06,21, M,1000,88,1,2.72E+02, long, Parallelogram, Circle, Parallelogram,550,1000, 
PA06,21, M,1000,89,1,1.84E+03, long, Pentagon, Parallelogram, Pentagon,350,1000, 
PA06,21, M,1000,90,0,6.80E+02, short, Rhombus, Pentagon, Rhombus,550,1000, 
PA06,21, M,1000,91,1,5.24E+02, short, Pentagon, Parallelogram, Pentagon,450,1000, 
PA06,21, M,1000,92,1,5.16E+02, short, Pentagon, Parallelogram, Pentagon,350,1000, 
PA06,21, M,1000,93,1,6.78E+02, short, Square, Triangle, Square,650,1000, 
PA06,21, M,1000,94,0,5.80E+02, short, Square, Pentagon, Square,350,1000, 
PA06,21, M,1000,95,0,7.70E+02, long, Square, Circle, Square,850,1000, 
PA06,21, M,1000,96,0,3.28E+02, long, Circle, Square, Circle,850,1000, 
PA06,21, M,1000,97,0,6.84E+02, short, Rhombus, Triangle, Rhombus,350,1000, 
PA06,21, M,1000,98,0,6.07E+02, short, Circle, Pentagon, Circle,650,1000, 
PA06,21, M,1000,99,0,3.81E+02, short, Triangle, Rhombus, Triangle,350,1000, 
PA06,21, M,1000,100,1,2.95E+02, long, Rhombus, Triangle, Rhombus,550,1000, 
PA06,21, M,1000,101,0,5.45E+02, short, Pentagon, Circle, Pentagon,250,1000, 
PA06,21, M,1000,102,1,5.81E+02, long, Parallelogram, Circle, Parallelogram,750,1000, 
PA06,21, M,1000,103,0,4.46E+03, long, Pentagon, Square, Pentagon,350,1000, 
PA06,21, M,1000,104,0,5.61E+02, short, Circle, Rhombus, Circle,550,1000, 
PA06,21, M,1000,105,0,4.23E+02, short, Triangle, Pentagon, Triangle,650,1000, 
PA06,21, M,1000,106,0,3.68E+03, long, Triangle, Parallelogram, Triangle,650,1000, 
PA06,21, M,1000,107,1,7.67E+02, short, Rhombus, Parallelogram, Rhombus,250,1000, 
PA06,21, M,1000,108,1,1.51E+03, short, Pentagon, Rhombus, Pentagon,650,1000, 
PA06,21, M,1000,109,0,5.97E+02, short, Rhombus, Pentagon, Rhombus,650,1000, 
PA06,21, M,1000,110,0,5.05E+02, short, Rhombus, Circle, Rhombus,250,1000, 
PA06,21, M,1000,111,1,4.75E+02, short, Square, Parallelogram, Square,750,1000, 
PA06,21, M,1000,112,1,4.64E+02, short, Pentagon, Triangle, Pentagon,350,1000, 
PA06,21, M,1000,113,1,8.68E+02, long, Parallelogram, Rhombus, Parallelogram,450,1000, 
PA06,21, M,1000,114,0,3.08E+02, long, Parallelogram, Circle, Parallelogram,450,1000, 
PA06,21, M,1000,115,1,7.60E+02, short, Triangle, Square, Triangle,450,1000, 
PA06,21, M,1000,116,0,3.90E+02, long, Circle, Parallelogram, Circle,550,1000, 
PA06,21, M,1000,117,0,6.42E+02, short, Parallelogram, Pentagon, Parallelogram,750,1000, 
PA06,21, M,1000,118,0,1.50E+03, short, Parallelogram, Triangle, Parallelogram,750,1000, 
PA06,21, M,1000,119,1,7.44E+02, short, Square, Triangle, Square,250,1000, 
PA06,21, M,1000,120,0,1.01E+03, short, Triangle, Pentagon, Triangle,550,1000, 
PA06,21, M,1000,121,1,6.72E+02, short, Circle, Square, Circle,250,1000, 
PA06,21, M,1000,122,1,3.74E+02, long, Circle, Pentagon, Circle,850,1000, 
PA06,21, M,1000,123,0,4.68E+02, short, Pentagon, Triangle, Pentagon,250,1000, 
PA06,21, M,1000,124,0,4.28E+02, short, Rhombus, Circle, Rhombus,350,1000, 
PA06,21, M,1000,125,0,3.18E+02, long, Pentagon, Square, Pentagon,750,1000, 
PA06,21, M,1000,126,1,4.66E+02, short, Pentagon, Square, Pentagon,650,1000, 
PA06,21, M,1000,127,1,6.43E+02, short, Pentagon, Triangle, Pentagon,550,1000, 
PA06,21, M,1000,128,0,7.45E+02, short, Triangle, Rhombus, Triangle,750,1000, 
PA06,21, M,1000,129,1,3.83E+02, short, Circle, Parallelogram, Circle,350,1000, 
PA06,21, M,1000,130,0,4.25E+02, short, Parallelogram, Circle, Parallelogram,250,1000, 
PA06,21, M,1000,131,0,1.61E+02, long, Circle, Triangle, Circle,850,1000, 
PA06,21, M,1000,132,0,4.29E+02, long, Rhombus, Triangle, Rhombus,750,1000, 
PA06,21, M,1000,133,1,1.07E+03, short, Triangle, Circle, Triangle,250,1000, 
PA06,21, M,1000,134,0,1.76E+03, short, Square, Rhombus, Square,450,1000, 
PA06,21, M,1000,135,0,7.99E+02, short, Square, Parallelogram, Square,250,1000, 
PA06,21, M,1000,136,1,3.61E+02, long, Square, Rhombus, Square,350,1000, 
PA06,21, M,1000,137,0,5.35E+02, short, Square, Circle, Square,250,1000, 
PA06,21, M,1000,138,0,2.79E+02, long, Square, Triangle, Square,850,1000, 
PA06,21, M,1000,139,1,4.19E+02, long, Parallelogram, Pentagon, Parallelogram,850,1000, 
PA06,21, M,1000,140,0,9.23E+02, short, Parallelogram, Pentagon, Parallelogram,250,1000, 
PA06,21, M,1000,141,0,2.43E+02, long, Square, Pentagon, Square,750,1000, 
PA06,21, M,1000,142,0,5.27E+02, short, Square, Circle, Square,350,1000, 
PA06,21, M,1000,143,1,2.63E+02, long, Triangle, Parallelogram, Triangle,850,1000, 
PA06,21, M,1000,144,1,4.79E+02, long, Triangle, Parallelogram, Triangle,650,1000, 
PA06,21, M,1000,145,0,5.81E+02, short, Rhombus, Square, Rhombus,250,1000, 
PA06,21, M,1000,146,0,4.14E+02, short, Circle, Pentagon, Circle,250,1000, 
PA06,21, M,1000,147,0,5.09E+02, short, Triangle, Parallelogram, Triangle,550,1000, 
PA06,21, M,1000,148,1,9.25E+02, long, Parallelogram, Square, Parallelogram,550,1000, 
PA06,21, M,1000,149,0,2.65E+02, short, Triangle, Circle, Triangle,650,1000, 
PA06,21, M,1000,150,1,6.38E+02, short, Triangle, Square, Triangle,250,1000, 
PA06,21, M,1000,151,1,5.75E+02, long, Pentagon, Circle, Pentagon,850,1000, 
PA06,21, M,1000,152,1,2.20E+02, short, Pentagon, Parallelogram, Pentagon,750,1000, 
PA06,21, M,1000,153,0,4.26E+02, short, Pentagon, Rhombus, Pentagon,450,1000, 
PA06,21, M,1000,154,0,4.30E+02, short, Square, Parallelogram, Square,350,1000, 
PA06,21, M,1000,155,0,5.52E+02, short, Circle, Parallelogram, Circle,450,1000, 
PA06,21, M,1000,156,1,5.22E+02, short, Parallelogram, Triangle, Parallelogram,650,1000, 
PA06,21, M,1000,157,0,2.78E+02, long, Parallelogram, Circle, Parallelogram,850,1000, 
PA06,21, M,1000,158,1,6.78E+02, long, Rhombus, Square, Rhombus,650,1000, 
PA06,21, M,1000,159,1,7.12E+02, short, Circle, Rhombus, Circle,250,1000, 
PA06,21, M,1000,160,0,4.40E+02, short, Parallelogram, Rhombus, Parallelogram,450,1000, 
PA06,21, M,1000,161,1,4.36E+02, short, Square, Rhombus, Square,250,1000, 
PA06,21, M,1000,162,1,5.06E+02, short, Parallelogram, Circle, Parallelogram,450,1000, 
PA06,21, M,1000,163,1,5.37E+01, short, Parallelogram, Square, Parallelogram,750,1000, 
PA06,21, M,1000,164,0,8.96E+02, long, Circle, Pentagon, Circle,650,1000, 
PA06,21, M,1000,165,0,2.54E+02, long, Triangle, Circle, Triangle,650,1000, 
PA06,21, M,1000,166,1,4.68E+02, long, Triangle, Pentagon, Triangle,450,1000, 
PA06,21, M,1000,167,0,5.76E+02, long, Pentagon, Circle, Pentagon,850,1000, 
PA06,21, M,1000,168,1,7.85E+02, short, Rhombus, Square, Rhombus,550,1000, 
PA06,21, M,1000,169,1,7.45E+02, short, Parallelogram, Circle, Parallelogram,450,1000, 
PA06,21, M,1000,170,0,5.91E+02, short, Square, Rhombus, Square,350,1000, 
PA06,21, M,1000,171,1,5.49E+02, short, Rhombus, Circle, Rhombus,250,1000, 
PA06,21, M,1000,172,1,1.60E+03, short, Parallelogram, Triangle, Parallelogram,450,1000, 
PA06,21, M,1000,173,0,3.03E+02, long, Parallelogram, Square, Parallelogram,850,1000, 
PA06,21, M,1000,174,0,6.41E+02, short, Square, Rhombus, Square,450,1000, 
PA06,21, M,1000,175,1,6.05E+02, short, Parallelogram, Triangle, Parallelogram,650,1000, 
PA06,21, M,1000,176,1,7.87E+02, short, Triangle, Square, Triangle,550,1000, 
PA06,21, M,1000,177,1,6.79E+02, short, Circle, Rhombus, Circle,550,1000, 
PA06,21, M,1000,178,0,6.55E+02, short, Circle, Pentagon, Circle,550,1000, 
PA06,21, M,1000,179,1,5.61E+02, long, Parallelogram, Pentagon, Parallelogram,450,1000, 
PA06,21, M,1000,180,1,4.99E+02, long, Pentagon, Triangle, Pentagon,850,1000, 
PA06,21, M,1000,181,0,6.73E+02, short, Square, Circle, Square,250,1000, 
PA06,21, M,1000,182,0,4.59E+02, short, Pentagon, Circle, Pentagon,450,1000, 
PA06,21, M,1000,183,0,4.03E+02, short, Rhombus, Parallelogram, Rhombus,250,1000, 
PA06,21, M,1000,184,1,3.63E+02, short, Triangle, Rhombus, Triangle,350,1000, 
PA06,21, M,1000,185,1,3.67E+02, long, Square, Triangle, Square,650,1000, 
PA06,21, M,1000,186,1,4.40E+02, short, Circle, Triangle, Circle,650,1000, 
PA06,21, M,1000,187,1,2.32E+02, long, Circle, Square, Circle,850,1000, 
PA06,21, M,1000,188,1,2.96E+02, short, Rhombus, Square, Rhombus,750,1000, 
PA06,21, M,1000,189,1,4.34E+02, long, Triangle, Pentagon, Triangle,450,1000, 
PA06,21, M,1000,190,0,6.06E+02, short, Square, Parallelogram, Square,450,1000, 
PA06,21, M,1000,191,1,5.24E+02, short, Triangle, Pentagon, Triangle,350,1000, 
PA06,21, M,1000,192,0,3.56E+02, short, Circle, Rhombus, Circle,550,1000, 
PA06,21, M,1000,193,0,3.18E+02, long, Parallelogram, Square, Parallelogram,550,1000, 
PA06,21, M,1000,194,1,4.26E+02, short, Pentagon, Rhombus, Pentagon,250,1000, 
PA06,21, M,1000,195,1,9.16E+02, short, Rhombus, Pentagon, Rhombus,650,1000, 
PA06,21, M,1000,196,0,7.74E+02, short, Triangle, Square, Triangle,350,1000, 
PA06,21, M,1000,197,0,7.14E+02, short, Parallelogram, Square, Parallelogram,650,1000, 
PA06,21, M,1000,198,0,8.14E+02, short, Rhombus, Pentagon, Rhombus,850,1000, 
PA06,21, M,1000,199,1,9.18E+02, short, Parallelogram, Rhombus, Parallelogram,250,1000, 
PA06,21, M,1000,200,1,5.54E+02, short, Square, Triangle, Square,250,1000, 
PA06,21, M,1000,201,0,4.44E+02, short, Circle, Triangle, Circle,350,1000, 
PA06,21, M,1000,202,1,4.20E+02, short, Circle, Triangle, Circle,250,1000, 
PA06,21, M,1000,203,0,9.62E+02, long, Triangle, Square, Triangle,850,1000, 
PA06,21, M,1000,204,0,7.16E+01, long, Circle, Parallelogram, Circle,650,1000, 
PA06,21, M,1000,205,1,3.71E+02, short, Pentagon, Rhombus, Pentagon,350,1000, 
PA06,21, M,1000,206,0,4.61E+02, short, Rhombus, Parallelogram, Rhombus,550,1000, 
PA06,21, M,1000,207,1,5.43E+02, short, Pentagon, Rhombus, Pentagon,250,1000, 
PA06,21, M,1000,208,0,3.51E+02, long, Rhombus, Parallelogram, Rhombus,650,1000, 
PA06,21, M,1000,209,0,6.03E+02, long, Parallelogram, Pentagon, Parallelogram,550,1000, 
PA06,21, M,1000,210,0,5.87E+02, short, Rhombus, Square, Rhombus,450,1000, 
