﻿Subject ID, Subject Age, Gender, Group, TrialNumber, Intended or Unintended Outcome, Reaction Time on Outcome Response, Response - Short or Long, Left Image Code, Right Image Code, Chosen Image Code, Objective Duration of Stimulus, Stimulus Delay,
PA03,20, M,250,1,1,5.39E+02, long, Circle, Rhombus, Circle,750,250, 
PA03,20, M,250,2,0,1.12E+03, long, Rhombus, Triangle, Rhombus,850,250, 
PA03,20, M,250,3,0,4.24E+02, short, Circle, Pentagon, Pentagon,650,250, 
PA03,20, M,250,4,0,8.88E+02, short, Parallelogram, Square, Square,550,250, 
PA03,20, M,250,5,0,3.00E+02, long, Square, Rhombus, Rhombus,650,250, 
PA03,20, M,250,6,0,5.91E+02, long, Circle, Parallelogram, Circle,550,250, 
PA03,20, M,250,7,1,2.02E+03, long, Pentagon, Parallelogram, Pentagon,550,250, 
PA03,20, M,250,8,0,4.37E+02, short, Parallelogram, Square, Square,250,250, 
PA03,20, M,250,9,1,4.49E+02, short, Parallelogram, Circle, Circle,350,250, 
PA03,20, M,250,10,1,1.96E+03, short, Rhombus, Circle, Rhombus,350,250, 
PA03,20, M,250,11,0,5.63E+02, long, Triangle, Rhombus, Rhombus,650,250, 
PA03,20, M,250,12,1,3.15E+02, long, Parallelogram, Square, Square,750,250, 
PA03,20, M,250,13,1,6.52E+02, short, Pentagon, Square, Pentagon,550,250, 
PA03,20, M,250,14,0,6.12E+02, short, Pentagon, Triangle, Pentagon,350,250, 
PA03,20, M,250,15,0,5.41E+02, long, Rhombus, Parallelogram, Rhombus,550,250, 
PA03,20, M,250,16,0,6.29E+02, short, Circle, Triangle, Circle,350,250, 
PA03,20, M,250,17,0,2.65E+02, long, Parallelogram, Triangle, Triangle,750,250, 
PA03,20, M,250,18,1,2.93E+02, long, Parallelogram, Square, Square,850,250, 
PA03,20, M,250,19,1,3.89E+02, short, Parallelogram, Pentagon, Pentagon,250,250, 
PA03,20, M,250,20,0,2.09E+02, long, Circle, Rhombus, Circle,850,250, 
PA03,20, M,250,21,0,3.40E+02, short, Parallelogram, Rhombus, Rhombus,450,250, 
PA03,20, M,250,22,0,4.29E+02, long, Circle, Pentagon, Circle,450,250, 
PA03,20, M,250,23,1,4.16E+02, long, Pentagon, Rhombus, Pentagon,750,250, 
PA03,20, M,250,24,0,7.40E+02, short, Circle, Rhombus, Circle,250,250, 
PA03,20, M,250,25,1,2.98E+02, long, Square, Pentagon, Pentagon,850,250, 
PA03,20, M,250,26,0,6.72E+02, short, Square, Rhombus, Rhombus,350,250, 
PA03,20, M,250,27,0,9.18E+02, short, Triangle, Circle, Circle,350,250, 
PA03,20, M,250,28,0,5.89E+02, short, Square, Parallelogram, Square,350,250, 
PA03,20, M,250,29,1,3.56E+03, long, Parallelogram, Circle, Circle,650,250, 
PA03,20, M,250,30,0,4.45E+02, long, Square, Pentagon, Square,850,250, 
PA03,20, M,250,31,0,1.24E+03, long, Rhombus, Square, Rhombus,850,250, 
PA03,20, M,250,32,1,9.89E+02, long, Square, Triangle, Square,850,250, 
PA03,20, M,250,33,0,9.21E+02, short, Parallelogram, Circle, Circle,550,250, 
PA03,20, M,250,34,1,1.37E+03, short, Square, Rhombus, Rhombus,550,250, 
PA03,20, M,250,35,0,8.36E+02, short, Triangle, Parallelogram, Triangle,250,250, 
PA03,20, M,250,36,0,3.99E+02, long, Parallelogram, Pentagon, Parallelogram,750,250, 
PA03,20, M,250,37,0,6.32E+02, long, Square, Circle, Circle,750,250, 
PA03,20, M,250,38,0,7.71E+02, short, Pentagon, Rhombus, Pentagon,550,250, 
PA03,20, M,250,39,0,5.17E+02, short, Triangle, Square, Square,550,250, 
PA03,20, M,250,40,1,5.30E+02, long, Circle, Pentagon, Pentagon,650,250, 
PA03,20, M,250,41,0,4.47E+02, short, Square, Circle, Circle,450,250, 
PA03,20, M,250,42,1,5.73E+02, short, Pentagon, Circle, Circle,450,250, 
PA03,20, M,250,43,1,2.04E+02, long, Circle, Triangle, Circle,750,250, 
PA03,20, M,250,44,0,6.57E+02, short, Square, Rhombus, Square,450,250, 
PA03,20, M,250,45,0,2.30E+02, long, Pentagon, Circle, Circle,750,250, 
PA03,20, M,250,46,1,2.88E+02, long, Rhombus, Pentagon, Rhombus,650,250, 
PA03,20, M,250,47,1,8.16E+02, short, Square, Parallelogram, Square,550,250, 
PA03,20, M,250,48,0,9.62E+02, long, Circle, Square, Circle,750,250, 
PA03,20, M,250,49,1,4.58E+02, short, Parallelogram, Pentagon, Pentagon,450,250, 
PA03,20, M,250,50,1,7.30E+02, short, Parallelogram, Triangle, Triangle,350,250, 
PA03,20, M,250,51,0,5.11E+02, short, Triangle, Circle, Circle,250,250, 
PA03,20, M,250,52,0,3.94E+02, long, Circle, Triangle, Circle,750,250, 
PA03,20, M,250,53,0,3.35E+02, short, Triangle, Parallelogram, Triangle,450,250, 
PA03,20, M,250,54,1,1.77E+02, long, Triangle, Rhombus, Rhombus,750,250, 
PA03,20, M,250,55,1,5.79E+02, long, Circle, Triangle, Circle,650,250, 
PA03,20, M,250,56,0,4.34E+02, short, Circle, Pentagon, Circle,450,250, 
PA03,20, M,250,57,1,9.53E+02, short, Pentagon, Square, Pentagon,850,250, 
PA03,20, M,250,58,1,1.93E+02, long, Rhombus, Triangle, Rhombus,750,250, 
PA03,20, M,250,59,0,3.85E+02, short, Rhombus, Parallelogram, Rhombus,550,250, 
PA03,20, M,250,60,1,8.49E+02, short, Circle, Triangle, Circle,350,250, 
PA03,20, M,250,61,0,5.77E+02, short, Circle, Pentagon, Circle,250,250, 
PA03,20, M,250,62,1,8.41E+02, short, Rhombus, Pentagon, Pentagon,350,250, 
PA03,20, M,250,63,1,2.39E+02, long, Pentagon, Parallelogram, Pentagon,750,250, 
PA03,20, M,250,64,1,6.65E+02, short, Triangle, Parallelogram, Triangle,550,250, 
PA03,20, M,250,65,1,7.02E+02, long, Square, Parallelogram, Square,650,250, 
PA03,20, M,250,66,1,6.20E+02, short, Pentagon, Triangle, Pentagon,650,250, 
PA03,20, M,250,67,0,1.35E+03, long, Triangle, Parallelogram, Triangle,850,250, 
PA03,20, M,250,68,1,6.80E+02, short, Pentagon, Triangle, Pentagon,650,250, 
PA03,20, M,250,69,1,4.78E+02, short, Circle, Parallelogram, Circle,450,250, 
PA03,20, M,250,70,1,5.36E+02, short, Triangle, Pentagon, Pentagon,450,250, 
PA03,20, M,250,71,1,1.78E+02, long, Square, Triangle, Square,750,250, 
PA03,20, M,250,72,0,3.49E+02, long, Pentagon, Parallelogram, Pentagon,750,250, 
PA03,20, M,250,73,0,3.04E+02, long, Triangle, Rhombus, Triangle,750,250, 
PA03,20, M,250,74,1,3.12E+03, short, Rhombus, Circle, Rhombus,450,250, 
PA03,20, M,250,75,0,1.41E+03, long, Parallelogram, Circle, Circle,850,250, 
PA03,20, M,250,76,1,2.99E+02, long, Pentagon, Rhombus, Pentagon,750,250, 
PA03,20, M,250,77,1,3.12E+03, long, Circle, Rhombus, Circle,450,250, 
PA03,20, M,250,78,0,4.70E+02, short, Rhombus, Triangle, Rhombus,450,250, 
PA03,20, M,250,79,1,4.34E+02, short, Rhombus, Parallelogram, Rhombus,250,250, 
PA03,20, M,250,80,1,3.48E+02, long, Square, Pentagon, Pentagon,450,250, 
PA03,20, M,250,81,0,5.93E+02, short, Triangle, Circle, Triangle,450,250, 
PA03,20, M,250,82,0,2.36E+02, long, Square, Circle, Circle,750,250, 
PA03,20, M,250,83,0,4.00E+02, short, Parallelogram, Rhombus, Rhombus,650,250, 
PA03,20, M,250,84,1,1.59E+03, short, Square, Circle, Circle,550,250, 
PA03,20, M,250,85,1,2.55E+01, long, Triangle, Square, Square,850,250, 
PA03,20, M,250,86,0,4.19E+02, short, Triangle, Parallelogram, Triangle,350,250, 
PA03,20, M,250,87,1,6.20E+02, long, Rhombus, Square, Rhombus,650,250, 
PA03,20, M,250,88,1,6.26E+02, short, Parallelogram, Triangle, Triangle,350,250, 
PA03,20, M,250,89,0,8.47E+02, long, Square, Parallelogram, Square,450,250, 
PA03,20, M,250,90,1,5.51E+02, long, Parallelogram, Circle, Circle,550,250, 
PA03,20, M,250,91,0,8.09E+02, short, Pentagon, Triangle, Pentagon,350,250, 
PA03,20, M,250,92,1,4.31E+02, short, Rhombus, Circle, Circle,250,250, 
PA03,20, M,250,93,0,4.45E+02, short, Parallelogram, Pentagon, Pentagon,250,250, 
PA03,20, M,250,94,0,5.53E+02, long, Circle, Parallelogram, Circle,550,250, 
PA03,20, M,250,95,1,3.13E+02, long, Circle, Square, Circle,550,250, 
PA03,20, M,250,96,0,2.21E+03, short, Circle, Rhombus, Circle,650,250, 
PA03,20, M,250,97,0,5.73E+02, long, Triangle, Parallelogram, Triangle,650,250, 
PA03,20, M,250,98,0,3.02E+02, long, Circle, Square, Circle,550,250, 
PA03,20, M,250,99,1,4.84E+02, long, Rhombus, Triangle, Triangle,550,250, 
PA03,20, M,250,100,0,5.56E+02, short, Circle, Pentagon, Pentagon,350,250, 
PA03,20, M,250,101,1,6.02E+02, short, Square, Triangle, Square,250,250, 
PA03,20, M,250,102,1,1.44E+02, long, Square, Parallelogram, Square,850,250, 
PA03,20, M,250,103,0,1.66E+03, long, Parallelogram, Triangle, Parallelogram,750,250, 
PA03,20, M,250,104,1,1.88E+02, long, Circle, Triangle, Circle,850,250, 
PA03,20, M,250,105,0,5.81E+02, short, Square, Parallelogram, Square,250,250, 
PA03,20, M,250,106,1,4.55E+02, short, Triangle, Circle, Circle,350,250, 
PA03,20, M,250,107,1,3.23E+02, long, Rhombus, Square, Rhombus,550,250, 
PA03,20, M,250,108,0,1.39E+03, short, Circle, Parallelogram, Circle,550,250, 
PA03,20, M,250,109,0,5.16E+02, short, Pentagon, Square, Pentagon,250,250, 
PA03,20, M,250,110,1,5.80E+02, short, Pentagon, Square, Pentagon,250,250, 
PA03,20, M,250,111,1,1.95E+02, long, Square, Pentagon, Pentagon,850,250, 
PA03,20, M,250,112,0,3.35E+02, long, Square, Rhombus, Rhombus,650,250, 
PA03,20, M,250,113,1,4.87E+02, short, Parallelogram, Rhombus, Rhombus,550,250, 
PA03,20, M,250,114,1,5.72E+02, short, Pentagon, Rhombus, Pentagon,250,250, 
PA03,20, M,250,115,1,2.40E+03, long, Parallelogram, Triangle, Triangle,450,250, 
PA03,20, M,250,116,0,4.34E+03, long, Parallelogram, Pentagon, Pentagon,550,250, 
PA03,20, M,250,117,1,4.20E+02, long, Square, Pentagon, Pentagon,550,250, 
PA03,20, M,250,118,0,2.52E+02, long, Square, Triangle, Square,850,250, 
PA03,20, M,250,119,1,4.65E+02, short, Triangle, Pentagon, Pentagon,250,250, 
PA03,20, M,250,120,1,1.23E+03, short, Triangle, Pentagon, Pentagon,550,250, 
PA03,20, M,250,121,0,2.67E+02, long, Rhombus, Pentagon, Pentagon,850,250, 
PA03,20, M,250,122,0,5.67E+02, short, Triangle, Square, Triangle,650,250, 
PA03,20, M,250,123,0,1.09E+03, long, Triangle, Pentagon, Pentagon,850,250, 
PA03,20, M,250,124,1,1.24E+03, long, Rhombus, Square, Rhombus,650,250, 
PA03,20, M,250,125,1,6.84E+02, long, Square, Triangle, Square,750,250, 
PA03,20, M,250,126,0,4.68E+02, short, Square, Triangle, Square,250,250, 
PA03,20, M,250,127,1,3.66E+02, short, Pentagon, Parallelogram, Pentagon,250,250, 
PA03,20, M,250,128,0,4.38E+02, long, Triangle, Square, Square,450,250, 
PA03,20, M,250,129,0,1.23E+03, long, Rhombus, Pentagon, Rhombus,750,250, 
PA03,20, M,250,130,0,2.01E+02, long, Pentagon, Parallelogram, Pentagon,650,250, 
PA03,20, M,250,131,0,3.76E+02, short, Square, Rhombus, Square,450,250, 
PA03,20, M,250,132,0,3.30E+02, long, Circle, Rhombus, Circle,750,250, 
PA03,20, M,250,133,1,4.47E+02, long, Rhombus, Circle, Circle,450,250, 
PA03,20, M,250,134,0,4.16E+02, long, Pentagon, Parallelogram, Pentagon,750,250, 
PA03,20, M,250,135,1,5.85E+02, short, Pentagon, Triangle, Pentagon,450,250, 
PA03,20, M,250,136,0,9.81E+02, long, Triangle, Rhombus, Triangle,650,250, 
PA03,20, M,250,137,0,5.54E+02, long, Circle, Square, Circle,650,250, 
PA03,20, M,250,138,1,2.12E+02, long, Triangle, Square, Square,650,250, 
PA03,20, M,250,139,0,4.18E+02, short, Square, Pentagon, Pentagon,350,250, 
PA03,20, M,250,140,0,3.24E+02, short, Parallelogram, Rhombus, Rhombus,250,250, 
PA03,20, M,250,141,0,9.04E+02, long, Rhombus, Square, Rhombus,650,250, 
PA03,20, M,250,142,0,5.42E+02, short, Parallelogram, Circle, Circle,250,250, 
PA03,20, M,250,143,1,4.28E+02, long, Pentagon, Circle, Circle,450,250, 
PA03,20, M,250,144,1,4.65E+02, long, Triangle, Parallelogram, Triangle,750,250, 
PA03,20, M,250,145,1,5.13E+02, short, Rhombus, Pentagon, Rhombus,450,250, 
PA03,20, M,250,146,1,2.14E+02, long, Parallelogram, Square, Square,650,250, 
PA03,20, M,250,147,0,2.97E+02, short, Triangle, Pentagon, Pentagon,350,250, 
PA03,20, M,250,148,1,4.01E+02, short, Circle, Parallelogram, Circle,350,250, 
PA03,20, M,250,149,0,7.81E+02, long, Pentagon, Rhombus, Pentagon,650,250, 
PA03,20, M,250,150,0,1.30E+03, short, Pentagon, Rhombus, Pentagon,350,250, 
PA03,20, M,250,151,1,1.32E+03, long, Rhombus, Circle, Circle,850,250, 
PA03,20, M,250,152,1,4.79E+02, short, Triangle, Rhombus, Rhombus,250,250, 
PA03,20, M,250,153,1,1.55E+02, long, Pentagon, Parallelogram, Pentagon,850,250, 
PA03,20, M,250,154,0,4.39E+02, short, Circle, Square, Circle,450,250, 
PA03,20, M,250,155,1,1.85E+03, short, Square, Circle, Circle,650,250, 
PA03,20, M,250,156,1,1.05E+03, long, Triangle, Rhombus, Rhombus,850,250, 
PA03,20, M,250,157,0,7.60E+02, short, Pentagon, Square, Pentagon,550,250, 
PA03,20, M,250,158,1,3.12E+02, long, Square, Circle, Circle,850,250, 
PA03,20, M,250,159,1,3.62E+02, short, Circle, Rhombus, Circle,350,250, 
PA03,20, M,250,160,1,2.68E+02, long, Parallelogram, Rhombus, Rhombus,650,250, 
PA03,20, M,250,161,0,5.36E+02, short, Pentagon, Circle, Circle,550,250, 
PA03,20, M,250,162,0,9.56E+02, short, Circle, Square, Circle,850,250, 
PA03,20, M,250,163,1,4.38E+02, short, Circle, Parallelogram, Circle,250,250, 
PA03,20, M,250,164,1,4.15E+02, short, Rhombus, Triangle, Rhombus,250,250, 
PA03,20, M,250,165,0,3.93E+02, long, Triangle, Square, Square,450,250, 
PA03,20, M,250,166,0,4.57E+02, short, Rhombus, Circle, Rhombus,350,250, 
PA03,20, M,250,167,0,8.16E+01, long, Circle, Parallelogram, Circle,850,250, 
PA03,20, M,250,168,1,7.45E+02, short, Rhombus, Pentagon, Rhombus,350,250, 
PA03,20, M,250,169,0,4.45E+02, short, Rhombus, Parallelogram, Rhombus,250,250, 
PA03,20, M,250,170,1,6.36E+02, short, Pentagon, Circle, Pentagon,250,250, 
PA03,20, M,250,171,1,2.09E-01, long, Circle, Square, Circle,750,250, 
PA03,20, M,250,172,0,1.24E+03, long, Pentagon, Triangle, Pentagon,550,250, 
PA03,20, M,250,173,1,3.77E+02, short, Rhombus, Square, Rhombus,350,250, 
PA03,20, M,250,174,1,4.34E+02, short, Rhombus, Parallelogram, Rhombus,250,250, 
PA03,20, M,250,175,0,3.55E+02, long, Pentagon, Circle, Circle,450,250, 
PA03,20, M,250,176,1,6.43E+02, short, Triangle, Rhombus, Rhombus,350,250, 
PA03,20, M,250,177,0,3.31E+02, short, Parallelogram, Pentagon, Pentagon,350,250, 
PA03,20, M,250,178,1,4.77E+02, short, Parallelogram, Square, Square,450,250, 
PA03,20, M,250,179,1,2.06E+02, long, Parallelogram, Square, Square,850,250, 
PA03,20, M,250,180,0,4.35E+02, short, Parallelogram, Rhombus, Rhombus,850,250, 
PA03,20, M,250,181,0,6.96E+02, long, Pentagon, Triangle, Pentagon,750,250, 
PA03,20, M,250,182,0,5.08E+02, short, Rhombus, Square, Rhombus,250,250, 
PA03,20, M,250,183,1,5.39E+02, long, Rhombus, Pentagon, Pentagon,650,250, 
PA03,20, M,250,184,0,6.80E+02, long, Circle, Triangle, Circle,750,250, 
PA03,20, M,250,185,1,2.03E+02, long, Parallelogram, Rhombus, Rhombus,750,250, 
PA03,20, M,250,186,1,5.41E+02, short, Triangle, Circle, Circle,250,250, 
PA03,20, M,250,187,1,6.07E+02, short, Rhombus, Triangle, Rhombus,550,250, 
PA03,20, M,250,188,0,4.38E+02, short, Parallelogram, Circle, Circle,250,250, 
PA03,20, M,250,189,0,4.16E+02, long, Rhombus, Triangle, Rhombus,650,250, 
PA03,20, M,250,190,1,5.12E+02, long, Circle, Pentagon, Circle,750,250, 
PA03,20, M,250,191,1,9.04E+02, short, Rhombus, Circle, Circle,850,250, 
PA03,20, M,250,192,1,1.28E+03, long, Triangle, Square, Triangle,550,250, 
PA03,20, M,250,193,0,2.18E+02, long, Square, Triangle, Square,850,250, 
PA03,20, M,250,194,1,2.98E+02, short, Triangle, Circle, Circle,350,250, 
PA03,20, M,250,195,0,1.53E+03, short, Rhombus, Parallelogram, Rhombus,850,250, 
PA03,20, M,250,196,1,4.01E+02, short, Pentagon, Circle, Circle,450,250, 
PA03,20, M,250,197,0,1.36E+03, short, Rhombus, Parallelogram, Rhombus,450,250, 
PA03,20, M,250,198,0,5.79E+02, long, Square, Rhombus, Square,550,250, 
PA03,20, M,250,199,1,6.41E+02, short, Square, Parallelogram, Square,250,250, 
PA03,20, M,250,200,1,4.81E+02, short, Pentagon, Square, Pentagon,350,250, 
PA03,20, M,250,201,1,3.57E+02, long, Parallelogram, Triangle, Parallelogram,650,250, 
PA03,20, M,250,202,0,6.27E+02, short, Square, Pentagon, Square,850,250, 
PA03,20, M,250,203,0,4.05E+02, short, Triangle, Circle, Circle,250,250, 
PA03,20, M,250,204,0,6.33E+02, short, Pentagon, Square, Pentagon,350,250, 
PA03,20, M,250,205,0,4.35E+02, short, Square, Circle, Square,350,250, 
PA03,20, M,250,206,1,2.99E+02, short, Pentagon, Rhombus, Pentagon,350,250, 
PA03,20, M,250,207,1,1.08E+01, long, Triangle, Pentagon, Pentagon,750,250, 
PA03,20, M,250,208,1,2.51E+02, long, Parallelogram, Pentagon, Pentagon,850,250, 
PA03,20, M,250,209,0,7.39E+02, long, Parallelogram, Triangle, Triangle,650,250, 
PA03,20, M,250,210,1,4.09E+02, short, Triangle, Pentagon, Pentagon,450,250, 
