﻿Subject ID, Subject Age, Gender, Group, TrialNumber, Intended or Unintended Outcome, Reaction Time on Outcome Response, Response - Short or Long, Left Image Code, Right Image Code, Chosen Image Code, Objective Duration of Stimulus, Stimulus Delay,
PA02,21, M,1000,1,0,6.47E+02, short, Parallelogram, Circle, Circle,350,1000, 
PA02,21, M,1000,2,0,4.35E+02, long, Rhombus, Pentagon, Rhombus,850,1000, 
PA02,21, M,1000,3,1,3.20E+02, long, Circle, Parallelogram, Circle,850,1000, 
PA02,21, M,1000,4,1,3.90E+03, long, Square, Pentagon, Square,450,1000, 
PA02,21, M,1000,5,1,6.44E+02, long, Parallelogram, Triangle, Triangle,750,1000, 
PA02,21, M,1000,6,0,7.34E+02, long, Rhombus, Triangle, Rhombus,550,1000, 
PA02,21, M,1000,7,0,9.04E+02, long, Circle, Triangle, Circle,850,1000, 
PA02,21, M,1000,8,1,6.16E+02, long, Parallelogram, Triangle, Parallelogram,650,1000, 
PA02,21, M,1000,9,1,7.67E+02, long, Square, Triangle, Triangle,850,1000, 
PA02,21, M,1000,10,0,2.28E+03, short, Triangle, Pentagon, Pentagon,450,1000, 
PA02,21, M,1000,11,1,4.91E+02, long, Rhombus, Parallelogram, Rhombus,850,1000, 
PA02,21, M,1000,12,0,2.30E+03, short, Triangle, Circle, Triangle,350,1000, 
PA02,21, M,1000,13,0,3.41E+02, long, Triangle, Pentagon, Triangle,850,1000, 
PA02,21, M,1000,14,1,3.87E+02, long, Circle, Rhombus, Circle,850,1000, 
PA02,21, M,1000,15,0,7.03E+02, short, Parallelogram, Rhombus, Parallelogram,250,1000, 
PA02,21, M,1000,16,1,1.81E+03, long, Parallelogram, Circle, Circle,450,1000, 
PA02,21, M,1000,17,0,3.99E+02, long, Triangle, Parallelogram, Triangle,850,1000, 
PA02,21, M,1000,18,0,7.08E+02, short, Circle, Square, Circle,250,1000, 
PA02,21, M,1000,19,1,3.82E+02, long, Parallelogram, Rhombus, Parallelogram,650,1000, 
PA02,21, M,1000,20,0,3.90E+03, short, Triangle, Rhombus, Rhombus,450,1000, 
PA02,21, M,1000,21,1,1.08E+03, long, Square, Triangle, Square,650,1000, 
PA02,21, M,1000,22,0,5.10E+02, long, Circle, Rhombus, Circle,750,1000, 
PA02,21, M,1000,23,1,6.29E+02, short, Rhombus, Pentagon, Rhombus,350,1000, 
PA02,21, M,1000,24,1,4.39E+03, short, Pentagon, Circle, Pentagon,450,1000, 
PA02,21, M,1000,25,0,4.64E+02, long, Rhombus, Triangle, Triangle,650,1000, 
PA02,21, M,1000,26,0,2.54E+03, long, Pentagon, Circle, Pentagon,550,1000, 
PA02,21, M,1000,27,0,8.09E+02, short, Parallelogram, Rhombus, Rhombus,250,1000, 
PA02,21, M,1000,28,1,3.81E+02, long, Pentagon, Square, Square,650,1000, 
PA02,21, M,1000,29,0,8.47E+02, short, Triangle, Parallelogram, Parallelogram,250,1000, 
PA02,21, M,1000,30,0,2.69E+02, long, Circle, Pentagon, Circle,650,1000, 
PA02,21, M,1000,31,0,2.71E+02, long, Square, Parallelogram, Square,850,1000, 
PA02,21, M,1000,32,0,5.27E+02, short, Square, Circle, Square,350,1000, 
PA02,21, M,1000,33,1,2.67E+02, long, Square, Triangle, Square,850,1000, 
PA02,21, M,1000,34,1,7.65E+02, short, Pentagon, Triangle, Pentagon,350,1000, 
PA02,21, M,1000,35,0,3.77E+02, long, Rhombus, Triangle, Rhombus,550,1000, 
PA02,21, M,1000,36,0,5.85E+02, short, Circle, Triangle, Circle,350,1000, 
PA02,21, M,1000,37,0,3.79E+02, long, Parallelogram, Pentagon, Parallelogram,550,1000, 
PA02,21, M,1000,38,0,2.98E+02, long, Triangle, Pentagon, Triangle,850,1000, 
PA02,21, M,1000,39,1,3.30E+02, long, Square, Pentagon, Square,850,1000, 
PA02,21, M,1000,40,1,6.02E+02, short, Parallelogram, Pentagon, Parallelogram,350,1000, 
PA02,21, M,1000,41,0,1.46E+03, short, Pentagon, Triangle, Pentagon,550,1000, 
PA02,21, M,1000,42,0,3.72E+02, long, Parallelogram, Pentagon, Pentagon,650,1000, 
PA02,21, M,1000,43,1,8.85E+02, short, Square, Circle, Square,350,1000, 
PA02,21, M,1000,44,1,2.26E+02, long, Triangle, Square, Triangle,750,1000, 
PA02,21, M,1000,45,0,3.01E+03, long, Square, Circle, Circle,450,1000, 
PA02,21, M,1000,46,1,4.94E+02, short, Rhombus, Circle, Rhombus,250,1000, 
PA02,21, M,1000,47,1,4.29E+02, long, Triangle, Rhombus, Triangle,450,1000, 
PA02,21, M,1000,48,1,2.24E+03, short, Rhombus, Circle, Rhombus,350,1000, 
PA02,21, M,1000,49,0,4.27E+02, long, Triangle, Square, Triangle,650,1000, 
PA02,21, M,1000,50,1,5.69E+02, short, Square, Circle, Square,350,1000, 
PA02,21, M,1000,51,1,4.69E+02, short, Parallelogram, Square, Square,250,1000, 
PA02,21, M,1000,52,1,5.03E+02, long, Triangle, Rhombus, Triangle,550,1000, 
PA02,21, M,1000,53,1,3.51E+02, long, Square, Parallelogram, Parallelogram,550,1000, 
PA02,21, M,1000,54,1,2.79E+02, long, Triangle, Circle, Circle,850,1000, 
PA02,21, M,1000,55,0,3.59E+02, long, Square, Triangle, Triangle,750,1000, 
PA02,21, M,1000,56,1,1.54E+03, long, Parallelogram, Pentagon, Pentagon,350,1000, 
PA02,21, M,1000,57,0,3.19E+02, long, Circle, Parallelogram, Parallelogram,750,1000, 
PA02,21, M,1000,58,1,3.10E+02, long, Rhombus, Parallelogram, Parallelogram,650,1000, 
PA02,21, M,1000,59,1,4.12E+02, long, Square, Parallelogram, Square,450,1000, 
PA02,21, M,1000,60,1,4.26E+02, long, Pentagon, Triangle, Pentagon,450,1000, 
PA02,21, M,1000,61,0,2.56E+02, long, Triangle, Circle, Circle,750,1000, 
PA02,21, M,1000,62,0,1.78E+03, short, Rhombus, Square, Rhombus,450,1000, 
PA02,21, M,1000,63,0,2.56E+02, long, Pentagon, Circle, Pentagon,750,1000, 
PA02,21, M,1000,64,0,5.52E+02, short, Parallelogram, Triangle, Parallelogram,350,1000, 
PA02,21, M,1000,65,1,1.01E+03, long, Pentagon, Rhombus, Pentagon,450,1000, 
PA02,21, M,1000,66,1,5.11E+02, short, Circle, Rhombus, Circle,250,1000, 
PA02,21, M,1000,67,0,7.63E+02, long, Circle, Triangle, Circle,550,1000, 
PA02,21, M,1000,68,1,5.11E+02, short, Triangle, Rhombus, Triangle,350,1000, 
PA02,21, M,1000,69,0,3.87E+02, long, Circle, Pentagon, Circle,850,1000, 
PA02,21, M,1000,70,1,1.35E+03, long, Pentagon, Parallelogram, Pentagon,450,1000, 
PA02,21, M,1000,71,0,4.25E+02, long, Circle, Square, Circle,850,1000, 
PA02,21, M,1000,72,1,2.99E+02, long, Pentagon, Square, Pentagon,750,1000, 
PA02,21, M,1000,73,1,2.59E+02, long, Square, Pentagon, Pentagon,650,1000, 
PA02,21, M,1000,74,0,5.36E+02, short, Triangle, Parallelogram, Triangle,450,1000, 
PA02,21, M,1000,75,0,3.21E+02, long, Square, Pentagon, Square,750,1000, 
PA02,21, M,1000,76,1,9.88E+02, short, Rhombus, Pentagon, Rhombus,250,1000, 
PA02,21, M,1000,77,1,3.45E+02, long, Square, Rhombus, Square,550,1000, 
PA02,21, M,1000,78,0,2.32E+02, long, Rhombus, Circle, Rhombus,650,1000, 
PA02,21, M,1000,79,0,4.23E+02, short, Circle, Rhombus, Circle,450,1000, 
PA02,21, M,1000,80,0,2.92E+02, long, Triangle, Pentagon, Triangle,650,1000, 
PA02,21, M,1000,81,1,4.06E+02, short, Rhombus, Triangle, Rhombus,250,1000, 
PA02,21, M,1000,82,0,2.38E+02, long, Parallelogram, Pentagon, Pentagon,650,1000, 
PA02,21, M,1000,83,0,9.92E+02, long, Pentagon, Triangle, Pentagon,350,1000, 
PA02,21, M,1000,84,1,4.14E+02, long, Parallelogram, Rhombus, Parallelogram,550,1000, 
PA02,21, M,1000,85,0,1.58E+03, long, Pentagon, Parallelogram, Pentagon,350,1000, 
PA02,21, M,1000,86,1,1.41E+03, short, Parallelogram, Triangle, Parallelogram,350,1000, 
PA02,21, M,1000,87,0,7.38E+02, long, Parallelogram, Circle, Parallelogram,350,1000, 
PA02,21, M,1000,88,0,4.50E+02, long, Pentagon, Square, Pentagon,450,1000, 
PA02,21, M,1000,89,0,4.35E+02, long, Rhombus, Triangle, Rhombus,450,1000, 
PA02,21, M,1000,90,0,4.65E+02, long, Rhombus, Parallelogram, Rhombus,850,1000, 
PA02,21, M,1000,91,1,3.58E+03, short, Parallelogram, Circle, Parallelogram,450,1000, 
PA02,21, M,1000,92,0,2.93E+02, long, Pentagon, Rhombus, Pentagon,850,1000, 
PA02,21, M,1000,93,0,1.09E+03, short, Circle, Rhombus, Circle,650,1000, 
PA02,21, M,1000,94,1,6.29E+02, short, Pentagon, Circle, Pentagon,350,1000, 
PA02,21, M,1000,95,0,1.31E+03, short, Circle, Square, Circle,350,1000, 
PA02,21, M,1000,96,0,5.73E+02, short, Circle, Parallelogram, Circle,250,1000, 
PA02,21, M,1000,97,1,4.33E+02, short, Circle, Square, Circle,350,1000, 
PA02,21, M,1000,98,1,4.34E+02, short, Square, Parallelogram, Square,350,1000, 
PA02,21, M,1000,99,0,3.59E+02, short, Pentagon, Square, Pentagon,250,1000, 
PA02,21, M,1000,100,1,4.60E+02, short, Pentagon, Square, Pentagon,550,1000, 
PA02,21, M,1000,101,0,1.13E+03, short, Circle, Triangle, Circle,650,1000, 
PA02,21, M,1000,102,1,5.34E+02, short, Rhombus, Triangle, Rhombus,250,1000, 
PA02,21, M,1000,103,0,3.12E+02, long, Triangle, Parallelogram, Triangle,850,1000, 
PA02,21, M,1000,104,1,2.94E+02, long, Parallelogram, Rhombus, Parallelogram,850,1000, 
PA02,21, M,1000,105,1,2.64E+02, long, Pentagon, Rhombus, Pentagon,750,1000, 
PA02,21, M,1000,106,0,2.82E+02, long, Triangle, Rhombus, Triangle,650,1000, 
PA02,21, M,1000,107,1,4.11E+02, long, Triangle, Square, Triangle,550,1000, 
PA02,21, M,1000,108,1,2.76E+02, long, Circle, Pentagon, Circle,550,1000, 
PA02,21, M,1000,109,0,6.17E+02, short, Triangle, Square, Triangle,450,1000, 
PA02,21, M,1000,110,1,1.92E+02, long, Triangle, Pentagon, Triangle,850,1000, 
PA02,21, M,1000,111,1,3.48E+02, long, Rhombus, Parallelogram, Rhombus,650,1000, 
PA02,21, M,1000,112,1,6.48E+02, long, Rhombus, Square, Rhombus,750,1000, 
PA02,21, M,1000,113,1,1.99E+02, long, Circle, Parallelogram, Circle,850,1000, 
PA02,21, M,1000,114,1,6.06E+02, short, Rhombus, Pentagon, Rhombus,450,1000, 
PA02,21, M,1000,115,0,4.67E+02, short, Square, Circle, Square,250,1000, 
PA02,21, M,1000,116,1,4.45E+02, long, Circle, Square, Circle,550,1000, 
PA02,21, M,1000,117,1,5.05E+02, long, Triangle, Square, Triangle,850,1000, 
PA02,21, M,1000,118,0,5.06E+02, short, Rhombus, Triangle, Rhombus,350,1000, 
PA02,21, M,1000,119,1,5.33E+02, short, Rhombus, Parallelogram, Rhombus,250,1000, 
PA02,21, M,1000,120,0,8.35E+02, long, Pentagon, Rhombus, Pentagon,550,1000, 
PA02,21, M,1000,121,1,6.02E+02, long, Circle, Rhombus, Circle,550,1000, 
PA02,21, M,1000,122,0,5.58E+02, short, Parallelogram, Circle, Parallelogram,450,1000, 
PA02,21, M,1000,123,1,6.17E+02, short, Square, Pentagon, Square,250,1000, 
PA02,21, M,1000,124,0,2.73E+02, long, Circle, Triangle, Circle,550,1000, 
PA02,21, M,1000,125,1,2.83E+02, long, Pentagon, Square, Pentagon,750,1000, 
PA02,21, M,1000,126,1,9.96E+02, short, Square, Triangle, Square,550,1000, 
PA02,21, M,1000,127,0,2.49E+02, long, Pentagon, Triangle, Pentagon,650,1000, 
PA02,21, M,1000,128,0,1.08E+03, long, Rhombus, Parallelogram, Rhombus,750,1000, 
PA02,21, M,1000,129,1,3.30E+02, short, Pentagon, Rhombus, Pentagon,250,1000, 
PA02,21, M,1000,130,0,2.42E+02, long, Circle, Triangle, Circle,650,1000, 
PA02,21, M,1000,131,0,5.76E+02, long, Circle, Triangle, Circle,750,1000, 
PA02,21, M,1000,132,1,1.54E+03, short, Circle, Parallelogram, Circle,450,1000, 
PA02,21, M,1000,133,0,2.86E+02, long, Rhombus, Pentagon, Rhombus,850,1000, 
PA02,21, M,1000,134,1,1.05E+03, long, Rhombus, Square, Rhombus,450,1000, 
PA02,21, M,1000,135,1,3.06E+02, long, Triangle, Pentagon, Triangle,750,1000, 
PA02,21, M,1000,136,0,2.98E+02, long, Pentagon, Parallelogram, Pentagon,750,1000, 
PA02,21, M,1000,137,1,2.52E+02, long, Pentagon, Triangle, Pentagon,750,1000, 
PA02,21, M,1000,138,1,4.66E+02, short, Triangle, Parallelogram, Triangle,250,1000, 
PA02,21, M,1000,139,1,3.42E+02, long, Rhombus, Circle, Rhombus,550,1000, 
PA02,21, M,1000,140,0,5.06E+02, short, Circle, Parallelogram, Circle,350,1000, 
PA02,21, M,1000,141,0,2.56E+02, long, Square, Rhombus, Square,850,1000, 
PA02,21, M,1000,142,1,4.39E+02, short, Circle, Pentagon, Circle,250,1000, 
PA02,21, M,1000,143,0,2.56E+02, long, Square, Pentagon, Square,650,1000, 
PA02,21, M,1000,144,0,5.43E+02, short, Triangle, Circle, Circle,250,1000, 
PA02,21, M,1000,145,1,2.45E+03, long, Rhombus, Pentagon, Pentagon,650,1000, 
PA02,21, M,1000,146,0,2.92E+03, short, Circle, Pentagon, Pentagon,350,1000, 
PA02,21, M,1000,147,0,5.83E+02, short, Pentagon, Rhombus, Pentagon,250,1000, 
PA02,21, M,1000,148,0,2.57E+02, long, Parallelogram, Circle, Parallelogram,550,1000, 
PA02,21, M,1000,149,0,3.37E+02, long, Square, Circle, Square,550,1000, 
PA02,21, M,1000,150,0,4.59E+02, long, Triangle, Square, Square,550,1000, 
PA02,21, M,1000,151,1,3.00E+02, long, Rhombus, Circle, Circle,550,1000, 
PA02,21, M,1000,152,1,2.67E+02, long, Pentagon, Circle, Circle,650,1000, 
PA02,21, M,1000,153,1,1.07E+02, long, Parallelogram, Square, Square,850,1000, 
PA02,21, M,1000,154,0,6.23E+02, long, Triangle, Circle, Circle,850,1000, 
PA02,21, M,1000,155,0,2.26E+02, long, Rhombus, Circle, Circle,550,1000, 
PA02,21, M,1000,156,1,6.11E+02, long, Pentagon, Parallelogram, Parallelogram,750,1000, 
PA02,21, M,1000,157,0,5.28E+02, long, Pentagon, Square, Square,850,1000, 
PA02,21, M,1000,158,0,1.18E+03, long, Square, Rhombus, Rhombus,550,1000, 
PA02,21, M,1000,159,1,9.62E+02, long, Circle, Rhombus, Rhombus,450,1000, 
PA02,21, M,1000,160,1,5.58E+02, long, Square, Parallelogram, Parallelogram,850,1000, 
PA02,21, M,1000,161,1,5.50E+02, long, Parallelogram, Square, Square,650,1000, 
PA02,21, M,1000,162,1,5.52E+02, long, Circle, Parallelogram, Parallelogram,650,1000, 
PA02,21, M,1000,163,0,7.68E+02, short, Pentagon, Circle, Circle,250,1000, 
PA02,21, M,1000,164,0,2.66E+02, long, Triangle, Pentagon, Pentagon,750,1000, 
PA02,21, M,1000,165,1,5.37E+02, long, Parallelogram, Pentagon, Pentagon,550,1000, 
PA02,21, M,1000,166,0,1.21E+03, long, Triangle, Circle, Circle,450,1000, 
PA02,21, M,1000,167,1,2.40E+02, long, Parallelogram, Square, Square,750,1000, 
PA02,21, M,1000,168,1,3.56E+02, long, Pentagon, Rhombus, Rhombus,650,1000, 
PA02,21, M,1000,169,1,2.47E+02, long, Square, Pentagon, Square,650,1000, 
PA02,21, M,1000,170,0,4.07E+02, short, Rhombus, Square, Square,250,1000, 
PA02,21, M,1000,171,1,1.17E+03, long, Circle, Square, Square,450,1000, 
PA02,21, M,1000,172,0,6.55E+02, short, Parallelogram, Rhombus, Rhombus,350,1000, 
PA02,21, M,1000,173,1,2.57E+02, long, Square, Circle, Circle,750,1000, 
PA02,21, M,1000,174,1,4.53E+02, short, Rhombus, Square, Square,250,1000, 
PA02,21, M,1000,175,0,3.91E+02, short, Pentagon, Triangle, Triangle,250,1000, 
PA02,21, M,1000,176,0,9.90E+01, long, Circle, Pentagon, Pentagon,750,1000, 
PA02,21, M,1000,177,0,4.35E+02, short, Parallelogram, Square, Square,250,1000, 
PA02,21, M,1000,178,0,1.87E+02, long, Triangle, Rhombus, Rhombus,750,1000, 
PA02,21, M,1000,179,0,3.63E+02, short, Triangle, Square, Square,250,1000, 
PA02,21, M,1000,180,0,3.99E+02, short, Square, Rhombus, Rhombus,350,1000, 
PA02,21, M,1000,181,1,4.31E+02, short, Square, Rhombus, Rhombus,250,1000, 
PA02,21, M,1000,182,0,6.62E+02, long, Parallelogram, Square, Square,650,1000, 
PA02,21, M,1000,183,1,2.99E+02, long, Square, Parallelogram, Parallelogram,750,1000, 
PA02,21, M,1000,184,1,3.99E+02, short, Triangle, Rhombus, Rhombus,250,1000, 
PA02,21, M,1000,185,0,2.30E+02, long, Square, Triangle, Triangle,750,1000, 
PA02,21, M,1000,186,0,3.11E+02, long, Rhombus, Square, Square,550,1000, 
PA02,21, M,1000,187,1,2.88E+02, long, Triangle, Circle, Circle,650,1000, 
PA02,21, M,1000,188,1,2.30E+02, long, Parallelogram, Circle, Circle,850,1000, 
PA02,21, M,1000,189,1,3.46E+02, long, Parallelogram, Triangle, Triangle,750,1000, 
PA02,21, M,1000,190,1,3.58E+02, long, Triangle, Parallelogram, Triangle,750,1000, 
PA02,21, M,1000,191,1,1.23E+03, long, Parallelogram, Triangle, Triangle,750,1000, 
PA02,21, M,1000,192,1,2.22E+03, long, Parallelogram, Pentagon, Pentagon,350,1000, 
PA02,21, M,1000,193,0,4.70E+02, long, Pentagon, Parallelogram, Parallelogram,750,1000, 
PA02,21, M,1000,194,1,4.18E+02, long, Triangle, Parallelogram, Parallelogram,650,1000, 
PA02,21, M,1000,195,0,4.47E+02, long, Square, Rhombus, Rhombus,450,1000, 
PA02,21, M,1000,196,1,7.76E+02, short, Rhombus, Square, Square,350,1000, 
PA02,21, M,1000,197,1,3.43E+02, long, Square, Triangle, Triangle,450,1000, 
PA02,21, M,1000,198,1,5.35E+02, short, Rhombus, Parallelogram, Parallelogram,250,1000, 
PA02,21, M,1000,199,0,9.50E+02, short, Square, Parallelogram, Parallelogram,450,1000, 
PA02,21, M,1000,200,0,3.35E+02, long, Circle, Pentagon, Pentagon,450,1000, 
PA02,21, M,1000,201,1,3.83E+02, long, Pentagon, Parallelogram, Parallelogram,550,1000, 
PA02,21, M,1000,202,0,7.31E+02, short, Rhombus, Circle, Circle,250,1000, 
PA02,21, M,1000,203,1,2.41E+02, long, Rhombus, Pentagon, Pentagon,850,1000, 
PA02,21, M,1000,204,1,1.51E+03, short, Pentagon, Circle, Circle,350,1000, 
PA02,21, M,1000,205,0,2.89E+02, long, Circle, Square, Circle,650,1000, 
PA02,21, M,1000,206,0,3.03E+02, long, Square, Rhombus, Rhombus,750,1000, 
PA02,21, M,1000,207,0,1.40E+03, short, Parallelogram, Rhombus, Rhombus,450,1000, 
PA02,21, M,1000,208,0,1.15E+03, short, Parallelogram, Triangle, Triangle,350,1000, 
PA02,21, M,1000,209,1,3.97E+02, long, Pentagon, Parallelogram, Parallelogram,550,1000, 
PA02,21, M,1000,210,0,3.85E+02, long, Parallelogram, Square, Square,550,1000, 
