﻿Subject ID, Subject Age, Gender, Group, TrialNumber, Intended or Unintended Outcome, Reaction Time on Outcome Response, Response - Short or Long, Left Image Code, Right Image Code, Chosen Image Code, Objective Duration of Stimulus, Stimulus Delay,
PA32,25, F,1000,1,1,1.33E+03, long, Rhombus, Parallelogram, Parallelogram,550,1000, 
PA32,25, F,1000,2,0,8.47E+03, short, Pentagon, Circle, Circle,550,1000, 
PA32,25, F,1000,3,0,2.26E+03, short, Circle, Square, Circle,250,1000, 
PA32,25, F,1000,4,0,1.09E+03, long, Triangle, Pentagon, Triangle,750,1000, 
PA32,25, F,1000,5,0,6.69E+03, short, Parallelogram, Pentagon, Parallelogram,450,1000, 
PA32,25, F,1000,6,1,6.61E+03, short, Square, Rhombus, Square,450,1000, 
PA32,25, F,1000,7,0,8.20E+02, long, Triangle, Rhombus, Triangle,850,1000, 
PA32,25, F,1000,8,1,1.86E+03, short, Square, Parallelogram, Parallelogram,450,1000, 
PA32,25, F,1000,9,0,1.97E+03, short, Parallelogram, Pentagon, Pentagon,650,1000, 
PA32,25, F,1000,10,0,1.69E+03, short, Circle, Parallelogram, Circle,550,1000, 
PA32,25, F,1000,11,1,2.53E+03, long, Pentagon, Rhombus, Rhombus,750,1000, 
PA32,25, F,1000,12,1,9.30E+03, long, Circle, Pentagon, Circle,650,1000, 
PA32,25, F,1000,13,1,1.29E+03, short, Parallelogram, Triangle, Triangle,250,1000, 
PA32,25, F,1000,14,0,1.16E+03, long, Square, Triangle, Square,850,1000, 
PA32,25, F,1000,15,1,2.46E+03, short, Pentagon, Parallelogram, Parallelogram,350,1000, 
PA32,25, F,1000,16,1,1.18E+03, long, Square, Rhombus, Square,550,1000, 
PA32,25, F,1000,17,0,1.17E+03, short, Circle, Pentagon, Circle,350,1000, 
PA32,25, F,1000,18,1,3.71E+03, long, Parallelogram, Circle, Circle,650,1000, 
PA32,25, F,1000,19,1,1.25E+03, short, Parallelogram, Triangle, Triangle,250,1000, 
PA32,25, F,1000,20,1,1.24E+03, short, Circle, Pentagon, Circle,350,1000, 
PA32,25, F,1000,21,0,9.42E+03, long, Triangle, Parallelogram, Triangle,350,1000, 
PA32,25, F,1000,22,1,3.80E+03, long, Parallelogram, Rhombus, Rhombus,550,1000, 
PA32,25, F,1000,23,1,9.95E+02, long, Triangle, Circle, Circle,450,1000, 
PA32,25, F,1000,24,1,1.49E+03, short, Triangle, Square, Square,350,1000, 
PA32,25, F,1000,25,0,2.57E+03, long, Parallelogram, Rhombus, Parallelogram,450,1000, 
PA32,25, F,1000,26,0,1.36E+03, short, Rhombus, Pentagon, Pentagon,250,1000, 
PA32,25, F,1000,27,1,1.02E+03, long, Triangle, Circle, Circle,550,1000, 
PA32,25, F,1000,28,1,9.94E+02, long, Circle, Parallelogram, Circle,550,1000, 
PA32,25, F,1000,29,1,1.31E+03, long, Square, Parallelogram, Square,550,1000, 
PA32,25, F,1000,30,1,6.51E+03, long, Rhombus, Triangle, Triangle,550,1000, 
PA32,25, F,1000,31,1,1.01E+03, long, Triangle, Square, Square,650,1000, 
PA32,25, F,1000,32,0,9.79E+02, long, Parallelogram, Pentagon, Pentagon,750,1000, 
PA32,25, F,1000,33,1,9.47E+02, short, Parallelogram, Square, Square,250,1000, 
PA32,25, F,1000,34,0,2.32E+03, short, Square, Parallelogram, Square,450,1000, 
PA32,25, F,1000,35,1,8.64E+02, long, Rhombus, Pentagon, Pentagon,850,1000, 
PA32,25, F,1000,36,1,5.10E+02, long, Triangle, Parallelogram, Triangle,850,1000, 
PA32,25, F,1000,37,0,8.66E+02, long, Triangle, Pentagon, Triangle,550,1000, 
PA32,25, F,1000,38,0,9.58E+02, short, Square, Circle, Circle,350,1000, 
PA32,25, F,1000,39,1,4.74E+02, long, Triangle, Circle, Circle,750,1000, 
PA32,25, F,1000,40,1,8.54E+02, long, Rhombus, Circle, Circle,650,1000, 
PA32,25, F,1000,41,1,6.82E+02, long, Circle, Pentagon, Circle,750,1000, 
PA32,25, F,1000,42,0,8.50E+02, short, Triangle, Pentagon, Triangle,350,1000, 
PA32,25, F,1000,43,0,8.32E+02, long, Pentagon, Square, Square,850,1000, 
PA32,25, F,1000,44,0,5.65E+02, long, Rhombus, Circle, Circle,850,1000, 
PA32,25, F,1000,45,0,9.09E+02, short, Triangle, Pentagon, Triangle,450,1000, 
PA32,25, F,1000,46,0,7.23E+02, long, Circle, Triangle, Circle,750,1000, 
PA32,25, F,1000,47,1,2.47E+03, long, Square, Pentagon, Square,650,1000, 
PA32,25, F,1000,48,1,9.11E+02, short, Circle, Triangle, Circle,450,1000, 
PA32,25, F,1000,49,1,7.43E+02, long, Parallelogram, Pentagon, Pentagon,650,1000, 
PA32,25, F,1000,50,1,8.78E+02, short, Rhombus, Pentagon, Rhombus,250,1000, 
PA32,25, F,1000,51,1,9.92E+02, short, Rhombus, Circle, Circle,250,1000, 
PA32,25, F,1000,52,1,7.68E+02, long, Rhombus, Parallelogram, Parallelogram,650,1000, 
PA32,25, F,1000,53,0,8.25E+02, short, Pentagon, Parallelogram, Pentagon,350,1000, 
PA32,25, F,1000,54,1,7.58E+02, long, Rhombus, Square, Square,650,1000, 
PA32,25, F,1000,55,0,4.56E+02, long, Triangle, Square, Square,850,1000, 
PA32,25, F,1000,56,0,5.68E+02, long, Rhombus, Parallelogram, Parallelogram,750,1000, 
PA32,25, F,1000,57,0,2.93E+03, long, Parallelogram, Rhombus, Parallelogram,550,1000, 
PA32,25, F,1000,58,1,9.03E+02, short, Circle, Rhombus, Circle,250,1000, 
PA32,25, F,1000,59,1,9.65E+02, short, Rhombus, Square, Square,350,1000, 
PA32,25, F,1000,60,0,1.05E+03, short, Rhombus, Pentagon, Rhombus,250,1000, 
PA32,25, F,1000,61,1,6.55E+02, long, Pentagon, Circle, Circle,650,1000, 
PA32,25, F,1000,62,0,2.72E+03, short, Parallelogram, Square, Square,450,1000, 
PA32,25, F,1000,63,0,5.59E+03, long, Rhombus, Triangle, Triangle,550,1000, 
PA32,25, F,1000,64,1,7.31E+02, long, Rhombus, Triangle, Triangle,750,1000, 
PA32,25, F,1000,65,0,5.55E+02, long, Rhombus, Parallelogram, Parallelogram,850,1000, 
PA32,25, F,1000,66,1,1.62E+03, short, Pentagon, Circle, Circle,450,1000, 
PA32,25, F,1000,67,1,1.43E+03, long, Triangle, Parallelogram, Triangle,450,1000, 
PA32,25, F,1000,68,0,1.01E+03, short, Triangle, Parallelogram, Triangle,250,1000, 
PA32,25, F,1000,69,1,9.07E+02, short, Parallelogram, Pentagon, Pentagon,350,1000, 
PA32,25, F,1000,70,1,7.88E+02, short, Circle, Parallelogram, Circle,250,1000, 
PA32,25, F,1000,71,1,6.00E+02, long, Pentagon, Circle, Circle,850,1000, 
PA32,25, F,1000,72,1,4.40E+02, long, Circle, Parallelogram, Circle,850,1000, 
PA32,25, F,1000,73,1,4.70E+02, long, Triangle, Square, Square,750,1000, 
PA32,25, F,1000,74,1,2.07E+03, long, Square, Circle, Circle,550,1000, 
PA32,25, F,1000,75,1,4.81E+02, long, Parallelogram, Rhombus, Parallelogram,650,1000, 
PA32,25, F,1000,76,0,3.93E+03, short, Triangle, Parallelogram, Triangle,650,1000, 
PA32,25, F,1000,77,1,1.50E+03, long, Parallelogram, Circle, Circle,650,1000, 
PA32,25, F,1000,78,0,8.59E+02, short, Parallelogram, Rhombus, Parallelogram,250,1000, 
PA32,25, F,1000,79,0,4.85E+02, long, Circle, Pentagon, Circle,450,1000, 
PA32,25, F,1000,80,1,4.89E+02, long, Square, Rhombus, Square,850,1000, 
PA32,25, F,1000,81,0,3.91E+02, long, Parallelogram, Circle, Circle,850,1000, 
PA32,25, F,1000,82,1,6.89E+02, long, Circle, Rhombus, Circle,850,1000, 
PA32,25, F,1000,83,0,2.98E+03, long, Pentagon, Parallelogram, Pentagon,750,1000, 
PA32,25, F,1000,84,0,1.44E+03, short, Rhombus, Square, Square,250,1000, 
PA32,25, F,1000,85,1,5.51E+02, short, Circle, Rhombus, Circle,250,1000, 
PA32,25, F,1000,86,0,1.14E+03, long, Pentagon, Square, Square,750,1000, 
PA32,25, F,1000,87,0,1.07E+03, long, Circle, Square, Circle,850,1000, 
PA32,25, F,1000,88,1,3.71E+02, long, Parallelogram, Triangle, Triangle,850,1000, 
PA32,25, F,1000,89,0,3.59E+02, long, Pentagon, Parallelogram, Pentagon,850,1000, 
PA32,25, F,1000,90,0,1.13E+03, long, Pentagon, Triangle, Triangle,750,1000, 
PA32,25, F,1000,91,1,6.75E+02, short, Circle, Rhombus, Circle,250,1000, 
PA32,25, F,1000,92,0,1.15E+03, short, Rhombus, Parallelogram, Parallelogram,650,1000, 
PA32,25, F,1000,93,1,7.15E+02, short, Triangle, Circle, Triangle,450,1000, 
PA32,25, F,1000,94,1,3.85E+02, long, Pentagon, Circle, Circle,750,1000, 
PA32,25, F,1000,95,0,2.50E+03, short, Pentagon, Triangle, Triangle,450,1000, 
PA32,25, F,1000,96,1,3.06E+02, long, Pentagon, Parallelogram, Pentagon,750,1000, 
PA32,25, F,1000,97,1,3.66E+02, long, Triangle, Rhombus, Triangle,750,1000, 
PA32,25, F,1000,98,1,5.40E+02, short, Pentagon, Square, Square,350,1000, 
PA32,25, F,1000,99,0,7.58E+03, short, Pentagon, Square, Square,450,1000, 
PA32,25, F,1000,100,0,9.90E+02, long, Pentagon, Square, Square,650,1000, 
PA32,25, F,1000,101,0,5.92E+02, long, Rhombus, Triangle, Triangle,750,1000, 
PA32,25, F,1000,102,1,5.12E+02, long, Square, Parallelogram, Square,850,1000, 
PA32,25, F,1000,103,1,2.08E+03, long, Parallelogram, Triangle, Triangle,550,1000, 
PA32,25, F,1000,104,0,8.55E+02, short, Circle, Triangle, Circle,250,1000, 
PA32,25, F,1000,105,0,9.83E+02, short, Square, Parallelogram, Square,250,1000, 
PA32,25, F,1000,106,1,7.17E+02, short, Parallelogram, Rhombus, Rhombus,450,1000, 
PA32,25, F,1000,107,1,7.33E+03, short, Square, Parallelogram, Square,350,1000, 
PA32,25, F,1000,108,1,4.27E+03, short, Rhombus, Triangle, Triangle,350,1000, 
PA32,25, F,1000,109,0,1.25E+03, long, Pentagon, Triangle, Triangle,550,1000, 
PA32,25, F,1000,110,0,5.09E+02, long, Rhombus, Parallelogram, Parallelogram,650,1000, 
PA32,25, F,1000,111,1,1.59E+03, short, Circle, Rhombus, Circle,450,1000, 
PA32,25, F,1000,112,1,4.48E+02, long, Circle, Rhombus, Circle,850,1000, 
PA32,25, F,1000,113,0,8.58E+02, short, Pentagon, Circle, Circle,250,1000, 
PA32,25, F,1000,114,0,7.16E+02, short, Square, Pentagon, Square,350,1000, 
PA32,25, F,1000,115,1,6.80E+02, short, Triangle, Square, Triangle,250,1000, 
PA32,25, F,1000,116,1,5.44E+02, short, Parallelogram, Rhombus, Rhombus,450,1000, 
PA32,25, F,1000,117,0,2.24E+03, long, Triangle, Circle, Triangle,650,1000, 
PA32,25, F,1000,118,0,5.35E+02, short, Pentagon, Parallelogram, Pentagon,350,1000, 
PA32,25, F,1000,119,0,2.41E+03, short, Circle, Square, Circle,450,1000, 
PA32,25, F,1000,120,1,5.79E+02, long, Circle, Parallelogram, Circle,850,1000, 
PA32,25, F,1000,121,1,6.09E+02, short, Triangle, Pentagon, Triangle,350,1000, 
PA32,25, F,1000,122,1,2.91E+03, long, Parallelogram, Pentagon, Pentagon,550,1000, 
PA32,25, F,1000,123,0,9.77E+02, short, Triangle, Rhombus, Triangle,450,1000, 
PA32,25, F,1000,124,0,5.81E+02, short, Pentagon, Triangle, Triangle,450,1000, 
PA32,25, F,1000,125,1,5.39E+02, short, Triangle, Rhombus, Triangle,250,1000, 
PA32,25, F,1000,126,1,9.91E+02, long, Square, Triangle, Square,650,1000, 
PA32,25, F,1000,127,1,4.58E+02, long, Triangle, Square, Triangle,750,1000, 
PA32,25, F,1000,128,0,4.86E+02, short, Parallelogram, Pentagon, Pentagon,250,1000, 
PA32,25, F,1000,129,0,3.46E+02, long, Circle, Pentagon, Circle,850,1000, 
PA32,25, F,1000,130,0,2.38E+03, short, Circle, Rhombus, Circle,550,1000, 
PA32,25, F,1000,131,1,2.94E+02, long, Circle, Square, Square,850,1000, 
PA32,25, F,1000,132,1,2.40E+03, short, Parallelogram, Square, Square,350,1000, 
PA32,25, F,1000,133,0,5.02E+02, long, Square, Triangle, Square,750,1000, 
PA32,25, F,1000,134,1,7.06E+02, short, Square, Triangle, Square,450,1000, 
PA32,25, F,1000,135,1,3.86E+02, long, Pentagon, Rhombus, Pentagon,750,1000, 
PA32,25, F,1000,136,1,5.09E+02, long, Triangle, Pentagon, Triangle,750,1000, 
PA32,25, F,1000,137,0,3.37E+02, long, Rhombus, Pentagon, Pentagon,750,1000, 
PA32,25, F,1000,138,1,1.84E+03, long, Parallelogram, Circle, Circle,550,1000, 
PA32,25, F,1000,139,0,8.77E+02, long, Pentagon, Triangle, Triangle,650,1000, 
PA32,25, F,1000,140,0,4.53E+02, long, Square, Rhombus, Square,850,1000, 
PA32,25, F,1000,141,1,8.85E+02, short, Rhombus, Pentagon, Pentagon,250,1000, 
PA32,25, F,1000,142,0,2.60E+03, long, Pentagon, Parallelogram, Pentagon,650,1000, 
PA32,25, F,1000,143,0,1.99E+03, long, Parallelogram, Circle, Circle,750,1000, 
PA32,25, F,1000,144,0,5.57E+02, short, Triangle, Parallelogram, Triangle,250,1000, 
PA32,25, F,1000,145,0,5.10E+02, long, Triangle, Square, Triangle,550,1000, 
PA32,25, F,1000,146,1,4.14E+03, short, Rhombus, Square, Square,350,1000, 
PA32,25, F,1000,147,1,3.55E+03, long, Square, Circle, Square,550,1000, 
PA32,25, F,1000,148,0,8.68E+02, long, Circle, Triangle, Circle,850,1000, 
PA32,25, F,1000,149,0,7.36E+02, short, Parallelogram, Triangle, Triangle,350,1000, 
PA32,25, F,1000,150,0,2.40E+03, short, Circle, Square, Circle,550,1000, 
PA32,25, F,1000,151,1,7.14E+02, short, Rhombus, Circle, Circle,450,1000, 
PA32,25, F,1000,152,0,6.48E+02, short, Pentagon, Triangle, Triangle,450,1000, 
PA32,25, F,1000,153,0,5.80E+02, short, Square, Pentagon, Square,350,1000, 
PA32,25, F,1000,154,1,8.31E+02, long, Triangle, Circle, Triangle,750,1000, 
PA32,25, F,1000,155,1,4.27E+02, long, Circle, Triangle, Circle,850,1000, 
PA32,25, F,1000,156,1,5.95E+02, short, Pentagon, Rhombus, Rhombus,350,1000, 
PA32,25, F,1000,157,1,1.33E+03, short, Parallelogram, Circle, Circle,550,1000, 
PA32,25, F,1000,158,0,7.17E+02, short, Rhombus, Circle, Circle,350,1000, 
PA32,25, F,1000,159,1,1.08E+03, long, Square, Circle, Circle,650,1000, 
PA32,25, F,1000,160,1,2.48E+03, long, Parallelogram, Square, Square,750,1000, 
PA32,25, F,1000,161,0,7.01E+03, short, Circle, Triangle, Circle,650,1000, 
PA32,25, F,1000,162,1,1.00E+03, short, Rhombus, Square, Square,550,1000, 
PA32,25, F,1000,163,0,7.78E+02, long, Square, Pentagon, Square,850,1000, 
PA32,25, F,1000,164,0,4.80E+03, long, Square, Pentagon, Square,750,1000, 
PA32,25, F,1000,165,0,6.44E+02, long, Triangle, Rhombus, Triangle,750,1000, 
PA32,25, F,1000,166,0,7.00E+02, short, Parallelogram, Triangle, Triangle,350,1000, 
PA32,25, F,1000,167,0,6.08E+02, short, Rhombus, Triangle, Triangle,250,1000, 
PA32,25, F,1000,168,0,7.93E+02, short, Parallelogram, Triangle, Triangle,350,1000, 
PA32,25, F,1000,169,0,3.89E+03, long, Triangle, Circle, Triangle,450,1000, 
PA32,25, F,1000,170,0,2.80E+03, long, Pentagon, Circle, Circle,550,1000, 
PA32,25, F,1000,171,1,5.52E+02, short, Circle, Square, Circle,350,1000, 
PA32,25, F,1000,172,1,4.47E+02, long, Square, Rhombus, Square,850,1000, 
PA32,25, F,1000,173,0,5.09E+02, short, Circle, Parallelogram, Circle,350,1000, 
PA32,25, F,1000,174,0,5.44E+02, short, Rhombus, Square, Square,250,1000, 
PA32,25, F,1000,175,0,5.81E+02, long, Parallelogram, Square, Square,550,1000, 
PA32,25, F,1000,176,1,2.32E+03, short, Pentagon, Triangle, Triangle,450,1000, 
PA32,25, F,1000,177,1,7.44E+02, short, Rhombus, Circle, Rhombus,250,1000, 
PA32,25, F,1000,178,1,4.74E+02, long, Rhombus, Pentagon, Pentagon,550,1000, 
PA32,25, F,1000,179,1,7.10E+02, short, Pentagon, Rhombus, Pentagon,250,1000, 
PA32,25, F,1000,180,1,1.09E+03, short, Parallelogram, Circle, Circle,350,1000, 
PA32,25, F,1000,181,0,9.76E+02, long, Square, Rhombus, Square,650,1000, 
PA32,25, F,1000,182,1,1.71E+03, short, Triangle, Rhombus, Triangle,250,1000, 
PA32,25, F,1000,183,0,7.69E+03, short, Square, Circle, Square,550,1000, 
PA32,25, F,1000,184,1,7.45E+02, short, Square, Pentagon, Square,450,1000, 
PA32,25, F,1000,185,0,1.46E+03, long, Circle, Square, Circle,450,1000, 
PA32,25, F,1000,186,0,4.17E+02, long, Square, Circle, Square,650,1000, 
PA32,25, F,1000,187,0,4.49E+02, long, Parallelogram, Square, Square,650,1000, 
PA32,25, F,1000,188,0,6.99E+02, short, Triangle, Parallelogram, Triangle,350,1000, 
PA32,25, F,1000,189,1,9.83E+02, long, Square, Triangle, Square,850,1000, 
PA32,25, F,1000,190,0,3.67E+02, long, Rhombus, Triangle, Triangle,750,1000, 
PA32,25, F,1000,191,0,9.26E+03, long, Square, Circle, Square,650,1000, 
PA32,25, F,1000,192,0,4.85E+02, long, Pentagon, Square, Square,650,1000, 
PA32,25, F,1000,193,1,4.50E+02, long, Square, Triangle, Square,850,1000, 
PA32,25, F,1000,194,1,2.12E+03, long, Triangle, Rhombus, Triangle,650,1000, 
PA32,25, F,1000,195,0,6.44E+02, short, Pentagon, Rhombus, Rhombus,350,1000, 
PA32,25, F,1000,196,1,3.51E+03, long, Circle, Pentagon, Circle,650,1000, 
PA32,25, F,1000,197,0,6.97E+03, short, Rhombus, Square, Square,550,1000, 
PA32,25, F,1000,198,0,3.03E+03, short, Square, Parallelogram, Square,550,1000, 
PA32,25, F,1000,199,0,4.94E+02, long, Square, Pentagon, Square,850,1000, 
PA32,25, F,1000,200,0,1.61E+03, long, Triangle, Pentagon, Triangle,550,1000, 
PA32,25, F,1000,201,1,5.97E+03, short, Pentagon, Rhombus, Rhombus,450,1000, 
PA32,25, F,1000,202,0,5.65E+02, short, Square, Rhombus, Square,250,1000, 
PA32,25, F,1000,203,0,1.94E+03, long, Circle, Parallelogram, Circle,650,1000, 
PA32,25, F,1000,204,0,7.97E+02, short, Rhombus, Circle, Circle,450,1000, 
PA32,25, F,1000,205,0,6.47E+02, short, Circle, Triangle, Circle,250,1000, 
PA32,25, F,1000,206,0,4.69E+02, long, Parallelogram, Square, Square,850,1000, 
PA32,25, F,1000,207,1,6.11E+02, short, Rhombus, Parallelogram, Parallelogram,350,1000, 
PA32,25, F,1000,208,1,4.19E+02, long, Pentagon, Square, Square,750,1000, 
PA32,25, F,1000,209,1,3.61E+02, long, Square, Triangle, Square,750,1000, 
PA32,25, F,1000,210,0,4.42E+02, long, Pentagon, Rhombus, Rhombus,750,1000, 
