﻿Subject ID, Subject Age, Gender, Group, TrialNumber, Intended or Unintended Outcome, Reaction Time on Outcome Response, Response - Short or Long, Left Image Code, Right Image Code, Chosen Image Code, Objective Duration of Stimulus, Stimulus Delay,
PA05,27, M,250,1,0,1.02E+03, short, Circle, Rhombus, Circle,350,250, 
PA05,27, M,250,2,0,5.25E+02, short, Square, Triangle, Square,350,250, 
PA05,27, M,250,3,1,3.70E+02, long, Parallelogram, Square, Square,650,250, 
PA05,27, M,250,4,1,4.44E+02, long, Rhombus, Square, Rhombus,850,250, 
PA05,27, M,250,5,1,9.10E+03, short, Parallelogram, Rhombus, Parallelogram,550,250, 
PA05,27, M,250,6,0,3.70E+02, long, Circle, Pentagon, Circle,850,250, 
PA05,27, M,250,7,1,3.44E+02, long, Pentagon, Rhombus, Pentagon,750,250, 
PA05,27, M,250,8,0,4.82E+02, short, Circle, Rhombus, Circle,250,250, 
PA05,27, M,250,9,0,4.41E+03, long, Triangle, Square, Triangle,450,250, 
PA05,27, M,250,10,0,3.93E+02, long, Rhombus, Parallelogram, Rhombus,550,250, 
PA05,27, M,250,11,1,3.58E+02, long, Triangle, Parallelogram, Parallelogram,650,250, 
PA05,27, M,250,12,0,3.91E+02, short, Parallelogram, Square, Parallelogram,250,250, 
PA05,27, M,250,13,1,2.91E+02, long, Parallelogram, Pentagon, Parallelogram,750,250, 
PA05,27, M,250,14,0,4.75E+02, short, Triangle, Parallelogram, Triangle,450,250, 
PA05,27, M,250,15,0,2.89E+02, long, Pentagon, Triangle, Pentagon,750,250, 
PA05,27, M,250,16,0,1.36E+04, long, Pentagon, Circle, Pentagon,550,250, 
PA05,27, M,250,17,0,5.83E+02, short, Pentagon, Square, Square,450,250, 
PA05,27, M,250,18,1,3.89E+02, short, Pentagon, Square, Pentagon,250,250, 
PA05,27, M,250,19,1,3.99E+02, short, Triangle, Circle, Circle,250,250, 
PA05,27, M,250,20,0,3.58E+02, short, Pentagon, Circle, Pentagon,350,250, 
PA05,27, M,250,21,1,1.89E+02, long, Triangle, Square, Square,850,250, 
PA05,27, M,250,22,1,2.18E+03, long, Square, Rhombus, Square,550,250, 
PA05,27, M,250,23,1,1.64E+02, long, Triangle, Square, Triangle,750,250, 
PA05,27, M,250,24,1,3.83E+02, long, Triangle, Circle, Circle,650,250, 
PA05,27, M,250,25,0,2.23E+02, long, Pentagon, Triangle, Pentagon,850,250, 
PA05,27, M,250,26,0,2.49E+02, long, Rhombus, Circle, Circle,750,250, 
PA05,27, M,250,27,0,2.32E+02, long, Pentagon, Square, Pentagon,750,250, 
PA05,27, M,250,28,0,2.52E+02, long, Circle, Rhombus, Rhombus,850,250, 
PA05,27, M,250,29,0,2.40E+02, long, Rhombus, Parallelogram, Rhombus,750,250, 
PA05,27, M,250,30,1,4.14E+02, short, Rhombus, Circle, Circle,350,250, 
PA05,27, M,250,31,0,1.79E+03, long, Triangle, Square, Triangle,550,250, 
PA05,27, M,250,32,1,2.20E+03, long, Rhombus, Triangle, Rhombus,450,250, 
PA05,27, M,250,33,0,3.88E+02, short, Square, Pentagon, Pentagon,250,250, 
PA05,27, M,250,34,0,3.54E+02, short, Pentagon, Circle, Pentagon,350,250, 
PA05,27, M,250,35,0,2.45E+02, long, Parallelogram, Circle, Circle,750,250, 
PA05,27, M,250,36,1,3.36E+02, short, Parallelogram, Circle, Parallelogram,350,250, 
PA05,27, M,250,37,1,3.18E+03, short, Circle, Triangle, Triangle,550,250, 
PA05,27, M,250,38,0,5.73E+02, short, Circle, Parallelogram, Circle,250,250, 
PA05,27, M,250,39,0,4.56E+03, long, Rhombus, Square, Square,550,250, 
PA05,27, M,250,40,0,5.73E+02, long, Square, Circle, Circle,450,250, 
PA05,27, M,250,41,0,4.53E+02, short, Pentagon, Parallelogram, Pentagon,250,250, 
PA05,27, M,250,42,0,3.43E+02, long, Square, Triangle, Triangle,650,250, 
PA05,27, M,250,43,1,1.62E+03, long, Rhombus, Pentagon, Pentagon,750,250, 
PA05,27, M,250,44,1,3.09E+02, long, Rhombus, Pentagon, Pentagon,650,250, 
PA05,27, M,250,45,1,2.17E+02, long, Pentagon, Circle, Circle,850,250, 
PA05,27, M,250,46,1,5.55E+02, short, Square, Pentagon, Square,450,250, 
PA05,27, M,250,47,1,4.80E+02, long, Circle, Square, Circle,650,250, 
PA05,27, M,250,48,0,3.25E+02, long, Pentagon, Triangle, Triangle,750,250, 
PA05,27, M,250,49,1,4.52E+02, short, Square, Pentagon, Square,350,250, 
PA05,27, M,250,50,0,1.73E+03, long, Parallelogram, Pentagon, Parallelogram,650,250, 
PA05,27, M,250,51,1,2.83E+02, long, Parallelogram, Square, Square,750,250, 
PA05,27, M,250,52,1,4.42E+02, short, Rhombus, Pentagon, Rhombus,250,250, 
PA05,27, M,250,53,0,4.68E+03, short, Square, Circle, Circle,750,250, 
PA05,27, M,250,54,1,1.84E+03, long, Square, Triangle, Square,750,250, 
PA05,27, M,250,55,0,9.54E+02, long, Rhombus, Parallelogram, Rhombus,850,250, 
PA05,27, M,250,56,0,2.84E+02, long, Rhombus, Triangle, Triangle,650,250, 
PA05,27, M,250,57,0,4.00E+02, short, Triangle, Square, Triangle,350,250, 
PA05,27, M,250,58,0,3.16E+02, long, Circle, Parallelogram, Circle,550,250, 
PA05,27, M,250,59,1,4.79E+02, short, Square, Parallelogram, Square,350,250, 
PA05,27, M,250,60,0,2.73E+02, long, Triangle, Circle, Circle,850,250, 
PA05,27, M,250,61,1,3.41E+02, long, Pentagon, Square, Pentagon,650,250, 
PA05,27, M,250,62,0,3.18E+02, long, Square, Triangle, Triangle,650,250, 
PA05,27, M,250,63,1,2.11E+02, long, Parallelogram, Circle, Parallelogram,850,250, 
PA05,27, M,250,64,0,1.82E+03, long, Circle, Pentagon, Pentagon,850,250, 
PA05,27, M,250,65,1,2.25E+02, long, Circle, Triangle, Triangle,650,250, 
PA05,27, M,250,66,0,4.67E+02, short, Parallelogram, Pentagon, Pentagon,250,250, 
PA05,27, M,250,67,1,4.15E+02, short, Triangle, Pentagon, Pentagon,350,250, 
PA05,27, M,250,68,0,1.12E+03, short, Triangle, Parallelogram, Parallelogram,550,250, 
PA05,27, M,250,69,0,2.67E+02, long, Square, Pentagon, Square,850,250, 
PA05,27, M,250,70,0,3.83E+02, short, Triangle, Rhombus, Triangle,350,250, 
PA05,27, M,250,71,1,3.69E+02, short, Triangle, Rhombus, Triangle,450,250, 
PA05,27, M,250,72,1,4.15E+02, short, Parallelogram, Square, Parallelogram,250,250, 
PA05,27, M,250,73,1,4.41E+02, short, Square, Circle, Circle,550,250, 
PA05,27, M,250,74,1,3.01E+02, short, Rhombus, Parallelogram, Rhombus,450,250, 
PA05,27, M,250,75,1,3.55E+02, short, Rhombus, Pentagon, Pentagon,550,250, 
PA05,27, M,250,76,1,4.04E+02, long, Circle, Pentagon, Circle,850,250, 
PA05,27, M,250,77,0,3.68E+02, short, Square, Pentagon, Square,250,250, 
PA05,27, M,250,78,1,3.96E+02, short, Triangle, Square, Square,250,250, 
PA05,27, M,250,79,1,3.50E+02, short, Rhombus, Square, Rhombus,350,250, 
PA05,27, M,250,80,0,4.09E+02, short, Triangle, Rhombus, Rhombus,650,250, 
PA05,27, M,250,81,1,6.72E+02, short, Triangle, Parallelogram, Triangle,750,250, 
PA05,27, M,250,82,0,3.96E+02, short, Circle, Pentagon, Pentagon,450,250, 
PA05,27, M,250,83,1,3.85E+02, short, Square, Rhombus, Rhombus,350,250, 
PA05,27, M,250,84,0,3.16E+02, long, Rhombus, Triangle, Triangle,650,250, 
PA05,27, M,250,85,1,1.48E+03, long, Circle, Pentagon, Circle,850,250, 
PA05,27, M,250,86,1,2.72E+02, long, Pentagon, Rhombus, Pentagon,850,250, 
PA05,27, M,250,87,0,4.92E+02, short, Square, Parallelogram, Parallelogram,250,250, 
PA05,27, M,250,88,0,5.54E+02, short, Circle, Rhombus, Rhombus,250,250, 
PA05,27, M,250,89,1,2.96E+02, long, Triangle, Pentagon, Triangle,850,250, 
PA05,27, M,250,90,0,5.34E+02, long, Rhombus, Square, Square,650,250, 
PA05,27, M,250,91,1,2.28E+02, long, Pentagon, Square, Pentagon,750,250, 
PA05,27, M,250,92,1,5.62E+02, short, Pentagon, Triangle, Triangle,350,250, 
PA05,27, M,250,93,1,6.98E+02, short, Parallelogram, Pentagon, Parallelogram,450,250, 
PA05,27, M,250,94,0,2.80E+02, long, Square, Triangle, Triangle,850,250, 
PA05,27, M,250,95,1,4.22E+02, short, Triangle, Pentagon, Pentagon,250,250, 
PA05,27, M,250,96,0,4.55E+02, short, Square, Rhombus, Rhombus,250,250, 
PA05,27, M,250,97,1,5.95E+02, short, Parallelogram, Triangle, Parallelogram,850,250, 
PA05,27, M,250,98,1,2.69E+02, long, Circle, Rhombus, Circle,650,250, 
PA05,27, M,250,99,0,2.96E+02, long, Parallelogram, Circle, Circle,550,250, 
PA05,27, M,250,100,1,4.71E+02, short, Circle, Square, Circle,250,250, 
PA05,27, M,250,101,1,2.81E+02, long, Circle, Triangle, Circle,650,250, 
PA05,27, M,250,102,0,5.59E+02, short, Pentagon, Parallelogram, Pentagon,450,250, 
PA05,27, M,250,103,0,2.84E+02, long, Circle, Pentagon, Circle,850,250, 
PA05,27, M,250,104,0,4.09E+02, short, Rhombus, Triangle, Triangle,350,250, 
PA05,27, M,250,105,1,2.69E+02, long, Triangle, Rhombus, Triangle,650,250, 
PA05,27, M,250,106,0,2.25E+03, short, Square, Rhombus, Square,450,250, 
PA05,27, M,250,107,1,8.03E+02, long, Parallelogram, Rhombus, Rhombus,850,250, 
PA05,27, M,250,108,1,5.65E+02, short, Triangle, Parallelogram, Triangle,450,250, 
PA05,27, M,250,109,1,1.57E+03, long, Circle, Rhombus, Circle,550,250, 
PA05,27, M,250,110,0,1.03E+03, short, Parallelogram, Triangle, Triangle,650,250, 
PA05,27, M,250,111,0,8.03E+02, short, Pentagon, Parallelogram, Pentagon,650,250, 
PA05,27, M,250,112,1,5.24E+02, short, Circle, Square, Circle,250,250, 
PA05,27, M,250,113,1,3.32E+02, long, Parallelogram, Rhombus, Rhombus,850,250, 
PA05,27, M,250,114,0,8.49E+02, long, Rhombus, Triangle, Triangle,450,250, 
PA05,27, M,250,115,0,7.25E+03, long, Circle, Square, Circle,750,250, 
PA05,27, M,250,116,1,4.20E+02, short, Square, Pentagon, Square,250,250, 
PA05,27, M,250,117,1,2.84E+02, long, Parallelogram, Rhombus, Parallelogram,850,250, 
PA05,27, M,250,118,1,2.94E+02, long, Circle, Rhombus, Circle,850,250, 
PA05,27, M,250,119,1,2.28E+02, long, Circle, Parallelogram, Circle,750,250, 
PA05,27, M,250,120,1,1.26E+03, long, Square, Rhombus, Square,550,250, 
PA05,27, M,250,121,1,5.14E+02, short, Square, Rhombus, Square,350,250, 
PA05,27, M,250,122,1,4.06E+02, short, Parallelogram, Circle, Circle,250,250, 
PA05,27, M,250,123,0,4.18E+02, short, Rhombus, Square, Square,350,250, 
PA05,27, M,250,124,0,6.98E+02, short, Square, Rhombus, Square,550,250, 
PA05,27, M,250,125,1,5.02E+02, long, Parallelogram, Circle, Circle,850,250, 
PA05,27, M,250,126,1,1.06E+03, short, Square, Triangle, Square,450,250, 
PA05,27, M,250,127,0,1.84E+03, short, Pentagon, Rhombus, Pentagon,450,250, 
PA05,27, M,250,128,1,1.66E+03, long, Rhombus, Circle, Circle,550,250, 
PA05,27, M,250,129,1,3.01E+02, long, Triangle, Circle, Circle,450,250, 
PA05,27, M,250,130,0,4.89E+02, short, Rhombus, Circle, Circle,350,250, 
PA05,27, M,250,131,0,1.93E+03, short, Triangle, Circle, Circle,450,250, 
PA05,27, M,250,132,1,2.63E+02, long, Circle, Square, Square,750,250, 
PA05,27, M,250,133,1,3.53E+02, short, Parallelogram, Triangle, Triangle,550,250, 
PA05,27, M,250,134,0,1.68E+03, short, Rhombus, Parallelogram, Rhombus,850,250, 
PA05,27, M,250,135,1,2.32E+03, long, Pentagon, Circle, Circle,550,250, 
PA05,27, M,250,136,1,5.09E+02, long, Parallelogram, Triangle, Triangle,650,250, 
PA05,27, M,250,137,0,2.94E+02, long, Square, Parallelogram, Square,750,250, 
PA05,27, M,250,138,0,2.87E+02, long, Triangle, Rhombus, Triangle,750,250, 
PA05,27, M,250,139,0,1.82E+03, short, Pentagon, Rhombus, Pentagon,550,250, 
PA05,27, M,250,140,0,6.38E+02, short, Circle, Pentagon, Circle,450,250, 
PA05,27, M,250,141,1,7.12E+03, short, Rhombus, Triangle, Triangle,650,250, 
PA05,27, M,250,142,0,6.12E+02, long, Triangle, Circle, Circle,650,250, 
PA05,27, M,250,143,0,4.04E+02, short, Circle, Triangle, Circle,250,250, 
PA05,27, M,250,144,1,8.14E+02, short, Parallelogram, Triangle, Triangle,450,250, 
PA05,27, M,250,145,0,2.27E+03, short, Parallelogram, Square, Square,450,250, 
PA05,27, M,250,146,1,5.52E+02, short, Circle, Parallelogram, Circle,450,250, 
PA05,27, M,250,147,0,3.24E+02, long, Pentagon, Rhombus, Rhombus,750,250, 
PA05,27, M,250,148,0,4.41E+02, short, Square, Parallelogram, Square,350,250, 
PA05,27, M,250,149,0,3.94E+02, short, Parallelogram, Circle, Circle,250,250, 
PA05,27, M,250,150,1,3.99E+02, short, Triangle, Rhombus, Triangle,250,250, 
PA05,27, M,250,151,1,2.14E+03, short, Square, Triangle, Triangle,650,250, 
PA05,27, M,250,152,0,2.52E+03, long, Square, Circle, Circle,750,250, 
PA05,27, M,250,153,0,3.85E+02, short, Triangle, Parallelogram, Triangle,350,250, 
PA05,27, M,250,154,1,2.52E+02, long, Circle, Square, Square,750,250, 
PA05,27, M,250,155,1,4.53E+02, short, Pentagon, Triangle, Pentagon,250,250, 
PA05,27, M,250,156,0,9.23E+02, short, Circle, Triangle, Circle,550,250, 
PA05,27, M,250,157,1,3.85E+02, short, Parallelogram, Rhombus, Rhombus,350,250, 
PA05,27, M,250,158,0,6.73E+02, short, Pentagon, Circle, Circle,550,250, 
PA05,27, M,250,159,1,1.76E+03, long, Triangle, Rhombus, Triangle,750,250, 
PA05,27, M,250,160,0,6.13E+02, short, Triangle, Circle, Triangle,650,250, 
PA05,27, M,250,161,0,4.03E+02, short, Pentagon, Triangle, Triangle,250,250, 
PA05,27, M,250,162,0,1.65E+03, short, Circle, Parallelogram, Circle,550,250, 
PA05,27, M,250,163,0,5.57E+02, short, Parallelogram, Triangle, Triangle,650,250, 
PA05,27, M,250,164,1,4.33E+02, short, Pentagon, Circle, Circle,350,250, 
PA05,27, M,250,165,1,2.85E+02, long, Pentagon, Parallelogram, Pentagon,850,250, 
PA05,27, M,250,166,0,5.25E+02, short, Parallelogram, Rhombus, Parallelogram,450,250, 
PA05,27, M,250,167,0,5.40E+03, short, Pentagon, Square, Square,650,250, 
PA05,27, M,250,168,0,4.33E+02, long, Square, Parallelogram, Square,750,250, 
PA05,27, M,250,169,0,4.42E+02, short, Rhombus, Square, Square,350,250, 
PA05,27, M,250,170,0,3.13E+03, long, Pentagon, Parallelogram, Pentagon,650,250, 
PA05,27, M,250,171,1,5.42E+02, short, Circle, Parallelogram, Circle,350,250, 
PA05,27, M,250,172,0,2.52E+02, long, Parallelogram, Pentagon, Parallelogram,650,250, 
PA05,27, M,250,173,1,1.90E+02, long, Triangle, Parallelogram, Triangle,750,250, 
PA05,27, M,250,174,1,4.00E+02, short, Circle, Triangle, Circle,250,250, 
PA05,27, M,250,175,1,1.43E+03, short, Rhombus, Square, Square,450,250, 
PA05,27, M,250,176,0,4.78E+02, short, Rhombus, Circle, Circle,450,250, 
PA05,27, M,250,177,0,1.87E+03, short, Circle, Triangle, Circle,250,250, 
PA05,27, M,250,178,0,5.91E+02, short, Square, Circle, Square,350,250, 
PA05,27, M,250,179,1,1.15E+03, short, Parallelogram, Square, Parallelogram,750,250, 
PA05,27, M,250,180,1,3.77E+02, short, Parallelogram, Square, Square,350,250, 
PA05,27, M,250,181,1,8.09E+02, short, Square, Parallelogram, Square,550,250, 
PA05,27, M,250,182,1,9.29E+02, short, Rhombus, Pentagon, Pentagon,650,250, 
PA05,27, M,250,183,0,2.13E+02, long, Pentagon, Parallelogram, Pentagon,850,250, 
PA05,27, M,250,184,1,4.43E+03, long, Square, Circle, Circle,550,250, 
PA05,27, M,250,185,0,2.49E+02, long, Pentagon, Parallelogram, Parallelogram,750,250, 
PA05,27, M,250,186,1,4.33E+02, short, Rhombus, Parallelogram, Rhombus,350,250, 
PA05,27, M,250,187,0,2.03E+03, short, Triangle, Pentagon, Triangle,750,250, 
PA05,27, M,250,188,0,3.35E+02, short, Pentagon, Triangle, Triangle,550,250, 
PA05,27, M,250,189,0,3.69E+02, long, Rhombus, Pentagon, Rhombus,850,250, 
PA05,27, M,250,190,0,1.91E+02, long, Parallelogram, Triangle, Triangle,850,250, 
PA05,27, M,250,191,0,5.35E+02, short, Triangle, Pentagon, Triangle,350,250, 
PA05,27, M,250,192,1,4.84E+02, short, Rhombus, Circle, Circle,450,250, 
PA05,27, M,250,193,0,1.54E+03, short, Parallelogram, Pentagon, Pentagon,350,250, 
PA05,27, M,250,194,0,2.03E+03, short, Triangle, Pentagon, Triangle,550,250, 
PA05,27, M,250,195,0,8.70E+02, short, Pentagon, Rhombus, Pentagon,550,250, 
PA05,27, M,250,196,1,4.94E+02, short, Triangle, Square, Square,250,250, 
PA05,27, M,250,197,0,7.44E+02, short, Rhombus, Circle, Circle,450,250, 
PA05,27, M,250,198,0,3.68E+02, short, Pentagon, Square, Square,250,250, 
PA05,27, M,250,199,1,6.82E+02, short, Parallelogram, Rhombus, Rhombus,550,250, 
PA05,27, M,250,200,1,2.65E+02, long, Parallelogram, Pentagon, Parallelogram,650,250, 
PA05,27, M,250,201,1,4.65E+02, short, Triangle, Pentagon, Triangle,250,250, 
PA05,27, M,250,202,1,5.90E+02, short, Circle, Square, Square,450,250, 
PA05,27, M,250,203,0,2.92E+02, long, Rhombus, Triangle, Triangle,850,250, 
PA05,27, M,250,204,1,4.21E+02, short, Square, Pentagon, Square,450,250, 
PA05,27, M,250,205,0,2.85E+02, long, Square, Circle, Circle,850,250, 
PA05,27, M,250,206,1,9.33E+02, short, Rhombus, Pentagon, Pentagon,750,250, 
PA05,27, M,250,207,1,3.46E+02, short, Rhombus, Parallelogram, Rhombus,450,250, 
PA05,27, M,250,208,1,4.93E+02, short, Pentagon, Rhombus, Rhombus,350,250, 
PA05,27, M,250,209,1,1.33E+03, short, Circle, Parallelogram, Circle,550,250, 
PA05,27, M,250,210,1,5.79E+02, short, Square, Parallelogram, Square,550,250, 
