﻿Subject ID, Subject Age, Gender, Group, TrialNumber, Intended or Unintended Outcome, Reaction Time on Outcome Response, Response - Short or Long, Left Image Code, Right Image Code, Chosen Image Code, Objective Duration of Stimulus, Stimulus Delay,
PA23,20, F,250,1,1,1.68E+03, short, Circle, Rhombus, Circle,750,250, 
PA23,20, F,250,2,0,3.45E+03, short, Rhombus, Triangle, Triangle,850,250, 
PA23,20, F,250,3,0,1.16E+03, short, Circle, Pentagon, Pentagon,650,250, 
PA23,20, F,250,4,0,7.37E+02, short, Parallelogram, Square, Parallelogram,550,250, 
PA23,20, F,250,5,0,5.76E+02, long, Square, Rhombus, Rhombus,650,250, 
PA23,20, F,250,6,0,9.32E+02, short, Circle, Parallelogram, Circle,550,250, 
PA23,20, F,250,7,1,1.18E+03, short, Pentagon, Parallelogram, Parallelogram,550,250, 
PA23,20, F,250,8,0,7.14E+02, short, Parallelogram, Square, Parallelogram,250,250, 
PA23,20, F,250,9,1,1.57E+03, short, Parallelogram, Circle, Circle,350,250, 
PA23,20, F,250,10,1,6.24E+02, short, Rhombus, Circle, Rhombus,350,250, 
PA23,20, F,250,11,0,4.36E+02, long, Triangle, Rhombus, Rhombus,650,250, 
PA23,20, F,250,12,1,5.90E+02, long, Parallelogram, Square, Parallelogram,750,250, 
PA23,20, F,250,13,1,2.88E+03, long, Pentagon, Square, Square,550,250, 
PA23,20, F,250,14,0,1.19E+03, short, Pentagon, Triangle, Pentagon,350,250, 
PA23,20, F,250,15,0,4.45E+02, long, Rhombus, Parallelogram, Parallelogram,550,250, 
PA23,20, F,250,16,0,1.11E+03, short, Circle, Triangle, Circle,350,250, 
PA23,20, F,250,17,0,3.17E+02, long, Parallelogram, Triangle, Triangle,750,250, 
PA23,20, F,250,18,1,4.49E+02, long, Parallelogram, Square, Parallelogram,850,250, 
PA23,20, F,250,19,1,6.86E+02, short, Parallelogram, Pentagon, Parallelogram,250,250, 
PA23,20, F,250,20,0,4.63E+02, long, Circle, Rhombus, Rhombus,850,250, 
PA23,20, F,250,21,0,6.29E+02, short, Parallelogram, Rhombus, Parallelogram,450,250, 
PA23,20, F,250,22,0,8.17E+02, short, Circle, Pentagon, Pentagon,450,250, 
PA23,20, F,250,23,1,7.71E+02, long, Pentagon, Rhombus, Rhombus,750,250, 
PA23,20, F,250,24,0,5.73E+02, short, Circle, Rhombus, Circle,250,250, 
PA23,20, F,250,25,1,9.77E+02, long, Square, Pentagon, Pentagon,850,250, 
PA23,20, F,250,26,0,7.29E+02, short, Square, Rhombus, Square,350,250, 
PA23,20, F,250,27,0,1.12E+03, short, Triangle, Circle, Circle,350,250, 
PA23,20, F,250,28,0,6.61E+02, short, Square, Parallelogram, Square,350,250, 
PA23,20, F,250,29,1,3.88E+02, long, Parallelogram, Circle, Circle,650,250, 
PA23,20, F,250,30,0,3.39E+02, short, Square, Pentagon, Square,850,250, 
PA23,20, F,250,31,0,1.65E+03, long, Rhombus, Square, Square,850,250, 
PA23,20, F,250,32,1,4.98E+02, long, Square, Triangle, Square,850,250, 
PA23,20, F,250,33,0,4.41E+03, long, Parallelogram, Circle, Circle,550,250, 
PA23,20, F,250,34,1,2.25E+03, long, Square, Rhombus, Square,550,250, 
PA23,20, F,250,35,0,5.52E+02, short, Triangle, Parallelogram, Parallelogram,250,250, 
PA23,20, F,250,36,0,3.40E+02, long, Parallelogram, Pentagon, Parallelogram,750,250, 
PA23,20, F,250,37,0,4.10E+02, long, Square, Circle, Circle,750,250, 
PA23,20, F,250,38,0,2.54E+03, short, Pentagon, Rhombus, Pentagon,550,250, 
PA23,20, F,250,39,0,1.10E+03, long, Triangle, Square, Square,550,250, 
PA23,20, F,250,40,1,1.08E+03, long, Circle, Pentagon, Circle,650,250, 
PA23,20, F,250,41,0,3.60E+03, short, Square, Circle, Square,450,250, 
PA23,20, F,250,42,1,5.30E+03, long, Pentagon, Circle, Circle,450,250, 
PA23,20, F,250,43,1,4.01E+02, long, Circle, Triangle, Circle,750,250, 
PA23,20, F,250,44,0,1.06E+03, short, Square, Rhombus, Rhombus,450,250, 
PA23,20, F,250,45,0,2.25E+03, short, Pentagon, Circle, Pentagon,750,250, 
PA23,20, F,250,46,1,1.31E+03, long, Rhombus, Pentagon, Rhombus,650,250, 
PA23,20, F,250,47,1,3.58E+02, long, Square, Parallelogram, Square,550,250, 
PA23,20, F,250,48,0,2.70E+02, long, Circle, Square, Circle,750,250, 
PA23,20, F,250,49,1,2.78E+03, short, Parallelogram, Pentagon, Pentagon,450,250, 
PA23,20, F,250,50,1,7.54E+02, short, Parallelogram, Triangle, Parallelogram,350,250, 
PA23,20, F,250,51,0,1.63E+03, short, Triangle, Circle, Circle,250,250, 
PA23,20, F,250,52,0,4.38E+02, long, Circle, Triangle, Triangle,750,250, 
PA23,20, F,250,53,0,8.84E+02, short, Triangle, Parallelogram, Triangle,450,250, 
PA23,20, F,250,54,1,2.70E+02, long, Triangle, Rhombus, Rhombus,750,250, 
PA23,20, F,250,55,1,7.48E+02, short, Circle, Triangle, Circle,650,250, 
PA23,20, F,250,56,0,1.19E+03, short, Circle, Pentagon, Pentagon,450,250, 
PA23,20, F,250,57,1,5.40E+02, long, Pentagon, Square, Pentagon,850,250, 
PA23,20, F,250,58,1,4.21E+03, long, Rhombus, Triangle, Triangle,750,250, 
PA23,20, F,250,59,0,1.38E+03, long, Rhombus, Parallelogram, Rhombus,550,250, 
PA23,20, F,250,60,1,5.15E+02, short, Circle, Triangle, Triangle,350,250, 
PA23,20, F,250,61,0,6.71E+02, short, Circle, Pentagon, Circle,250,250, 
PA23,20, F,250,62,1,3.75E+02, short, Rhombus, Pentagon, Rhombus,350,250, 
PA23,20, F,250,63,1,2.93E+02, long, Pentagon, Parallelogram, Parallelogram,750,250, 
PA23,20, F,250,64,1,1.14E+03, short, Triangle, Parallelogram, Parallelogram,550,250, 
PA23,20, F,250,65,1,3.81E+02, long, Square, Parallelogram, Parallelogram,650,250, 
PA23,20, F,250,66,1,4.13E+02, long, Pentagon, Triangle, Triangle,650,250, 
PA23,20, F,250,67,0,1.86E+03, long, Triangle, Parallelogram, Triangle,850,250, 
PA23,20, F,250,68,1,3.55E+03, short, Pentagon, Triangle, Pentagon,650,250, 
PA23,20, F,250,69,1,1.73E+03, long, Circle, Parallelogram, Parallelogram,450,250, 
PA23,20, F,250,70,1,2.72E+03, short, Triangle, Pentagon, Triangle,450,250, 
PA23,20, F,250,71,1,6.16E+02, long, Square, Triangle, Triangle,750,250, 
PA23,20, F,250,72,0,4.14E+02, long, Pentagon, Parallelogram, Pentagon,750,250, 
PA23,20, F,250,73,0,4.07E+02, long, Triangle, Rhombus, Rhombus,750,250, 
PA23,20, F,250,74,1,6.34E+02, long, Rhombus, Circle, Rhombus,450,250, 
PA23,20, F,250,75,0,1.97E+03, long, Parallelogram, Circle, Circle,850,250, 
PA23,20, F,250,76,1,9.54E+02, long, Pentagon, Rhombus, Pentagon,750,250, 
PA23,20, F,250,77,1,1.12E+03, short, Circle, Rhombus, Rhombus,450,250, 
PA23,20, F,250,78,0,3.18E+03, short, Rhombus, Triangle, Rhombus,450,250, 
PA23,20, F,250,79,1,5.82E+02, short, Rhombus, Parallelogram, Parallelogram,250,250, 
PA23,20, F,250,80,1,3.54E+02, long, Square, Pentagon, Square,450,250, 
PA23,20, F,250,81,0,1.68E+03, short, Triangle, Circle, Circle,450,250, 
PA23,20, F,250,82,0,3.69E+02, long, Square, Circle, Square,750,250, 
PA23,20, F,250,83,0,1.34E+03, long, Parallelogram, Rhombus, Rhombus,650,250, 
PA23,20, F,250,84,1,7.82E+02, long, Square, Circle, Square,550,250, 
PA23,20, F,250,85,1,3.97E+02, long, Triangle, Square, Triangle,850,250, 
PA23,20, F,250,86,0,6.39E+02, short, Triangle, Parallelogram, Parallelogram,350,250, 
PA23,20, F,250,87,1,2.81E+02, long, Rhombus, Square, Rhombus,650,250, 
PA23,20, F,250,88,1,6.09E+02, short, Parallelogram, Triangle, Triangle,350,250, 
PA23,20, F,250,89,0,4.47E+02, short, Square, Parallelogram, Square,450,250, 
PA23,20, F,250,90,1,5.37E+02, short, Parallelogram, Circle, Circle,550,250, 
PA23,20, F,250,91,0,4.05E+02, short, Pentagon, Triangle, Pentagon,350,250, 
PA23,20, F,250,92,1,5.67E+02, short, Rhombus, Circle, Circle,250,250, 
PA23,20, F,250,93,0,4.92E+02, short, Parallelogram, Pentagon, Parallelogram,250,250, 
PA23,20, F,250,94,0,2.80E+02, long, Circle, Parallelogram, Parallelogram,550,250, 
PA23,20, F,250,95,1,1.42E+02, short, Circle, Square, Circle,550,250, 
PA23,20, F,250,96,0,2.99E+02, long, Circle, Rhombus, Rhombus,650,250, 
PA23,20, F,250,97,0,3.57E+02, long, Triangle, Parallelogram, Triangle,650,250, 
PA23,20, F,250,98,0,3.93E+02, long, Circle, Square, Circle,550,250, 
PA23,20, F,250,99,1,1.29E+03, long, Rhombus, Triangle, Triangle,550,250, 
PA23,20, F,250,100,0,1.29E+03, short, Circle, Pentagon, Circle,350,250, 
PA23,20, F,250,101,1,1.19E+03, short, Square, Triangle, Triangle,250,250, 
PA23,20, F,250,102,1,5.52E+02, long, Square, Parallelogram, Square,850,250, 
PA23,20, F,250,103,0,3.12E+02, long, Parallelogram, Triangle, Triangle,750,250, 
PA23,20, F,250,104,1,4.46E+02, long, Circle, Triangle, Circle,850,250, 
PA23,20, F,250,105,0,5.74E+02, short, Square, Parallelogram, Parallelogram,250,250, 
PA23,20, F,250,106,1,5.54E+02, short, Triangle, Circle, Triangle,350,250, 
PA23,20, F,250,107,1,5.36E+02, long, Rhombus, Square, Square,550,250, 
PA23,20, F,250,108,0,7.46E+02, long, Circle, Parallelogram, Circle,550,250, 
PA23,20, F,250,109,0,6.80E+02, short, Pentagon, Square, Pentagon,250,250, 
PA23,20, F,250,110,1,1.89E+03, long, Pentagon, Square, Square,250,250, 
PA23,20, F,250,111,1,2.87E+02, long, Square, Pentagon, Square,850,250, 
PA23,20, F,250,112,0,2.69E+02, long, Square, Rhombus, Square,650,250, 
PA23,20, F,250,113,1,5.99E+02, short, Parallelogram, Rhombus, Rhombus,550,250, 
PA23,20, F,250,114,1,5.41E+02, short, Pentagon, Rhombus, Pentagon,250,250, 
PA23,20, F,250,115,1,5.27E+02, long, Parallelogram, Triangle, Triangle,450,250, 
PA23,20, F,250,116,0,5.51E+02, long, Parallelogram, Pentagon, Parallelogram,550,250, 
PA23,20, F,250,117,1,6.97E+02, long, Square, Pentagon, Pentagon,550,250, 
PA23,20, F,250,118,0,2.87E+02, long, Square, Triangle, Square,850,250, 
PA23,20, F,250,119,1,6.77E+02, short, Triangle, Pentagon, Pentagon,250,250, 
PA23,20, F,250,120,1,2.77E+02, long, Triangle, Pentagon, Triangle,550,250, 
PA23,20, F,250,121,0,2.77E+02, long, Rhombus, Pentagon, Pentagon,850,250, 
PA23,20, F,250,122,0,9.15E+02, long, Triangle, Square, Triangle,650,250, 
PA23,20, F,250,123,0,2.83E+02, long, Triangle, Pentagon, Pentagon,850,250, 
PA23,20, F,250,124,1,7.34E+02, long, Rhombus, Square, Rhombus,650,250, 
PA23,20, F,250,125,1,2.48E+02, long, Square, Triangle, Triangle,750,250, 
PA23,20, F,250,126,0,1.57E+03, short, Square, Triangle, Square,250,250, 
PA23,20, F,250,127,1,1.14E+03, short, Pentagon, Parallelogram, Pentagon,250,250, 
PA23,20, F,250,128,0,4.46E+02, short, Triangle, Square, Square,450,250, 
PA23,20, F,250,129,0,2.42E+02, long, Rhombus, Pentagon, Rhombus,750,250, 
PA23,20, F,250,130,0,6.84E+02, short, Pentagon, Parallelogram, Pentagon,650,250, 
PA23,20, F,250,131,0,5.52E+02, short, Square, Rhombus, Square,450,250, 
PA23,20, F,250,132,0,2.98E+02, long, Circle, Rhombus, Circle,750,250, 
PA23,20, F,250,133,1,4.60E+02, short, Rhombus, Circle, Rhombus,450,250, 
PA23,20, F,250,134,0,2.74E+02, long, Pentagon, Parallelogram, Pentagon,750,250, 
PA23,20, F,250,135,1,8.69E+02, long, Pentagon, Triangle, Triangle,450,250, 
PA23,20, F,250,136,0,2.29E+02, long, Triangle, Rhombus, Rhombus,650,250, 
PA23,20, F,250,137,0,8.57E+02, short, Circle, Square, Square,650,250, 
PA23,20, F,250,138,1,2.86E+02, long, Triangle, Square, Triangle,650,250, 
PA23,20, F,250,139,0,7.85E+02, short, Square, Pentagon, Pentagon,350,250, 
PA23,20, F,250,140,0,5.79E+02, short, Parallelogram, Rhombus, Parallelogram,250,250, 
PA23,20, F,250,141,0,3.53E+02, long, Rhombus, Square, Square,650,250, 
PA23,20, F,250,142,0,5.82E+02, short, Parallelogram, Circle, Parallelogram,250,250, 
PA23,20, F,250,143,1,8.59E+02, short, Pentagon, Circle, Circle,450,250, 
PA23,20, F,250,144,1,6.63E+02, short, Triangle, Parallelogram, Triangle,750,250, 
PA23,20, F,250,145,1,1.08E+03, short, Rhombus, Pentagon, Pentagon,450,250, 
PA23,20, F,250,146,1,4.55E+02, long, Parallelogram, Square, Parallelogram,650,250, 
PA23,20, F,250,147,0,1.62E+03, short, Triangle, Pentagon, Pentagon,350,250, 
PA23,20, F,250,148,1,7.13E+02, long, Circle, Parallelogram, Parallelogram,350,250, 
PA23,20, F,250,149,0,1.91E+03, long, Pentagon, Rhombus, Pentagon,650,250, 
PA23,20, F,250,150,0,1.10E+03, short, Pentagon, Rhombus, Rhombus,350,250, 
PA23,20, F,250,151,1,2.63E+02, long, Rhombus, Circle, Circle,850,250, 
PA23,20, F,250,152,1,5.12E+02, short, Triangle, Rhombus, Triangle,250,250, 
PA23,20, F,250,153,1,3.06E+02, long, Pentagon, Parallelogram, Parallelogram,850,250, 
PA23,20, F,250,154,0,1.04E+03, short, Circle, Square, Circle,450,250, 
PA23,20, F,250,155,1,2.76E+02, long, Square, Circle, Circle,650,250, 
PA23,20, F,250,156,1,3.92E+02, long, Triangle, Rhombus, Triangle,850,250, 
PA23,20, F,250,157,0,6.52E+02, long, Pentagon, Square, Square,550,250, 
PA23,20, F,250,158,1,2.01E+03, long, Square, Circle, Square,850,250, 
PA23,20, F,250,159,1,7.90E+02, short, Circle, Rhombus, Rhombus,350,250, 
PA23,20, F,250,160,1,7.76E+02, long, Parallelogram, Rhombus, Parallelogram,650,250, 
PA23,20, F,250,161,0,6.56E+02, long, Pentagon, Circle, Circle,550,250, 
PA23,20, F,250,162,0,3.08E+02, long, Circle, Square, Circle,850,250, 
PA23,20, F,250,163,1,1.17E+03, short, Circle, Parallelogram, Circle,250,250, 
PA23,20, F,250,164,1,9.10E+02, short, Rhombus, Triangle, Triangle,250,250, 
PA23,20, F,250,165,0,8.37E+02, short, Triangle, Square, Triangle,450,250, 
PA23,20, F,250,166,0,6.94E+02, short, Rhombus, Circle, Circle,350,250, 
PA23,20, F,250,167,0,2.99E+02, long, Circle, Parallelogram, Circle,850,250, 
PA23,20, F,250,168,1,9.78E+02, long, Rhombus, Pentagon, Pentagon,350,250, 
PA23,20, F,250,169,0,1.28E+03, short, Rhombus, Parallelogram, Rhombus,250,250, 
PA23,20, F,250,170,1,5.67E+02, short, Pentagon, Circle, Circle,250,250, 
PA23,20, F,250,171,1,4.79E+02, long, Circle, Square, Circle,750,250, 
PA23,20, F,250,172,0,3.27E+02, long, Pentagon, Triangle, Triangle,550,250, 
PA23,20, F,250,173,1,8.25E+02, short, Rhombus, Square, Rhombus,350,250, 
PA23,20, F,250,174,1,5.35E+02, short, Rhombus, Parallelogram, Parallelogram,250,250, 
PA23,20, F,250,175,0,6.35E+02, short, Pentagon, Circle, Circle,450,250, 
PA23,20, F,250,176,1,6.53E+02, short, Triangle, Rhombus, Triangle,350,250, 
PA23,20, F,250,177,0,1.25E+03, short, Parallelogram, Pentagon, Pentagon,350,250, 
PA23,20, F,250,178,1,5.03E+02, long, Parallelogram, Square, Square,450,250, 
PA23,20, F,250,179,1,1.11E+03, long, Parallelogram, Square, Parallelogram,850,250, 
PA23,20, F,250,180,0,5.15E+02, long, Parallelogram, Rhombus, Parallelogram,850,250, 
PA23,20, F,250,181,0,4.64E+02, long, Pentagon, Triangle, Pentagon,750,250, 
PA23,20, F,250,182,0,1.32E+03, short, Rhombus, Square, Square,250,250, 
PA23,20, F,250,183,1,4.28E+02, long, Rhombus, Pentagon, Rhombus,650,250, 
PA23,20, F,250,184,0,3.32E+02, long, Circle, Triangle, Triangle,750,250, 
PA23,20, F,250,185,1,4.36E+02, long, Parallelogram, Rhombus, Parallelogram,750,250, 
PA23,20, F,250,186,1,6.46E+02, short, Triangle, Circle, Circle,250,250, 
PA23,20, F,250,187,1,1.15E+03, short, Rhombus, Triangle, Rhombus,550,250, 
PA23,20, F,250,188,0,5.58E+02, short, Parallelogram, Circle, Parallelogram,250,250, 
PA23,20, F,250,189,0,6.72E+02, long, Rhombus, Triangle, Triangle,650,250, 
PA23,20, F,250,190,1,2.60E+02, long, Circle, Pentagon, Pentagon,750,250, 
PA23,20, F,250,191,1,3.26E+02, long, Rhombus, Circle, Rhombus,850,250, 
PA23,20, F,250,192,1,6.88E+02, short, Triangle, Square, Triangle,550,250, 
PA23,20, F,250,193,0,3.68E+02, long, Square, Triangle, Triangle,850,250, 
PA23,20, F,250,194,1,2.12E+03, short, Triangle, Circle, Circle,350,250, 
PA23,20, F,250,195,0,3.04E+02, long, Rhombus, Parallelogram, Rhombus,850,250, 
PA23,20, F,250,196,1,6.63E+02, short, Pentagon, Circle, Circle,450,250, 
PA23,20, F,250,197,0,7.33E+02, long, Rhombus, Parallelogram, Rhombus,450,250, 
PA23,20, F,250,198,0,3.43E+02, long, Square, Rhombus, Rhombus,550,250, 
PA23,20, F,250,199,1,5.17E+02, short, Square, Parallelogram, Square,250,250, 
PA23,20, F,250,200,1,5.61E+02, long, Pentagon, Square, Pentagon,350,250, 
PA23,20, F,250,201,1,2.66E+03, long, Parallelogram, Triangle, Triangle,650,250, 
PA23,20, F,250,202,0,3.97E+02, long, Square, Pentagon, Square,850,250, 
PA23,20, F,250,203,0,6.65E+02, short, Triangle, Circle, Circle,250,250, 
PA23,20, F,250,204,0,6.41E+02, short, Pentagon, Square, Pentagon,350,250, 
PA23,20, F,250,205,0,5.71E+02, long, Square, Circle, Circle,350,250, 
PA23,20, F,250,206,1,5.05E+02, short, Pentagon, Rhombus, Pentagon,350,250, 
PA23,20, F,250,207,1,6.15E+02, long, Triangle, Pentagon, Triangle,750,250, 
PA23,20, F,250,208,1,3.19E+02, long, Parallelogram, Pentagon, Pentagon,850,250, 
PA23,20, F,250,209,0,6.71E+02, long, Parallelogram, Triangle, Parallelogram,650,250, 
PA23,20, F,250,210,1,5.02E+02, long, Triangle, Pentagon, Pentagon,450,250, 
