﻿Subject ID, Subject Age, Gender, Group, TrialNumber, Intended or Unintended Outcome, Reaction Time on Outcome Response, Response - Short or Long, Left Image Code, Right Image Code, Chosen Image Code, Objective Duration of Stimulus, Stimulus Delay,
PA59,18, M,250,1,1,1.26E+03, short, Square, Parallelogram, Square,850,250, 
PA59,18, M,250,2,1,1.09E+03, short, Parallelogram, Square, Square,350,250, 
PA59,18, M,250,3,1,7.20E+02, short, Square, Rhombus, Square,350,250, 
PA59,18, M,250,4,0,1.89E+03, short, Rhombus, Triangle, Triangle,250,250, 
PA59,18, M,250,5,0,1.22E+03, short, Pentagon, Rhombus, Pentagon,350,250, 
PA59,18, M,250,6,1,8.80E+02, short, Rhombus, Circle, Circle,350,250, 
PA59,18, M,250,7,0,6.54E+02, long, Circle, Parallelogram, Parallelogram,850,250, 
PA59,18, M,250,8,0,4.68E+02, long, Parallelogram, Circle, Parallelogram,650,250, 
PA59,18, M,250,9,1,5.22E+02, long, Rhombus, Square, Square,750,250, 
PA59,18, M,250,10,0,7.40E+02, short, Triangle, Square, Square,250,250, 
PA59,18, M,250,11,0,4.93E+02, long, Pentagon, Circle, Pentagon,450,250, 
PA59,18, M,250,12,1,4.14E+02, long, Rhombus, Triangle, Triangle,850,250, 
PA59,18, M,250,13,0,1.17E+03, long, Circle, Pentagon, Circle,550,250, 
PA59,18, M,250,14,0,1.01E+03, long, Triangle, Pentagon, Triangle,850,250, 
PA59,18, M,250,15,0,5.19E+02, long, Pentagon, Parallelogram, Pentagon,650,250, 
PA59,18, M,250,16,1,7.25E+02, short, Square, Pentagon, Pentagon,450,250, 
PA59,18, M,250,17,0,4.83E+02, long, Parallelogram, Square, Parallelogram,550,250, 
PA59,18, M,250,18,1,1.15E+03, short, Triangle, Pentagon, Triangle,250,250, 
PA59,18, M,250,19,1,4.75E+02, long, Parallelogram, Triangle, Parallelogram,650,250, 
PA59,18, M,250,20,0,8.51E+02, short, Circle, Triangle, Triangle,350,250, 
PA59,18, M,250,21,1,4.61E+02, long, Pentagon, Rhombus, Pentagon,850,250, 
PA59,18, M,250,22,0,6.22E+02, long, Square, Triangle, Triangle,750,250, 
PA59,18, M,250,23,1,7.58E+02, long, Rhombus, Circle, Rhombus,450,250, 
PA59,18, M,250,24,1,5.32E+02, long, Square, Triangle, Triangle,550,250, 
PA59,18, M,250,25,1,4.20E+02, long, Pentagon, Parallelogram, Pentagon,450,250, 
PA59,18, M,250,26,1,9.02E+02, long, Square, Triangle, Square,450,250, 
PA59,18, M,250,27,0,5.44E+02, long, Circle, Rhombus, Circle,850,250, 
PA59,18, M,250,28,0,7.76E+02, long, Rhombus, Square, Square,350,250, 
PA59,18, M,250,29,0,7.72E+02, long, Circle, Triangle, Triangle,550,250, 
PA59,18, M,250,30,0,9.82E+02, short, Rhombus, Square, Rhombus,350,250, 
PA59,18, M,250,31,0,1.42E+03, short, Triangle, Parallelogram, Triangle,650,250, 
PA59,18, M,250,32,1,4.69E+02, long, Triangle, Circle, Triangle,850,250, 
PA59,18, M,250,33,0,4.73E+02, long, Parallelogram, Square, Parallelogram,750,250, 
PA59,18, M,250,34,0,5.32E+02, long, Circle, Rhombus, Rhombus,750,250, 
PA59,18, M,250,35,0,4.44E+02, long, Triangle, Circle, Triangle,750,250, 
PA59,18, M,250,36,0,1.17E+03, short, Rhombus, Circle, Rhombus,250,250, 
PA59,18, M,250,37,0,7.19E+02, long, Circle, Triangle, Triangle,650,250, 
PA59,18, M,250,38,0,4.73E+02, long, Circle, Rhombus, Rhombus,650,250, 
PA59,18, M,250,39,0,5.63E+02, short, Square, Circle, Square,350,250, 
PA59,18, M,250,40,1,4.67E+02, short, Parallelogram, Pentagon, Parallelogram,350,250, 
PA59,18, M,250,41,1,3.55E+02, long, Pentagon, Triangle, Pentagon,750,250, 
PA59,18, M,250,42,0,1.58E+03, long, Parallelogram, Pentagon, Pentagon,750,250, 
PA59,18, M,250,43,1,9.62E+02, short, Parallelogram, Square, Parallelogram,250,250, 
PA59,18, M,250,44,0,3.28E+02, long, Rhombus, Pentagon, Rhombus,750,250, 
PA59,18, M,250,45,1,3.42E+02, long, Parallelogram, Circle, Circle,550,250, 
PA59,18, M,250,46,1,9.62E+02, short, Circle, Pentagon, Pentagon,350,250, 
PA59,18, M,250,47,0,3.75E+02, long, Rhombus, Parallelogram, Parallelogram,850,250, 
PA59,18, M,250,48,0,3.64E+02, long, Triangle, Circle, Circle,650,250, 
PA59,18, M,250,49,0,8.30E+02, short, Parallelogram, Triangle, Parallelogram,250,250, 
PA59,18, M,250,50,1,1.04E+03, long, Parallelogram, Triangle, Parallelogram,650,250, 
PA59,18, M,250,51,1,9.34E+02, short, Parallelogram, Pentagon, Parallelogram,350,250, 
PA59,18, M,250,52,1,7.30E+02, long, Pentagon, Rhombus, Rhombus,350,250, 
PA59,18, M,250,53,0,7.66E+02, long, Parallelogram, Rhombus, Rhombus,550,250, 
PA59,18, M,250,54,0,7.35E+02, short, Circle, Square, Square,250,250, 
PA59,18, M,250,55,1,1.69E+03, long, Pentagon, Square, Pentagon,850,250, 
PA59,18, M,250,56,1,8.85E+02, short, Triangle, Pentagon, Pentagon,550,250, 
PA59,18, M,250,57,1,3.83E+02, long, Parallelogram, Rhombus, Parallelogram,550,250, 
PA59,18, M,250,58,1,5.37E+02, long, Rhombus, Parallelogram, Parallelogram,750,250, 
PA59,18, M,250,59,1,6.47E+02, long, Triangle, Parallelogram, Triangle,850,250, 
PA59,18, M,250,60,0,1.67E+03, short, Pentagon, Circle, Pentagon,450,250, 
PA59,18, M,250,61,0,1.06E+03, long, Rhombus, Pentagon, Pentagon,450,250, 
PA59,18, M,250,62,1,9.65E+02, short, Square, Rhombus, Square,250,250, 
PA59,18, M,250,63,0,1.22E+03, short, Triangle, Square, Square,650,250, 
PA59,18, M,250,64,1,6.70E+02, long, Square, Rhombus, Rhombus,750,250, 
PA59,18, M,250,65,0,9.48E+02, short, Triangle, Circle, Triangle,450,250, 
PA59,18, M,250,66,1,1.04E+03, long, Pentagon, Parallelogram, Parallelogram,650,250, 
PA59,18, M,250,67,0,1.20E+03, short, Circle, Triangle, Circle,650,250, 
PA59,18, M,250,68,1,8.42E+02, short, Circle, Parallelogram, Circle,450,250, 
PA59,18, M,250,69,0,8.70E+02, short, Circle, Rhombus, Rhombus,350,250, 
PA59,18, M,250,70,1,4.72E+02, long, Square, Circle, Circle,550,250, 
PA59,18, M,250,71,0,1.02E+03, short, Square, Pentagon, Square,750,250, 
PA59,18, M,250,72,1,7.16E+02, short, Pentagon, Circle, Pentagon,250,250, 
PA59,18, M,250,73,1,5.26E+02, short, Triangle, Pentagon, Triangle,250,250, 
PA59,18, M,250,74,0,3.86E+02, long, Square, Pentagon, Pentagon,650,250, 
PA59,18, M,250,75,1,4.06E+02, long, Rhombus, Square, Rhombus,850,250, 
PA59,18, M,250,76,0,5.73E+02, long, Pentagon, Square, Square,450,250, 
PA59,18, M,250,77,1,1.10E+03, short, Pentagon, Triangle, Pentagon,550,250, 
PA59,18, M,250,78,0,5.31E+02, long, Square, Circle, Circle,550,250, 
PA59,18, M,250,79,0,7.97E+02, short, Parallelogram, Pentagon, Pentagon,350,250, 
PA59,18, M,250,80,0,7.39E+02, short, Parallelogram, Circle, Circle,450,250, 
PA59,18, M,250,81,0,1.57E+03, long, Square, Parallelogram, Parallelogram,850,250, 
PA59,18, M,250,82,1,8.95E+02, short, Pentagon, Square, Pentagon,750,250, 
PA59,18, M,250,83,1,1.24E+03, short, Circle, Parallelogram, Circle,350,250, 
PA59,18, M,250,84,0,4.49E+02, long, Triangle, Rhombus, Triangle,550,250, 
PA59,18, M,250,85,0,1.70E+03, short, Pentagon, Triangle, Pentagon,350,250, 
PA59,18, M,250,86,0,3.57E+02, long, Rhombus, Circle, Rhombus,650,250, 
PA59,18, M,250,87,1,1.13E+03, long, Rhombus, Square, Square,550,250, 
PA59,18, M,250,88,1,8.38E+02, short, Parallelogram, Triangle, Triangle,250,250, 
PA59,18, M,250,89,0,4.48E+02, long, Pentagon, Rhombus, Rhombus,550,250, 
PA59,18, M,250,90,1,9.66E+02, long, Triangle, Pentagon, Pentagon,550,250, 
PA59,18, M,250,91,0,2.67E+02, long, Pentagon, Circle, Circle,550,250, 
PA59,18, M,250,92,1,4.64E+02, long, Circle, Square, Circle,550,250, 
PA59,18, M,250,93,1,2.66E+02, long, Rhombus, Triangle, Triangle,650,250, 
PA59,18, M,250,94,1,2.92E+02, long, Pentagon, Square, Square,450,250, 
PA59,18, M,250,95,1,2.84E+02, long, Circle, Pentagon, Pentagon,650,250, 
PA59,18, M,250,96,1,8.66E+02, short, Parallelogram, Rhombus, Parallelogram,550,250, 
PA59,18, M,250,97,0,8.04E+02, short, Square, Circle, Circle,450,250, 
PA59,18, M,250,98,1,5.04E+02, long, Rhombus, Triangle, Rhombus,750,250, 
PA59,18, M,250,99,0,9.64E+02, short, Triangle, Square, Triangle,450,250, 
PA59,18, M,250,100,1,3.31E+02, long, Circle, Parallelogram, Parallelogram,550,250, 
PA59,18, M,250,101,0,8.01E+02, short, Circle, Triangle, Circle,650,250, 
PA59,18, M,250,102,0,8.73E+02, long, Rhombus, Pentagon, Pentagon,650,250, 
PA59,18, M,250,103,0,3.80E+02, long, Rhombus, Parallelogram, Parallelogram,850,250, 
PA59,18, M,250,104,1,1.10E+03, long, Pentagon, Rhombus, Rhombus,650,250, 
PA59,18, M,250,105,0,1.00E+03, short, Circle, Rhombus, Circle,350,250, 
PA59,18, M,250,106,1,6.11E+02, short, Parallelogram, Triangle, Triangle,550,250, 
PA59,18, M,250,107,0,3.95E+02, long, Square, Pentagon, Pentagon,850,250, 
PA59,18, M,250,108,0,7.27E+02, short, Triangle, Rhombus, Triangle,750,250, 
PA59,18, M,250,109,1,1.03E+03, short, Triangle, Rhombus, Rhombus,450,250, 
PA59,18, M,250,110,0,3.41E+02, long, Parallelogram, Circle, Circle,850,250, 
PA59,18, M,250,111,1,4.89E+02, long, Parallelogram, Rhombus, Rhombus,550,250, 
PA59,18, M,250,112,1,5.18E+02, long, Circle, Square, Circle,850,250, 
PA59,18, M,250,113,1,5.39E+02, long, Triangle, Parallelogram, Parallelogram,750,250, 
PA59,18, M,250,114,0,8.42E+02, short, Square, Triangle, Triangle,550,250, 
PA59,18, M,250,115,0,7.84E+02, short, Pentagon, Parallelogram, Parallelogram,250,250, 
PA59,18, M,250,116,1,9.61E+02, short, Triangle, Square, Triangle,750,250, 
PA59,18, M,250,117,0,1.84E+03, short, Circle, Pentagon, Pentagon,250,250, 
PA59,18, M,250,118,0,5.36E+02, short, Square, Rhombus, Square,350,250, 
PA59,18, M,250,119,1,6.30E+02, short, Parallelogram, Triangle, Parallelogram,350,250, 
PA59,18, M,250,120,1,2.76E+02, long, Pentagon, Parallelogram, Parallelogram,650,250, 
PA59,18, M,250,121,1,5.52E+02, long, Parallelogram, Circle, Circle,750,250, 
PA59,18, M,250,122,1,2.07E+03, long, Square, Triangle, Triangle,750,250, 
PA59,18, M,250,123,0,1.22E+03, short, Triangle, Square, Square,350,250, 
PA59,18, M,250,124,0,8.78E+02, short, Triangle, Circle, Circle,250,250, 
PA59,18, M,250,125,0,4.20E+02, long, Square, Triangle, Square,650,250, 
PA59,18, M,250,126,0,7.65E+02, short, Pentagon, Rhombus, Rhombus,350,250, 
PA59,18, M,250,127,0,9.13E+02, long, Pentagon, Circle, Pentagon,350,250, 
PA59,18, M,250,128,1,5.57E+02, long, Triangle, Parallelogram, Triangle,850,250, 
PA59,18, M,250,129,1,8.49E+02, short, Parallelogram, Pentagon, Pentagon,250,250, 
PA59,18, M,250,130,1,3.53E+02, long, Square, Parallelogram, Square,850,250, 
PA59,18, M,250,131,1,2.39E+03, short, Rhombus, Parallelogram, Rhombus,250,250, 
PA59,18, M,250,132,0,3.95E+02, long, Circle, Rhombus, Circle,450,250, 
PA59,18, M,250,133,1,3.81E+02, long, Triangle, Pentagon, Triangle,650,250, 
PA59,18, M,250,134,0,8.40E+02, long, Circle, Parallelogram, Parallelogram,850,250, 
PA59,18, M,250,135,0,4.04E+02, long, Parallelogram, Rhombus, Rhombus,750,250, 
PA59,18, M,250,136,1,2.92E+02, long, Triangle, Square, Square,650,250, 
PA59,18, M,250,137,1,1.24E+03, long, Square, Parallelogram, Square,850,250, 
PA59,18, M,250,138,1,7.52E+02, long, Pentagon, Triangle, Pentagon,450,250, 
PA59,18, M,250,139,0,7.13E+02, long, Circle, Square, Square,550,250, 
PA59,18, M,250,140,0,7.24E+02, long, Square, Rhombus, Square,650,250, 
PA59,18, M,250,141,1,2.76E+02, long, Rhombus, Triangle, Triangle,850,250, 
PA59,18, M,250,142,0,4.14E+02, long, Pentagon, Triangle, Pentagon,550,250, 
PA59,18, M,250,143,1,8.16E+02, short, Pentagon, Rhombus, Rhombus,250,250, 
PA59,18, M,250,144,1,1.15E+03, long, Square, Triangle, Square,350,250, 
PA59,18, M,250,145,0,7.08E+02, short, Circle, Square, Circle,250,250, 
PA59,18, M,250,146,1,6.34E+02, short, Triangle, Parallelogram, Triangle,650,250, 
PA59,18, M,250,147,1,1.73E+03, short, Rhombus, Pentagon, Rhombus,750,250, 
PA59,18, M,250,148,1,8.72E+02, long, Rhombus, Square, Square,850,250, 
PA59,18, M,250,149,0,6.56E+02, long, Parallelogram, Rhombus, Rhombus,750,250, 
PA59,18, M,250,150,0,9.67E+02, short, Triangle, Parallelogram, Parallelogram,350,250, 
PA59,18, M,250,151,1,6.03E+02, long, Pentagon, Square, Pentagon,750,250, 
PA59,18, M,250,152,0,3.84E+02, long, Pentagon, Parallelogram, Pentagon,450,250, 
PA59,18, M,250,153,1,1.39E+03, long, Circle, Pentagon, Circle,850,250, 
PA59,18, M,250,154,0,1.06E+03, short, Rhombus, Triangle, Rhombus,450,250, 
PA59,18, M,250,155,0,8.07E+02, long, Triangle, Rhombus, Rhombus,850,250, 
PA59,18, M,250,156,0,2.47E+02, long, Circle, Pentagon, Pentagon,750,250, 
PA59,18, M,250,157,0,6.67E+02, long, Rhombus, Parallelogram, Rhombus,750,250, 
PA59,18, M,250,158,1,1.17E+03, short, Rhombus, Pentagon, Pentagon,350,250, 
PA59,18, M,250,159,1,4.37E+02, long, Circle, Triangle, Circle,650,250, 
PA59,18, M,250,160,1,7.78E+02, short, Pentagon, Triangle, Triangle,250,250, 
PA59,18, M,250,161,1,8.28E+02, long, Circle, Rhombus, Circle,750,250, 
PA59,18, M,250,162,1,9.16E+02, short, Triangle, Pentagon, Pentagon,250,250, 
PA59,18, M,250,163,1,7.36E+02, short, Pentagon, Parallelogram, Pentagon,350,250, 
PA59,18, M,250,164,1,6.52E+02, long, Square, Circle, Square,650,250, 
PA59,18, M,250,165,0,1.07E+03, long, Rhombus, Circle, Rhombus,850,250, 
PA59,18, M,250,166,1,7.76E+02, short, Square, Rhombus, Square,350,250, 
PA59,18, M,250,167,0,2.58E+03, short, Parallelogram, Triangle, Parallelogram,250,250, 
PA59,18, M,250,168,0,1.02E+03, short, Triangle, Parallelogram, Triangle,250,250, 
PA59,18, M,250,169,1,1.04E+03, short, Square, Circle, Square,650,250, 
PA59,18, M,250,170,0,3.98E+02, long, Circle, Pentagon, Circle,450,250, 
PA59,18, M,250,171,1,6.06E+02, long, Pentagon, Square, Pentagon,650,250, 
PA59,18, M,250,172,1,1.07E+03, short, Circle, Square, Circle,350,250, 
PA59,18, M,250,173,0,3.35E+02, long, Triangle, Circle, Circle,650,250, 
PA59,18, M,250,174,1,1.39E+03, long, Triangle, Rhombus, Rhombus,450,250, 
PA59,18, M,250,175,0,2.97E+02, long, Square, Parallelogram, Square,450,250, 
PA59,18, M,250,176,1,3.45E+02, long, Parallelogram, Pentagon, Parallelogram,650,250, 
PA59,18, M,250,177,0,5.74E+02, long, Rhombus, Square, Square,450,250, 
PA59,18, M,250,178,1,1.05E+03, long, Parallelogram, Square, Square,450,250, 
PA59,18, M,250,179,0,3.47E+02, long, Circle, Parallelogram, Circle,850,250, 
PA59,18, M,250,180,0,1.13E+03, long, Square, Circle, Circle,750,250, 
PA59,18, M,250,181,1,8.31E+02, short, Rhombus, Pentagon, Pentagon,250,250, 
PA59,18, M,250,182,0,4.45E+02, long, Square, Parallelogram, Square,550,250, 
PA59,18, M,250,183,0,5.76E+02, long, Circle, Triangle, Triangle,850,250, 
PA59,18, M,250,184,1,8.53E+02, short, Square, Pentagon, Square,250,250, 
PA59,18, M,250,185,0,7.67E+02, short, Parallelogram, Rhombus, Rhombus,250,250, 
PA59,18, M,250,186,0,5.66E+02, long, Circle, Parallelogram, Parallelogram,750,250, 
PA59,18, M,250,187,1,5.82E+02, long, Rhombus, Parallelogram, Rhombus,750,250, 
PA59,18, M,250,188,0,2.83E+02, long, Square, Rhombus, Rhombus,850,250, 
PA59,18, M,250,189,1,8.96E+02, short, Parallelogram, Square, Square,250,250, 
PA59,18, M,250,190,0,7.90E+02, short, Parallelogram, Square, Parallelogram,250,250, 
PA59,18, M,250,191,0,8.40E+02, long, Pentagon, Square, Pentagon,550,250, 
PA59,18, M,250,192,0,1.26E+03, long, Rhombus, Triangle, Triangle,750,250, 
PA59,18, M,250,193,1,7.48E+02, long, Square, Pentagon, Square,450,250, 
PA59,18, M,250,194,1,1.04E+03, long, Triangle, Rhombus, Rhombus,850,250, 
PA59,18, M,250,195,1,9.88E+02, short, Square, Parallelogram, Parallelogram,350,250, 
PA59,18, M,250,196,1,6.76E+02, short, Triangle, Rhombus, Rhombus,250,250, 
PA59,18, M,250,197,0,8.38E+02, short, Pentagon, Circle, Circle,250,250, 
PA59,18, M,250,198,0,5.10E+02, long, Square, Pentagon, Square,350,250, 
PA59,18, M,250,199,0,8.22E+02, short, Triangle, Circle, Circle,550,250, 
PA59,18, M,250,200,1,1.49E+03, long, Parallelogram, Circle, Circle,550,250, 
PA59,18, M,250,201,0,6.18E+02, long, Parallelogram, Pentagon, Parallelogram,550,250, 
PA59,18, M,250,202,1,1.27E+03, long, Rhombus, Pentagon, Pentagon,450,250, 
PA59,18, M,250,203,1,8.01E+02, long, Rhombus, Circle, Rhombus,450,250, 
PA59,18, M,250,204,1,8.49E+02, short, Rhombus, Parallelogram, Parallelogram,450,250, 
PA59,18, M,250,205,1,1.11E+03, long, Rhombus, Circle, Rhombus,750,250, 
PA59,18, M,250,206,0,7.57E+02, short, Pentagon, Circle, Circle,250,250, 
PA59,18, M,250,207,0,6.63E+02, long, Circle, Square, Square,850,250, 
PA59,18, M,250,208,0,9.01E+02, short, Parallelogram, Circle, Circle,450,250, 
PA59,18, M,250,209,1,7.01E+02, short, Pentagon, Triangle, Pentagon,450,250, 
PA59,18, M,250,210,1,2.34E+03, short, Triangle, Square, Square,550,250, 
