﻿Subject ID, Subject Age, Gender, Group, TrialNumber, Intended or Unintended Outcome, Reaction Time on Outcome Response, Response - Short or Long, Left Image Code, Right Image Code, Chosen Image Code, Objective Duration of Stimulus, Stimulus Delay
PA50,18, M,1000,1,0,6.54E+02, long, Parallelogram, Pentagon, Parallelogram,850,1000
PA50,18, M,1000,2,1,8.77E+02, short, Rhombus, Circle, Circle,250,1000
PA50,18, M,1000,3,1,1.87E+03, long, Pentagon, Circle, Pentagon,850,1000
PA50,18, M,1000,4,1,5.79E+02, long, Square, Triangle, Triangle,750,1000
PA50,18, M,1000,5,1,8.75E+02, short, Triangle, Circle, Triangle,450,1000
PA50,18, M,1000,6,1,4.59E+02, long, Parallelogram, Rhombus, Rhombus,750,1000
PA50,18, M,1000,7,1,8.47E+02, short, Circle, Rhombus, Circle,450,1000
PA50,18, M,1000,8,0,2.43E+03, short, Circle, Pentagon, Circle,550,1000
PA50,18, M,1000,9,1,3.31E+02, long, Circle, Parallelogram, Parallelogram,550,1000
PA50,18, M,1000,10,0,1.21E+03, short, Triangle, Rhombus, Rhombus,650,1000
PA50,18, M,1000,11,1,6.30E+02, long, Circle, Square, Circle,650,1000
PA50,18, M,1000,12,0,5.52E+02, long, Square, Triangle, Square,450,1000
PA50,18, M,1000,13,1,4.98E+02, long, Triangle, Square, Triangle,650,1000
PA50,18, M,1000,14,0,4.25E+03, long, Parallelogram, Triangle, Triangle,650,1000
PA50,18, M,1000,15,0,4.72E+02, short, Rhombus, Triangle, Rhombus,550,1000
PA50,18, M,1000,16,1,5.64E+02, short, Pentagon, Square, Square,250,1000
PA50,18, M,1000,17,0,2.37E+03, long, Parallelogram, Rhombus, Parallelogram,650,1000
PA50,18, M,1000,18,1,4.40E+02, short, Pentagon, Circle, Pentagon,250,1000
PA50,18, M,1000,19,1,6.06E+02, short, Square, Rhombus, Square,350,1000
PA50,18, M,1000,20,0,5.17E+02, short, Parallelogram, Triangle, Parallelogram,450,1000
PA50,18, M,1000,21,0,4.93E+02, short, Square, Circle, Circle,250,1000
PA50,18, M,1000,22,0,7.32E+02, short, Circle, Square, Square,250,1000
PA50,18, M,1000,23,0,1.18E+03, long, Triangle, Parallelogram, Triangle,550,1000
PA50,18, M,1000,24,0,3.15E+02, long, Parallelogram, Rhombus, Parallelogram,750,1000
PA50,18, M,1000,25,0,5.55E+02, long, Circle, Rhombus, Circle,850,1000
PA50,18, M,1000,26,0,6.55E+02, short, Pentagon, Triangle, Pentagon,550,1000
PA50,18, M,1000,27,0,1.09E+03, short, Circle, Rhombus, Circle,550,1000
PA50,18, M,1000,28,1,3.79E+02, long, Square, Triangle, Square,550,1000
PA50,18, M,1000,29,0,5.83E+02, short, Rhombus, Parallelogram, Rhombus,250,1000
PA50,18, M,1000,30,0,2.87E+02, long, Parallelogram, Square, Parallelogram,750,1000
PA50,18, M,1000,31,0,4.04E+02, short, Square, Rhombus, Square,250,1000
PA50,18, M,1000,32,1,9.47E+02, long, Rhombus, Parallelogram, Rhombus,750,1000
PA50,18, M,1000,33,1,6.91E+02, long, Circle, Triangle, Triangle,650,1000
PA50,18, M,1000,34,1,3.11E+02, long, Circle, Rhombus, Rhombus,750,1000
PA50,18, M,1000,35,1,5.70E+02, short, Circle, Parallelogram, Circle,250,1000
PA50,18, M,1000,36,0,8.26E+02, short, Square, Parallelogram, Square,350,1000
PA50,18, M,1000,37,1,5.56E+02, long, Square, Rhombus, Rhombus,550,1000
PA50,18, M,1000,38,0,5.66E+02, short, Circle, Pentagon, Circle,350,1000
PA50,18, M,1000,39,0,2.71E+03, short, Circle, Triangle, Triangle,350,1000
PA50,18, M,1000,40,1,4.74E+02, short, Triangle, Pentagon, Triangle,350,1000
PA50,18, M,1000,41,0,2.74E+02, long, Circle, Parallelogram, Parallelogram,850,1000
PA50,18, M,1000,42,0,4.96E+02, long, Parallelogram, Circle, Parallelogram,650,1000
PA50,18, M,1000,43,1,2.77E+02, long, Parallelogram, Square, Parallelogram,750,1000
PA50,18, M,1000,44,1,4.61E+02, short, Triangle, Square, Square,450,1000
PA50,18, M,1000,45,0,7.01E+02, short, Triangle, Parallelogram, Triangle,450,1000
PA50,18, M,1000,46,0,7.28E+02, short, Parallelogram, Pentagon, Parallelogram,450,1000
PA50,18, M,1000,47,0,3.13E+02, long, Square, Triangle, Triangle,650,1000
PA50,18, M,1000,48,1,1.59E+03, long, Rhombus, Parallelogram, Rhombus,550,1000
PA50,18, M,1000,49,0,5.26E+02, short, Rhombus, Square, Rhombus,250,1000
PA50,18, M,1000,50,0,3.80E+02, short, Pentagon, Triangle, Pentagon,250,1000
PA50,18, M,1000,51,0,2.83E+02, long, Rhombus, Triangle, Rhombus,750,1000
PA50,18, M,1000,52,1,4.06E+03, long, Parallelogram, Circle, Parallelogram,550,1000
PA50,18, M,1000,53,0,2.96E+02, short, Parallelogram, Square, Parallelogram,350,1000
PA50,18, M,1000,54,0,4.40E+02, short, Pentagon, Square, Pentagon,250,1000
PA50,18, M,1000,55,1,1.11E+03, short, Rhombus, Circle, Rhombus,350,1000
PA50,18, M,1000,56,1,2.42E+02, long, Circle, Parallelogram, Circle,850,1000
PA50,18, M,1000,57,1,1.49E+03, long, Pentagon, Square, Square,450,1000
PA50,18, M,1000,58,0,2.98E+02, long, Square, Triangle, Triangle,750,1000
PA50,18, M,1000,59,1,2.92E+02, long, Rhombus, Pentagon, Rhombus,850,1000
PA50,18, M,1000,60,1,4.42E+02, long, Parallelogram, Pentagon, Pentagon,850,1000
PA50,18, M,1000,61,0,1.10E+03, long, Rhombus, Square, Rhombus,650,1000
PA50,18, M,1000,62,1,4.22E+02, long, Rhombus, Circle, Rhombus,850,1000
PA50,18, M,1000,63,1,1.38E+03, short, Rhombus, Square, Rhombus,450,1000
PA50,18, M,1000,64,1,2.78E+02, long, Pentagon, Square, Pentagon,750,1000
PA50,18, M,1000,65,0,3.37E+03, long, Square, Pentagon, Square,650,1000
PA50,18, M,1000,66,1,2.14E+03, short, Pentagon, Parallelogram, Pentagon,350,1000
PA50,18, M,1000,67,0,3.89E+02, long, Rhombus, Parallelogram, Rhombus,350,1000
PA50,18, M,1000,68,0,9.11E+02, long, Parallelogram, Rhombus, Parallelogram,550,1000
PA50,18, M,1000,69,0,3.57E+02, long, Triangle, Rhombus, Triangle,450,1000
PA50,18, M,1000,70,1,1.41E+03, short, Circle, Triangle, Circle,350,1000
PA50,18, M,1000,71,1,1.87E+03, short, Pentagon, Triangle, Pentagon,550,1000
PA50,18, M,1000,72,1,7.12E+02, short, Pentagon, Rhombus, Rhombus,350,1000
PA50,18, M,1000,73,0,3.67E+02, long, Triangle, Rhombus, Triangle,450,1000
PA50,18, M,1000,74,1,5.54E+02, short, Circle, Rhombus, Circle,250,1000
PA50,18, M,1000,75,0,4.37E+02, long, Pentagon, Parallelogram, Pentagon,750,1000
PA50,18, M,1000,76,0,2.16E+03, short, Parallelogram, Square, Parallelogram,450,1000
PA50,18, M,1000,77,0,4.66E+02, short, Pentagon, Circle, Pentagon,350,1000
PA50,18, M,1000,78,0,7.08E+02, short, Rhombus, Parallelogram, Rhombus,350,1000
PA50,18, M,1000,79,0,4.72E+02, short, Triangle, Square, Triangle,350,1000
PA50,18, M,1000,80,0,6.86E+02, short, Square, Rhombus, Rhombus,450,1000
PA50,18, M,1000,81,0,3.42E+02, long, Parallelogram, Square, Square,750,1000
PA50,18, M,1000,82,1,3.32E+02, long, Square, Pentagon, Pentagon,850,1000
PA50,18, M,1000,83,0,7.19E+02, short, Circle, Triangle, Circle,250,1000
PA50,18, M,1000,84,1,3.96E+02, long, Square, Circle, Square,750,1000
PA50,18, M,1000,85,0,8.69E+02, short, Pentagon, Triangle, Pentagon,450,1000
PA50,18, M,1000,86,0,3.07E+02, long, Circle, Pentagon, Pentagon,650,1000
PA50,18, M,1000,87,0,2.83E+02, long, Triangle, Square, Triangle,550,1000
PA50,18, M,1000,88,1,3.53E+02, long, Square, Triangle, Square,750,1000
PA50,18, M,1000,89,1,4.01E+02, long, Parallelogram, Triangle, Triangle,650,1000
PA50,18, M,1000,90,1,1.73E+03, short, Square, Rhombus, Square,550,1000
PA50,18, M,1000,91,1,4.35E+02, long, Pentagon, Rhombus, Rhombus,750,1000
PA50,18, M,1000,92,1,2.51E+03, long, Pentagon, Parallelogram, Parallelogram,650,1000
PA50,18, M,1000,93,0,1.34E+03, short, Circle, Rhombus, Circle,550,1000
PA50,18, M,1000,94,0,1.83E+03, short, Triangle, Square, Square,750,1000
PA50,18, M,1000,95,1,9.10E+02, short, Parallelogram, Triangle, Parallelogram,450,1000
PA50,18, M,1000,96,0,4.22E+02, long, Circle, Triangle, Triangle,850,1000
PA50,18, M,1000,97,1,3.44E+02, long, Rhombus, Pentagon, Rhombus,850,1000
PA50,18, M,1000,98,0,5.96E+02, short, Pentagon, Circle, Circle,350,1000
PA50,18, M,1000,99,1,9.90E+02, short, Triangle, Parallelogram, Parallelogram,250,1000
PA50,18, M,1000,100,1,3.43E+02, long, Parallelogram, Triangle, Parallelogram,650,1000
PA50,18, M,1000,101,0,4.52E+03, long, Rhombus, Parallelogram, Rhombus,850,1000
PA50,18, M,1000,102,0,7.03E+02, short, Square, Pentagon, Pentagon,250,1000
PA50,18, M,1000,103,0,1.22E+03, long, Square, Parallelogram, Square,750,1000
PA50,18, M,1000,104,1,7.55E+02, short, Circle, Pentagon, Pentagon,250,1000
PA50,18, M,1000,105,0,3.43E+02, long, Triangle, Pentagon, Triangle,850,1000
PA50,18, M,1000,106,1,6.31E+02, short, Rhombus, Pentagon, Pentagon,350,1000
PA50,18, M,1000,107,1,5.57E+02, short, Triangle, Parallelogram, Triangle,650,1000
PA50,18, M,1000,108,1,3.49E+02, long, Circle, Parallelogram, Parallelogram,850,1000
PA50,18, M,1000,109,1,3.42E+03, long, Circle, Parallelogram, Circle,550,1000
PA50,18, M,1000,110,0,7.34E+02, long, Square, Circle, Circle,650,1000
PA50,18, M,1000,111,0,3.84E+02, long, Pentagon, Square, Pentagon,450,1000
PA50,18, M,1000,112,1,2.24E+03, short, Parallelogram, Circle, Parallelogram,550,1000
PA50,18, M,1000,113,1,7.54E+02, short, Triangle, Pentagon, Triangle,350,1000
PA50,18, M,1000,114,1,1.04E+03, long, Pentagon, Square, Pentagon,650,1000
PA50,18, M,1000,115,1,4.25E+03, short, Pentagon, Circle, Pentagon,450,1000
PA50,18, M,1000,116,0,6.02E+02, short, Triangle, Circle, Triangle,650,1000
PA50,18, M,1000,117,0,7.03E+02, short, Square, Parallelogram, Parallelogram,350,1000
PA50,18, M,1000,118,0,5.72E+02, short, Triangle, Circle, Triangle,250,1000
PA50,18, M,1000,119,1,3.96E+02, long, Square, Pentagon, Pentagon,850,1000
PA50,18, M,1000,120,0,3.08E+02, long, Circle, Square, Square,850,1000
PA50,18, M,1000,121,1,4.47E+02, long, Pentagon, Parallelogram, Pentagon,650,1000
PA50,18, M,1000,122,0,7.57E+03, short, Rhombus, Square, Square,550,1000
PA50,18, M,1000,123,1,2.23E+02, long, Triangle, Circle, Triangle,850,1000
PA50,18, M,1000,124,1,2.29E+02, long, Circle, Pentagon, Pentagon,650,1000
PA50,18, M,1000,125,1,2.82E+02, long, Triangle, Rhombus, Rhombus,650,1000
PA50,18, M,1000,126,0,3.95E+02, long, Parallelogram, Square, Parallelogram,750,1000
PA50,18, M,1000,127,1,2.85E+02, long, Pentagon, Triangle, Pentagon,550,1000
PA50,18, M,1000,128,0,7.74E+02, short, Square, Circle, Circle,650,1000
PA50,18, M,1000,129,0,3.57E+02, long, Square, Parallelogram, Square,550,1000
PA50,18, M,1000,130,0,2.78E+02, long, Parallelogram, Square, Parallelogram,650,1000
PA50,18, M,1000,131,0,5.76E+02, long, Rhombus, Triangle, Triangle,750,1000
PA50,18, M,1000,132,1,1.04E+03, short, Parallelogram, Rhombus, Parallelogram,450,1000
PA50,18, M,1000,133,1,2.86E+02, long, Circle, Square, Square,750,1000
PA50,18, M,1000,134,0,5.83E+02, short, Pentagon, Circle, Pentagon,350,1000
PA50,18, M,1000,135,0,4.59E+02, short, Triangle, Circle, Triangle,250,1000
PA50,18, M,1000,136,1,4.71E+02, short, Rhombus, Pentagon, Pentagon,250,1000
PA50,18, M,1000,137,0,4.48E+02, long, Rhombus, Pentagon, Pentagon,850,1000
PA50,18, M,1000,138,0,7.51E+02, short, Parallelogram, Pentagon, Parallelogram,350,1000
PA50,18, M,1000,139,0,4.36E+02, long, Circle, Triangle, Triangle,750,1000
PA50,18, M,1000,140,1,1.74E+03, long, Rhombus, Circle, Rhombus,650,1000
PA50,18, M,1000,141,1,2.11E+02, long, Square, Parallelogram, Parallelogram,850,1000
PA50,18, M,1000,142,1,1.87E+03, long, Triangle, Circle, Triangle,750,1000
PA50,18, M,1000,143,1,5.95E+02, short, Triangle, Parallelogram, Parallelogram,350,1000
PA50,18, M,1000,144,0,7.19E+02, short, Rhombus, Pentagon, Rhombus,550,1000
PA50,18, M,1000,145,0,7.11E+02, long, Parallelogram, Circle, Circle,450,1000
PA50,18, M,1000,146,0,1.23E+03, long, Parallelogram, Pentagon, Parallelogram,550,1000
PA50,18, M,1000,147,1,1.73E+03, short, Triangle, Pentagon, Pentagon,450,1000
PA50,18, M,1000,148,1,3.86E+02, long, Triangle, Parallelogram, Parallelogram,450,1000
PA50,18, M,1000,149,1,1.26E+03, short, Square, Pentagon, Square,350,1000
PA50,18, M,1000,150,1,8.06E+02, short, Pentagon, Rhombus, Pentagon,250,1000
PA50,18, M,1000,151,1,9.31E+02, short, Pentagon, Rhombus, Rhombus,450,1000
PA50,18, M,1000,152,0,5.14E+02, short, Triangle, Pentagon, Pentagon,350,1000
PA50,18, M,1000,153,0,5.44E+02, short, Rhombus, Circle, Rhombus,250,1000
PA50,18, M,1000,154,0,4.08E+02, long, Triangle, Rhombus, Rhombus,850,1000
PA50,18, M,1000,155,0,1.07E+03, long, Square, Pentagon, Pentagon,850,1000
PA50,18, M,1000,156,1,1.21E+03, long, Parallelogram, Pentagon, Parallelogram,850,1000
PA50,18, M,1000,157,1,1.67E+03, long, Circle, Square, Square,450,1000
PA50,18, M,1000,158,1,3.14E+02, long, Circle, Pentagon, Pentagon,750,1000
PA50,18, M,1000,159,0,5.96E+02, long, Parallelogram, Circle, Circle,850,1000
PA50,18, M,1000,160,0,4.24E+02, long, Parallelogram, Rhombus, Rhombus,750,1000
PA50,18, M,1000,161,1,9.78E+02, short, Pentagon, Circle, Pentagon,450,1000
PA50,18, M,1000,162,1,5.80E+02, short, Triangle, Rhombus, Rhombus,350,1000
PA50,18, M,1000,163,0,6.26E+02, short, Pentagon, Parallelogram, Parallelogram,750,1000
PA50,18, M,1000,164,0,2.87E+02, long, Rhombus, Square, Rhombus,850,1000
PA50,18, M,1000,165,1,2.42E+03, long, Triangle, Square, Square,450,1000
PA50,18, M,1000,166,0,3.25E+02, short, Circle, Square, Square,250,1000
PA50,18, M,1000,167,0,3.75E+02, long, Square, Circle, Square,650,1000
PA50,18, M,1000,168,1,6.85E+02, short, Pentagon, Triangle, Triangle,350,1000
PA50,18, M,1000,169,0,1.19E+03, long, Pentagon, Parallelogram, Pentagon,550,1000
PA50,18, M,1000,170,1,6.62E+02, short, Rhombus, Square, Rhombus,250,1000
PA50,18, M,1000,171,0,4.93E+02, long, Pentagon, Rhombus, Rhombus,750,1000
PA50,18, M,1000,172,0,6.77E+02, short, Parallelogram, Triangle, Triangle,350,1000
PA50,18, M,1000,173,1,8.18E+02, short, Pentagon, Rhombus, Rhombus,250,1000
PA50,18, M,1000,174,0,1.51E+03, short, Triangle, Rhombus, Rhombus,250,1000
PA50,18, M,1000,175,1,2.15E+03, long, Square, Parallelogram, Square,550,1000
PA50,18, M,1000,176,0,8.52E+02, short, Rhombus, Triangle, Rhombus,250,1000
PA50,18, M,1000,177,0,3.76E+02, long, Circle, Parallelogram, Parallelogram,850,1000
PA50,18, M,1000,178,1,3.62E+02, long, Triangle, Parallelogram, Triangle,650,1000
PA50,18, M,1000,179,1,4.60E+02, short, Circle, Pentagon, Pentagon,250,1000
PA50,18, M,1000,180,1,5.60E+02, short, Circle, Rhombus, Circle,450,1000
PA50,18, M,1000,181,1,1.40E+03, long, Square, Rhombus, Rhombus,650,1000
PA50,18, M,1000,182,0,1.05E+03, short, Rhombus, Triangle, Rhombus,450,1000
PA50,18, M,1000,183,1,2.56E+02, long, Rhombus, Triangle, Triangle,750,1000
PA50,18, M,1000,184,1,3.88E+03, long, Square, Circle, Square,550,1000
PA50,18, M,1000,185,1,2.81E+02, long, Pentagon, Rhombus, Pentagon,750,1000
PA50,18, M,1000,186,1,5.25E+02, long, Parallelogram, Rhombus, Parallelogram,850,1000
PA50,18, M,1000,187,1,2.83E+02, long, Rhombus, Parallelogram, Parallelogram,550,1000
PA50,18, M,1000,188,1,5.13E+02, short, Parallelogram, Circle, Circle,250,1000
PA50,18, M,1000,189,1,8.35E+02, long, Parallelogram, Circle, Parallelogram,750,1000
PA50,18, M,1000,190,0,4.97E+02, long, Pentagon, Parallelogram, Parallelogram,850,1000
PA50,18, M,1000,191,0,2.67E+02, long, Rhombus, Circle, Rhombus,750,1000
PA50,18, M,1000,192,0,1.03E+03, short, Square, Pentagon, Pentagon,450,1000
PA50,18, M,1000,193,0,4.22E+02, long, Square, Circle, Square,450,1000
PA50,18, M,1000,194,0,7.47E+02, short, Parallelogram, Pentagon, Parallelogram,450,1000
PA50,18, M,1000,195,0,6.18E+02, short, Rhombus, Triangle, Rhombus,350,1000
PA50,18, M,1000,196,1,1.29E+03, short, Square, Rhombus, Rhombus,350,1000
PA50,18, M,1000,197,0,1.96E+03, long, Rhombus, Circle, Circle,550,1000
PA50,18, M,1000,198,1,6.46E+02, short, Triangle, Pentagon, Pentagon,250,1000
PA50,18, M,1000,199,0,3.40E+03, long, Rhombus, Square, Rhombus,650,1000
PA50,18, M,1000,200,0,2.30E+02, long, Square, Triangle, Square,850,1000
PA50,18, M,1000,201,1,5.94E+02, long, Square, Parallelogram, Square,550,1000
PA50,18, M,1000,202,0,7.05E+02, short, Triangle, Square, Triangle,550,1000
PA50,18, M,1000,203,1,6.93E+02, short, Circle, Square, Circle,250,1000
PA50,18, M,1000,204,1,2.37E+02, long, Circle, Triangle, Triangle,850,1000
PA50,18, M,1000,205,1,5.88E+02, long, Triangle, Pentagon, Triangle,650,1000
PA50,18, M,1000,206,1,1.06E+03, short, Pentagon, Triangle, Triangle,350,1000
PA50,18, M,1000,207,1,2.64E+02, long, Rhombus, Pentagon, Pentagon,850,1000
PA50,18, M,1000,208,1,6.93E+02, short, Triangle, Circle, Triangle,350,1000
PA50,18, M,1000,209,1,4.08E+02, long, Pentagon, Square, Square,550,1000
PA50,18, M,1000,210,0,3.79E+02, long, Parallelogram, Triangle, Parallelogram,650,1000
