﻿Subject ID, Subject Age, Gender, Group, TrialNumber, Intended or Unintended Outcome, Reaction Time on Outcome Response, Response - Short or Long, Left Image Code, Right Image Code, Chosen Image Code, Objective Duration of Stimulus, Stimulus Delay,
PA56,18, M,1000,1,1,1.13E+03, long, Circle, Rhombus, Circle,750,1000, 
PA56,18, M,1000,2,0,2.50E+03, long, Rhombus, Triangle, Triangle,850,1000, 
PA56,18, M,1000,3,0,4.88E+03, long, Circle, Pentagon, Circle,650,1000, 
PA56,18, M,1000,4,0,2.13E+03, short, Parallelogram, Square, Square,550,1000, 
PA56,18, M,1000,5,0,1.45E+03, long, Square, Rhombus, Square,650,1000, 
PA56,18, M,1000,6,0,1.59E+03, short, Circle, Parallelogram, Circle,550,1000, 
PA56,18, M,1000,7,1,1.69E+03, short, Pentagon, Parallelogram, Parallelogram,550,1000, 
PA56,18, M,1000,8,0,1.32E+03, short, Parallelogram, Square, Square,250,1000, 
PA56,18, M,1000,9,1,3.06E+03, long, Parallelogram, Circle, Circle,350,1000, 
PA56,18, M,1000,10,1,1.46E+04, short, Rhombus, Circle, Circle,350,1000, 
PA56,18, M,1000,11,0,1.52E+03, long, Triangle, Rhombus, Triangle,650,1000, 
PA56,18, M,1000,12,1,1.84E+03, long, Parallelogram, Square, Square,750,1000, 
PA56,18, M,1000,13,1,1.55E+03, short, Pentagon, Square, Square,550,1000, 
PA56,18, M,1000,14,0,1.44E+03, short, Pentagon, Triangle, Triangle,350,1000, 
PA56,18, M,1000,15,0,1.40E+03, long, Rhombus, Parallelogram, Rhombus,550,1000, 
PA56,18, M,1000,16,0,1.27E+03, short, Circle, Triangle, Circle,350,1000, 
PA56,18, M,1000,17,0,1.28E+03, long, Parallelogram, Triangle, Parallelogram,750,1000, 
PA56,18, M,1000,18,1,1.24E+03, long, Parallelogram, Square, Square,850,1000, 
PA56,18, M,1000,19,1,1.16E+03, short, Parallelogram, Pentagon, Pentagon,250,1000, 
PA56,18, M,1000,20,0,1.05E+03, long, Circle, Rhombus, Circle,850,1000, 
PA56,18, M,1000,21,0,6.07E+03, short, Parallelogram, Rhombus, Rhombus,450,1000, 
PA56,18, M,1000,22,0,1.76E+03, short, Circle, Pentagon, Circle,450,1000, 
PA56,18, M,1000,23,1,1.17E+03, long, Pentagon, Rhombus, Rhombus,750,1000, 
PA56,18, M,1000,24,0,1.09E+03, short, Circle, Rhombus, Circle,250,1000, 
PA56,18, M,1000,25,1,1.31E+03, long, Square, Pentagon, Pentagon,850,1000, 
PA56,18, M,1000,26,0,1.13E+03, short, Square, Rhombus, Square,350,1000, 
PA56,18, M,1000,27,0,1.01E+03, short, Triangle, Circle, Circle,350,1000, 
PA56,18, M,1000,28,0,9.87E+02, short, Square, Parallelogram, Square,350,1000, 
PA56,18, M,1000,29,1,2.17E+03, long, Parallelogram, Circle, Circle,650,1000, 
PA56,18, M,1000,30,0,1.05E+03, long, Square, Pentagon, Square,850,1000, 
PA56,18, M,1000,31,0,1.03E+03, long, Rhombus, Square, Rhombus,850,1000, 
PA56,18, M,1000,32,1,1.03E+03, long, Square, Triangle, Square,850,1000, 
PA56,18, M,1000,33,0,1.34E+03, short, Parallelogram, Circle, Parallelogram,550,1000, 
PA56,18, M,1000,34,1,9.20E+02, short, Square, Rhombus, Square,550,1000, 
PA56,18, M,1000,35,0,9.42E+02, short, Triangle, Parallelogram, Triangle,250,1000, 
PA56,18, M,1000,36,0,1.23E+03, long, Parallelogram, Pentagon, Parallelogram,750,1000, 
PA56,18, M,1000,37,0,1.28E+03, long, Square, Circle, Square,750,1000, 
PA56,18, M,1000,38,0,3.68E+03, short, Pentagon, Rhombus, Rhombus,550,1000, 
PA56,18, M,1000,39,0,1.33E+03, short, Triangle, Square, Triangle,550,1000, 
PA56,18, M,1000,40,1,1.93E+03, long, Circle, Pentagon, Circle,650,1000, 
PA56,18, M,1000,41,0,1.12E+03, short, Square, Circle, Circle,450,1000, 
PA56,18, M,1000,42,1,1.34E+03, short, Pentagon, Circle, Pentagon,450,1000, 
PA56,18, M,1000,43,1,1.49E+03, long, Circle, Triangle, Circle,750,1000, 
PA56,18, M,1000,44,0,1.34E+03, short, Square, Rhombus, Square,450,1000, 
PA56,18, M,1000,45,0,1.54E+03, long, Pentagon, Circle, Circle,750,1000, 
PA56,18, M,1000,46,1,1.89E+03, long, Rhombus, Pentagon, Rhombus,650,1000, 
PA56,18, M,1000,47,1,3.20E+03, short, Square, Parallelogram, Square,550,1000, 
PA56,18, M,1000,48,0,1.44E+03, long, Circle, Square, Circle,750,1000, 
PA56,18, M,1000,49,1,1.26E+03, short, Parallelogram, Pentagon, Parallelogram,450,1000, 
PA56,18, M,1000,50,1,1.04E+03, short, Parallelogram, Triangle, Triangle,350,1000, 
PA56,18, M,1000,51,0,6.73E+02, short, Triangle, Circle, Triangle,250,1000, 
PA56,18, M,1000,52,0,1.07E+03, long, Circle, Triangle, Circle,750,1000, 
PA56,18, M,1000,53,0,1.13E+03, short, Triangle, Parallelogram, Triangle,450,1000, 
PA56,18, M,1000,54,1,1.57E+03, long, Triangle, Rhombus, Triangle,750,1000, 
PA56,18, M,1000,55,1,1.30E+03, long, Circle, Triangle, Circle,650,1000, 
PA56,18, M,1000,56,0,1.28E+03, short, Circle, Pentagon, Circle,450,1000, 
PA56,18, M,1000,57,1,1.14E+03, long, Pentagon, Square, Square,850,1000, 
PA56,18, M,1000,58,1,1.03E+03, long, Rhombus, Triangle, Triangle,750,1000, 
PA56,18, M,1000,59,0,1.27E+03, short, Rhombus, Parallelogram, Rhombus,550,1000, 
PA56,18, M,1000,60,1,1.16E+03, short, Circle, Triangle, Circle,350,1000, 
PA56,18, M,1000,61,0,1.06E+03, short, Circle, Pentagon, Circle,250,1000, 
PA56,18, M,1000,62,1,9.47E+02, short, Rhombus, Pentagon, Rhombus,350,1000, 
PA56,18, M,1000,63,1,9.77E+02, long, Pentagon, Parallelogram, Pentagon,750,1000, 
PA56,18, M,1000,64,1,1.10E+03, short, Triangle, Parallelogram, Triangle,550,1000, 
PA56,18, M,1000,65,1,1.29E+03, long, Square, Parallelogram, Square,650,1000, 
PA56,18, M,1000,66,1,2.29E+03, long, Pentagon, Triangle, Triangle,650,1000, 
PA56,18, M,1000,67,0,1.04E+03, long, Triangle, Parallelogram, Triangle,850,1000, 
PA56,18, M,1000,68,1,2.39E+03, long, Pentagon, Triangle, Triangle,650,1000, 
PA56,18, M,1000,69,1,9.82E+02, short, Circle, Parallelogram, Circle,450,1000, 
PA56,18, M,1000,70,1,1.09E+03, short, Triangle, Pentagon, Triangle,450,1000, 
PA56,18, M,1000,71,1,1.02E+03, long, Square, Triangle, Square,750,1000, 
PA56,18, M,1000,72,0,1.20E+03, long, Pentagon, Parallelogram, Parallelogram,750,1000, 
PA56,18, M,1000,73,0,8.27E+02, long, Triangle, Rhombus, Triangle,750,1000, 
PA56,18, M,1000,74,1,7.35E+02, short, Rhombus, Circle, Rhombus,450,1000, 
PA56,18, M,1000,75,0,7.59E+02, long, Parallelogram, Circle, Parallelogram,850,1000, 
PA56,18, M,1000,76,1,8.43E+02, long, Pentagon, Rhombus, Rhombus,750,1000, 
PA56,18, M,1000,77,1,1.27E+03, short, Circle, Rhombus, Circle,450,1000, 
PA56,18, M,1000,78,0,9.65E+02, short, Rhombus, Triangle, Rhombus,450,1000, 
PA56,18, M,1000,79,1,1.09E+03, short, Rhombus, Parallelogram, Rhombus,250,1000, 
PA56,18, M,1000,80,1,1.73E+03, short, Square, Pentagon, Square,450,1000, 
PA56,18, M,1000,81,0,1.40E+03, short, Triangle, Circle, Triangle,450,1000, 
PA56,18, M,1000,82,0,9.78E+02, long, Square, Circle, Circle,750,1000, 
PA56,18, M,1000,83,0,1.50E+03, long, Parallelogram, Rhombus, Rhombus,650,1000, 
PA56,18, M,1000,84,1,1.03E+03, short, Square, Circle, Circle,550,1000, 
PA56,18, M,1000,85,1,1.05E+03, long, Triangle, Square, Triangle,850,1000, 
PA56,18, M,1000,86,0,1.12E+03, short, Triangle, Parallelogram, Triangle,350,1000, 
PA56,18, M,1000,87,1,2.12E+03, long, Rhombus, Square, Square,650,1000, 
PA56,18, M,1000,88,1,1.19E+03, short, Parallelogram, Triangle, Triangle,350,1000, 
PA56,18, M,1000,89,0,1.08E+03, short, Square, Parallelogram, Square,450,1000, 
PA56,18, M,1000,90,1,1.07E+03, short, Parallelogram, Circle, Circle,550,1000, 
PA56,18, M,1000,91,0,9.04E+02, short, Pentagon, Triangle, Triangle,350,1000, 
PA56,18, M,1000,92,1,1.12E+03, short, Rhombus, Circle, Circle,250,1000, 
PA56,18, M,1000,93,0,1.06E+03, short, Parallelogram, Pentagon, Parallelogram,250,1000, 
PA56,18, M,1000,94,0,1.81E+03, long, Circle, Parallelogram, Circle,550,1000, 
PA56,18, M,1000,95,1,6.87E+03, short, Circle, Square, Circle,550,1000, 
PA56,18, M,1000,96,0,2.56E+03, long, Circle, Rhombus, Circle,650,1000, 
PA56,18, M,1000,97,0,4.11E+03, short, Triangle, Parallelogram, Triangle,650,1000, 
PA56,18, M,1000,98,0,1.07E+03, short, Circle, Square, Circle,550,1000, 
PA56,18, M,1000,99,1,1.48E+03, long, Rhombus, Triangle, Triangle,550,1000, 
PA56,18, M,1000,100,0,1.50E+03, short, Circle, Pentagon, Circle,350,1000, 
PA56,18, M,1000,101,1,1.02E+03, short, Square, Triangle, Triangle,250,1000, 
PA56,18, M,1000,102,1,9.45E+02, long, Square, Parallelogram, Parallelogram,850,1000, 
PA56,18, M,1000,103,0,9.54E+02, long, Parallelogram, Triangle, Triangle,750,1000, 
PA56,18, M,1000,104,1,6.90E+02, long, Circle, Triangle, Circle,850,1000, 
PA56,18, M,1000,105,0,9.00E+02, short, Square, Parallelogram, Square,250,1000, 
PA56,18, M,1000,106,1,8.00E+02, short, Triangle, Circle, Circle,350,1000, 
PA56,18, M,1000,107,1,1.24E+03, long, Rhombus, Square, Rhombus,550,1000, 
PA56,18, M,1000,108,0,1.11E+03, long, Circle, Parallelogram, Circle,550,1000, 
PA56,18, M,1000,109,0,9.68E+02, short, Pentagon, Square, Square,250,1000, 
PA56,18, M,1000,110,1,8.24E+02, short, Pentagon, Square, Square,250,1000, 
PA56,18, M,1000,111,1,1.02E+03, long, Square, Pentagon, Square,850,1000, 
PA56,18, M,1000,112,0,1.84E+03, long, Square, Rhombus, Square,650,1000, 
PA56,18, M,1000,113,1,1.35E+03, short, Parallelogram, Rhombus, Rhombus,550,1000, 
PA56,18, M,1000,114,1,1.02E+03, short, Pentagon, Rhombus, Rhombus,250,1000, 
PA56,18, M,1000,115,1,1.59E+03, short, Parallelogram, Triangle, Triangle,450,1000, 
PA56,18, M,1000,116,0,2.03E+03, long, Parallelogram, Pentagon, Parallelogram,550,1000, 
PA56,18, M,1000,117,1,1.83E+03, long, Square, Pentagon, Square,550,1000, 
PA56,18, M,1000,118,0,9.30E+02, long, Square, Triangle, Square,850,1000, 
PA56,18, M,1000,119,1,1.15E+03, short, Triangle, Pentagon, Triangle,250,1000, 
PA56,18, M,1000,120,1,1.17E+03, long, Triangle, Pentagon, Triangle,550,1000, 
PA56,18, M,1000,121,0,9.48E+02, long, Rhombus, Pentagon, Rhombus,850,1000, 
PA56,18, M,1000,122,0,1.83E+03, long, Triangle, Square, Square,650,1000, 
PA56,18, M,1000,123,0,8.88E+02, long, Triangle, Pentagon, Triangle,850,1000, 
PA56,18, M,1000,124,1,1.33E+03, long, Rhombus, Square, Square,650,1000, 
PA56,18, M,1000,125,1,9.88E+02, long, Square, Triangle, Square,750,1000, 
PA56,18, M,1000,126,0,1.07E+03, short, Square, Triangle, Square,250,1000, 
PA56,18, M,1000,127,1,1.22E+03, short, Pentagon, Parallelogram, Pentagon,250,1000, 
PA56,18, M,1000,128,0,9.92E+02, short, Triangle, Square, Square,450,1000, 
PA56,18, M,1000,129,0,1.05E+03, long, Rhombus, Pentagon, Rhombus,750,1000, 
PA56,18, M,1000,130,0,2.80E+03, long, Pentagon, Parallelogram, Pentagon,650,1000, 
PA56,18, M,1000,131,0,9.12E+02, short, Square, Rhombus, Square,450,1000, 
PA56,18, M,1000,132,0,9.26E+02, long, Circle, Rhombus, Circle,750,1000, 
PA56,18, M,1000,133,1,9.46E+02, short, Rhombus, Circle, Circle,450,1000, 
PA56,18, M,1000,134,0,8.13E+02, long, Pentagon, Parallelogram, Parallelogram,750,1000, 
PA56,18, M,1000,135,1,9.27E+02, long, Pentagon, Triangle, Triangle,450,1000, 
PA56,18, M,1000,136,0,8.01E+02, long, Triangle, Rhombus, Triangle,650,1000, 
PA56,18, M,1000,137,0,2.85E+03, long, Circle, Square, Circle,650,1000, 
PA56,18, M,1000,138,1,9.91E+02, long, Triangle, Square, Triangle,650,1000, 
PA56,18, M,1000,139,0,9.58E+02, short, Square, Pentagon, Square,350,1000, 
PA56,18, M,1000,140,0,8.78E+02, short, Parallelogram, Rhombus, Rhombus,250,1000, 
PA56,18, M,1000,141,0,1.09E+03, short, Rhombus, Square, Square,650,1000, 
PA56,18, M,1000,142,0,8.63E+02, short, Parallelogram, Circle, Circle,250,1000, 
PA56,18, M,1000,143,1,7.72E+02, long, Pentagon, Circle, Circle,450,1000, 
PA56,18, M,1000,144,1,7.42E+02, long, Triangle, Parallelogram, Triangle,750,1000, 
PA56,18, M,1000,145,1,1.08E+03, short, Rhombus, Pentagon, Rhombus,450,1000, 
PA56,18, M,1000,146,1,8.70E+02, long, Parallelogram, Square, Square,650,1000, 
PA56,18, M,1000,147,0,9.88E+02, short, Triangle, Pentagon, Triangle,350,1000, 
PA56,18, M,1000,148,1,1.13E+03, short, Circle, Parallelogram, Circle,350,1000, 
PA56,18, M,1000,149,0,7.50E+02, long, Pentagon, Rhombus, Rhombus,650,1000, 
PA56,18, M,1000,150,0,9.53E+02, short, Pentagon, Rhombus, Pentagon,350,1000, 
PA56,18, M,1000,151,1,8.39E+02, long, Rhombus, Circle, Circle,850,1000, 
PA56,18, M,1000,152,1,1.07E+03, short, Triangle, Rhombus, Triangle,250,1000, 
PA56,18, M,1000,153,1,6.41E+02, long, Pentagon, Parallelogram, Pentagon,850,1000, 
PA56,18, M,1000,154,0,9.91E+02, short, Circle, Square, Circle,450,1000, 
PA56,18, M,1000,155,1,8.02E+02, long, Square, Circle, Circle,650,1000, 
PA56,18, M,1000,156,1,8.91E+02, long, Triangle, Rhombus, Triangle,850,1000, 
PA56,18, M,1000,157,0,1.18E+03, short, Pentagon, Square, Square,550,1000, 
PA56,18, M,1000,158,1,6.45E+02, long, Square, Circle, Circle,850,1000, 
PA56,18, M,1000,159,1,1.00E+03, short, Circle, Rhombus, Circle,350,1000, 
PA56,18, M,1000,160,1,2.34E+03, long, Parallelogram, Rhombus, Rhombus,650,1000, 
PA56,18, M,1000,161,0,1.90E+03, long, Pentagon, Circle, Circle,550,1000, 
PA56,18, M,1000,162,0,1.04E+03, long, Circle, Square, Circle,850,1000, 
PA56,18, M,1000,163,1,9.66E+02, short, Circle, Parallelogram, Circle,250,1000, 
PA56,18, M,1000,164,1,9.92E+02, short, Rhombus, Triangle, Triangle,250,1000, 
PA56,18, M,1000,165,0,1.28E+03, short, Triangle, Square, Triangle,450,1000, 
PA56,18, M,1000,166,0,9.81E+02, short, Rhombus, Circle, Circle,350,1000, 
PA56,18, M,1000,167,0,8.56E+02, long, Circle, Parallelogram, Circle,850,1000, 
PA56,18, M,1000,168,1,1.03E+03, short, Rhombus, Pentagon, Rhombus,350,1000, 
PA56,18, M,1000,169,0,8.05E+02, short, Rhombus, Parallelogram, Rhombus,250,1000, 
PA56,18, M,1000,170,1,1.34E+03, short, Pentagon, Circle, Circle,250,1000, 
PA56,18, M,1000,171,1,8.27E+02, long, Circle, Square, Circle,750,1000, 
PA56,18, M,1000,172,0,1.23E+03, long, Pentagon, Triangle, Pentagon,550,1000, 
PA56,18, M,1000,173,1,9.64E+02, short, Rhombus, Square, Square,350,1000, 
PA56,18, M,1000,174,1,1.00E+03, short, Rhombus, Parallelogram, Parallelogram,250,1000, 
PA56,18, M,1000,175,0,3.73E+03, short, Pentagon, Circle, Circle,450,1000, 
PA56,18, M,1000,176,1,9.52E+02, short, Triangle, Rhombus, Triangle,350,1000, 
PA56,18, M,1000,177,0,1.03E+03, short, Parallelogram, Pentagon, Parallelogram,350,1000, 
PA56,18, M,1000,178,1,3.86E+03, long, Parallelogram, Square, Square,450,1000, 
PA56,18, M,1000,179,1,8.10E+02, long, Parallelogram, Square, Square,850,1000, 
PA56,18, M,1000,180,0,7.82E+02, long, Parallelogram, Rhombus, Rhombus,850,1000, 
PA56,18, M,1000,181,0,8.66E+02, long, Pentagon, Triangle, Triangle,750,1000, 
PA56,18, M,1000,182,0,1.04E+03, short, Rhombus, Square, Square,250,1000, 
PA56,18, M,1000,183,1,7.99E+02, long, Rhombus, Pentagon, Rhombus,650,1000, 
PA56,18, M,1000,184,0,1.17E+03, long, Circle, Triangle, Circle,750,1000, 
PA56,18, M,1000,185,1,7.79E+02, long, Parallelogram, Rhombus, Parallelogram,750,1000, 
PA56,18, M,1000,186,1,1.06E+03, short, Triangle, Circle, Circle,250,1000, 
PA56,18, M,1000,187,1,7.69E+02, long, Rhombus, Triangle, Triangle,550,1000, 
PA56,18, M,1000,188,0,8.68E+02, short, Parallelogram, Circle, Circle,250,1000, 
PA56,18, M,1000,189,0,7.11E+02, long, Rhombus, Triangle, Triangle,650,1000, 
PA56,18, M,1000,190,1,1.44E+03, long, Circle, Pentagon, Circle,750,1000, 
PA56,18, M,1000,191,1,7.56E+02, long, Rhombus, Circle, Circle,850,1000, 
PA56,18, M,1000,192,1,1.10E+03, short, Triangle, Square, Square,550,1000, 
PA56,18, M,1000,193,0,1.09E+03, long, Square, Triangle, Square,850,1000, 
PA56,18, M,1000,194,1,1.01E+03, short, Triangle, Circle, Circle,350,1000, 
PA56,18, M,1000,195,0,8.60E+02, long, Rhombus, Parallelogram, Rhombus,850,1000, 
PA56,18, M,1000,196,1,8.98E+02, short, Pentagon, Circle, Circle,450,1000, 
PA56,18, M,1000,197,0,1.79E+03, long, Rhombus, Parallelogram, Rhombus,450,1000, 
PA56,18, M,1000,198,0,1.58E+03, long, Square, Rhombus, Square,550,1000, 
PA56,18, M,1000,199,1,1.23E+03, short, Square, Parallelogram, Square,250,1000, 
PA56,18, M,1000,200,1,9.27E+02, short, Pentagon, Square, Square,350,1000, 
PA56,18, M,1000,201,1,8.85E+02, long, Parallelogram, Triangle, Triangle,650,1000, 
PA56,18, M,1000,202,0,1.06E+03, long, Square, Pentagon, Square,850,1000, 
PA56,18, M,1000,203,0,1.08E+03, short, Triangle, Circle, Circle,250,1000, 
PA56,18, M,1000,204,0,9.15E+02, short, Pentagon, Square, Square,350,1000, 
PA56,18, M,1000,205,0,1.56E+03, short, Square, Circle, Circle,350,1000, 
PA56,18, M,1000,206,1,1.03E+03, short, Pentagon, Rhombus, Rhombus,350,1000, 
PA56,18, M,1000,207,1,1.19E+03, long, Triangle, Pentagon, Triangle,750,1000, 
PA56,18, M,1000,208,1,9.92E+02, long, Parallelogram, Pentagon, Parallelogram,850,1000, 
PA56,18, M,1000,209,0,7.46E+02, long, Parallelogram, Triangle, Triangle,650,1000, 
PA56,18, M,1000,210,1,8.44E+02, short, Triangle, Pentagon, Triangle,450,1000, 
