﻿Subject ID, Subject Age, Gender, Group, TrialNumber, Intended or Unintended Outcome, Reaction Time on Outcome Response, Response - Short or Long, Left Image Code, Right Image Code, Chosen Image Code, Objective Duration of Stimulus, Stimulus Delay,
PA48,21, M,1000,1,0,3.80E+03, short, Parallelogram, Circle, Circle,350,1000, 
PA48,21, M,1000,2,0,2.51E+03, long, Rhombus, Pentagon, Rhombus,850,1000, 
PA48,21, M,1000,3,1,1.08E+03, long, Circle, Parallelogram, Parallelogram,850,1000, 
PA48,21, M,1000,4,1,1.95E+03, short, Square, Pentagon, Square,450,1000, 
PA48,21, M,1000,5,1,4.68E+02, long, Parallelogram, Triangle, Triangle,750,1000, 
PA48,21, M,1000,6,0,1.27E+03, short, Rhombus, Triangle, Triangle,550,1000, 
PA48,21, M,1000,7,0,3.76E+02, long, Circle, Triangle, Circle,850,1000, 
PA48,21, M,1000,8,1,4.84E+02, long, Parallelogram, Triangle, Parallelogram,650,1000, 
PA48,21, M,1000,9,1,4.08E+02, long, Square, Triangle, Triangle,850,1000, 
PA48,21, M,1000,10,0,6.86E+02, short, Triangle, Pentagon, Triangle,450,1000, 
PA48,21, M,1000,11,1,6.16E+02, long, Rhombus, Parallelogram, Parallelogram,850,1000, 
PA48,21, M,1000,12,0,1.30E+03, short, Triangle, Circle, Triangle,350,1000, 
PA48,21, M,1000,13,0,1.98E+03, long, Triangle, Pentagon, Pentagon,850,1000, 
PA48,21, M,1000,14,1,3.59E+02, long, Circle, Rhombus, Circle,850,1000, 
PA48,21, M,1000,15,0,6.12E+02, short, Parallelogram, Rhombus, Rhombus,250,1000, 
PA48,21, M,1000,16,1,6.07E+02, short, Parallelogram, Circle, Parallelogram,450,1000, 
PA48,21, M,1000,17,0,4.13E+03, short, Triangle, Parallelogram, Triangle,850,1000, 
PA48,21, M,1000,18,0,6.46E+02, short, Circle, Square, Circle,250,1000, 
PA48,21, M,1000,19,1,1.33E+03, short, Parallelogram, Rhombus, Parallelogram,650,1000, 
PA48,21, M,1000,20,0,6.38E+02, short, Triangle, Rhombus, Rhombus,450,1000, 
PA48,21, M,1000,21,1,3.87E+02, long, Square, Triangle, Triangle,650,1000, 
PA48,21, M,1000,22,0,1.07E+03, long, Circle, Rhombus, Circle,750,1000, 
PA48,21, M,1000,23,1,5.08E+02, short, Rhombus, Pentagon, Pentagon,350,1000, 
PA48,21, M,1000,24,1,5.60E+02, short, Pentagon, Circle, Circle,450,1000, 
PA48,21, M,1000,25,0,3.64E+02, long, Rhombus, Triangle, Rhombus,650,1000, 
PA48,21, M,1000,26,0,1.13E+03, long, Pentagon, Circle, Circle,550,1000, 
PA48,21, M,1000,27,0,5.74E+02, short, Parallelogram, Rhombus, Rhombus,250,1000, 
PA48,21, M,1000,28,1,3.92E+02, long, Pentagon, Square, Pentagon,650,1000, 
PA48,21, M,1000,29,0,5.83E+02, short, Triangle, Parallelogram, Triangle,250,1000, 
PA48,21, M,1000,30,0,2.09E+03, long, Circle, Pentagon, Circle,650,1000, 
PA48,21, M,1000,31,0,4.22E+02, long, Square, Parallelogram, Square,850,1000, 
PA48,21, M,1000,32,0,6.37E+02, short, Square, Circle, Square,350,1000, 
PA48,21, M,1000,33,1,3.59E+02, long, Square, Triangle, Square,850,1000, 
PA48,21, M,1000,34,1,4.89E+02, short, Pentagon, Triangle, Pentagon,350,1000, 
PA48,21, M,1000,35,0,2.34E+03, long, Rhombus, Triangle, Rhombus,550,1000, 
PA48,21, M,1000,36,0,5.55E+02, short, Circle, Triangle, Triangle,350,1000, 
PA48,21, M,1000,37,0,3.69E+02, long, Parallelogram, Pentagon, Pentagon,550,1000, 
PA48,21, M,1000,38,0,3.93E+02, long, Triangle, Pentagon, Pentagon,850,1000, 
PA48,21, M,1000,39,1,6.23E+02, long, Square, Pentagon, Square,850,1000, 
PA48,21, M,1000,40,1,7.43E+02, short, Parallelogram, Pentagon, Pentagon,350,1000, 
PA48,21, M,1000,41,0,3.97E+02, long, Pentagon, Triangle, Pentagon,550,1000, 
PA48,21, M,1000,42,0,6.95E+02, long, Parallelogram, Pentagon, Parallelogram,650,1000, 
PA48,21, M,1000,43,1,8.43E+02, short, Square, Circle, Square,350,1000, 
PA48,21, M,1000,44,1,1.10E+03, long, Triangle, Square, Square,750,1000, 
PA48,21, M,1000,45,0,5.19E+02, short, Square, Circle, Circle,450,1000, 
PA48,21, M,1000,46,1,5.05E+02, short, Rhombus, Circle, Rhombus,250,1000, 
PA48,21, M,1000,47,1,4.93E+02, short, Triangle, Rhombus, Rhombus,450,1000, 
PA48,21, M,1000,48,1,5.53E+02, short, Rhombus, Circle, Rhombus,350,1000, 
PA48,21, M,1000,49,0,3.99E+02, long, Triangle, Square, Triangle,650,1000, 
PA48,21, M,1000,50,1,5.09E+02, short, Square, Circle, Circle,350,1000, 
PA48,21, M,1000,51,1,8.17E+02, short, Parallelogram, Square, Parallelogram,250,1000, 
PA48,21, M,1000,52,1,8.49E+02, long, Triangle, Rhombus, Rhombus,550,1000, 
PA48,21, M,1000,53,1,3.29E+02, long, Square, Parallelogram, Square,550,1000, 
PA48,21, M,1000,54,1,3.05E+02, long, Triangle, Circle, Triangle,850,1000, 
PA48,21, M,1000,55,0,3.47E+02, long, Square, Triangle, Triangle,750,1000, 
PA48,21, M,1000,56,1,5.61E+02, short, Parallelogram, Pentagon, Parallelogram,350,1000, 
PA48,21, M,1000,57,0,5.70E+02, long, Circle, Parallelogram, Parallelogram,750,1000, 
PA48,21, M,1000,58,1,4.56E+02, long, Rhombus, Parallelogram, Parallelogram,650,1000, 
PA48,21, M,1000,59,1,7.38E+02, short, Square, Parallelogram, Square,450,1000, 
PA48,21, M,1000,60,1,8.74E+02, long, Pentagon, Triangle, Pentagon,450,1000, 
PA48,21, M,1000,61,0,3.78E+02, long, Triangle, Circle, Triangle,750,1000, 
PA48,21, M,1000,62,0,6.90E+02, short, Rhombus, Square, Rhombus,450,1000, 
PA48,21, M,1000,63,0,3.30E+02, long, Pentagon, Circle, Pentagon,750,1000, 
PA48,21, M,1000,64,0,6.10E+02, short, Parallelogram, Triangle, Parallelogram,350,1000, 
PA48,21, M,1000,65,1,6.10E+02, short, Pentagon, Rhombus, Pentagon,450,1000, 
PA48,21, M,1000,66,1,5.48E+02, short, Circle, Rhombus, Circle,250,1000, 
PA48,21, M,1000,67,0,3.92E+02, long, Circle, Triangle, Triangle,550,1000, 
PA48,21, M,1000,68,1,4.52E+02, short, Triangle, Rhombus, Triangle,350,1000, 
PA48,21, M,1000,69,0,2.78E+02, long, Circle, Pentagon, Circle,850,1000, 
PA48,21, M,1000,70,1,6.72E+02, short, Pentagon, Parallelogram, Parallelogram,450,1000, 
PA48,21, M,1000,71,0,5.48E+02, short, Circle, Square, Circle,850,1000, 
PA48,21, M,1000,72,1,3.39E+02, long, Pentagon, Square, Square,750,1000, 
PA48,21, M,1000,73,1,4.87E+02, long, Square, Pentagon, Square,650,1000, 
PA48,21, M,1000,74,0,1.15E+03, long, Triangle, Parallelogram, Parallelogram,450,1000, 
PA48,21, M,1000,75,0,3.07E+02, long, Square, Pentagon, Square,750,1000, 
PA48,21, M,1000,76,1,6.07E+02, short, Rhombus, Pentagon, Pentagon,250,1000, 
PA48,21, M,1000,77,1,1.33E+03, long, Square, Rhombus, Square,550,1000, 
PA48,21, M,1000,78,0,5.11E+02, short, Rhombus, Circle, Circle,650,1000, 
PA48,21, M,1000,79,0,4.73E+02, short, Circle, Rhombus, Circle,450,1000, 
PA48,21, M,1000,80,0,4.19E+02, long, Triangle, Pentagon, Triangle,650,1000, 
PA48,21, M,1000,81,1,6.22E+02, short, Rhombus, Triangle, Triangle,250,1000, 
PA48,21, M,1000,82,0,6.95E+02, long, Parallelogram, Pentagon, Parallelogram,650,1000, 
PA48,21, M,1000,83,0,5.50E+02, short, Pentagon, Triangle, Triangle,350,1000, 
PA48,21, M,1000,84,1,5.10E+02, short, Parallelogram, Rhombus, Parallelogram,550,1000, 
PA48,21, M,1000,85,0,1.86E+03, short, Pentagon, Parallelogram, Pentagon,350,1000, 
PA48,21, M,1000,86,1,4.99E+02, short, Parallelogram, Triangle, Triangle,350,1000, 
PA48,21, M,1000,87,0,4.95E+02, short, Parallelogram, Circle, Parallelogram,350,1000, 
PA48,21, M,1000,88,0,5.17E+02, short, Pentagon, Square, Square,450,1000, 
PA48,21, M,1000,89,0,5.81E+02, short, Rhombus, Triangle, Rhombus,450,1000, 
PA48,21, M,1000,90,0,1.66E+03, long, Rhombus, Parallelogram, Rhombus,850,1000, 
PA48,21, M,1000,91,1,6.63E+02, short, Parallelogram, Circle, Circle,450,1000, 
PA48,21, M,1000,92,0,3.20E+02, long, Pentagon, Rhombus, Pentagon,850,1000, 
PA48,21, M,1000,93,0,1.00E+03, long, Circle, Rhombus, Circle,650,1000, 
PA48,21, M,1000,94,1,3.84E+02, short, Pentagon, Circle, Circle,350,1000, 
PA48,21, M,1000,95,0,6.42E+02, short, Circle, Square, Square,350,1000, 
PA48,21, M,1000,96,0,5.02E+02, short, Circle, Parallelogram, Parallelogram,250,1000, 
PA48,21, M,1000,97,1,9.82E+02, long, Circle, Square, Circle,350,1000, 
PA48,21, M,1000,98,1,5.96E+02, short, Square, Parallelogram, Parallelogram,350,1000, 
PA48,21, M,1000,99,0,5.22E+02, short, Pentagon, Square, Pentagon,250,1000, 
PA48,21, M,1000,100,1,4.96E+02, long, Pentagon, Square, Square,550,1000, 
PA48,21, M,1000,101,0,1.80E+03, long, Circle, Triangle, Circle,650,1000, 
PA48,21, M,1000,102,1,5.35E+02, short, Rhombus, Triangle, Rhombus,250,1000, 
PA48,21, M,1000,103,0,3.44E+02, long, Triangle, Parallelogram, Parallelogram,850,1000, 
PA48,21, M,1000,104,1,4.23E+02, long, Parallelogram, Rhombus, Parallelogram,850,1000, 
PA48,21, M,1000,105,1,1.20E+03, long, Pentagon, Rhombus, Rhombus,750,1000, 
PA48,21, M,1000,106,0,1.73E+03, long, Triangle, Rhombus, Triangle,650,1000, 
PA48,21, M,1000,107,1,3.59E+02, long, Triangle, Square, Triangle,550,1000, 
PA48,21, M,1000,108,1,3.59E+02, long, Circle, Pentagon, Circle,550,1000, 
PA48,21, M,1000,109,0,6.43E+02, short, Triangle, Square, Square,450,1000, 
PA48,21, M,1000,110,1,3.81E+02, long, Triangle, Pentagon, Triangle,850,1000, 
PA48,21, M,1000,111,1,1.05E+03, long, Rhombus, Parallelogram, Rhombus,650,1000, 
PA48,21, M,1000,112,1,4.77E+02, long, Rhombus, Square, Rhombus,750,1000, 
PA48,21, M,1000,113,1,3.29E+02, long, Circle, Parallelogram, Parallelogram,850,1000, 
PA48,21, M,1000,114,1,5.71E+02, long, Rhombus, Pentagon, Pentagon,450,1000, 
PA48,21, M,1000,115,0,5.46E+02, short, Square, Circle, Circle,250,1000, 
PA48,21, M,1000,116,1,5.39E+02, long, Circle, Square, Circle,550,1000, 
PA48,21, M,1000,117,1,3.66E+02, long, Triangle, Square, Triangle,850,1000, 
PA48,21, M,1000,118,0,6.34E+02, short, Rhombus, Triangle, Triangle,350,1000, 
PA48,21, M,1000,119,1,5.06E+02, short, Rhombus, Parallelogram, Rhombus,250,1000, 
PA48,21, M,1000,120,0,4.70E+02, short, Pentagon, Rhombus, Pentagon,550,1000, 
PA48,21, M,1000,121,1,7.10E+02, short, Circle, Rhombus, Circle,550,1000, 
PA48,21, M,1000,122,0,6.56E+02, short, Parallelogram, Circle, Circle,450,1000, 
PA48,21, M,1000,123,1,4.87E+02, short, Square, Pentagon, Square,250,1000, 
PA48,21, M,1000,124,0,3.36E+02, long, Circle, Triangle, Circle,550,1000, 
PA48,21, M,1000,125,1,9.32E+02, long, Pentagon, Square, Pentagon,750,1000, 
PA48,21, M,1000,126,1,3.96E+02, long, Square, Triangle, Square,550,1000, 
PA48,21, M,1000,127,0,1.10E+03, long, Pentagon, Triangle, Pentagon,650,1000, 
PA48,21, M,1000,128,0,6.19E+02, long, Rhombus, Parallelogram, Parallelogram,750,1000, 
PA48,21, M,1000,129,1,5.34E+02, short, Pentagon, Rhombus, Pentagon,250,1000, 
PA48,21, M,1000,130,0,3.34E+02, long, Circle, Triangle, Triangle,650,1000, 
PA48,21, M,1000,131,0,3.77E+02, long, Circle, Triangle, Circle,750,1000, 
PA48,21, M,1000,132,1,6.86E+02, long, Circle, Parallelogram, Circle,450,1000, 
PA48,21, M,1000,133,0,4.66E+02, long, Rhombus, Pentagon, Pentagon,850,1000, 
PA48,21, M,1000,134,1,5.16E+02, short, Rhombus, Square, Rhombus,450,1000, 
PA48,21, M,1000,135,1,3.40E+02, long, Triangle, Pentagon, Triangle,750,1000, 
PA48,21, M,1000,136,0,3.24E+02, long, Pentagon, Parallelogram, Pentagon,750,1000, 
PA48,21, M,1000,137,1,4.08E+02, long, Pentagon, Triangle, Pentagon,750,1000, 
PA48,21, M,1000,138,1,6.56E+02, short, Triangle, Parallelogram, Triangle,250,1000, 
PA48,21, M,1000,139,1,2.69E+03, long, Rhombus, Circle, Rhombus,550,1000, 
PA48,21, M,1000,140,0,1.17E+03, short, Circle, Parallelogram, Parallelogram,350,1000, 
PA48,21, M,1000,141,0,4.38E+02, long, Square, Rhombus, Rhombus,850,1000, 
PA48,21, M,1000,142,1,4.95E+02, short, Circle, Pentagon, Circle,250,1000, 
PA48,21, M,1000,143,0,5.13E+02, long, Square, Pentagon, Square,650,1000, 
PA48,21, M,1000,144,0,5.09E+02, short, Triangle, Circle, Circle,250,1000, 
PA48,21, M,1000,145,1,1.49E+03, long, Rhombus, Pentagon, Pentagon,650,1000, 
PA48,21, M,1000,146,0,4.99E+02, short, Circle, Pentagon, Circle,350,1000, 
PA48,21, M,1000,147,0,4.83E+02, short, Pentagon, Rhombus, Pentagon,250,1000, 
PA48,21, M,1000,148,0,3.73E+02, long, Parallelogram, Circle, Parallelogram,550,1000, 
PA48,21, M,1000,149,0,1.24E+03, long, Square, Circle, Square,550,1000, 
PA48,21, M,1000,150,0,8.93E+02, long, Triangle, Square, Triangle,550,1000, 
PA48,21, M,1000,151,1,6.10E+02, long, Rhombus, Circle, Rhombus,550,1000, 
PA48,21, M,1000,152,1,3.40E+02, long, Pentagon, Circle, Pentagon,650,1000, 
PA48,21, M,1000,153,1,5.42E+02, long, Parallelogram, Square, Parallelogram,850,1000, 
PA48,21, M,1000,154,0,3.34E+02, long, Triangle, Circle, Triangle,850,1000, 
PA48,21, M,1000,155,0,6.88E+02, long, Rhombus, Circle, Rhombus,550,1000, 
PA48,21, M,1000,156,1,4.96E+02, long, Pentagon, Parallelogram, Pentagon,750,1000, 
PA48,21, M,1000,157,0,4.40E+02, long, Pentagon, Square, Pentagon,850,1000, 
PA48,21, M,1000,158,0,7.64E+02, short, Square, Rhombus, Square,550,1000, 
PA48,21, M,1000,159,1,5.44E+02, short, Circle, Rhombus, Rhombus,450,1000, 
PA48,21, M,1000,160,1,3.26E+02, long, Square, Parallelogram, Parallelogram,850,1000, 
PA48,21, M,1000,161,1,1.02E+03, long, Parallelogram, Square, Parallelogram,650,1000, 
PA48,21, M,1000,162,1,2.88E+02, long, Circle, Parallelogram, Circle,650,1000, 
PA48,21, M,1000,163,0,4.20E+02, short, Pentagon, Circle, Circle,250,1000, 
PA48,21, M,1000,164,0,3.21E+02, long, Triangle, Pentagon, Triangle,750,1000, 
PA48,21, M,1000,165,1,8.06E+02, short, Parallelogram, Pentagon, Pentagon,550,1000, 
PA48,21, M,1000,166,0,9.91E+02, long, Triangle, Circle, Circle,450,1000, 
PA48,21, M,1000,167,1,6.11E+02, long, Parallelogram, Square, Square,750,1000, 
PA48,21, M,1000,168,1,5.65E+02, long, Pentagon, Rhombus, Pentagon,650,1000, 
PA48,21, M,1000,169,1,7.05E+02, long, Square, Pentagon, Pentagon,650,1000, 
PA48,21, M,1000,170,0,4.59E+02, short, Rhombus, Square, Rhombus,250,1000, 
PA48,21, M,1000,171,1,3.55E+02, long, Circle, Square, Circle,450,1000, 
PA48,21, M,1000,172,0,4.31E+02, long, Parallelogram, Rhombus, Parallelogram,350,1000, 
PA48,21, M,1000,173,1,3.21E+02, long, Square, Circle, Square,750,1000, 
PA48,21, M,1000,174,1,4.24E+02, short, Rhombus, Square, Rhombus,250,1000, 
PA48,21, M,1000,175,0,5.13E+02, short, Pentagon, Triangle, Pentagon,250,1000, 
PA48,21, M,1000,176,0,5.23E+02, long, Circle, Pentagon, Circle,750,1000, 
PA48,21, M,1000,177,0,5.18E+02, short, Parallelogram, Square, Square,250,1000, 
PA48,21, M,1000,178,0,3.47E+02, long, Triangle, Rhombus, Rhombus,750,1000, 
PA48,21, M,1000,179,0,5.29E+02, short, Triangle, Square, Square,250,1000, 
PA48,21, M,1000,180,0,5.30E+02, short, Square, Rhombus, Square,350,1000, 
PA48,21, M,1000,181,1,4.90E+02, short, Square, Rhombus, Square,250,1000, 
PA48,21, M,1000,182,0,3.82E+02, long, Parallelogram, Square, Square,650,1000, 
PA48,21, M,1000,183,1,3.10E+02, long, Square, Parallelogram, Parallelogram,750,1000, 
PA48,21, M,1000,184,1,4.84E+02, short, Triangle, Rhombus, Triangle,250,1000, 
PA48,21, M,1000,185,0,2.88E+02, long, Square, Triangle, Square,750,1000, 
PA48,21, M,1000,186,0,8.58E+02, long, Rhombus, Square, Square,550,1000, 
PA48,21, M,1000,187,1,3.12E+02, long, Triangle, Circle, Circle,650,1000, 
PA48,21, M,1000,188,1,2.68E+02, long, Parallelogram, Circle, Parallelogram,850,1000, 
PA48,21, M,1000,189,1,3.16E+02, long, Parallelogram, Triangle, Triangle,750,1000, 
PA48,21, M,1000,190,1,3.26E+02, long, Triangle, Parallelogram, Parallelogram,750,1000, 
PA48,21, M,1000,191,1,3.30E+02, long, Parallelogram, Triangle, Triangle,750,1000, 
PA48,21, M,1000,192,1,7.08E+02, short, Parallelogram, Pentagon, Parallelogram,350,1000, 
PA48,21, M,1000,193,0,3.08E+02, long, Pentagon, Parallelogram, Pentagon,750,1000, 
PA48,21, M,1000,194,1,3.16E+02, long, Triangle, Parallelogram, Parallelogram,650,1000, 
PA48,21, M,1000,195,0,6.43E+02, short, Square, Rhombus, Rhombus,450,1000, 
PA48,21, M,1000,196,1,5.43E+02, short, Rhombus, Square, Square,350,1000, 
PA48,21, M,1000,197,1,4.83E+02, short, Square, Triangle, Square,450,1000, 
PA48,21, M,1000,198,1,5.81E+02, short, Rhombus, Parallelogram, Rhombus,250,1000, 
PA48,21, M,1000,199,0,4.79E+02, long, Square, Parallelogram, Square,450,1000, 
PA48,21, M,1000,200,0,1.48E+03, long, Circle, Pentagon, Circle,450,1000, 
PA48,21, M,1000,201,1,3.39E+02, long, Pentagon, Parallelogram, Parallelogram,550,1000, 
PA48,21, M,1000,202,0,4.85E+02, short, Rhombus, Circle, Circle,250,1000, 
PA48,21, M,1000,203,1,1.28E+03, long, Rhombus, Pentagon, Pentagon,850,1000, 
PA48,21, M,1000,204,1,6.51E+02, short, Pentagon, Circle, Pentagon,350,1000, 
PA48,21, M,1000,205,0,1.37E+03, long, Circle, Square, Square,650,1000, 
PA48,21, M,1000,206,0,7.45E+02, long, Square, Rhombus, Rhombus,750,1000, 
PA48,21, M,1000,207,0,6.59E+02, short, Parallelogram, Rhombus, Rhombus,450,1000, 
PA48,21, M,1000,208,0,5.43E+02, short, Parallelogram, Triangle, Triangle,350,1000, 
PA48,21, M,1000,209,1,1.24E+03, long, Pentagon, Parallelogram, Parallelogram,550,1000, 
PA48,21, M,1000,210,0,5.22E+02, short, Parallelogram, Square, Square,550,1000, 
