﻿Subject ID, Subject Age, Gender, Group, TrialNumber, Intended or Unintended Outcome, Reaction Time on Outcome Response, Response - Short or Long, Left Image Code, Right Image Code, Chosen Image Code, Objective Duration of Stimulus, Stimulus Delay,
PA53,17, M,250,1,0,7.82E+02, short, Circle, Square, Circle,450,250, 
PA53,17, M,250,2,1,1.28E+03, long, Rhombus, Square, Square,750,250, 
PA53,17, M,250,3,1,1.78E+03, long, Triangle, Parallelogram, Parallelogram,650,250, 
PA53,17, M,250,4,1,8.47E+02, short, Pentagon, Parallelogram, Pentagon,350,250, 
PA53,17, M,250,5,1,6.77E+02, long, Circle, Pentagon, Circle,850,250, 
PA53,17, M,250,6,0,8.33E+02, short, Rhombus, Parallelogram, Rhombus,550,250, 
PA53,17, M,250,7,0,6.85E+02, long, Parallelogram, Circle, Parallelogram,850,250, 
PA53,17, M,250,8,1,8.83E+02, short, Parallelogram, Pentagon, Pentagon,250,250, 
PA53,17, M,250,9,0,6.92E+02, long, Parallelogram, Rhombus, Rhombus,650,250, 
PA53,17, M,250,10,1,6.30E+02, long, Rhombus, Parallelogram, Parallelogram,850,250, 
PA53,17, M,250,11,0,7.88E+02, short, Rhombus, Circle, Rhombus,250,250, 
PA53,17, M,250,12,0,6.56E+02, short, Square, Rhombus, Rhombus,350,250, 
PA53,17, M,250,13,1,1.59E+03, short, Pentagon, Circle, Pentagon,250,250, 
PA53,17, M,250,14,1,7.96E+02, short, Square, Circle, Square,250,250, 
PA53,17, M,250,15,0,5.82E+02, long, Rhombus, Parallelogram, Rhombus,650,250, 
PA53,17, M,250,16,0,6.04E+02, long, Square, Pentagon, Pentagon,750,250, 
PA53,17, M,250,17,0,5.41E+02, long, Parallelogram, Triangle, Parallelogram,850,250, 
PA53,17, M,250,18,1,5.53E+02, long, Pentagon, Triangle, Pentagon,850,250, 
PA53,17, M,250,19,1,5.75E+02, long, Rhombus, Circle, Circle,650,250, 
PA53,17, M,250,20,1,9.53E+02, short, Parallelogram, Circle, Circle,450,250, 
PA53,17, M,250,21,1,2.93E+03, long, Triangle, Square, Triangle,650,250, 
PA53,17, M,250,22,0,6.01E+02, long, Circle, Rhombus, Circle,850,250, 
PA53,17, M,250,23,0,2.16E+03, short, Circle, Parallelogram, Circle,550,250, 
PA53,17, M,250,24,1,7.05E+02, short, Rhombus, Pentagon, Pentagon,350,250, 
PA53,17, M,250,25,1,7.38E+02, short, Circle, Triangle, Triangle,350,250, 
PA53,17, M,250,26,1,6.62E+02, short, Triangle, Circle, Triangle,350,250, 
PA53,17, M,250,27,1,6.92E+02, long, Pentagon, Circle, Pentagon,550,250, 
PA53,17, M,250,28,0,1.06E+03, long, Circle, Rhombus, Rhombus,750,250, 
PA53,17, M,250,29,1,5.86E+02, long, Square, Circle, Circle,650,250, 
PA53,17, M,250,30,1,7.42E+02, short, Circle, Parallelogram, Circle,250,250, 
PA53,17, M,250,31,0,9.32E+02, short, Rhombus, Parallelogram, Rhombus,550,250, 
PA53,17, M,250,32,0,7.94E+02, long, Circle, Pentagon, Circle,850,250, 
PA53,17, M,250,33,1,1.50E+03, long, Square, Triangle, Triangle,750,250, 
PA53,17, M,250,34,1,5.66E+02, long, Pentagon, Rhombus, Rhombus,650,250, 
PA53,17, M,250,35,1,7.70E+02, long, Triangle, Parallelogram, Triangle,750,250, 
PA53,17, M,250,36,1,7.85E+02, short, Square, Rhombus, Rhombus,350,250, 
PA53,17, M,250,37,0,6.81E+02, long, Parallelogram, Square, Parallelogram,550,250, 
PA53,17, M,250,38,0,5.54E+02, long, Triangle, Pentagon, Triangle,850,250, 
PA53,17, M,250,39,1,7.67E+02, short, Triangle, Circle, Triangle,250,250, 
PA53,17, M,250,40,0,5.45E+02, short, Triangle, Square, Square,350,250, 
PA53,17, M,250,41,1,6.97E+02, short, Triangle, Parallelogram, Parallelogram,450,250, 
PA53,17, M,250,42,1,6.09E+02, long, Circle, Parallelogram, Parallelogram,850,250, 
PA53,17, M,250,43,1,1.13E+03, long, Square, Pentagon, Square,750,250, 
PA53,17, M,250,44,0,2.68E+03, long, Triangle, Pentagon, Pentagon,450,250, 
PA53,17, M,250,45,0,6.49E+02, short, Square, Parallelogram, Square,350,250, 
PA53,17, M,250,46,0,5.77E+02, long, Parallelogram, Triangle, Parallelogram,750,250, 
PA53,17, M,250,47,0,6.17E+02, short, Triangle, Parallelogram, Parallelogram,350,250, 
PA53,17, M,250,48,0,6.29E+02, short, Circle, Rhombus, Rhombus,450,250, 
PA53,17, M,250,49,1,9.37E+02, long, Pentagon, Square, Square,750,250, 
PA53,17, M,250,50,0,1.22E+03, long, Rhombus, Triangle, Rhombus,750,250, 
PA53,17, M,250,51,0,5.98E+02, long, Parallelogram, Circle, Circle,550,250, 
PA53,17, M,250,52,1,6.37E+02, short, Square, Pentagon, Pentagon,250,250, 
PA53,17, M,250,53,1,5.75E+02, long, Square, Triangle, Triangle,850,250, 
PA53,17, M,250,54,1,6.65E+02, long, Circle, Triangle, Circle,750,250, 
PA53,17, M,250,55,1,6.68E+02, long, Square, Triangle, Square,750,250, 
PA53,17, M,250,56,0,7.61E+02, short, Circle, Pentagon, Pentagon,250,250, 
PA53,17, M,250,57,0,5.82E+02, long, Square, Pentagon, Pentagon,850,250, 
PA53,17, M,250,58,1,2.41E+03, long, Rhombus, Triangle, Triangle,550,250, 
PA53,17, M,250,59,0,7.82E+02, short, Rhombus, Circle, Circle,350,250, 
PA53,17, M,250,60,0,7.30E+02, short, Square, Circle, Square,350,250, 
PA53,17, M,250,61,1,1.44E+03, long, Square, Rhombus, Square,650,250, 
PA53,17, M,250,62,0,2.56E+03, long, Rhombus, Circle, Rhombus,550,250, 
PA53,17, M,250,63,1,2.75E+03, long, Triangle, Circle, Circle,650,250, 
PA53,17, M,250,64,1,5.98E+02, long, Triangle, Rhombus, Rhombus,650,250, 
PA53,17, M,250,65,1,4.28E+02, long, Square, Pentagon, Pentagon,750,250, 
PA53,17, M,250,66,1,2.29E+03, long, Triangle, Parallelogram, Triangle,750,250, 
PA53,17, M,250,67,1,6.73E+02, short, Pentagon, Rhombus, Pentagon,350,250, 
PA53,17, M,250,68,0,7.33E+02, long, Parallelogram, Circle, Parallelogram,750,250, 
PA53,17, M,250,69,0,6.63E+02, short, Square, Triangle, Triangle,350,250, 
PA53,17, M,250,70,0,1.19E+03, long, Rhombus, Parallelogram, Parallelogram,650,250, 
PA53,17, M,250,71,0,5.43E+02, long, Rhombus, Pentagon, Pentagon,750,250, 
PA53,17, M,250,72,0,6.17E+02, short, Parallelogram, Circle, Parallelogram,450,250, 
PA53,17, M,250,73,1,7.87E+02, long, Square, Parallelogram, Square,650,250, 
PA53,17, M,250,74,1,6.97E+02, short, Rhombus, Pentagon, Pentagon,550,250, 
PA53,17, M,250,75,0,8.49E+02, short, Pentagon, Rhombus, Rhombus,450,250, 
PA53,17, M,250,76,0,5.97E+02, short, Parallelogram, Pentagon, Pentagon,250,250, 
PA53,17, M,250,77,0,8.21E+02, short, Square, Triangle, Square,350,250, 
PA53,17, M,250,78,0,6.09E+02, short, Triangle, Rhombus, Triangle,250,250, 
PA53,17, M,250,79,0,5.65E+02, short, Square, Triangle, Square,350,250, 
PA53,17, M,250,80,0,6.30E+02, long, Pentagon, Rhombus, Pentagon,750,250, 
PA53,17, M,250,81,0,6.42E+02, long, Circle, Square, Square,550,250, 
PA53,17, M,250,82,0,1.12E+03, short, Circle, Rhombus, Rhombus,450,250, 
PA53,17, M,250,83,1,6.88E+02, short, Square, Rhombus, Rhombus,550,250, 
PA53,17, M,250,84,1,1.00E+03, short, Circle, Parallelogram, Parallelogram,550,250, 
PA53,17, M,250,85,0,6.49E+02, short, Parallelogram, Rhombus, Parallelogram,250,250, 
PA53,17, M,250,86,0,5.85E+02, long, Parallelogram, Circle, Circle,750,250, 
PA53,17, M,250,87,0,5.21E+02, long, Parallelogram, Pentagon, Pentagon,850,250, 
PA53,17, M,250,88,1,5.53E+02, long, Parallelogram, Square, Square,750,250, 
PA53,17, M,250,89,1,8.25E+02, long, Rhombus, Triangle, Rhombus,550,250, 
PA53,17, M,250,90,0,5.37E+02, long, Square, Circle, Square,750,250, 
PA53,17, M,250,91,0,5.40E+02, long, Parallelogram, Square, Parallelogram,650,250, 
PA53,17, M,250,92,1,8.76E+02, long, Circle, Square, Square,650,250, 
PA53,17, M,250,93,0,5.76E+02, long, Circle, Rhombus, Rhombus,850,250, 
PA53,17, M,250,94,1,6.68E+02, long, Triangle, Pentagon, Pentagon,550,250, 
PA53,17, M,250,95,0,5.88E+02, short, Rhombus, Triangle, Rhombus,250,250, 
PA53,17, M,250,96,1,1.02E+03, long, Triangle, Circle, Triangle,550,250, 
PA53,17, M,250,97,0,5.80E+02, short, Circle, Triangle, Circle,350,250, 
PA53,17, M,250,98,1,7.92E+02, short, Pentagon, Triangle, Pentagon,550,250, 
PA53,17, M,250,99,1,3.16E+03, short, Triangle, Pentagon, Triangle,650,250, 
PA53,17, M,250,100,1,5.56E+02, long, Pentagon, Triangle, Pentagon,650,250, 
PA53,17, M,250,101,1,5.10E+02, long, Pentagon, Circle, Circle,850,250, 
PA53,17, M,250,102,0,1.29E+03, short, Circle, Triangle, Triangle,550,250, 
PA53,17, M,250,103,0,1.50E+03, long, Circle, Square, Square,850,250, 
PA53,17, M,250,104,1,6.32E+02, short, Square, Parallelogram, Square,250,250, 
PA53,17, M,250,105,1,5.34E+02, long, Pentagon, Triangle, Pentagon,850,250, 
PA53,17, M,250,106,0,7.80E+02, short, Rhombus, Square, Rhombus,450,250, 
PA53,17, M,250,107,1,8.69E+02, short, Triangle, Square, Square,450,250, 
PA53,17, M,250,108,0,6.64E+02, short, Parallelogram, Square, Square,250,250, 
PA53,17, M,250,109,1,5.71E+02, short, Parallelogram, Triangle, Triangle,550,250, 
PA53,17, M,250,110,0,5.90E+02, long, Circle, Triangle, Circle,850,250, 
PA53,17, M,250,111,0,1.06E+03, long, Square, Rhombus, Square,650,250, 
PA53,17, M,250,112,1,8.49E+02, short, Square, Parallelogram, Square,450,250, 
PA53,17, M,250,113,1,5.37E+02, long, Parallelogram, Rhombus, Rhombus,750,250, 
PA53,17, M,250,114,1,6.95E+02, short, Parallelogram, Triangle, Parallelogram,650,250, 
PA53,17, M,250,115,0,5.45E+02, long, Square, Pentagon, Square,850,250, 
PA53,17, M,250,116,1,5.95E+02, short, Rhombus, Pentagon, Pentagon,250,250, 
PA53,17, M,250,117,0,5.93E+02, short, Square, Triangle, Square,450,250, 
PA53,17, M,250,118,0,7.91E+02, short, Circle, Square, Circle,550,250, 
PA53,17, M,250,119,1,5.90E+02, short, Pentagon, Parallelogram, Parallelogram,350,250, 
PA53,17, M,250,120,1,5.65E+02, short, Circle, Pentagon, Circle,450,250, 
PA53,17, M,250,121,1,5.24E+02, short, Pentagon, Square, Square,450,250, 
PA53,17, M,250,122,1,5.88E+02, short, Rhombus, Triangle, Triangle,350,250, 
PA53,17, M,250,123,1,6.26E+02, short, Pentagon, Triangle, Triangle,250,250, 
PA53,17, M,250,124,1,6.98E+02, long, Pentagon, Parallelogram, Parallelogram,750,250, 
PA53,17, M,250,125,0,5.86E+02, short, Square, Parallelogram, Parallelogram,650,250, 
PA53,17, M,250,126,0,7.12E+02, short, Rhombus, Circle, Circle,350,250, 
PA53,17, M,250,127,1,7.96E+02, short, Parallelogram, Triangle, Parallelogram,450,250, 
PA53,17, M,250,128,0,7.24E+02, short, Parallelogram, Triangle, Parallelogram,450,250, 
PA53,17, M,250,129,0,6.15E+02, short, Rhombus, Pentagon, Pentagon,350,250, 
PA53,17, M,250,130,1,5.63E+02, long, Rhombus, Square, Square,850,250, 
PA53,17, M,250,131,0,6.39E+02, short, Rhombus, Square, Square,350,250, 
PA53,17, M,250,132,1,5.63E+02, long, Parallelogram, Rhombus, Rhombus,550,250, 
PA53,17, M,250,133,1,5.80E+02, short, Triangle, Square, Square,350,250, 
PA53,17, M,250,134,0,5.37E+02, long, Triangle, Circle, Circle,850,250, 
PA53,17, M,250,135,1,5.73E+02, short, Pentagon, Circle, Circle,250,250, 
PA53,17, M,250,136,0,2.95E+03, long, Square, Rhombus, Rhombus,850,250, 
PA53,17, M,250,137,0,1.86E+03, long, Circle, Square, Square,550,250, 
PA53,17, M,250,138,1,6.21E+02, long, Triangle, Pentagon, Pentagon,550,250, 
PA53,17, M,250,139,0,5.29E+02, long, Square, Circle, Square,750,250, 
PA53,17, M,250,140,0,8.13E+02, long, Parallelogram, Rhombus, Parallelogram,650,250, 
PA53,17, M,250,141,1,5.85E+02, short, Pentagon, Parallelogram, Pentagon,450,250, 
PA53,17, M,250,142,1,5.68E+02, short, Triangle, Circle, Triangle,450,250, 
PA53,17, M,250,143,0,5.96E+02, short, Rhombus, Parallelogram, Rhombus,250,250, 
PA53,17, M,250,144,0,1.30E+03, short, Pentagon, Square, Pentagon,750,250, 
PA53,17, M,250,145,1,7.42E+02, long, Pentagon, Square, Pentagon,750,250, 
PA53,17, M,250,146,1,6.58E+02, short, Parallelogram, Circle, Circle,250,250, 
PA53,17, M,250,147,0,5.96E+02, short, Square, Circle, Circle,250,250, 
PA53,17, M,250,148,0,5.64E+02, long, Rhombus, Pentagon, Pentagon,850,250, 
PA53,17, M,250,149,1,5.90E+02, short, Circle, Rhombus, Rhombus,250,250, 
PA53,17, M,250,150,0,1.01E+03, short, Pentagon, Circle, Circle,450,250, 
PA53,17, M,250,151,1,5.58E+02, long, Circle, Parallelogram, Circle,850,250, 
PA53,17, M,250,152,0,5.56E+02, short, Parallelogram, Rhombus, Parallelogram,550,250, 
PA53,17, M,250,153,0,5.66E+02, short, Circle, Pentagon, Circle,650,250, 
PA53,17, M,250,154,1,6.08E+02, short, Circle, Pentagon, Circle,450,250, 
PA53,17, M,250,155,1,6.96E+02, short, Triangle, Square, Triangle,450,250, 
PA53,17, M,250,156,1,6.56E+02, short, Square, Circle, Square,250,250, 
PA53,17, M,250,157,1,6.86E+02, short, Pentagon, Square, Pentagon,250,250, 
PA53,17, M,250,158,0,1.33E+03, long, Rhombus, Circle, Rhombus,650,250, 
PA53,17, M,250,159,0,1.36E+03, short, Triangle, Rhombus, Triangle,550,250, 
PA53,17, M,250,160,1,4.66E+02, long, Rhombus, Circle, Circle,850,250, 
PA53,17, M,250,161,1,6.23E+02, short, Triangle, Rhombus, Rhombus,550,250, 
PA53,17, M,250,162,0,6.11E+02, short, Parallelogram, Rhombus, Rhombus,650,250, 
PA53,17, M,250,163,0,6.61E+02, short, Pentagon, Rhombus, Rhombus,550,250, 
PA53,17, M,250,164,0,9.91E+02, short, Circle, Pentagon, Pentagon,450,250, 
PA53,17, M,250,165,1,6.07E+02, long, Rhombus, Triangle, Triangle,850,250, 
PA53,17, M,250,166,1,2.16E+03, long, Rhombus, Square, Square,650,250, 
PA53,17, M,250,167,0,5.81E+02, short, Pentagon, Parallelogram, Parallelogram,350,250, 
PA53,17, M,250,168,0,5.94E+02, short, Parallelogram, Square, Square,650,250, 
PA53,17, M,250,169,0,9.32E+02, long, Triangle, Square, Triangle,750,250, 
PA53,17, M,250,170,0,5.86E+02, short, Square, Parallelogram, Square,450,250, 
PA53,17, M,250,171,0,6.00E+02, short, Triangle, Pentagon, Pentagon,550,250, 
PA53,17, M,250,172,0,5.32E+02, short, Triangle, Parallelogram, Parallelogram,450,250, 
PA53,17, M,250,173,0,6.34E+02, long, Pentagon, Square, Pentagon,550,250, 
PA53,17, M,250,174,1,5.25E+02, long, Pentagon, Parallelogram, Parallelogram,850,250, 
PA53,17, M,250,175,1,5.86E+02, short, Circle, Triangle, Triangle,450,250, 
PA53,17, M,250,176,1,8.66E+02, short, Triangle, Circle, Circle,350,250, 
PA53,17, M,250,177,1,5.57E+02, long, Parallelogram, Square, Square,850,250, 
PA53,17, M,250,178,1,5.52E+02, short, Square, Parallelogram, Parallelogram,650,250, 
PA53,17, M,250,179,0,5.25E+02, long, Pentagon, Rhombus, Pentagon,850,250, 
PA53,17, M,250,180,0,5.18E+02, short, Parallelogram, Square, Parallelogram,450,250, 
PA53,17, M,250,181,1,5.41E+02, short, Triangle, Parallelogram, Parallelogram,250,250, 
PA53,17, M,250,182,1,6.33E+02, short, Pentagon, Parallelogram, Parallelogram,550,250, 
PA53,17, M,250,183,0,5.57E+02, long, Rhombus, Parallelogram, Parallelogram,650,250, 
PA53,17, M,250,184,1,1.40E+03, long, Triangle, Rhombus, Triangle,450,250, 
PA53,17, M,250,185,1,5.39E+02, short, Parallelogram, Pentagon, Parallelogram,350,250, 
PA53,17, M,250,186,0,5.31E+02, short, Parallelogram, Pentagon, Parallelogram,250,250, 
PA53,17, M,250,187,0,5.57E+02, short, Pentagon, Square, Pentagon,250,250, 
PA53,17, M,250,188,1,5.67E+02, short, Rhombus, Square, Rhombus,350,250, 
PA53,17, M,250,189,1,6.59E+02, long, Rhombus, Triangle, Rhombus,550,250, 
PA53,17, M,250,190,0,5.75E+02, short, Parallelogram, Pentagon, Parallelogram,250,250, 
PA53,17, M,250,191,1,5.44E+02, long, Parallelogram, Pentagon, Parallelogram,750,250, 
PA53,17, M,250,192,0,5.81E+02, short, Triangle, Rhombus, Rhombus,250,250, 
PA53,17, M,250,193,0,7.62E+02, long, Triangle, Square, Square,650,250, 
PA53,17, M,250,194,1,5.94E+02, short, Parallelogram, Triangle, Triangle,350,250, 
PA53,17, M,250,195,0,5.88E+02, short, Pentagon, Rhombus, Rhombus,250,250, 
PA53,17, M,250,196,0,1.07E+03, short, Pentagon, Triangle, Triangle,250,250, 
PA53,17, M,250,197,1,1.04E+03, short, Circle, Triangle, Triangle,350,250, 
PA53,17, M,250,198,0,6.08E+02, long, Square, Rhombus, Square,750,250, 
PA53,17, M,250,199,0,5.48E+02, short, Circle, Rhombus, Circle,450,250, 
PA53,17, M,250,200,1,5.66E+02, short, Pentagon, Circle, Circle,450,250, 
PA53,17, M,250,201,1,8.02E+02, long, Rhombus, Square, Square,750,250, 
PA53,17, M,250,202,1,8.46E+02, short, Circle, Parallelogram, Circle,450,250, 
PA53,17, M,250,203,0,1.84E+03, short, Triangle, Rhombus, Triangle,650,250, 
PA53,17, M,250,204,1,6.62E+02, long, Rhombus, Pentagon, Pentagon,850,250, 
PA53,17, M,250,205,0,5.38E+02, short, Pentagon, Triangle, Triangle,350,250, 
PA53,17, M,250,206,1,6.94E+02, long, Pentagon, Circle, Circle,850,250, 
PA53,17, M,250,207,0,6.11E+02, long, Circle, Square, Circle,750,250, 
PA53,17, M,250,208,0,8.17E+02, long, Square, Pentagon, Square,650,250, 
PA53,17, M,250,209,0,6.17E+02, long, Triangle, Pentagon, Triangle,750,250, 
PA53,17, M,250,210,1,6.87E+02, short, Circle, Parallelogram, Circle,350,250, 
