﻿Subject ID, Subject Age, Gender, Group, TrialNumber, Intended or Unintended Outcome, Reaction Time on Outcome Response, Response - Short or Long, Left Image Code, Right Image Code, Chosen Image Code, Objective Duration of Stimulus, Stimulus Delay,
PA42,22, F,1000,1,0,3.90E+03, long, Circle, Square, Circle,450,1000, 
PA42,22, F,1000,2,1,9.63E+02, long, Rhombus, Square, Rhombus,750,1000, 
PA42,22, F,1000,3,1,1.10E+03, long, Triangle, Parallelogram, Triangle,650,1000, 
PA42,22, F,1000,4,1,2.83E+03, short, Pentagon, Parallelogram, Parallelogram,350,1000, 
PA42,22, F,1000,5,1,9.57E+02, long, Circle, Pentagon, Pentagon,850,1000, 
PA42,22, F,1000,6,0,1.59E+03, long, Rhombus, Parallelogram, Rhombus,550,1000, 
PA42,22, F,1000,7,0,1.11E+03, long, Parallelogram, Circle, Circle,850,1000, 
PA42,22, F,1000,8,1,1.08E+03, short, Parallelogram, Pentagon, Parallelogram,250,1000, 
PA42,22, F,1000,9,0,1.73E+03, long, Parallelogram, Rhombus, Rhombus,650,1000, 
PA42,22, F,1000,10,1,9.38E+02, long, Rhombus, Parallelogram, Rhombus,850,1000, 
PA42,22, F,1000,11,0,1.41E+03, short, Rhombus, Circle, Circle,250,1000, 
PA42,22, F,1000,12,0,3.13E+03, short, Square, Rhombus, Rhombus,350,1000, 
PA42,22, F,1000,13,1,9.77E+02, short, Pentagon, Circle, Pentagon,250,1000, 
PA42,22, F,1000,14,1,1.12E+03, short, Square, Circle, Circle,250,1000, 
PA42,22, F,1000,15,0,9.21E+02, long, Rhombus, Parallelogram, Parallelogram,650,1000, 
PA42,22, F,1000,16,0,9.39E+02, long, Square, Pentagon, Square,750,1000, 
PA42,22, F,1000,17,0,8.87E+02, long, Parallelogram, Triangle, Parallelogram,850,1000, 
PA42,22, F,1000,18,1,9.87E+02, long, Pentagon, Triangle, Pentagon,850,1000, 
PA42,22, F,1000,19,1,4.48E+03, long, Rhombus, Circle, Rhombus,650,1000, 
PA42,22, F,1000,20,1,1.09E+03, short, Parallelogram, Circle, Circle,450,1000, 
PA42,22, F,1000,21,1,8.32E+02, long, Triangle, Square, Square,650,1000, 
PA42,22, F,1000,22,0,7.86E+02, long, Circle, Rhombus, Circle,850,1000, 
PA42,22, F,1000,23,0,1.08E+03, long, Circle, Parallelogram, Circle,550,1000, 
PA42,22, F,1000,24,1,8.86E+02, short, Rhombus, Pentagon, Pentagon,350,1000, 
PA42,22, F,1000,25,1,2.75E+03, short, Circle, Triangle, Circle,350,1000, 
PA42,22, F,1000,26,1,2.16E+03, long, Triangle, Circle, Circle,350,1000, 
PA42,22, F,1000,27,1,8.14E+02, long, Pentagon, Circle, Circle,550,1000, 
PA42,22, F,1000,28,0,1.06E+03, long, Circle, Rhombus, Rhombus,750,1000, 
PA42,22, F,1000,29,1,9.20E+02, long, Square, Circle, Circle,650,1000, 
PA42,22, F,1000,30,1,9.47E+02, short, Circle, Parallelogram, Circle,250,1000, 
PA42,22, F,1000,31,0,6.74E+03, short, Rhombus, Parallelogram, Parallelogram,550,1000, 
PA42,22, F,1000,32,0,8.93E+02, long, Circle, Pentagon, Circle,850,1000, 
PA42,22, F,1000,33,1,8.45E+02, long, Square, Triangle, Triangle,750,1000, 
PA42,22, F,1000,34,1,9.77E+02, long, Pentagon, Rhombus, Rhombus,650,1000, 
PA42,22, F,1000,35,1,8.91E+02, long, Triangle, Parallelogram, Parallelogram,750,1000, 
PA42,22, F,1000,36,1,1.07E+03, short, Square, Rhombus, Rhombus,350,1000, 
PA42,22, F,1000,37,0,1.10E+03, long, Parallelogram, Square, Parallelogram,550,1000, 
PA42,22, F,1000,38,0,7.08E+02, long, Triangle, Pentagon, Triangle,850,1000, 
PA42,22, F,1000,39,1,9.18E+02, short, Triangle, Circle, Circle,250,1000, 
PA42,22, F,1000,40,0,8.88E+02, short, Triangle, Square, Triangle,350,1000, 
PA42,22, F,1000,41,1,8.64E+02, short, Triangle, Parallelogram, Parallelogram,450,1000, 
PA42,22, F,1000,42,1,7.90E+02, long, Circle, Parallelogram, Parallelogram,850,1000, 
PA42,22, F,1000,43,1,8.97E+02, long, Square, Pentagon, Square,750,1000, 
PA42,22, F,1000,44,0,8.64E+02, short, Triangle, Pentagon, Pentagon,450,1000, 
PA42,22, F,1000,45,0,7.96E+02, short, Square, Parallelogram, Parallelogram,350,1000, 
PA42,22, F,1000,46,0,1.55E+03, long, Parallelogram, Triangle, Parallelogram,750,1000, 
PA42,22, F,1000,47,0,3.68E+03, short, Triangle, Parallelogram, Parallelogram,350,1000, 
PA42,22, F,1000,48,0,8.40E+02, short, Circle, Rhombus, Rhombus,450,1000, 
PA42,22, F,1000,49,1,7.84E+02, long, Pentagon, Square, Square,750,1000, 
PA42,22, F,1000,50,0,8.60E+02, long, Rhombus, Triangle, Triangle,750,1000, 
PA42,22, F,1000,51,0,4.14E+03, short, Parallelogram, Circle, Circle,550,1000, 
PA42,22, F,1000,52,1,1.03E+03, short, Square, Pentagon, Square,250,1000, 
PA42,22, F,1000,53,1,6.81E+02, long, Square, Triangle, Triangle,850,1000, 
PA42,22, F,1000,54,1,8.97E+02, long, Circle, Triangle, Circle,750,1000, 
PA42,22, F,1000,55,1,3.87E+02, long, Square, Triangle, Square,750,1000, 
PA42,22, F,1000,56,0,8.93E+02, short, Circle, Pentagon, Pentagon,250,1000, 
PA42,22, F,1000,57,0,9.75E+02, long, Square, Pentagon, Pentagon,850,1000, 
PA42,22, F,1000,58,1,3.13E+03, long, Rhombus, Triangle, Triangle,550,1000, 
PA42,22, F,1000,59,0,1.59E+03, short, Rhombus, Circle, Circle,350,1000, 
PA42,22, F,1000,60,0,1.49E+03, short, Square, Circle, Circle,350,1000, 
PA42,22, F,1000,61,1,8.30E+02, long, Square, Rhombus, Rhombus,650,1000, 
PA42,22, F,1000,62,0,1.23E+03, short, Rhombus, Circle, Circle,550,1000, 
PA42,22, F,1000,63,1,8.38E+02, long, Triangle, Circle, Circle,650,1000, 
PA42,22, F,1000,64,1,1.66E+03, long, Triangle, Rhombus, Rhombus,650,1000, 
PA42,22, F,1000,65,1,4.50E+02, long, Square, Pentagon, Pentagon,750,1000, 
PA42,22, F,1000,66,1,4.90E+02, long, Triangle, Parallelogram, Parallelogram,750,1000, 
PA42,22, F,1000,67,1,8.26E+02, short, Pentagon, Rhombus, Rhombus,350,1000, 
PA42,22, F,1000,68,0,4.26E+02, long, Parallelogram, Circle, Circle,750,1000, 
PA42,22, F,1000,69,0,8.32E+02, short, Square, Triangle, Triangle,350,1000, 
PA42,22, F,1000,70,0,1.24E+03, long, Rhombus, Parallelogram, Parallelogram,650,1000, 
PA42,22, F,1000,71,0,8.20E+02, long, Rhombus, Pentagon, Pentagon,750,1000, 
PA42,22, F,1000,72,0,7.79E+02, short, Parallelogram, Circle, Circle,450,1000, 
PA42,22, F,1000,73,1,6.79E+02, short, Square, Parallelogram, Parallelogram,650,1000, 
PA42,22, F,1000,74,1,5.37E+02, long, Rhombus, Pentagon, Pentagon,550,1000, 
PA42,22, F,1000,75,0,8.23E+02, short, Pentagon, Rhombus, Rhombus,450,1000, 
PA42,22, F,1000,76,0,9.61E+02, short, Parallelogram, Pentagon, Pentagon,250,1000, 
PA42,22, F,1000,77,0,7.55E+02, short, Square, Triangle, Triangle,350,1000, 
PA42,22, F,1000,78,0,9.15E+02, short, Triangle, Rhombus, Triangle,250,1000, 
PA42,22, F,1000,79,0,6.23E+02, short, Square, Triangle, Square,350,1000, 
PA42,22, F,1000,80,0,1.01E+03, long, Pentagon, Rhombus, Rhombus,750,1000, 
PA42,22, F,1000,81,0,3.39E+02, long, Circle, Square, Square,550,1000, 
PA42,22, F,1000,82,0,9.39E+02, short, Circle, Rhombus, Circle,450,1000, 
PA42,22, F,1000,83,1,1.30E+03, long, Square, Rhombus, Rhombus,550,1000, 
PA42,22, F,1000,84,1,6.40E+02, long, Circle, Parallelogram, Parallelogram,550,1000, 
PA42,22, F,1000,85,0,7.86E+02, short, Parallelogram, Rhombus, Parallelogram,250,1000, 
PA42,22, F,1000,86,0,8.16E+02, long, Parallelogram, Circle, Parallelogram,750,1000, 
PA42,22, F,1000,87,0,6.96E+02, long, Parallelogram, Pentagon, Pentagon,850,1000, 
PA42,22, F,1000,88,1,2.60E+02, long, Parallelogram, Square, Square,750,1000, 
PA42,22, F,1000,89,1,1.04E+03, short, Rhombus, Triangle, Triangle,550,1000, 
PA42,22, F,1000,90,0,4.10E+02, long, Square, Circle, Circle,750,1000, 
PA42,22, F,1000,91,0,6.86E+02, long, Parallelogram, Square, Square,650,1000, 
PA42,22, F,1000,92,1,2.84E+02, long, Circle, Square, Circle,650,1000, 
PA42,22, F,1000,93,0,7.12E+02, long, Circle, Rhombus, Rhombus,850,1000, 
PA42,22, F,1000,94,1,7.79E+02, long, Triangle, Pentagon, Pentagon,550,1000, 
PA42,22, F,1000,95,0,9.05E+02, short, Rhombus, Triangle, Triangle,250,1000, 
PA42,22, F,1000,96,1,7.55E+02, long, Triangle, Circle, Circle,550,1000, 
PA42,22, F,1000,97,0,9.63E+02, short, Circle, Triangle, Triangle,350,1000, 
PA42,22, F,1000,98,1,3.57E+02, long, Pentagon, Triangle, Triangle,550,1000, 
PA42,22, F,1000,99,1,3.25E+02, long, Triangle, Pentagon, Pentagon,650,1000, 
PA42,22, F,1000,100,1,4.65E+02, long, Pentagon, Triangle, Triangle,650,1000, 
PA42,22, F,1000,101,1,3.03E+02, long, Pentagon, Circle, Pentagon,850,1000, 
PA42,22, F,1000,102,0,1.62E+03, short, Circle, Triangle, Circle,550,1000, 
PA42,22, F,1000,103,0,3.29E+02, long, Circle, Square, Square,850,1000, 
PA42,22, F,1000,104,1,6.89E+02, short, Square, Parallelogram, Parallelogram,250,1000, 
PA42,22, F,1000,105,1,7.54E+02, long, Pentagon, Triangle, Pentagon,850,1000, 
PA42,22, F,1000,106,0,6.50E+02, long, Rhombus, Square, Square,450,1000, 
PA42,22, F,1000,107,1,9.82E+02, short, Triangle, Square, Square,450,1000, 
PA42,22, F,1000,108,0,8.68E+02, short, Parallelogram, Square, Square,250,1000, 
PA42,22, F,1000,109,1,3.30E+02, long, Parallelogram, Triangle, Triangle,550,1000, 
PA42,22, F,1000,110,0,2.56E+02, long, Circle, Triangle, Triangle,850,1000, 
PA42,22, F,1000,111,0,5.16E+02, long, Square, Rhombus, Rhombus,650,1000, 
PA42,22, F,1000,112,1,6.38E+02, short, Square, Parallelogram, Parallelogram,450,1000, 
PA42,22, F,1000,113,1,4.14E+02, long, Parallelogram, Rhombus, Rhombus,750,1000, 
PA42,22, F,1000,114,1,8.48E+02, short, Parallelogram, Triangle, Triangle,650,1000, 
PA42,22, F,1000,115,0,3.06E+02, long, Square, Pentagon, Pentagon,850,1000, 
PA42,22, F,1000,116,1,8.09E+02, short, Rhombus, Pentagon, Rhombus,250,1000, 
PA42,22, F,1000,117,0,8.25E+02, short, Square, Triangle, Square,450,1000, 
PA42,22, F,1000,118,0,6.55E+02, long, Circle, Square, Circle,550,1000, 
PA42,22, F,1000,119,1,6.99E+02, short, Pentagon, Parallelogram, Parallelogram,350,1000, 
PA42,22, F,1000,120,1,8.39E+02, short, Circle, Pentagon, Circle,450,1000, 
PA42,22, F,1000,121,1,4.83E+02, short, Pentagon, Square, Pentagon,450,1000, 
PA42,22, F,1000,122,1,7.11E+02, short, Rhombus, Triangle, Triangle,350,1000, 
PA42,22, F,1000,123,1,4.47E+02, short, Pentagon, Triangle, Pentagon,250,1000, 
PA42,22, F,1000,124,1,3.99E+02, long, Pentagon, Parallelogram, Pentagon,750,1000, 
PA42,22, F,1000,125,0,7.67E+02, short, Square, Parallelogram, Square,650,1000, 
PA42,22, F,1000,126,0,5.12E+02, short, Rhombus, Circle, Circle,350,1000, 
PA42,22, F,1000,127,1,7.92E+02, short, Parallelogram, Triangle, Parallelogram,450,1000, 
PA42,22, F,1000,128,0,3.32E+03, long, Parallelogram, Triangle, Triangle,450,1000, 
PA42,22, F,1000,129,0,4.36E+02, short, Rhombus, Pentagon, Rhombus,350,1000, 
PA42,22, F,1000,130,1,8.69E+02, long, Rhombus, Square, Rhombus,850,1000, 
PA42,22, F,1000,131,0,8.90E+02, short, Rhombus, Square, Rhombus,350,1000, 
PA42,22, F,1000,132,1,5.72E+02, long, Parallelogram, Rhombus, Parallelogram,550,1000, 
PA42,22, F,1000,133,1,9.55E+02, short, Triangle, Square, Triangle,350,1000, 
PA42,22, F,1000,134,0,3.72E+02, long, Triangle, Circle, Triangle,850,1000, 
PA42,22, F,1000,135,1,6.33E+02, short, Pentagon, Circle, Pentagon,250,1000, 
PA42,22, F,1000,136,0,4.15E+02, long, Square, Rhombus, Rhombus,850,1000, 
PA42,22, F,1000,137,0,2.63E+03, short, Circle, Square, Circle,550,1000, 
PA42,22, F,1000,138,1,8.55E+02, long, Triangle, Pentagon, Pentagon,550,1000, 
PA42,22, F,1000,139,0,1.21E+03, long, Square, Circle, Square,750,1000, 
PA42,22, F,1000,140,0,5.51E+02, long, Parallelogram, Rhombus, Rhombus,650,1000, 
PA42,22, F,1000,141,1,5.49E+02, short, Pentagon, Parallelogram, Pentagon,450,1000, 
PA42,22, F,1000,142,1,4.65E+02, short, Triangle, Circle, Circle,450,1000, 
PA42,22, F,1000,143,0,6.49E+02, short, Rhombus, Parallelogram, Rhombus,250,1000, 
PA42,22, F,1000,144,0,4.53E+02, long, Pentagon, Square, Square,750,1000, 
PA42,22, F,1000,145,1,1.03E+03, long, Pentagon, Square, Square,750,1000, 
PA42,22, F,1000,146,1,1.12E+03, short, Parallelogram, Circle, Circle,250,1000, 
PA42,22, F,1000,147,0,1.02E+03, short, Square, Circle, Square,250,1000, 
PA42,22, F,1000,148,0,8.66E+02, long, Rhombus, Pentagon, Pentagon,850,1000, 
PA42,22, F,1000,149,1,8.74E+02, short, Circle, Rhombus, Rhombus,250,1000, 
PA42,22, F,1000,150,0,4.96E+02, short, Pentagon, Circle, Pentagon,450,1000, 
PA42,22, F,1000,151,1,3.70E+02, long, Circle, Parallelogram, Circle,850,1000, 
PA42,22, F,1000,152,0,8.76E+02, long, Parallelogram, Rhombus, Rhombus,550,1000, 
PA42,22, F,1000,153,0,4.88E+02, long, Circle, Pentagon, Circle,650,1000, 
PA42,22, F,1000,154,1,8.98E+02, long, Circle, Pentagon, Circle,450,1000, 
PA42,22, F,1000,155,1,4.04E+02, long, Triangle, Square, Triangle,450,1000, 
PA42,22, F,1000,156,1,6.28E+02, short, Square, Circle, Circle,250,1000, 
PA42,22, F,1000,157,1,5.29E+02, short, Pentagon, Square, Pentagon,250,1000, 
PA42,22, F,1000,158,0,1.10E+03, long, Rhombus, Circle, Rhombus,650,1000, 
PA42,22, F,1000,159,0,6.09E+02, long, Triangle, Rhombus, Triangle,550,1000, 
PA42,22, F,1000,160,1,3.51E+02, long, Rhombus, Circle, Rhombus,850,1000, 
PA42,22, F,1000,161,1,7.19E+02, long, Triangle, Rhombus, Rhombus,550,1000, 
PA42,22, F,1000,162,0,5.89E+02, long, Parallelogram, Rhombus, Rhombus,650,1000, 
PA42,22, F,1000,163,0,7.81E+02, long, Pentagon, Rhombus, Pentagon,550,1000, 
PA42,22, F,1000,164,0,3.99E+02, long, Circle, Pentagon, Circle,450,1000, 
PA42,22, F,1000,165,1,2.97E+02, long, Rhombus, Triangle, Triangle,850,1000, 
PA42,22, F,1000,166,1,5.10E+02, long, Rhombus, Square, Rhombus,650,1000, 
PA42,22, F,1000,167,0,1.29E+03, short, Pentagon, Parallelogram, Parallelogram,350,1000, 
PA42,22, F,1000,168,0,5.14E+02, long, Parallelogram, Square, Square,650,1000, 
PA42,22, F,1000,169,0,1.15E+03, long, Triangle, Square, Triangle,750,1000, 
PA42,22, F,1000,170,0,1.91E+03, short, Square, Parallelogram, Square,450,1000, 
PA42,22, F,1000,171,0,1.17E+03, long, Triangle, Pentagon, Pentagon,550,1000, 
PA42,22, F,1000,172,0,4.16E+02, long, Triangle, Parallelogram, Parallelogram,450,1000, 
PA42,22, F,1000,173,0,3.76E+02, long, Pentagon, Square, Square,550,1000, 
PA42,22, F,1000,174,1,2.42E+02, long, Pentagon, Parallelogram, Parallelogram,850,1000, 
PA42,22, F,1000,175,1,4.06E+02, long, Circle, Triangle, Circle,450,1000, 
PA42,22, F,1000,176,1,1.09E+03, short, Triangle, Circle, Triangle,350,1000, 
PA42,22, F,1000,177,1,5.20E+02, long, Parallelogram, Square, Parallelogram,850,1000, 
PA42,22, F,1000,178,1,3.73E+02, long, Square, Parallelogram, Parallelogram,650,1000, 
PA42,22, F,1000,179,0,4.33E+02, long, Pentagon, Rhombus, Rhombus,850,1000, 
PA42,22, F,1000,180,0,6.95E+02, short, Parallelogram, Square, Square,450,1000, 
PA42,22, F,1000,181,1,8.01E+02, short, Triangle, Parallelogram, Parallelogram,250,1000, 
PA42,22, F,1000,182,1,2.66E+03, long, Pentagon, Parallelogram, Parallelogram,550,1000, 
PA42,22, F,1000,183,0,5.27E+02, long, Rhombus, Parallelogram, Rhombus,650,1000, 
PA42,22, F,1000,184,1,3.90E+02, long, Triangle, Rhombus, Triangle,450,1000, 
PA42,22, F,1000,185,1,5.61E+02, short, Parallelogram, Pentagon, Pentagon,350,1000, 
PA42,22, F,1000,186,0,1.35E+03, short, Parallelogram, Pentagon, Pentagon,250,1000, 
PA42,22, F,1000,187,0,7.69E+02, short, Pentagon, Square, Square,250,1000, 
PA42,22, F,1000,188,1,5.88E+02, short, Rhombus, Square, Square,350,1000, 
PA42,22, F,1000,189,1,8.88E+02, short, Rhombus, Triangle, Triangle,550,1000, 
PA42,22, F,1000,190,0,9.28E+02, short, Parallelogram, Pentagon, Pentagon,250,1000, 
PA42,22, F,1000,191,1,3.46E+02, long, Parallelogram, Pentagon, Pentagon,750,1000, 
PA42,22, F,1000,192,0,5.92E+02, short, Triangle, Rhombus, Rhombus,250,1000, 
PA42,22, F,1000,193,0,1.95E+03, long, Triangle, Square, Square,650,1000, 
PA42,22, F,1000,194,1,6.72E+02, short, Parallelogram, Triangle, Triangle,350,1000, 
PA42,22, F,1000,195,0,6.42E+02, short, Pentagon, Rhombus, Rhombus,250,1000, 
PA42,22, F,1000,196,0,7.22E+02, short, Pentagon, Triangle, Triangle,250,1000, 
PA42,22, F,1000,197,1,1.51E+03, long, Circle, Triangle, Circle,350,1000, 
PA42,22, F,1000,198,0,5.77E+02, long, Square, Rhombus, Rhombus,750,1000, 
PA42,22, F,1000,199,0,9.23E+02, short, Circle, Rhombus, Circle,450,1000, 
PA42,22, F,1000,200,1,1.40E+03, short, Pentagon, Circle, Circle,450,1000, 
PA42,22, F,1000,201,1,3.95E+02, long, Rhombus, Square, Square,750,1000, 
PA42,22, F,1000,202,1,2.60E+03, long, Circle, Parallelogram, Circle,450,1000, 
PA42,22, F,1000,203,0,2.93E+02, long, Triangle, Rhombus, Triangle,650,1000, 
PA42,22, F,1000,204,1,2.59E+02, long, Rhombus, Pentagon, Pentagon,850,1000, 
PA42,22, F,1000,205,0,6.02E+02, short, Pentagon, Triangle, Triangle,350,1000, 
PA42,22, F,1000,206,1,3.90E+02, long, Pentagon, Circle, Circle,850,1000, 
PA42,22, F,1000,207,0,8.82E+02, long, Circle, Square, Square,750,1000, 
PA42,22, F,1000,208,0,8.72E+02, long, Square, Pentagon, Pentagon,650,1000, 
PA42,22, F,1000,209,0,2.92E+02, long, Triangle, Pentagon, Pentagon,750,1000, 
PA42,22, F,1000,210,1,9.90E+02, short, Circle, Parallelogram, Parallelogram,350,1000, 
