﻿Subject ID, Subject Age, Gender, Group, TrialNumber, Intended or Unintended Outcome, Reaction Time on Outcome Response, Response - Short or Long, Left Image Code, Right Image Code, Chosen Image Code, Objective Duration of Stimulus, Stimulus Delay,
PAX29,18, M, 250+1000,1,1,1.81E+03, short, Square, Parallelogram, Square,550,1000, 
PAX29,18, M, 250+1000,2,0,1.98E+03, short, Square, Parallelogram, Square,450,250, 
PAX29,18, M, 250+1000,3,0,2.03E+03, long, Square, Triangle, Triangle,750,250, 
PAX29,18, M, 250+1000,4,0,3.56E+03, long, Square, Rhombus, Square,450,250, 
PAX29,18, M, 250+1000,5,1,5.60E+02, short, Circle, Triangle, Circle,250,250, 
PAX29,18, M, 250+1000,6,1,5.09E+02, long, Triangle, Rhombus, Triangle,550,1000, 
PAX29,18, M, 250+1000,7,0,8.40E+02, short, Circle, Triangle, Circle,350,250, 
PAX29,18, M, 250+1000,8,0,6.18E+02, short, Pentagon, Triangle, Pentagon,250,1000, 
PAX29,18, M, 250+1000,9,1,6.14E+02, short, Triangle, Square, Square,550,250, 
PAX29,18, M, 250+1000,10,1,7.80E+02, short, Pentagon, Parallelogram, Pentagon,250,1000, 
PAX29,18, M, 250+1000,11,1,7.15E+02, short, Triangle, Square, Triangle,250,1000, 
PAX29,18, M, 250+1000,12,0,8.28E+02, short, Square, Circle, Circle,650,250, 
PAX29,18, M, 250+1000,13,1,7.87E+02, short, Square, Circle, Circle,450,250, 
PAX29,18, M, 250+1000,14,1,6.44E+02, short, Circle, Rhombus, Rhombus,450,1000, 
PAX29,18, M, 250+1000,15,0,6.60E+02, short, Square, Parallelogram, Parallelogram,350,1000, 
PAX29,18, M, 250+1000,16,0,4.68E+03, long, Circle, Pentagon, Circle,750,250, 
PAX29,18, M, 250+1000,17,1,6.15E+02, long, Rhombus, Pentagon, Rhombus,750,1000, 
PAX29,18, M, 250+1000,18,0,7.35E+02, long, Triangle, Square, Square,450,1000, 
PAX29,18, M, 250+1000,19,1,4.41E+02, long, Rhombus, Circle, Rhombus,650,1000, 
PAX29,18, M, 250+1000,20,1,7.07E+02, short, Rhombus, Square, Square,350,250, 
PAX29,18, M, 250+1000,21,0,3.57E+02, long, Circle, Parallelogram, Circle,850,1000, 
PAX29,18, M, 250+1000,22,0,6.11E+02, short, Square, Triangle, Triangle,250,1000, 
PAX29,18, M, 250+1000,23,1,6.26E+02, short, Rhombus, Pentagon, Rhombus,850,250, 
PAX29,18, M, 250+1000,24,0,5.33E+02, long, Pentagon, Circle, Pentagon,550,1000, 
PAX29,18, M, 250+1000,25,0,5.43E+02, short, Square, Triangle, Triangle,350,250, 
PAX29,18, M, 250+1000,26,0,3.45E+02, long, Rhombus, Parallelogram, Rhombus,550,1000, 
PAX29,18, M, 250+1000,27,0,4.40E+02, long, Pentagon, Triangle, Triangle,750,1000, 
PAX29,18, M, 250+1000,28,1,6.95E+02, short, Pentagon, Square, Pentagon,250,1000, 
PAX29,18, M, 250+1000,29,0,3.34E+02, long, Triangle, Pentagon, Pentagon,850,1000, 
PAX29,18, M, 250+1000,30,0,5.67E+02, short, Rhombus, Triangle, Rhombus,550,250, 
PAX29,18, M, 250+1000,31,1,2.74E+02, long, Square, Pentagon, Pentagon,750,1000, 
PAX29,18, M, 250+1000,32,1,6.24E+02, short, Circle, Rhombus, Circle,250,1000, 
PAX29,18, M, 250+1000,33,1,6.06E+02, short, Rhombus, Pentagon, Pentagon,550,250, 
PAX29,18, M, 250+1000,34,0,9.40E+02, short, Square, Circle, Circle,350,1000, 
PAX29,18, M, 250+1000,35,1,1.26E+03, short, Circle, Rhombus, Rhombus,350,1000, 
PAX29,18, M, 250+1000,36,0,3.82E+02, long, Circle, Triangle, Circle,850,250, 
PAX29,18, M, 250+1000,37,1,4.78E+02, long, Triangle, Circle, Triangle,550,1000, 
PAX29,18, M, 250+1000,38,1,6.13E+02, short, Pentagon, Rhombus, Pentagon,450,250, 
PAX29,18, M, 250+1000,39,1,2.45E+03, long, Circle, Rhombus, Rhombus,650,250, 
PAX29,18, M, 250+1000,40,0,2.72E+02, long, Parallelogram, Pentagon, Parallelogram,850,1000, 
PAX29,18, M, 250+1000,41,0,4.54E+02, short, Rhombus, Triangle, Triangle,250,250, 
PAX29,18, M, 250+1000,42,1,4.89E+02, short, Parallelogram, Square, Parallelogram,250,250, 
PAX29,18, M, 250+1000,43,1,5.99E+02, short, Rhombus, Triangle, Triangle,450,250, 
PAX29,18, M, 250+1000,44,0,5.75E+02, short, Parallelogram, Square, Square,250,1000, 
PAX29,18, M, 250+1000,45,0,4.81E+02, short, Parallelogram, Pentagon, Parallelogram,350,250, 
PAX29,18, M, 250+1000,46,0,5.13E+02, short, Parallelogram, Pentagon, Pentagon,350,1000, 
PAX29,18, M, 250+1000,47,0,7.79E+02, long, Square, Triangle, Square,750,1000, 
PAX29,18, M, 250+1000,48,1,5.71E+02, short, Parallelogram, Square, Square,250,1000, 
PAX29,18, M, 250+1000,49,1,1.79E+03, long, Circle, Triangle, Circle,750,250, 
PAX29,18, M, 250+1000,50,1,3.69E+02, long, Parallelogram, Rhombus, Rhombus,750,250, 
PAX29,18, M, 250+1000,51,1,1.20E+03, long, Pentagon, Square, Pentagon,350,250, 
PAX29,18, M, 250+1000,52,0,4.51E+02, long, Triangle, Parallelogram, Parallelogram,650,1000, 
PAX29,18, M, 250+1000,53,1,4.35E+02, long, Circle, Pentagon, Circle,750,1000, 
PAX29,18, M, 250+1000,54,0,8.45E+02, short, Parallelogram, Square, Parallelogram,250,250, 
PAX29,18, M, 250+1000,55,0,3.91E+02, long, Rhombus, Circle, Circle,550,250, 
PAX29,18, M, 250+1000,56,0,7.79E+02, short, Parallelogram, Rhombus, Parallelogram,250,1000, 
PAX29,18, M, 250+1000,57,1,8.22E+02, long, Pentagon, Parallelogram, Pentagon,550,1000, 
PAX29,18, M, 250+1000,58,1,4.23E+02, long, Circle, Pentagon, Pentagon,850,1000, 
PAX29,18, M, 250+1000,59,0,1.55E+03, short, Triangle, Parallelogram, Triangle,450,1000, 
PAX29,18, M, 250+1000,60,0,4.27E+02, long, Triangle, Square, Square,750,250, 
PAX29,18, M, 250+1000,61,1,5.46E+02, short, Triangle, Circle, Triangle,250,250, 
PAX29,18, M, 250+1000,62,1,1.30E+03, short, Rhombus, Parallelogram, Parallelogram,450,1000, 
PAX29,18, M, 250+1000,63,0,3.94E+02, long, Pentagon, Rhombus, Pentagon,650,250, 
PAX29,18, M, 250+1000,64,0,4.86E+02, long, Pentagon, Rhombus, Rhombus,850,250, 
PAX29,18, M, 250+1000,65,0,6.06E+02, long, Parallelogram, Pentagon, Pentagon,850,1000, 
PAX29,18, M, 250+1000,66,1,4.48E+02, long, Parallelogram, Rhombus, Rhombus,550,1000, 
PAX29,18, M, 250+1000,67,0,4.14E+02, long, Pentagon, Rhombus, Rhombus,350,250, 
PAX29,18, M, 250+1000,68,0,6.67E+02, short, Parallelogram, Triangle, Parallelogram,250,250, 
PAX29,18, M, 250+1000,69,1,6.08E+02, short, Parallelogram, Circle, Parallelogram,550,250, 
PAX29,18, M, 250+1000,70,0,2.12E+03, long, Circle, Square, Circle,550,250, 
PAX29,18, M, 250+1000,71,1,4.01E+02, long, Parallelogram, Pentagon, Pentagon,850,250, 
PAX29,18, M, 250+1000,72,0,1.76E+03, long, Rhombus, Circle, Circle,750,1000, 
PAX29,18, M, 250+1000,73,1,3.61E+02, long, Rhombus, Pentagon, Pentagon,750,250, 
PAX29,18, M, 250+1000,74,0,3.09E+02, long, Parallelogram, Pentagon, Pentagon,850,1000, 
PAX29,18, M, 250+1000,75,0,7.43E+02, short, Rhombus, Square, Square,250,250, 
PAX29,18, M, 250+1000,76,0,1.83E+03, short, Pentagon, Square, Pentagon,350,250, 
PAX29,18, M, 250+1000,77,1,1.05E+03, long, Circle, Square, Circle,450,250, 
PAX29,18, M, 250+1000,78,0,3.05E+02, long, Triangle, Parallelogram, Parallelogram,650,250, 
PAX29,18, M, 250+1000,79,1,2.67E+02, long, Circle, Rhombus, Rhombus,650,250, 
PAX29,18, M, 250+1000,80,1,2.93E+02, long, Circle, Triangle, Triangle,450,1000, 
PAX29,18, M, 250+1000,81,1,4.03E+02, long, Rhombus, Triangle, Triangle,350,1000, 
PAX29,18, M, 250+1000,82,1,7.33E+02, short, Circle, Parallelogram, Parallelogram,250,250, 
PAX29,18, M, 250+1000,83,1,6.27E+02, short, Pentagon, Parallelogram, Parallelogram,350,1000, 
PAX29,18, M, 250+1000,84,0,5.41E+02, short, Rhombus, Triangle, Rhombus,550,250, 
PAX29,18, M, 250+1000,85,0,3.80E+02, long, Triangle, Rhombus, Triangle,350,1000, 
PAX29,18, M, 250+1000,86,1,3.21E+02, long, Triangle, Circle, Triangle,750,250, 
PAX29,18, M, 250+1000,87,1,3.68E+02, long, Triangle, Parallelogram, Parallelogram,650,250, 
PAX29,18, M, 250+1000,88,1,3.24E+02, long, Circle, Parallelogram, Circle,650,1000, 
PAX29,18, M, 250+1000,89,1,2.68E+02, long, Pentagon, Circle, Circle,850,250, 
PAX29,18, M, 250+1000,90,1,2.39E+02, long, Triangle, Rhombus, Rhombus,850,1000, 
PAX29,18, M, 250+1000,91,1,3.31E+02, long, Pentagon, Triangle, Triangle,550,1000, 
PAX29,18, M, 250+1000,92,1,2.84E+03, short, Parallelogram, Circle, Parallelogram,350,1000, 
PAX29,18, M, 250+1000,93,0,1.08E+03, long, Pentagon, Circle, Pentagon,550,250, 
PAX29,18, M, 250+1000,94,0,2.83E+02, long, Parallelogram, Triangle, Triangle,750,1000, 
PAX29,18, M, 250+1000,95,0,5.37E+02, short, Square, Circle, Circle,450,250, 
PAX29,18, M, 250+1000,96,0,6.49E+02, short, Circle, Rhombus, Circle,550,250, 
PAX29,18, M, 250+1000,97,0,2.59E+02, long, Triangle, Pentagon, Triangle,850,250, 
PAX29,18, M, 250+1000,98,1,6.33E+02, short, Pentagon, Triangle, Pentagon,550,250, 
PAX29,18, M, 250+1000,99,0,1.19E+03, long, Square, Triangle, Square,450,250, 
PAX29,18, M, 250+1000,100,1,8.37E+02, short, Circle, Triangle, Triangle,350,1000, 
PAX29,18, M, 250+1000,101,0,6.77E+02, short, Parallelogram, Pentagon, Parallelogram,250,250, 
PAX29,18, M, 250+1000,102,1,3.71E+02, long, Pentagon, Square, Pentagon,750,1000, 
PAX29,18, M, 250+1000,103,0,6.59E+02, short, Circle, Pentagon, Circle,250,1000, 
PAX29,18, M, 250+1000,104,1,2.38E+02, long, Parallelogram, Triangle, Parallelogram,850,250, 
PAX29,18, M, 250+1000,105,1,6.00E+02, short, Circle, Square, Square,250,250, 
PAX29,18, M, 250+1000,106,1,1.01E+03, long, Triangle, Square, Triangle,750,1000, 
PAX29,18, M, 250+1000,107,1,3.02E+03, long, Parallelogram, Pentagon, Pentagon,550,1000, 
PAX29,18, M, 250+1000,108,1,3.38E+02, long, Pentagon, Rhombus, Rhombus,650,250, 
PAX29,18, M, 250+1000,109,1,7.16E+02, long, Rhombus, Circle, Circle,550,250, 
PAX29,18, M, 250+1000,110,0,3.60E+02, long, Square, Circle, Circle,750,250, 
PAX29,18, M, 250+1000,111,0,4.18E+02, long, Pentagon, Triangle, Triangle,850,1000, 
PAX29,18, M, 250+1000,112,0,5.36E+02, short, Pentagon, Rhombus, Pentagon,250,250, 
PAX29,18, M, 250+1000,113,0,1.21E+03, long, Triangle, Pentagon, Triangle,450,1000, 
PAX29,18, M, 250+1000,114,0,2.66E+02, long, Pentagon, Square, Pentagon,850,250, 
PAX29,18, M, 250+1000,115,0,4.48E+02, short, Square, Rhombus, Square,350,250, 
PAX29,18, M, 250+1000,116,0,4.08E+02, long, Pentagon, Circle, Circle,750,1000, 
PAX29,18, M, 250+1000,117,0,4.94E+02, long, Parallelogram, Pentagon, Pentagon,550,250, 
PAX29,18, M, 250+1000,118,0,9.43E+02, short, Square, Circle, Square,350,1000, 
PAX29,18, M, 250+1000,119,0,2.58E+02, long, Square, Pentagon, Square,850,1000, 
PAX29,18, M, 250+1000,120,0,9.46E+02, short, Parallelogram, Pentagon, Pentagon,450,1000, 
PAX29,18, M, 250+1000,121,1,4.33E+02, long, Parallelogram, Circle, Parallelogram,750,250, 
PAX29,18, M, 250+1000,122,1,4.45E+02, short, Rhombus, Pentagon, Pentagon,350,250, 
PAX29,18, M, 250+1000,123,0,1.94E+03, long, Square, Pentagon, Square,650,250, 
PAX29,18, M, 250+1000,124,0,8.34E+02, short, Circle, Rhombus, Circle,650,250, 
PAX29,18, M, 250+1000,125,1,1.22E+03, short, Pentagon, Parallelogram, Parallelogram,550,250, 
PAX29,18, M, 250+1000,126,1,1.03E+03, short, Parallelogram, Rhombus, Parallelogram,550,250, 
PAX29,18, M, 250+1000,127,0,3.69E+02, long, Circle, Rhombus, Rhombus,650,250, 
PAX29,18, M, 250+1000,128,1,6.63E+02, short, Circle, Pentagon, Circle,250,250, 
PAX29,18, M, 250+1000,129,0,5.11E+02, long, Pentagon, Parallelogram, Pentagon,550,1000, 
PAX29,18, M, 250+1000,130,1,5.81E+02, short, Pentagon, Square, Pentagon,250,250, 
PAX29,18, M, 250+1000,131,1,6.07E+02, short, Rhombus, Square, Square,250,250, 
PAX29,18, M, 250+1000,132,0,5.75E+02, long, Square, Parallelogram, Square,650,250, 
PAX29,18, M, 250+1000,133,1,3.35E+02, long, Rhombus, Square, Square,850,1000, 
PAX29,18, M, 250+1000,134,0,5.11E+02, short, Parallelogram, Triangle, Triangle,350,1000, 
PAX29,18, M, 250+1000,135,1,4.20E+02, long, Rhombus, Square, Rhombus,750,1000, 
PAX29,18, M, 250+1000,136,1,5.33E+02, long, Parallelogram, Square, Square,650,1000, 
PAX29,18, M, 250+1000,137,1,3.64E+02, long, Parallelogram, Circle, Parallelogram,850,250, 
PAX29,18, M, 250+1000,138,1,3.87E+02, long, Square, Parallelogram, Parallelogram,550,1000, 
PAX29,18, M, 250+1000,139,1,7.09E+02, short, Pentagon, Square, Square,450,250, 
PAX29,18, M, 250+1000,140,0,4.87E+02, long, Square, Parallelogram, Square,650,1000, 
PAX29,18, M, 250+1000,141,0,4.64E+02, long, Parallelogram, Triangle, Triangle,550,1000, 
PAX29,18, M, 250+1000,142,0,5.97E+02, long, Parallelogram, Triangle, Parallelogram,550,1000, 
PAX29,18, M, 250+1000,143,1,1.04E+03, short, Circle, Pentagon, Circle,450,1000, 
PAX29,18, M, 250+1000,144,0,8.20E+02, short, Pentagon, Square, Square,250,1000, 
PAX29,18, M, 250+1000,145,0,3.92E+02, long, Circle, Triangle, Circle,550,250, 
PAX29,18, M, 250+1000,146,1,9.04E+02, long, Pentagon, Circle, Pentagon,550,250, 
PAX29,18, M, 250+1000,147,0,7.92E+02, short, Rhombus, Parallelogram, Parallelogram,350,250, 
PAX29,18, M, 250+1000,148,0,2.48E+02, long, Parallelogram, Rhombus, Parallelogram,850,1000, 
PAX29,18, M, 250+1000,149,1,4.68E+02, short, Pentagon, Parallelogram, Parallelogram,350,250, 
PAX29,18, M, 250+1000,150,1,2.34E+02, long, Square, Parallelogram, Square,850,1000, 
PAX29,18, M, 250+1000,151,1,9.20E+02, long, Rhombus, Parallelogram, Parallelogram,650,250, 
PAX29,18, M, 250+1000,152,1,3.91E+02, long, Pentagon, Circle, Circle,850,250, 
PAX29,18, M, 250+1000,153,0,5.32E+02, short, Rhombus, Pentagon, Pentagon,350,1000, 
PAX29,18, M, 250+1000,154,0,8.92E+02, short, Triangle, Parallelogram, Triangle,650,250, 
PAX29,18, M, 250+1000,155,0,7.80E+02, short, Rhombus, Pentagon, Rhombus,350,1000, 
PAX29,18, M, 250+1000,156,1,5.66E+02, short, Circle, Square, Circle,450,250, 
PAX29,18, M, 250+1000,157,0,5.54E+02, short, Circle, Pentagon, Circle,550,250, 
PAX29,18, M, 250+1000,158,0,1.35E+03, short, Square, Parallelogram, Parallelogram,450,1000, 
PAX29,18, M, 250+1000,159,1,5.16E+02, short, Pentagon, Parallelogram, Pentagon,250,1000, 
PAX29,18, M, 250+1000,160,1,4.63E+02, short, Square, Triangle, Triangle,250,1000, 
PAX29,18, M, 250+1000,161,1,4.57E+02, short, Triangle, Circle, Triangle,550,250, 
PAX29,18, M, 250+1000,162,1,4.41E+02, short, Square, Triangle, Triangle,250,1000, 
PAX29,18, M, 250+1000,163,1,1.26E+03, short, Parallelogram, Pentagon, Pentagon,650,250, 
PAX29,18, M, 250+1000,164,1,1.63E+03, short, Rhombus, Parallelogram, Rhombus,350,250, 
PAX29,18, M, 250+1000,165,1,7.29E+02, long, Triangle, Circle, Triangle,350,250, 
PAX29,18, M, 250+1000,166,0,3.15E+02, long, Parallelogram, Circle, Circle,550,1000, 
PAX29,18, M, 250+1000,167,1,6.33E+02, short, Pentagon, Triangle, Triangle,250,1000, 
PAX29,18, M, 250+1000,168,0,3.91E+02, long, Rhombus, Triangle, Rhombus,450,1000, 
PAX29,18, M, 250+1000,169,1,4.04E+02, short, Triangle, Pentagon, Triangle,250,250, 
PAX29,18, M, 250+1000,170,1,4.46E+02, long, Rhombus, Parallelogram, Rhombus,650,250, 
PAX29,18, M, 250+1000,171,0,4.77E+02, long, Circle, Parallelogram, Parallelogram,650,1000, 
PAX29,18, M, 250+1000,172,1,1.20E+03, long, Parallelogram, Triangle, Triangle,450,1000, 
PAX29,18, M, 250+1000,173,0,2.74E+02, long, Parallelogram, Square, Square,750,250, 
PAX29,18, M, 250+1000,174,0,2.49E+02, long, Rhombus, Triangle, Triangle,850,1000, 
PAX29,18, M, 250+1000,175,0,2.99E+02, long, Rhombus, Circle, Circle,550,1000, 
PAX29,18, M, 250+1000,176,0,2.78E+02, long, Parallelogram, Circle, Circle,650,250, 
PAX29,18, M, 250+1000,177,1,3.42E+02, long, Square, Rhombus, Rhombus,350,250, 
PAX29,18, M, 250+1000,178,0,5.93E+02, short, Square, Rhombus, Rhombus,250,1000, 
PAX29,18, M, 250+1000,179,1,3.82E+02, short, Circle, Pentagon, Circle,250,1000, 
PAX29,18, M, 250+1000,180,0,4.08E+02, short, Rhombus, Circle, Rhombus,550,250, 
PAX29,18, M, 250+1000,181,1,2.56E+02, long, Parallelogram, Rhombus, Parallelogram,750,1000, 
PAX29,18, M, 250+1000,182,0,4.76E+02, long, Parallelogram, Pentagon, Parallelogram,450,250, 
PAX29,18, M, 250+1000,183,1,4.18E+02, long, Triangle, Rhombus, Triangle,650,1000, 
PAX29,18, M, 250+1000,184,0,4.20E+02, long, Parallelogram, Rhombus, Rhombus,750,250, 
PAX29,18, M, 250+1000,185,1,3.54E+02, long, Parallelogram, Square, Parallelogram,550,1000, 
PAX29,18, M, 250+1000,186,1,1.17E+03, short, Circle, Square, Circle,450,1000, 
PAX29,18, M, 250+1000,187,1,4.22E+02, short, Triangle, Circle, Circle,450,250, 
PAX29,18, M, 250+1000,188,0,6.12E+02, long, Parallelogram, Pentagon, Pentagon,650,1000, 
PAX29,18, M, 250+1000,189,1,5.42E+02, short, Triangle, Parallelogram, Triangle,250,250, 
PAX29,18, M, 250+1000,190,1,3.12E+02, long, Rhombus, Circle, Rhombus,850,1000, 
PAX29,18, M, 250+1000,191,1,3.26E+02, long, Circle, Pentagon, Circle,550,1000, 
PAX29,18, M, 250+1000,192,1,5.70E+02, long, Square, Rhombus, Square,350,1000, 
PAX29,18, M, 250+1000,193,0,3.16E+02, long, Rhombus, Triangle, Triangle,850,1000, 
PAX29,18, M, 250+1000,194,0,3.78E+02, long, Parallelogram, Circle, Circle,750,1000, 
PAX29,18, M, 250+1000,195,1,2.54E+02, long, Parallelogram, Circle, Circle,750,1000, 
PAX29,18, M, 250+1000,196,1,2.55E+02, long, Rhombus, Circle, Circle,650,1000, 
PAX29,18, M, 250+1000,197,0,4.67E+02, short, Rhombus, Circle, Rhombus,850,250, 
PAX29,18, M, 250+1000,198,1,3.39E+02, long, Square, Pentagon, Square,750,250, 
PAX29,18, M, 250+1000,199,0,2.91E+02, long, Rhombus, Parallelogram, Rhombus,850,250, 
PAX29,18, M, 250+1000,200,0,2.81E+02, long, Rhombus, Pentagon, Pentagon,750,250, 
PAX29,18, M, 250+1000,201,0,7.25E+02, short, Square, Rhombus, Square,350,250, 
PAX29,18, M, 250+1000,202,0,1.44E+03, long, Pentagon, Triangle, Pentagon,650,250, 
PAX29,18, M, 250+1000,203,0,2.81E+02, long, Parallelogram, Square, Square,650,1000, 
PAX29,18, M, 250+1000,204,0,2.03E+02, long, Parallelogram, Square, Square,750,1000, 
PAX29,18, M, 250+1000,205,1,4.29E+02, long, Triangle, Rhombus, Rhombus,450,1000, 
PAX29,18, M, 250+1000,206,0,5.17E+02, short, Triangle, Rhombus, Triangle,250,250, 
PAX29,18, M, 250+1000,207,1,3.35E+02, long, Triangle, Rhombus, Triangle,650,250, 
PAX29,18, M, 250+1000,208,1,4.03E+02, long, Square, Parallelogram, Square,650,1000, 
PAX29,18, M, 250+1000,209,1,1.91E+02, long, Circle, Square, Square,850,1000, 
PAX29,18, M, 250+1000,210,0,3.03E+02, long, Rhombus, Triangle, Triangle,550,1000, 
PAX29,18, M, 250+1000,211,1,2.27E+02, long, Triangle, Circle, Circle,850,1000, 
PAX29,18, M, 250+1000,212,0,5.71E+02, long, Square, Rhombus, Square,350,1000, 
PAX29,18, M, 250+1000,213,1,3.33E+02, short, Pentagon, Square, Square,750,250, 
PAX29,18, M, 250+1000,214,1,5.03E+02, short, Rhombus, Parallelogram, Rhombus,250,1000, 
PAX29,18, M, 250+1000,215,1,3.27E+02, long, Square, Pentagon, Pentagon,650,1000, 
PAX29,18, M, 250+1000,216,1,6.26E+02, short, Circle, Square, Circle,350,250, 
PAX29,18, M, 250+1000,217,1,6.80E+02, short, Triangle, Parallelogram, Parallelogram,450,250, 
PAX29,18, M, 250+1000,218,1,3.30E+02, long, Triangle, Parallelogram, Triangle,750,1000, 
PAX29,18, M, 250+1000,219,0,2.88E+02, long, Triangle, Rhombus, Triangle,750,1000, 
PAX29,18, M, 250+1000,220,0,9.92E+02, long, Parallelogram, Triangle, Parallelogram,850,250, 
PAX29,18, M, 250+1000,221,0,4.38E+02, long, Rhombus, Parallelogram, Parallelogram,650,1000, 
PAX29,18, M, 250+1000,222,0,4.18E+02, short, Parallelogram, Circle, Circle,350,1000, 
PAX29,18, M, 250+1000,223,1,4.40E+02, short, Rhombus, Circle, Rhombus,450,250, 
PAX29,18, M, 250+1000,224,1,4.60E+02, short, Rhombus, Pentagon, Rhombus,250,250, 
PAX29,18, M, 250+1000,225,1,2.60E+02, long, Triangle, Pentagon, Triangle,850,250, 
PAX29,18, M, 250+1000,226,0,7.27E+02, short, Triangle, Circle, Circle,350,250, 
PAX29,18, M, 250+1000,227,1,4.62E+02, long, Rhombus, Triangle, Rhombus,450,1000, 
PAX29,18, M, 250+1000,228,1,3.36E+02, long, Pentagon, Rhombus, Rhombus,650,1000, 
PAX29,18, M, 250+1000,229,1,4.90E+02, long, Triangle, Rhombus, Rhombus,850,250, 
PAX29,18, M, 250+1000,230,0,7.30E+02, short, Circle, Parallelogram, Parallelogram,450,250, 
PAX29,18, M, 250+1000,231,0,6.93E+02, short, Pentagon, Parallelogram, Parallelogram,450,1000, 
PAX29,18, M, 250+1000,232,1,5.94E+02, long, Parallelogram, Triangle, Parallelogram,450,1000, 
PAX29,18, M, 250+1000,233,1,4.02E+02, long, Triangle, Square, Square,850,1000, 
PAX29,18, M, 250+1000,234,0,1.38E+03, long, Circle, Triangle, Triangle,550,1000, 
PAX29,18, M, 250+1000,235,1,5.18E+02, short, Parallelogram, Pentagon, Parallelogram,650,250, 
PAX29,18, M, 250+1000,236,0,7.91E+02, short, Square, Circle, Circle,450,1000, 
PAX29,18, M, 250+1000,237,1,4.65E+02, short, Parallelogram, Square, Square,550,250, 
PAX29,18, M, 250+1000,238,1,2.39E+02, long, Square, Parallelogram, Parallelogram,850,250, 
PAX29,18, M, 250+1000,239,0,5.19E+02, short, Square, Circle, Circle,250,1000, 
PAX29,18, M, 250+1000,240,1,2.91E+02, long, Parallelogram, Rhombus, Parallelogram,750,1000, 
PAX29,18, M, 250+1000,241,1,2.99E+02, long, Triangle, Circle, Triangle,750,1000, 
PAX29,18, M, 250+1000,242,0,4.47E+02, short, Triangle, Square, Square,450,250, 
PAX29,18, M, 250+1000,243,0,1.09E+03, short, Square, Rhombus, Square,450,1000, 
PAX29,18, M, 250+1000,244,1,4.75E+02, long, Rhombus, Square, Square,850,1000, 
PAX29,18, M, 250+1000,245,1,4.15E+02, short, Circle, Square, Square,350,250, 
PAX29,18, M, 250+1000,246,1,3.03E+02, long, Triangle, Circle, Triangle,750,250, 
PAX29,18, M, 250+1000,247,1,3.47E+02, short, Rhombus, Parallelogram, Parallelogram,350,250, 
PAX29,18, M, 250+1000,248,1,2.74E+02, long, Triangle, Rhombus, Triangle,750,250, 
PAX29,18, M, 250+1000,249,1,3.84E+02, short, Parallelogram, Circle, Circle,250,1000, 
PAX29,18, M, 250+1000,250,0,2.87E+02, long, Rhombus, Square, Rhombus,650,250, 
PAX29,18, M, 250+1000,251,0,8.17E+02, short, Circle, Triangle, Triangle,450,250, 
PAX29,18, M, 250+1000,252,1,3.89E+02, long, Pentagon, Square, Pentagon,450,250, 
PAX29,18, M, 250+1000,253,0,5.51E+02, short, Parallelogram, Square, Parallelogram,250,1000, 
PAX29,18, M, 250+1000,254,1,4.75E+02, long, Parallelogram, Triangle, Parallelogram,350,1000, 
PAX29,18, M, 250+1000,255,0,3.14E+02, long, Square, Rhombus, Square,450,1000, 
PAX29,18, M, 250+1000,256,0,1.03E+03, short, Square, Circle, Square,350,1000, 
PAX29,18, M, 250+1000,257,1,6.88E+02, short, Rhombus, Triangle, Rhombus,450,250, 
PAX29,18, M, 250+1000,258,0,2.84E+02, long, Pentagon, Square, Pentagon,550,1000, 
PAX29,18, M, 250+1000,259,0,2.46E+02, long, Rhombus, Square, Square,650,1000, 
PAX29,18, M, 250+1000,260,0,5.48E+02, short, Square, Triangle, Triangle,250,1000, 
PAX29,18, M, 250+1000,261,1,6.72E+02, long, Square, Triangle, Square,750,250, 
PAX29,18, M, 250+1000,262,1,2.14E+02, long, Rhombus, Pentagon, Pentagon,650,1000, 
PAX29,18, M, 250+1000,263,1,3.64E+02, short, Pentagon, Triangle, Triangle,550,250, 
PAX29,18, M, 250+1000,264,1,6.18E+02, short, Triangle, Circle, Triangle,350,1000, 
PAX29,18, M, 250+1000,265,1,7.00E+01, long, Parallelogram, Triangle, Parallelogram,850,1000, 
PAX29,18, M, 250+1000,266,1,5.03E+02, short, Triangle, Pentagon, Pentagon,350,1000, 
PAX29,18, M, 250+1000,267,0,2.64E+02, short, Rhombus, Triangle, Triangle,650,250, 
PAX29,18, M, 250+1000,268,0,2.86E+02, short, Square, Circle, Circle,550,250, 
PAX29,18, M, 250+1000,269,1,6.16E+02, long, Rhombus, Circle, Rhombus,650,1000, 
PAX29,18, M, 250+1000,270,1,5.02E+02, long, Parallelogram, Rhombus, Parallelogram,650,1000, 
PAX29,18, M, 250+1000,271,0,3.16E+02, long, Circle, Parallelogram, Circle,750,1000, 
PAX29,18, M, 250+1000,272,1,3.14E+02, long, Triangle, Parallelogram, Parallelogram,850,250, 
PAX29,18, M, 250+1000,273,0,9.16E+02, long, Circle, Square, Circle,750,250, 
PAX29,18, M, 250+1000,274,1,2.16E+02, long, Square, Rhombus, Rhombus,750,1000, 
PAX29,18, M, 250+1000,275,1,4.60E+02, short, Rhombus, Parallelogram, Rhombus,450,250, 
PAX29,18, M, 250+1000,276,1,1.89E+02, long, Square, Pentagon, Pentagon,850,1000, 
PAX29,18, M, 250+1000,277,0,5.63E+02, long, Circle, Parallelogram, Parallelogram,850,1000, 
PAX29,18, M, 250+1000,278,0,2.63E+02, long, Pentagon, Rhombus, Pentagon,750,1000, 
PAX29,18, M, 250+1000,279,0,1.43E+02, long, Triangle, Square, Triangle,850,1000, 
PAX29,18, M, 250+1000,280,1,7.93E+01, long, Circle, Pentagon, Pentagon,850,1000, 
PAX29,18, M, 250+1000,281,0,2.63E+02, short, Pentagon, Circle, Pentagon,850,250, 
PAX29,18, M, 250+1000,282,1,1.97E+02, long, Square, Rhombus, Square,850,250, 
PAX29,18, M, 250+1000,283,0,2.22E-01, short, Triangle, Square, Square,850,1000, 
PAX29,18, M, 250+1000,284,1,8.97E+02, short, Rhombus, Square, Rhombus,250,1000, 
PAX29,18, M, 250+1000,285,0,8.61E+02, short, Square, Pentagon, Square,350,1000, 
PAX29,18, M, 250+1000,286,1,6.25E+02, short, Square, Triangle, Triangle,550,1000, 
PAX29,18, M, 250+1000,287,1,4.97E+02, short, Triangle, Pentagon, Triangle,850,1000, 
PAX29,18, M, 250+1000,288,0,6.45E+02, short, Square, Parallelogram, Parallelogram,250,1000, 
PAX29,18, M, 250+1000,289,1,1.42E+03, long, Rhombus, Triangle, Rhombus,450,1000, 
PAX29,18, M, 250+1000,290,1,2.99E+02, long, Pentagon, Rhombus, Rhombus,450,250, 
PAX29,18, M, 250+1000,291,1,3.95E+02, long, Pentagon, Rhombus, Rhombus,350,1000, 
PAX29,18, M, 250+1000,292,0,4.18E+02, long, Rhombus, Circle, Circle,750,250, 
PAX29,18, M, 250+1000,293,0,7.34E+02, short, Triangle, Pentagon, Pentagon,450,250, 
PAX29,18, M, 250+1000,294,1,4.66E+02, long, Triangle, Parallelogram, Triangle,550,1000, 
PAX29,18, M, 250+1000,295,1,2.56E+02, long, Pentagon, Parallelogram, Parallelogram,650,1000, 
PAX29,18, M, 250+1000,296,1,7.80E+02, short, Pentagon, Parallelogram, Parallelogram,350,1000, 
PAX29,18, M, 250+1000,297,1,3.42E+02, long, Circle, Parallelogram, Circle,450,1000, 
PAX29,18, M, 250+1000,298,1,5.72E+02, short, Rhombus, Square, Square,550,250, 
PAX29,18, M, 250+1000,299,0,5.80E+02, short, Parallelogram, Triangle, Parallelogram,550,250, 
PAX29,18, M, 250+1000,300,0,4.42E+02, short, Triangle, Parallelogram, Triangle,350,250, 
PAX29,18, M, 250+1000,301,1,3.20E+02, long, Rhombus, Pentagon, Rhombus,350,1000, 
PAX29,18, M, 250+1000,302,0,1.49E+03, long, Triangle, Pentagon, Pentagon,850,250, 
PAX29,18, M, 250+1000,303,0,6.88E+02, long, Circle, Rhombus, Circle,450,1000, 
PAX29,18, M, 250+1000,304,0,1.94E+02, long, Rhombus, Parallelogram, Parallelogram,650,1000, 
PAX29,18, M, 250+1000,305,1,8.38E+02, short, Pentagon, Parallelogram, Parallelogram,250,1000, 
PAX29,18, M, 250+1000,306,0,2.68E+02, long, Circle, Triangle, Triangle,650,1000, 
PAX29,18, M, 250+1000,307,0,5.82E+02, short, Square, Triangle, Triangle,350,1000, 
PAX29,18, M, 250+1000,308,0,2.68E+02, long, Circle, Parallelogram, Circle,550,1000, 
PAX29,18, M, 250+1000,309,1,5.80E+02, short, Pentagon, Circle, Pentagon,650,250, 
PAX29,18, M, 250+1000,310,0,4.44E+02, long, Pentagon, Circle, Pentagon,750,1000, 
PAX29,18, M, 250+1000,311,1,1.54E+03, long, Triangle, Parallelogram, Parallelogram,650,1000, 
PAX29,18, M, 250+1000,312,1,3.35E+02, short, Triangle, Square, Triangle,750,250, 
PAX29,18, M, 250+1000,313,1,3.93E+02, long, Circle, Triangle, Triangle,750,1000, 
PAX29,18, M, 250+1000,314,0,7.21E+02, short, Triangle, Rhombus, Rhombus,350,250, 
PAX29,18, M, 250+1000,315,1,2.23E+02, long, Pentagon, Circle, Pentagon,850,1000, 
PAX29,18, M, 250+1000,316,0,5.85E+02, short, Triangle, Circle, Circle,250,250, 
PAX29,18, M, 250+1000,317,1,6.28E+02, short, Triangle, Pentagon, Triangle,450,250, 
PAX29,18, M, 250+1000,318,0,2.57E+02, long, Square, Pentagon, Square,750,250, 
PAX29,18, M, 250+1000,319,0,2.69E+02, long, Pentagon, Circle, Circle,850,250, 
PAX29,18, M, 250+1000,320,0,3.87E+02, long, Square, Triangle, Triangle,550,1000, 
PAX29,18, M, 250+1000,321,0,2.59E+02, long, Circle, Parallelogram, Parallelogram,650,1000, 
PAX29,18, M, 250+1000,322,1,6.25E+02, short, Circle, Rhombus, Rhombus,850,250, 
PAX29,18, M, 250+1000,323,1,2.78E+02, long, Rhombus, Pentagon, Rhombus,650,250, 
PAX29,18, M, 250+1000,324,1,2.45E+02, long, Rhombus, Square, Rhombus,750,1000, 
PAX29,18, M, 250+1000,325,0,3.68E+02, short, Circle, Square, Square,450,250, 
PAX29,18, M, 250+1000,326,0,2.15E+02, long, Rhombus, Triangle, Rhombus,850,1000, 
PAX29,18, M, 250+1000,327,0,4.68E+02, short, Square, Pentagon, Pentagon,250,1000, 
PAX29,18, M, 250+1000,328,1,2.53E+02, long, Circle, Square, Circle,550,1000, 
PAX29,18, M, 250+1000,329,0,8.34E+02, long, Circle, Triangle, Triangle,550,1000, 
PAX29,18, M, 250+1000,330,0,4.06E+02, long, Circle, Square, Circle,650,1000, 
PAX29,18, M, 250+1000,331,0,5.26E+02, long, Pentagon, Square, Square,450,1000, 
PAX29,18, M, 250+1000,332,0,4.60E+02, long, Rhombus, Parallelogram, Rhombus,550,1000, 
PAX29,18, M, 250+1000,333,1,3.10E+02, short, Pentagon, Triangle, Triangle,650,1000, 
PAX29,18, M, 250+1000,334,0,5.84E+02, short, Square, Pentagon, Square,250,250, 
PAX29,18, M, 250+1000,335,1,5.10E+02, short, Triangle, Rhombus, Triangle,350,1000, 
PAX29,18, M, 250+1000,336,0,5.04E+02, short, Triangle, Square, Triangle,250,250, 
PAX29,18, M, 250+1000,337,0,4.76E+02, short, Square, Pentagon, Square,350,250, 
PAX29,18, M, 250+1000,338,0,4.09E+02, long, Circle, Square, Circle,550,250, 
PAX29,18, M, 250+1000,339,1,2.69E+02, long, Pentagon, Square, Square,650,250, 
PAX29,18, M, 250+1000,340,0,5.49E+02, long, Pentagon, Triangle, Pentagon,750,250, 
PAX29,18, M, 250+1000,341,1,5.01E+02, short, Triangle, Parallelogram, Parallelogram,350,250, 
PAX29,18, M, 250+1000,342,0,4.28E+02, short, Square, Parallelogram, Square,350,250, 
PAX29,18, M, 250+1000,343,0,2.81E+02, long, Circle, Pentagon, Circle,450,250, 
PAX29,18, M, 250+1000,344,0,3.21E+02, long, Circle, Parallelogram, Parallelogram,450,1000, 
PAX29,18, M, 250+1000,345,1,2.13E+02, long, Triangle, Rhombus, Rhombus,650,250, 
PAX29,18, M, 250+1000,346,1,2.00E-01, long, Pentagon, Rhombus, Rhombus,850,1000, 
PAX29,18, M, 250+1000,347,1,2.75E+02, long, Rhombus, Circle, Circle,850,250, 
PAX29,18, M, 250+1000,348,0,4.93E+02, long, Square, Pentagon, Pentagon,450,250, 
PAX29,18, M, 250+1000,349,0,4.00E+02, short, Pentagon, Circle, Circle,250,1000, 
PAX29,18, M, 250+1000,350,0,4.08E+02, short, Rhombus, Square, Rhombus,250,1000, 
PAX29,18, M, 250+1000,351,0,1.48E+02, long, Square, Circle, Square,750,250, 
PAX29,18, M, 250+1000,352,1,2.04E+03, short, Pentagon, Parallelogram, Parallelogram,450,250, 
PAX29,18, M, 250+1000,353,0,5.08E+02, short, Square, Circle, Square,250,250, 
PAX29,18, M, 250+1000,354,0,2.40E+02, long, Parallelogram, Square, Parallelogram,650,1000, 
PAX29,18, M, 250+1000,355,0,1.18E+02, long, Square, Parallelogram, Parallelogram,850,250, 
PAX29,18, M, 250+1000,356,1,2.16E+02, long, Pentagon, Square, Square,550,250, 
PAX29,18, M, 250+1000,357,0,1.28E+03, long, Pentagon, Triangle, Triangle,650,1000, 
PAX29,18, M, 250+1000,358,0,5.96E+02, short, Parallelogram, Triangle, Triangle,250,250, 
PAX29,18, M, 250+1000,359,0,2.44E+02, long, Pentagon, Rhombus, Pentagon,750,250, 
PAX29,18, M, 250+1000,360,1,3.60E+02, long, Circle, Square, Square,550,250, 
PAX29,18, M, 250+1000,361,0,2.94E+02, long, Square, Pentagon, Pentagon,350,250, 
PAX29,18, M, 250+1000,362,1,3.78E+02, long, Rhombus, Square, Square,450,1000, 
PAX29,18, M, 250+1000,363,1,3.26E+02, long, Parallelogram, Rhombus, Rhombus,750,250, 
PAX29,18, M, 250+1000,364,1,6.24E+02, short, Triangle, Circle, Circle,350,250, 
PAX29,18, M, 250+1000,365,0,2.70E+02, long, Parallelogram, Rhombus, Parallelogram,750,1000, 
PAX29,18, M, 250+1000,366,0,3.04E+02, long, Triangle, Pentagon, Pentagon,550,250, 
PAX29,18, M, 250+1000,367,1,3.72E+02, short, Pentagon, Triangle, Triangle,350,1000, 
PAX29,18, M, 250+1000,368,0,3.14E+02, short, Circle, Rhombus, Circle,250,250, 
PAX29,18, M, 250+1000,369,1,3.42E+02, short, Rhombus, Circle, Rhombus,250,250, 
PAX29,18, M, 250+1000,370,0,9.33E+02, short, Parallelogram, Square, Parallelogram,550,1000, 
PAX29,18, M, 250+1000,371,0,3.46E+02, short, Square, Triangle, Square,650,250, 
PAX29,18, M, 250+1000,372,1,5.44E+02, short, Circle, Pentagon, Circle,550,1000, 
PAX29,18, M, 250+1000,373,0,3.86E+02, short, Triangle, Pentagon, Triangle,850,250, 
PAX29,18, M, 250+1000,374,1,4.13E+02, long, Square, Rhombus, Square,250,1000, 
PAX29,18, M, 250+1000,375,1,5.27E+02, short, Square, Circle, Circle,450,1000, 
PAX29,18, M, 250+1000,376,0,3.57E+02, short, Pentagon, Triangle, Pentagon,450,250, 
PAX29,18, M, 250+1000,377,1,5.29E+02, short, Pentagon, Parallelogram, Pentagon,550,250, 
PAX29,18, M, 250+1000,378,1,4.97E+02, short, Triangle, Circle, Triangle,350,1000, 
PAX29,18, M, 250+1000,379,0,3.87E+02, long, Parallelogram, Circle, Parallelogram,850,1000, 
PAX29,18, M, 250+1000,380,0,1.38E+03, short, Pentagon, Triangle, Pentagon,350,1000, 
PAX29,18, M, 250+1000,381,0,1.23E+02, long, Parallelogram, Circle, Circle,850,250, 
PAX29,18, M, 250+1000,382,0,4.29E+02, long, Parallelogram, Rhombus, Rhombus,650,250, 
PAX29,18, M, 250+1000,383,0,5.35E+02, long, Triangle, Parallelogram, Parallelogram,450,250, 
PAX29,18, M, 250+1000,384,1,4.79E+02, short, Rhombus, Square, Square,350,250, 
PAX29,18, M, 250+1000,385,0,3.15E+02, short, Triangle, Square, Square,250,250, 
PAX29,18, M, 250+1000,386,1,3.51E+02, short, Parallelogram, Rhombus, Rhombus,350,250, 
PAX29,18, M, 250+1000,387,1,3.45E+02, short, Triangle, Square, Square,350,250, 
PAX29,18, M, 250+1000,388,0,5.37E+02, short, Square, Rhombus, Rhombus,350,250, 
PAX29,18, M, 250+1000,389,1,2.25E+02, long, Parallelogram, Rhombus, Rhombus,850,250, 
PAX29,18, M, 250+1000,390,0,5.25E+02, short, Parallelogram, Circle, Circle,250,1000, 
PAX29,18, M, 250+1000,391,0,1.04E+03, short, Square, Rhombus, Rhombus,550,250, 
PAX29,18, M, 250+1000,392,1,1.57E+03, long, Square, Circle, Square,650,250, 
PAX29,18, M, 250+1000,393,0,5.07E+02, short, Circle, Triangle, Triangle,350,1000, 
PAX29,18, M, 250+1000,394,1,2.87E+02, long, Circle, Pentagon, Circle,750,250, 
PAX29,18, M, 250+1000,395,0,1.01E+03, short, Rhombus, Pentagon, Pentagon,450,250, 
PAX29,18, M, 250+1000,396,1,3.80E+02, long, Parallelogram, Square, Parallelogram,550,1000, 
PAX29,18, M, 250+1000,397,1,3.84E+02, short, Triangle, Rhombus, Rhombus,250,250, 
PAX29,18, M, 250+1000,398,0,4.55E+02, long, Parallelogram, Triangle, Parallelogram,650,1000, 
PAX29,18, M, 250+1000,399,0,5.00E+02, long, Triangle, Pentagon, Pentagon,750,1000, 
PAX29,18, M, 250+1000,400,1,4.88E+02, long, Circle, Rhombus, Circle,650,1000, 
PAX29,18, M, 250+1000,401,1,6.18E+02, long, Circle, Rhombus, Circle,450,1000, 
PAX29,18, M, 250+1000,402,0,4.04E+02, long, Rhombus, Pentagon, Pentagon,850,250, 
PAX29,18, M, 250+1000,403,0,2.46E+02, long, Pentagon, Parallelogram, Pentagon,750,1000, 
PAX29,18, M, 250+1000,404,0,2.20E+02, long, Pentagon, Circle, Circle,750,250, 
PAX29,18, M, 250+1000,405,1,1.10E+02, long, Circle, Pentagon, Circle,650,250, 
PAX29,18, M, 250+1000,406,0,2.68E+02, long, Triangle, Pentagon, Pentagon,650,1000, 
PAX29,18, M, 250+1000,407,0,2.18E+02, long, Square, Parallelogram, Square,650,250, 
PAX29,18, M, 250+1000,408,0,3.78E+02, long, Circle, Triangle, Triangle,450,1000, 
PAX29,18, M, 250+1000,409,1,5.40E+02, short, Square, Triangle, Square,250,250, 
PAX29,18, M, 250+1000,410,0,4.39E+02, short, Circle, Parallelogram, Circle,250,250, 
PAX29,18, M, 250+1000,411,0,6.62E+02, short, Parallelogram, Circle, Circle,450,1000, 
PAX29,18, M, 250+1000,412,0,2.48E+02, long, Circle, Parallelogram, Circle,750,1000, 
PAX29,18, M, 250+1000,413,0,3.02E+02, long, Circle, Rhombus, Rhombus,850,250, 
PAX29,18, M, 250+1000,414,1,2.19E+02, long, Pentagon, Rhombus, Pentagon,750,250, 
PAX29,18, M, 250+1000,415,1,3.68E+02, long, Rhombus, Parallelogram, Parallelogram,450,1000, 
PAX29,18, M, 250+1000,416,1,2.52E+02, long, Pentagon, Rhombus, Pentagon,850,250, 
PAX29,18, M, 250+1000,417,1,6.29E+02, short, Circle, Parallelogram, Parallelogram,250,250, 
PAX29,18, M, 250+1000,418,0,3.56E+02, long, Triangle, Square, Triangle,750,250, 
PAX29,18, M, 250+1000,419,1,2.68E+02, long, Pentagon, Circle, Circle,750,1000, 
PAX29,18, M, 250+1000,420,1,1.29E+02, long, Square, Pentagon, Square,750,250, 
