﻿Subject ID, Subject Age, Gender, Group, TrialNumber, Intended or Unintended Outcome, Reaction Time on Outcome Response, Response - Short or Long, Left Image Code, Right Image Code, Chosen Image Code, Objective Duration of Stimulus, Stimulus Delay,
PAx23,19, F, 250+1000,1,0,9.74E+02, long, Rhombus, Pentagon, Pentagon,850,1000, 
PAx23,19, F, 250+1000,2,1,8.66E+02, short, Triangle, Pentagon, Pentagon,450,1000, 
PAx23,19, F, 250+1000,3,1,6.94E+02, short, Circle, Square, Square,450,1000, 
PAx23,19, F, 250+1000,4,0,1.81E+03, short, Rhombus, Triangle, Rhombus,350,250, 
PAx23,19, F, 250+1000,5,0,9.67E+02, short, Pentagon, Square, Square,450,1000, 
PAx23,19, F, 250+1000,6,0,5.67E+02, long, Pentagon, Parallelogram, Pentagon,850,250, 
PAx23,19, F, 250+1000,7,1,7.19E+02, long, Rhombus, Pentagon, Pentagon,850,250, 
PAx23,19, F, 250+1000,8,1,1.31E+03, short, Square, Circle, Square,450,250, 
PAx23,19, F, 250+1000,9,1,5.39E+02, long, Parallelogram, Circle, Circle,750,250, 
PAx23,19, F, 250+1000,10,0,1.10E+03, short, Rhombus, Pentagon, Pentagon,550,250, 
PAx23,19, F, 250+1000,11,0,3.24E+03, short, Pentagon, Rhombus, Rhombus,850,250, 
PAx23,19, F, 250+1000,12,1,1.54E+03, long, Circle, Triangle, Triangle,550,1000, 
PAx23,19, F, 250+1000,13,1,5.15E+03, long, Square, Triangle, Triangle,650,250, 
PAx23,19, F, 250+1000,14,1,6.52E+02, long, Triangle, Parallelogram, Triangle,850,250, 
PAx23,19, F, 250+1000,15,0,9.46E+02, short, Parallelogram, Square, Square,350,1000, 
PAx23,19, F, 250+1000,16,0,7.52E+02, short, Parallelogram, Rhombus, Rhombus,450,250, 
PAx23,19, F, 250+1000,17,0,4.70E+02, long, Triangle, Parallelogram, Triangle,750,1000, 
PAx23,19, F, 250+1000,18,1,4.64E+02, long, Square, Pentagon, Square,850,250, 
PAx23,19, F, 250+1000,19,0,8.91E+02, short, Square, Pentagon, Square,350,250, 
PAx23,19, F, 250+1000,20,0,1.06E+03, short, Square, Rhombus, Square,250,1000, 
PAx23,19, F, 250+1000,21,1,7.52E+02, short, Triangle, Rhombus, Rhombus,350,1000, 
PAx23,19, F, 250+1000,22,0,5.33E+02, long, Pentagon, Triangle, Pentagon,850,250, 
PAx23,19, F, 250+1000,23,1,9.81E+02, short, Rhombus, Parallelogram, Parallelogram,850,250, 
PAx23,19, F, 250+1000,24,0,1.03E+03, short, Triangle, Circle, Triangle,250,250, 
PAx23,19, F, 250+1000,25,1,6.49E+02, short, Parallelogram, Circle, Circle,450,250, 
PAx23,19, F, 250+1000,26,0,6.19E+02, long, Rhombus, Circle, Rhombus,750,1000, 
PAx23,19, F, 250+1000,27,1,6.85E+02, short, Parallelogram, Square, Square,250,1000, 
PAx23,19, F, 250+1000,28,1,1.27E+03, short, Triangle, Pentagon, Triangle,650,1000, 
PAx23,19, F, 250+1000,29,0,6.75E+02, short, Triangle, Parallelogram, Triangle,350,1000, 
PAx23,19, F, 250+1000,30,0,4.43E+02, long, Triangle, Pentagon, Pentagon,850,250, 
PAx23,19, F, 250+1000,31,0,7.09E+02, short, Square, Parallelogram, Square,250,250, 
PAx23,19, F, 250+1000,32,1,5.61E+02, long, Rhombus, Triangle, Triangle,650,250, 
PAx23,19, F, 250+1000,33,1,6.18E+02, short, Triangle, Rhombus, Triangle,250,1000, 
PAx23,19, F, 250+1000,34,0,7.34E+02, short, Pentagon, Rhombus, Rhombus,250,1000, 
PAx23,19, F, 250+1000,35,0,1.48E+03, short, Pentagon, Parallelogram, Pentagon,450,250, 
PAx23,19, F, 250+1000,36,1,4.46E+02, long, Triangle, Circle, Triangle,650,250, 
PAx23,19, F, 250+1000,37,0,5.03E+02, long, Parallelogram, Square, Square,750,250, 
PAx23,19, F, 250+1000,38,0,9.70E+02, short, Pentagon, Circle, Pentagon,250,1000, 
PAx23,19, F, 250+1000,39,1,6.22E+02, short, Rhombus, Parallelogram, Parallelogram,350,250, 
PAx23,19, F, 250+1000,40,0,1.12E+03, long, Square, Rhombus, Square,750,1000, 
PAx23,19, F, 250+1000,41,1,5.56E+02, short, Pentagon, Parallelogram, Parallelogram,450,250, 
PAx23,19, F, 250+1000,42,1,4.56E+02, long, Circle, Parallelogram, Circle,850,1000, 
PAx23,19, F, 250+1000,43,1,1.15E+03, short, Rhombus, Square, Rhombus,750,1000, 
PAx23,19, F, 250+1000,44,0,9.65E+02, short, Circle, Rhombus, Rhombus,650,250, 
PAx23,19, F, 250+1000,45,0,8.77E+02, short, Square, Rhombus, Square,550,250, 
PAx23,19, F, 250+1000,46,0,5.93E+02, short, Pentagon, Square, Square,250,250, 
PAx23,19, F, 250+1000,47,0,3.82E+02, long, Circle, Triangle, Circle,750,1000, 
PAx23,19, F, 250+1000,48,1,8.07E+02, short, Triangle, Rhombus, Triangle,650,250, 
PAx23,19, F, 250+1000,49,0,6.90E+02, short, Rhombus, Pentagon, Rhombus,250,1000, 
PAx23,19, F, 250+1000,50,0,6.50E+02, short, Pentagon, Parallelogram, Parallelogram,750,1000, 
PAx23,19, F, 250+1000,51,0,6.25E+02, short, Parallelogram, Circle, Parallelogram,250,250, 
PAx23,19, F, 250+1000,52,0,6.53E+02, short, Circle, Triangle, Triangle,350,1000, 
PAx23,19, F, 250+1000,53,1,4.17E+02, long, Pentagon, Rhombus, Pentagon,550,1000, 
PAx23,19, F, 250+1000,54,1,6.79E+02, short, Pentagon, Circle, Pentagon,250,1000, 
PAx23,19, F, 250+1000,55,0,7.67E+02, short, Parallelogram, Pentagon, Pentagon,650,1000, 
PAx23,19, F, 250+1000,56,0,2.29E+03, short, Square, Parallelogram, Square,650,250, 
PAx23,19, F, 250+1000,57,0,5.05E+02, long, Pentagon, Square, Pentagon,850,250, 
PAx23,19, F, 250+1000,58,0,5.61E+02, short, Triangle, Rhombus, Triangle,350,250, 
PAx23,19, F, 250+1000,59,0,5.11E+02, long, Rhombus, Square, Rhombus,650,1000, 
PAx23,19, F, 250+1000,60,1,3.52E+02, long, Triangle, Circle, Triangle,850,250, 
PAx23,19, F, 250+1000,61,1,5.53E+02, short, Square, Triangle, Triangle,350,250, 
PAx23,19, F, 250+1000,62,0,7.52E+02, short, Rhombus, Parallelogram, Parallelogram,550,250, 
PAx23,19, F, 250+1000,63,0,7.04E+02, short, Parallelogram, Square, Parallelogram,350,250, 
PAx23,19, F, 250+1000,64,1,3.39E+02, long, Square, Circle, Square,550,1000, 
PAx23,19, F, 250+1000,65,0,6.06E+02, short, Rhombus, Square, Square,550,250, 
PAx23,19, F, 250+1000,66,0,3.32E+02, long, Rhombus, Square, Rhombus,850,250, 
PAx23,19, F, 250+1000,67,1,3.91E+02, long, Circle, Rhombus, Circle,850,250, 
PAx23,19, F, 250+1000,68,1,6.82E+02, short, Parallelogram, Circle, Circle,350,250, 
PAx23,19, F, 250+1000,69,1,3.04E+02, long, Parallelogram, Triangle, Parallelogram,650,1000, 
PAx23,19, F, 250+1000,70,0,2.25E+03, short, Circle, Triangle, Circle,750,1000, 
PAx23,19, F, 250+1000,71,0,1.37E+03, long, Triangle, Pentagon, Pentagon,550,250, 
PAx23,19, F, 250+1000,72,0,6.47E+02, long, Rhombus, Square, Rhombus,650,250, 
PAx23,19, F, 250+1000,73,1,8.17E+02, long, Square, Circle, Circle,550,1000, 
PAx23,19, F, 250+1000,74,0,8.33E+02, short, Parallelogram, Triangle, Parallelogram,250,1000, 
PAx23,19, F, 250+1000,75,1,6.09E+02, short, Pentagon, Parallelogram, Pentagon,350,250, 
PAx23,19, F, 250+1000,76,0,4.06E+02, long, Pentagon, Circle, Pentagon,450,1000, 
PAx23,19, F, 250+1000,77,1,6.53E+02, short, Square, Rhombus, Square,750,250, 
PAx23,19, F, 250+1000,78,0,5.45E+02, short, Triangle, Square, Triangle,450,250, 
PAx23,19, F, 250+1000,79,0,3.45E+02, long, Triangle, Pentagon, Triangle,650,1000, 
PAx23,19, F, 250+1000,80,1,7.75E+02, short, Circle, Square, Square,250,250, 
PAx23,19, F, 250+1000,81,1,6.07E+02, long, Pentagon, Square, Pentagon,650,1000, 
PAx23,19, F, 250+1000,82,0,5.35E+02, short, Pentagon, Rhombus, Pentagon,550,1000, 
PAx23,19, F, 250+1000,83,0,5.14E+02, short, Pentagon, Triangle, Triangle,250,1000, 
PAx23,19, F, 250+1000,84,1,5.44E+02, long, Triangle, Square, Triangle,450,250, 
PAx23,19, F, 250+1000,85,1,6.11E+02, short, Circle, Rhombus, Circle,450,1000, 
PAx23,19, F, 250+1000,86,1,5.26E+02, short, Pentagon, Triangle, Pentagon,350,250, 
PAx23,19, F, 250+1000,87,0,3.82E+02, long, Pentagon, Rhombus, Pentagon,650,250, 
PAx23,19, F, 250+1000,88,1,5.07E+02, short, Rhombus, Pentagon, Pentagon,350,250, 
PAx23,19, F, 250+1000,89,0,2.90E+02, long, Square, Triangle, Square,850,1000, 
PAx23,19, F, 250+1000,90,1,6.16E+02, short, Parallelogram, Square, Parallelogram,250,250, 
PAx23,19, F, 250+1000,91,1,3.28E+02, long, Circle, Pentagon, Circle,550,250, 
PAx23,19, F, 250+1000,92,1,3.00E+02, long, Square, Pentagon, Pentagon,750,1000, 
PAx23,19, F, 250+1000,93,1,3.82E+02, long, Circle, Rhombus, Circle,550,250, 
PAx23,19, F, 250+1000,94,1,2.96E+02, long, Rhombus, Square, Rhombus,850,250, 
PAx23,19, F, 250+1000,95,1,9.30E+02, long, Rhombus, Triangle, Triangle,350,1000, 
PAx23,19, F, 250+1000,96,0,4.39E+02, long, Parallelogram, Circle, Parallelogram,450,1000, 
PAx23,19, F, 250+1000,97,1,3.56E+02, long, Triangle, Square, Triangle,550,1000, 
PAx23,19, F, 250+1000,98,0,3.22E+02, long, Square, Pentagon, Square,750,250, 
PAx23,19, F, 250+1000,99,1,6.88E+02, short, Triangle, Pentagon, Triangle,450,1000, 
PAx23,19, F, 250+1000,100,1,2.72E+02, long, Pentagon, Rhombus, Rhombus,750,1000, 
PAx23,19, F, 250+1000,101,1,5.03E+02, short, Triangle, Pentagon, Triangle,350,250, 
PAx23,19, F, 250+1000,102,0,2.60E+02, long, Square, Rhombus, Rhombus,750,250, 
PAx23,19, F, 250+1000,103,1,3.21E+02, long, Pentagon, Circle, Pentagon,650,250, 
PAx23,19, F, 250+1000,104,0,3.69E+02, long, Circle, Parallelogram, Circle,350,1000, 
PAx23,19, F, 250+1000,105,1,6.66E+02, short, Square, Triangle, Square,450,250, 
PAx23,19, F, 250+1000,106,1,4.75E+02, short, Square, Pentagon, Square,450,250, 
PAx23,19, F, 250+1000,107,1,3.27E+02, long, Parallelogram, Triangle, Parallelogram,850,1000, 
PAx23,19, F, 250+1000,108,0,5.69E+02, short, Pentagon, Rhombus, Rhombus,750,250, 
PAx23,19, F, 250+1000,109,1,5.43E+02, short, Parallelogram, Square, Parallelogram,250,1000, 
PAx23,19, F, 250+1000,110,1,5.47E+02, long, Parallelogram, Pentagon, Parallelogram,650,1000, 
PAx23,19, F, 250+1000,111,0,5.15E+02, short, Parallelogram, Triangle, Parallelogram,450,250, 
PAx23,19, F, 250+1000,112,0,6.14E+02, long, Triangle, Parallelogram, Parallelogram,450,1000, 
PAx23,19, F, 250+1000,113,1,5.94E+02, short, Square, Parallelogram, Square,350,1000, 
PAx23,19, F, 250+1000,114,1,6.71E+02, long, Square, Triangle, Triangle,650,1000, 
PAx23,19, F, 250+1000,115,1,6.33E+02, short, Square, Parallelogram, Square,350,1000, 
PAx23,19, F, 250+1000,116,0,2.82E+02, long, Rhombus, Square, Square,750,250, 
PAx23,19, F, 250+1000,117,0,4.70E+02, short, Pentagon, Circle, Circle,350,250, 
PAx23,19, F, 250+1000,118,1,5.00E+02, short, Triangle, Pentagon, Pentagon,450,250, 
PAx23,19, F, 250+1000,119,1,5.74E+02, short, Square, Circle, Circle,250,250, 
PAx23,19, F, 250+1000,120,0,3.20E+02, long, Rhombus, Pentagon, Rhombus,550,250, 
PAx23,19, F, 250+1000,121,1,4.36E+02, short, Circle, Square, Circle,350,250, 
PAx23,19, F, 250+1000,122,0,4.16E+02, long, Parallelogram, Circle, Circle,850,250, 
PAx23,19, F, 250+1000,123,1,3.56E+02, long, Triangle, Parallelogram, Triangle,850,1000, 
PAx23,19, F, 250+1000,124,0,3.68E+02, long, Triangle, Parallelogram, Parallelogram,650,1000, 
PAx23,19, F, 250+1000,125,1,4.46E+02, short, Square, Rhombus, Rhombus,450,250, 
PAx23,19, F, 250+1000,126,0,2.68E+02, long, Parallelogram, Triangle, Triangle,850,250, 
PAx23,19, F, 250+1000,127,1,3.74E+02, long, Square, Triangle, Triangle,550,1000, 
PAx23,19, F, 250+1000,128,1,6.06E+02, short, Rhombus, Parallelogram, Parallelogram,250,1000, 
PAx23,19, F, 250+1000,129,0,3.68E+02, long, Circle, Rhombus, Circle,550,1000, 
PAx23,19, F, 250+1000,130,0,3.46E+02, long, Pentagon, Circle, Circle,450,1000, 
PAx23,19, F, 250+1000,131,1,3.05E+02, long, Rhombus, Triangle, Triangle,750,250, 
PAx23,19, F, 250+1000,132,1,5.13E+02, long, Square, Circle, Circle,650,250, 
PAx23,19, F, 250+1000,133,0,5.76E+02, short, Triangle, Circle, Circle,450,250, 
PAx23,19, F, 250+1000,134,1,8.06E+02, short, Triangle, Circle, Circle,550,1000, 
PAx23,19, F, 250+1000,135,0,2.61E+02, long, Circle, Triangle, Triangle,750,250, 
PAx23,19, F, 250+1000,136,1,4.93E+02, long, Rhombus, Parallelogram, Parallelogram,450,1000, 
PAx23,19, F, 250+1000,137,0,4.99E+02, short, Rhombus, Parallelogram, Rhombus,350,1000, 
PAx23,19, F, 250+1000,138,1,2.67E+02, long, Square, Triangle, Triangle,750,1000, 
PAx23,19, F, 250+1000,139,1,9.09E+02, short, Triangle, Circle, Circle,250,250, 
PAx23,19, F, 250+1000,140,0,4.32E+02, long, Square, Rhombus, Square,450,1000, 
PAx23,19, F, 250+1000,141,0,6.39E+02, short, Rhombus, Triangle, Triangle,250,1000, 
PAx23,19, F, 250+1000,142,1,4.79E+02, long, Rhombus, Triangle, Rhombus,550,250, 
PAx23,19, F, 250+1000,143,0,1.02E+03, long, Parallelogram, Pentagon, Pentagon,650,250, 
PAx23,19, F, 250+1000,144,0,6.92E+02, short, Triangle, Parallelogram, Parallelogram,450,250, 
PAx23,19, F, 250+1000,145,0,5.34E+02, short, Square, Rhombus, Rhombus,650,250, 
PAx23,19, F, 250+1000,146,0,2.99E+02, long, Rhombus, Circle, Rhombus,550,1000, 
PAx23,19, F, 250+1000,147,1,1.38E+03, short, Circle, Triangle, Triangle,250,250, 
PAx23,19, F, 250+1000,148,0,1.43E+03, short, Circle, Parallelogram, Circle,650,250, 
PAx23,19, F, 250+1000,149,1,1.27E+03, long, Circle, Square, Circle,450,1000, 
PAx23,19, F, 250+1000,150,0,5.12E+02, short, Square, Pentagon, Pentagon,350,250, 
PAx23,19, F, 250+1000,151,0,6.86E+02, short, Rhombus, Square, Square,550,1000, 
PAx23,19, F, 250+1000,152,0,1.16E+03, short, Pentagon, Triangle, Pentagon,350,1000, 
PAx23,19, F, 250+1000,153,0,6.56E+02, short, Rhombus, Circle, Circle,450,1000, 
PAx23,19, F, 250+1000,154,1,3.20E+02, long, Rhombus, Triangle, Triangle,550,250, 
PAx23,19, F, 250+1000,155,0,4.78E+02, long, Circle, Pentagon, Circle,550,1000, 
PAx23,19, F, 250+1000,156,0,2.06E+03, short, Square, Rhombus, Rhombus,350,250, 
PAx23,19, F, 250+1000,157,0,9.64E+02, short, Rhombus, Circle, Circle,250,1000, 
PAx23,19, F, 250+1000,158,0,7.58E+02, short, Parallelogram, Square, Square,650,1000, 
PAx23,19, F, 250+1000,159,1,6.51E+02, short, Triangle, Pentagon, Pentagon,250,1000, 
PAx23,19, F, 250+1000,160,1,5.64E+02, short, Rhombus, Triangle, Triangle,350,250, 
PAx23,19, F, 250+1000,161,1,5.56E+02, long, Parallelogram, Square, Square,750,1000, 
PAx23,19, F, 250+1000,162,0,4.66E+02, short, Square, Circle, Circle,350,250, 
PAx23,19, F, 250+1000,163,0,5.17E+02, short, Parallelogram, Rhombus, Rhombus,450,250, 
PAx23,19, F, 250+1000,164,0,7.46E+02, short, Pentagon, Rhombus, Rhombus,450,250, 
PAx23,19, F, 250+1000,165,0,8.57E+02, long, Square, Pentagon, Pentagon,850,250, 
PAx23,19, F, 250+1000,166,1,5.51E+02, short, Pentagon, Parallelogram, Parallelogram,250,1000, 
PAx23,19, F, 250+1000,167,1,5.79E+02, short, Circle, Square, Square,450,250, 
PAx23,19, F, 250+1000,168,0,4.23E+02, short, Rhombus, Pentagon, Pentagon,450,1000, 
PAx23,19, F, 250+1000,169,1,4.16E+02, long, Pentagon, Triangle, Pentagon,450,1000, 
PAx23,19, F, 250+1000,170,0,2.91E+02, long, Parallelogram, Pentagon, Pentagon,850,250, 
PAx23,19, F, 250+1000,171,1,3.96E+02, long, Pentagon, Parallelogram, Parallelogram,650,1000, 
PAx23,19, F, 250+1000,172,0,2.92E+02, long, Parallelogram, Rhombus, Rhombus,650,250, 
PAx23,19, F, 250+1000,173,0,4.28E+02, long, Triangle, Parallelogram, Parallelogram,550,1000, 
PAx23,19, F, 250+1000,174,1,4.80E+02, short, Rhombus, Pentagon, Pentagon,350,250, 
PAx23,19, F, 250+1000,175,0,2.82E+03, short, Pentagon, Parallelogram, Parallelogram,350,250, 
PAx23,19, F, 250+1000,176,0,5.89E+02, short, Square, Parallelogram, Parallelogram,250,250, 
PAx23,19, F, 250+1000,177,1,1.57E+03, short, Parallelogram, Triangle, Triangle,350,250, 
PAx23,19, F, 250+1000,178,0,5.02E+02, long, Square, Parallelogram, Parallelogram,550,1000, 
PAx23,19, F, 250+1000,179,1,8.00E+02, short, Square, Parallelogram, Parallelogram,350,250, 
PAx23,19, F, 250+1000,180,1,1.32E+03, short, Circle, Rhombus, Rhombus,350,1000, 
PAx23,19, F, 250+1000,181,0,2.59E+03, short, Square, Rhombus, Rhombus,450,1000, 
PAx23,19, F, 250+1000,182,0,7.93E+02, short, Rhombus, Parallelogram, Parallelogram,450,1000, 
PAx23,19, F, 250+1000,183,0,8.75E+02, short, Rhombus, Circle, Circle,250,1000, 
PAx23,19, F, 250+1000,184,1,4.36E+02, long, Circle, Triangle, Triangle,750,1000, 
PAx23,19, F, 250+1000,185,0,1.36E+03, short, Parallelogram, Pentagon, Pentagon,250,250, 
PAx23,19, F, 250+1000,186,1,6.73E+02, short, Parallelogram, Circle, Circle,350,1000, 
PAx23,19, F, 250+1000,187,1,3.69E+02, long, Parallelogram, Pentagon, Pentagon,750,1000, 
PAx23,19, F, 250+1000,188,1,6.14E+02, short, Circle, Rhombus, Rhombus,550,250, 
PAx23,19, F, 250+1000,189,0,4.12E+02, long, Circle, Square, Square,650,250, 
PAx23,19, F, 250+1000,190,1,1.02E+03, short, Parallelogram, Rhombus, Rhombus,450,1000, 
PAx23,19, F, 250+1000,191,1,5.61E+02, long, Parallelogram, Circle, Circle,450,1000, 
PAx23,19, F, 250+1000,192,1,5.79E+02, short, Circle, Parallelogram, Parallelogram,250,250, 
PAx23,19, F, 250+1000,193,0,3.23E+02, long, Square, Triangle, Triangle,850,250, 
PAx23,19, F, 250+1000,194,1,6.40E+02, long, Triangle, Circle, Circle,850,250, 
PAx23,19, F, 250+1000,195,1,3.86E+02, long, Rhombus, Parallelogram, Parallelogram,550,1000, 
PAx23,19, F, 250+1000,196,1,3.86E+02, short, Circle, Rhombus, Rhombus,550,1000, 
PAx23,19, F, 250+1000,197,1,4.82E+02, long, Circle, Triangle, Triangle,850,1000, 
PAx23,19, F, 250+1000,198,0,3.28E+02, long, Triangle, Pentagon, Pentagon,850,1000, 
PAx23,19, F, 250+1000,199,1,4.18E+02, long, Parallelogram, Square, Square,750,250, 
PAx23,19, F, 250+1000,200,0,8.32E+02, long, Parallelogram, Circle, Circle,650,250, 
PAx23,19, F, 250+1000,201,0,4.74E+02, short, Square, Circle, Circle,350,1000, 
PAx23,19, F, 250+1000,202,1,5.04E+02, short, Triangle, Circle, Circle,550,250, 
PAx23,19, F, 250+1000,203,1,6.00E+02, short, Parallelogram, Rhombus, Rhombus,550,250, 
PAx23,19, F, 250+1000,204,0,4.60E+02, long, Circle, Triangle, Triangle,450,250, 
PAx23,19, F, 250+1000,205,1,2.94E+02, long, Pentagon, Circle, Circle,850,250, 
PAx23,19, F, 250+1000,206,1,8.06E+02, short, Triangle, Parallelogram, Parallelogram,650,250, 
PAx23,19, F, 250+1000,207,0,5.01E+02, long, Triangle, Rhombus, Rhombus,750,1000, 
PAx23,19, F, 250+1000,208,0,3.41E+02, long, Rhombus, Square, Square,750,1000, 
PAx23,19, F, 250+1000,209,0,3.06E+02, long, Parallelogram, Rhombus, Rhombus,850,1000, 
PAx23,19, F, 250+1000,210,1,4.41E+02, short, Square, Pentagon, Pentagon,750,250, 
PAx23,19, F, 250+1000,211,1,3.10E+02, long, Circle, Pentagon, Pentagon,850,250, 
PAx23,19, F, 250+1000,212,1,5.75E+02, short, Parallelogram, Pentagon, Pentagon,450,250, 
PAx23,19, F, 250+1000,213,0,4.07E+02, long, Parallelogram, Triangle, Triangle,650,1000, 
PAx23,19, F, 250+1000,214,1,5.27E+02, short, Parallelogram, Rhombus, Rhombus,350,1000, 
PAx23,19, F, 250+1000,215,0,4.87E+02, short, Triangle, Square, Square,250,250, 
PAx23,19, F, 250+1000,216,0,7.45E+02, short, Pentagon, Parallelogram, Parallelogram,350,1000, 
PAx23,19, F, 250+1000,217,1,1.37E+03, short, Square, Pentagon, Pentagon,550,250, 
PAx23,19, F, 250+1000,218,1,3.81E+02, long, Square, Parallelogram, Parallelogram,850,250, 
PAx23,19, F, 250+1000,219,1,4.41E+02, long, Rhombus, Pentagon, Pentagon,850,1000, 
PAx23,19, F, 250+1000,220,0,1.50E+03, short, Circle, Parallelogram, Parallelogram,350,1000, 
PAx23,19, F, 250+1000,221,0,1.40E+03, short, Parallelogram, Circle, Circle,350,250, 
PAx23,19, F, 250+1000,222,1,4.73E+02, short, Rhombus, Triangle, Triangle,350,1000, 
PAx23,19, F, 250+1000,223,0,3.27E+02, long, Circle, Parallelogram, Parallelogram,850,1000, 
PAx23,19, F, 250+1000,224,0,4.35E+02, short, Triangle, Rhombus, Rhombus,350,1000, 
PAx23,19, F, 250+1000,225,1,5.47E+02, short, Rhombus, Circle, Circle,250,1000, 
PAx23,19, F, 250+1000,226,1,1.30E+03, short, Rhombus, Circle, Circle,250,1000, 
PAx23,19, F, 250+1000,227,1,1.28E+03, short, Circle, Square, Square,250,250, 
PAx23,19, F, 250+1000,228,0,3.46E+02, long, Square, Triangle, Triangle,750,1000, 
PAx23,19, F, 250+1000,229,0,5.62E+02, short, Square, Circle, Circle,550,250, 
PAx23,19, F, 250+1000,230,1,3.28E+02, long, Circle, Pentagon, Pentagon,850,1000, 
PAx23,19, F, 250+1000,231,1,3.36E+02, long, Parallelogram, Square, Square,850,1000, 
PAx23,19, F, 250+1000,232,1,5.96E+02, short, Square, Pentagon, Pentagon,850,1000, 
PAx23,19, F, 250+1000,233,1,3.76E+02, long, Circle, Rhombus, Rhombus,650,1000, 
PAx23,19, F, 250+1000,234,1,1.36E+03, short, Circle, Square, Square,550,250, 
PAx23,19, F, 250+1000,235,0,4.46E+02, short, Triangle, Pentagon, Pentagon,450,250, 
PAx23,19, F, 250+1000,236,1,8.94E+02, short, Circle, Parallelogram, Parallelogram,250,250, 
PAx23,19, F, 250+1000,237,0,3.70E+02, long, Parallelogram, Square, Square,750,1000, 
PAx23,19, F, 250+1000,238,0,5.53E+02, short, Pentagon, Square, Square,550,250, 
PAx23,19, F, 250+1000,239,0,3.28E+02, long, Square, Rhombus, Rhombus,850,1000, 
PAx23,19, F, 250+1000,240,1,3.60E+02, long, Pentagon, Square, Square,650,1000, 
PAx23,19, F, 250+1000,241,1,3.61E+02, long, Triangle, Square, Square,750,250, 
PAx23,19, F, 250+1000,242,1,4.97E+02, short, Rhombus, Pentagon, Pentagon,550,250, 
PAx23,19, F, 250+1000,243,1,9.37E+01, long, Circle, Pentagon, Pentagon,850,1000, 
PAx23,19, F, 250+1000,244,0,3.16E+02, long, Circle, Pentagon, Pentagon,750,1000, 
PAx23,19, F, 250+1000,245,0,5.17E+02, short, Pentagon, Square, Square,650,250, 
PAx23,19, F, 250+1000,246,0,3.73E+02, long, Pentagon, Triangle, Triangle,750,250, 
PAx23,19, F, 250+1000,247,0,5.47E+02, short, Parallelogram, Pentagon, Pentagon,350,1000, 
PAx23,19, F, 250+1000,248,1,5.97E+02, short, Circle, Square, Square,250,250, 
PAx23,19, F, 250+1000,249,0,4.55E+02, long, Square, Parallelogram, Parallelogram,650,1000, 
PAx23,19, F, 250+1000,250,0,4.05E+02, long, Square, Circle, Circle,650,250, 
PAx23,19, F, 250+1000,251,0,1.93E+03, long, Square, Rhombus, Rhombus,750,250, 
PAx23,19, F, 250+1000,252,1,5.46E+02, short, Rhombus, Circle, Circle,450,250, 
PAx23,19, F, 250+1000,253,0,4.06E+02, long, Rhombus, Pentagon, Pentagon,850,250, 
PAx23,19, F, 250+1000,254,1,6.86E+02, short, Circle, Triangle, Triangle,450,1000, 
PAx23,19, F, 250+1000,255,1,3.12E+02, long, Triangle, Pentagon, Pentagon,450,250, 
PAx23,19, F, 250+1000,256,1,2.76E+02, long, Square, Parallelogram, Parallelogram,750,1000, 
PAx23,19, F, 250+1000,257,1,4.00E+02, short, Triangle, Square, Square,550,1000, 
PAx23,19, F, 250+1000,258,1,5.70E+02, short, Parallelogram, Triangle, Triangle,750,250, 
PAx23,19, F, 250+1000,259,1,5.34E+02, short, Triangle, Circle, Circle,250,1000, 
PAx23,19, F, 250+1000,260,0,2.78E+02, long, Rhombus, Circle, Circle,850,1000, 
PAx23,19, F, 250+1000,261,1,4.00E+02, long, Square, Pentagon, Pentagon,750,1000, 
PAx23,19, F, 250+1000,262,0,5.02E+02, long, Parallelogram, Pentagon, Pentagon,750,250, 
PAx23,19, F, 250+1000,263,1,2.82E+02, long, Triangle, Rhombus, Rhombus,750,250, 
PAx23,19, F, 250+1000,264,1,5.10E+02, short, Pentagon, Circle, Circle,250,250, 
PAx23,19, F, 250+1000,265,1,5.05E+02, short, Square, Rhombus, Rhombus,550,250, 
PAx23,19, F, 250+1000,266,0,4.31E+02, short, Parallelogram, Triangle, Triangle,250,1000, 
PAx23,19, F, 250+1000,267,0,4.45E+02, short, Square, Pentagon, Pentagon,350,250, 
PAx23,19, F, 250+1000,268,1,2.87E+02, long, Circle, Triangle, Triangle,650,1000, 
PAx23,19, F, 250+1000,269,1,4.59E+02, short, Circle, Square, Square,350,1000, 
PAx23,19, F, 250+1000,270,0,3.41E+02, long, Pentagon, Square, Square,850,250, 
PAx23,19, F, 250+1000,271,1,3.19E+02, long, Pentagon, Parallelogram, Parallelogram,850,1000, 
PAx23,19, F, 250+1000,272,1,6.09E+02, short, Pentagon, Square, Square,250,250, 
PAx23,19, F, 250+1000,273,1,5.01E+02, short, Pentagon, Square, Square,650,1000, 
PAx23,19, F, 250+1000,274,0,3.73E+02, long, Parallelogram, Rhombus, Rhombus,650,250, 
PAx23,19, F, 250+1000,275,1,5.39E+02, long, Triangle, Rhombus, Rhombus,850,1000, 
PAx23,19, F, 250+1000,276,1,3.07E+02, long, Parallelogram, Square, Square,850,1000, 
PAx23,19, F, 250+1000,277,1,8.77E+02, short, Rhombus, Circle, Circle,650,1000, 
PAx23,19, F, 250+1000,278,0,5.81E+02, short, Parallelogram, Rhombus, Rhombus,250,250, 
PAx23,19, F, 250+1000,279,1,6.70E+02, long, Circle, Square, Square,650,250, 
PAx23,19, F, 250+1000,280,1,4.13E+02, short, Square, Triangle, Triangle,250,1000, 
PAx23,19, F, 250+1000,281,0,3.93E+02, short, Circle, Pentagon, Pentagon,350,250, 
PAx23,19, F, 250+1000,282,0,3.25E+02, short, Parallelogram, Rhombus, Rhombus,250,250, 
PAx23,19, F, 250+1000,283,1,3.37E+02, long, Pentagon, Triangle, Triangle,750,1000, 
PAx23,19, F, 250+1000,284,1,3.20E+02, long, Rhombus, Triangle, Triangle,750,1000, 
PAx23,19, F, 250+1000,285,0,4.56E+02, short, Pentagon, Rhombus, Rhombus,550,250, 
PAx23,19, F, 250+1000,286,0,4.36E+02, short, Circle, Parallelogram, Parallelogram,550,250, 
PAx23,19, F, 250+1000,287,1,4.72E+02, short, Parallelogram, Triangle, Triangle,450,1000, 
PAx23,19, F, 250+1000,288,0,4.32E+02, short, Rhombus, Circle, Circle,550,250, 
PAx23,19, F, 250+1000,289,0,2.60E+02, long, Parallelogram, Circle, Circle,550,1000, 
PAx23,19, F, 250+1000,290,0,3.74E+02, short, Circle, Pentagon, Pentagon,350,1000, 
PAx23,19, F, 250+1000,291,1,5.80E+02, short, Square, Parallelogram, Parallelogram,350,1000, 
PAx23,19, F, 250+1000,292,1,3.86E+02, short, Triangle, Pentagon, Pentagon,450,1000, 
PAx23,19, F, 250+1000,293,1,3.34E+02, short, Triangle, Rhombus, Rhombus,350,1000, 
PAx23,19, F, 250+1000,294,0,3.62E+02, long, Triangle, Rhombus, Rhombus,750,1000, 
PAx23,19, F, 250+1000,295,1,4.49E+02, long, Triangle, Circle, Circle,650,1000, 
PAx23,19, F, 250+1000,296,1,5.94E+02, short, Triangle, Square, Square,550,250, 
PAx23,19, F, 250+1000,297,1,5.28E+02, long, Parallelogram, Circle, Circle,650,250, 
PAx23,19, F, 250+1000,298,1,2.94E+02, long, Circle, Rhombus, Rhombus,850,250, 
PAx23,19, F, 250+1000,299,1,3.28E+02, long, Pentagon, Triangle, Triangle,650,1000, 
PAx23,19, F, 250+1000,300,0,6.95E+02, short, Triangle, Square, Square,450,1000, 
PAx23,19, F, 250+1000,301,0,3.70E+02, short, Parallelogram, Square, Square,450,1000, 
PAx23,19, F, 250+1000,302,1,4.94E+02, short, Parallelogram, Circle, Circle,350,1000, 
PAx23,19, F, 250+1000,303,0,2.36E+02, long, Square, Parallelogram, Parallelogram,850,250, 
PAx23,19, F, 250+1000,304,0,4.38E+02, short, Rhombus, Square, Square,350,1000, 
PAx23,19, F, 250+1000,305,0,1.65E+03, short, Parallelogram, Pentagon, Pentagon,750,1000, 
PAx23,19, F, 250+1000,306,0,1.89E+03, long, Circle, Pentagon, Pentagon,550,250, 
PAx23,19, F, 250+1000,307,1,3.53E+02, long, Circle, Parallelogram, Parallelogram,750,250, 
PAx23,19, F, 250+1000,308,0,1.54E+03, short, Triangle, Circle, Circle,850,250, 
PAx23,19, F, 250+1000,309,0,5.75E+02, short, Square, Triangle, Triangle,550,250, 
PAx23,19, F, 250+1000,310,0,5.43E+02, short, Circle, Square, Square,450,1000, 
PAx23,19, F, 250+1000,311,1,6.23E+02, short, Triangle, Parallelogram, Parallelogram,750,1000, 
PAx23,19, F, 250+1000,312,1,4.75E+02, short, Circle, Parallelogram, Parallelogram,450,250, 
PAx23,19, F, 250+1000,313,1,2.56E+02, long, Circle, Square, Square,850,250, 
PAx23,19, F, 250+1000,314,1,4.29E+02, long, Triangle, Parallelogram, Parallelogram,650,250, 
PAx23,19, F, 250+1000,315,1,5.42E+02, short, Rhombus, Triangle, Triangle,250,1000, 
PAx23,19, F, 250+1000,316,1,4.21E+02, long, Parallelogram, Pentagon, Pentagon,850,1000, 
PAx23,19, F, 250+1000,317,1,7.47E+02, short, Triangle, Pentagon, Pentagon,650,250, 
PAx23,19, F, 250+1000,318,1,4.87E+02, short, Square, Triangle, Triangle,550,1000, 
PAx23,19, F, 250+1000,319,0,7.75E+02, short, Circle, Pentagon, Pentagon,250,250, 
PAx23,19, F, 250+1000,320,0,3.02E+02, long, Circle, Parallelogram, Parallelogram,750,250, 
PAx23,19, F, 250+1000,321,1,5.90E+02, short, Triangle, Circle, Circle,550,250, 
PAx23,19, F, 250+1000,322,0,7.14E+02, short, Pentagon, Triangle, Triangle,450,1000, 
PAx23,19, F, 250+1000,323,0,7.88E+02, long, Rhombus, Parallelogram, Parallelogram,450,250, 
PAx23,19, F, 250+1000,324,1,7.56E+02, long, Pentagon, Circle, Circle,550,1000, 
PAx23,19, F, 250+1000,325,0,5.20E+02, short, Triangle, Square, Square,350,1000, 
PAx23,19, F, 250+1000,326,1,7.82E+02, short, Triangle, Square, Square,750,250, 
PAx23,19, F, 250+1000,327,0,1.12E+03, short, Rhombus, Square, Square,650,1000, 
PAx23,19, F, 250+1000,328,0,1.40E+03, short, Pentagon, Parallelogram, Parallelogram,450,1000, 
PAx23,19, F, 250+1000,329,0,5.20E+02, short, Parallelogram, Rhombus, Rhombus,550,1000, 
PAx23,19, F, 250+1000,330,0,5.10E+02, short, Circle, Parallelogram, Parallelogram,250,1000, 
PAx23,19, F, 250+1000,331,1,5.53E+02, short, Pentagon, Rhombus, Rhombus,650,1000, 
PAx23,19, F, 250+1000,332,0,9.58E+02, long, Pentagon, Rhombus, Rhombus,650,1000, 
PAx23,19, F, 250+1000,333,0,6.22E+02, long, Pentagon, Triangle, Triangle,550,1000, 
PAx23,19, F, 250+1000,334,1,1.16E+03, long, Triangle, Square, Square,550,1000, 
PAx23,19, F, 250+1000,335,1,4.04E+02, long, Rhombus, Pentagon, Pentagon,750,1000, 
PAx23,19, F, 250+1000,336,0,6.71E+02, short, Circle, Rhombus, Rhombus,250,1000, 
PAx23,19, F, 250+1000,337,1,7.43E+02, short, Triangle, Square, Triangle,250,1000, 
PAx23,19, F, 250+1000,338,1,8.76E+02, short, Parallelogram, Rhombus, Rhombus,650,250, 
PAx23,19, F, 250+1000,339,1,5.17E+02, short, Pentagon, Circle, Circle,450,1000, 
PAx23,19, F, 250+1000,340,1,2.97E+02, long, Pentagon, Square, Square,550,1000, 
PAx23,19, F, 250+1000,341,0,3.13E+02, long, Parallelogram, Triangle, Triangle,650,1000, 
PAx23,19, F, 250+1000,342,0,3.16E+02, long, Parallelogram, Triangle, Triangle,550,1000, 
PAx23,19, F, 250+1000,343,1,5.25E+02, short, Circle, Parallelogram, Parallelogram,650,250, 
PAx23,19, F, 250+1000,344,0,4.36E+02, short, Triangle, Rhombus, Rhombus,250,250, 
PAx23,19, F, 250+1000,345,1,4.18E+02, short, Square, Parallelogram, Parallelogram,450,250, 
PAx23,19, F, 250+1000,346,0,2.33E+02, long, Rhombus, Square, Square,850,1000, 
PAx23,19, F, 250+1000,347,0,5.38E+02, short, Pentagon, Triangle, Triangle,350,250, 
PAx23,19, F, 250+1000,348,1,3.94E+02, long, Circle, Pentagon, Pentagon,750,250, 
PAx23,19, F, 250+1000,349,0,2.84E+02, long, Pentagon, Circle, Circle,550,1000, 
PAx23,19, F, 250+1000,350,1,4.00E+02, short, Rhombus, Triangle, Triangle,250,250, 
PAx23,19, F, 250+1000,351,0,3.14E+02, long, Circle, Rhombus, Rhombus,850,1000, 
PAx23,19, F, 250+1000,352,0,5.66E+02, short, Triangle, Parallelogram, Parallelogram,250,250, 
PAx23,19, F, 250+1000,353,0,2.07E+03, short, Rhombus, Pentagon, Pentagon,750,250, 
PAx23,19, F, 250+1000,354,0,4.94E+02, short, Circle, Pentagon, Pentagon,250,250, 
PAx23,19, F, 250+1000,355,1,4.84E+02, short, Rhombus, Parallelogram, Parallelogram,250,1000, 
PAx23,19, F, 250+1000,356,0,5.76E+02, short, Pentagon, Square, Square,550,1000, 
PAx23,19, F, 250+1000,357,0,3.06E+02, long, Square, Parallelogram, Parallelogram,750,250, 
PAx23,19, F, 250+1000,358,0,5.00E+02, short, Pentagon, Triangle, Triangle,250,250, 
PAx23,19, F, 250+1000,359,0,3.84E+02, long, Square, Circle, Circle,650,1000, 
PAx23,19, F, 250+1000,360,0,4.42E+02, short, Pentagon, Circle, Circle,350,250, 
PAx23,19, F, 250+1000,361,1,3.48E+02, long, Pentagon, Circle, Circle,750,1000, 
PAx23,19, F, 250+1000,362,0,5.65E+02, long, Rhombus, Square, Square,650,1000, 
PAx23,19, F, 250+1000,363,1,3.80E+02, long, Square, Pentagon, Pentagon,750,1000, 
PAx23,19, F, 250+1000,364,1,4.40E+02, short, Rhombus, Pentagon, Pentagon,250,250, 
PAx23,19, F, 250+1000,365,1,6.96E+02, short, Circle, Triangle, Triangle,450,1000, 
PAx23,19, F, 250+1000,366,0,3.11E+02, long, Circle, Rhombus, Rhombus,850,1000, 
PAx23,19, F, 250+1000,367,0,3.54E+02, long, Square, Circle, Circle,750,1000, 
PAx23,19, F, 250+1000,368,0,3.91E+02, long, Square, Rhombus, Rhombus,650,250, 
PAx23,19, F, 250+1000,369,1,3.45E+02, long, Square, Triangle, Triangle,750,250, 
PAx23,19, F, 250+1000,370,0,5.97E+02, short, Triangle, Rhombus, Rhombus,350,1000, 
PAx23,19, F, 250+1000,371,0,3.71E+02, long, Parallelogram, Triangle, Triangle,650,1000, 
PAx23,19, F, 250+1000,372,0,3.47E+02, long, Parallelogram, Circle, Circle,850,1000, 
PAx23,19, F, 250+1000,373,1,2.37E+02, long, Rhombus, Circle, Circle,850,1000, 
PAx23,19, F, 250+1000,374,1,8.23E+02, short, Rhombus, Parallelogram, Parallelogram,350,1000, 
PAx23,19, F, 250+1000,375,1,5.51E+02, short, Pentagon, Parallelogram, Parallelogram,250,250, 
PAx23,19, F, 250+1000,376,0,2.71E+02, long, Circle, Square, Square,850,1000, 
PAx23,19, F, 250+1000,377,0,2.21E+02, long, Triangle, Parallelogram, Parallelogram,750,250, 
PAx23,19, F, 250+1000,378,0,4.07E+02, long, Parallelogram, Pentagon, Pentagon,550,250, 
PAx23,19, F, 250+1000,379,0,5.45E+02, short, Parallelogram, Triangle, Triangle,650,1000, 
PAx23,19, F, 250+1000,380,1,3.09E+02, long, Rhombus, Triangle, Triangle,650,250, 
PAx23,19, F, 250+1000,381,1,3.09E+02, long, Pentagon, Triangle, Triangle,850,250, 
PAx23,19, F, 250+1000,382,0,1.34E+02, long, Rhombus, Circle, Circle,550,1000, 
PAx23,19, F, 250+1000,383,1,5.35E+02, short, Pentagon, Rhombus, Rhombus,750,250, 
PAx23,19, F, 250+1000,384,0,2.90E+02, long, Circle, Rhombus, Rhombus,850,1000, 
PAx23,19, F, 250+1000,385,1,2.82E+02, long, Square, Circle, Circle,750,250, 
PAx23,19, F, 250+1000,386,1,2.64E+02, long, Triangle, Parallelogram, Parallelogram,750,250, 
PAx23,19, F, 250+1000,387,1,4.26E+02, short, Triangle, Square, Square,350,250, 
PAx23,19, F, 250+1000,388,0,3.16E+02, long, Circle, Pentagon, Pentagon,750,250, 
PAx23,19, F, 250+1000,389,1,3.28E+02, long, Square, Circle, Circle,650,250, 
PAx23,19, F, 250+1000,390,1,5.34E+02, short, Pentagon, Triangle, Triangle,450,1000, 
PAx23,19, F, 250+1000,391,1,4.28E+02, long, Parallelogram, Rhombus, Rhombus,550,1000, 
PAx23,19, F, 250+1000,392,0,4.86E+02, short, Pentagon, Rhombus, Rhombus,450,250, 
PAx23,19, F, 250+1000,393,1,3.94E+02, short, Pentagon, Square, Square,350,250, 
PAx23,19, F, 250+1000,394,1,3.98E+02, short, Triangle, Circle, Circle,450,250, 
PAx23,19, F, 250+1000,395,0,3.00E+02, long, Square, Pentagon, Pentagon,750,1000, 
PAx23,19, F, 250+1000,396,0,5.35E+02, short, Pentagon, Parallelogram, Parallelogram,250,1000, 
PAx23,19, F, 250+1000,397,1,5.25E+02, short, Circle, Triangle, Triangle,250,250, 
PAx23,19, F, 250+1000,398,1,2.94E+02, long, Rhombus, Parallelogram, Parallelogram,850,1000, 
PAx23,19, F, 250+1000,399,0,4.04E+02, short, Square, Circle, Circle,450,250, 
PAx23,19, F, 250+1000,400,1,5.29E+02, short, Pentagon, Circle, Circle,350,1000, 
PAx23,19, F, 250+1000,401,1,3.66E+02, long, Pentagon, Parallelogram, Parallelogram,650,1000, 
PAx23,19, F, 250+1000,402,0,4.16E+02, short, Triangle, Rhombus, Rhombus,550,1000, 
PAx23,19, F, 250+1000,403,0,6.12E+02, short, Parallelogram, Pentagon, Pentagon,450,250, 
PAx23,19, F, 250+1000,404,1,2.46E+03, short, Rhombus, Parallelogram, Parallelogram,350,1000, 
PAx23,19, F, 250+1000,405,1,3.83E+02, long, Square, Triangle, Triangle,550,250, 
PAx23,19, F, 250+1000,406,1,6.39E+02, short, Pentagon, Square, Square,250,1000, 
PAx23,19, F, 250+1000,407,0,1.12E+03, short, Parallelogram, Pentagon, Pentagon,250,1000, 
PAx23,19, F, 250+1000,408,0,5.53E+02, short, Circle, Pentagon, Pentagon,250,250, 
PAx23,19, F, 250+1000,409,1,2.53E+02, long, Parallelogram, Square, Square,850,250, 
PAx23,19, F, 250+1000,410,1,4.41E+02, short, Circle, Parallelogram, Parallelogram,350,250, 
PAx23,19, F, 250+1000,411,0,3.49E+02, long, Rhombus, Triangle, Triangle,650,250, 
PAx23,19, F, 250+1000,412,0,5.45E+02, long, Rhombus, Circle, Circle,750,250, 
PAx23,19, F, 250+1000,413,0,8.39E+02, short, Circle, Triangle, Triangle,450,250, 
PAx23,19, F, 250+1000,414,0,3.99E+02, short, Parallelogram, Rhombus, Rhombus,350,250, 
PAx23,19, F, 250+1000,415,1,4.27E+02, long, Triangle, Circle, Circle,550,250, 
PAx23,19, F, 250+1000,416,0,3.19E+02, long, Rhombus, Square, Square,850,1000, 
PAx23,19, F, 250+1000,417,0,4.12E+02, short, Triangle, Square, Square,650,1000, 
PAx23,19, F, 250+1000,418,0,3.31E+02, long, Rhombus, Parallelogram, Parallelogram,850,1000, 
PAx23,19, F, 250+1000,419,0,6.53E+02, short, Pentagon, Rhombus, Rhombus,250,1000, 
PAx23,19, F, 250+1000,420,0,4.81E+02, long, Triangle, Rhombus, Rhombus,550,250, 
