﻿Subject ID, Subject Age, Gender, Group, TrialNumber, Intended or Unintended Outcome, Reaction Time on Outcome Response, Response - Short or Long, Left Image Code, Right Image Code, Chosen Image Code, Objective Duration of Stimulus, Stimulus Delay,
PAX27,19, M, 250+1000,1,1,1.03E+04, long, Parallelogram, Circle, Circle,750,1000, 
PAX27,19, M, 250+1000,2,1,2.69E+03, long, Square, Parallelogram, Square,550,1000, 
PAX27,19, M, 250+1000,3,1,1.35E+03, long, Triangle, Parallelogram, Triangle,750,250, 
PAX27,19, M, 250+1000,4,1,1.53E+03, long, Parallelogram, Circle, Circle,850,1000, 
PAX27,19, M, 250+1000,5,0,1.56E+03, short, Pentagon, Parallelogram, Pentagon,250,250, 
PAX27,19, M, 250+1000,6,0,1.65E+03, short, Parallelogram, Triangle, Triangle,450,250, 
PAX27,19, M, 250+1000,7,0,1.09E+03, short, Rhombus, Circle, Rhombus,350,250, 
PAX27,19, M, 250+1000,8,1,1.02E+03, long, Parallelogram, Triangle, Triangle,750,250, 
PAX27,19, M, 250+1000,9,1,2.26E+03, short, Parallelogram, Rhombus, Rhombus,250,1000, 
PAX27,19, M, 250+1000,10,1,1.96E+03, long, Square, Rhombus, Rhombus,450,250, 
PAX27,19, M, 250+1000,11,0,1.44E+03, short, Parallelogram, Circle, Circle,250,1000, 
PAX27,19, M, 250+1000,12,1,3.67E+03, short, Pentagon, Triangle, Triangle,650,250, 
PAX27,19, M, 250+1000,13,1,1.26E+03, long, Square, Rhombus, Rhombus,550,250, 
PAX27,19, M, 250+1000,14,0,1.45E+03, long, Rhombus, Square, Square,750,1000, 
PAX27,19, M, 250+1000,15,1,9.72E+02, short, Parallelogram, Pentagon, Parallelogram,250,250, 
PAX27,19, M, 250+1000,16,0,1.19E+03, long, Triangle, Rhombus, Triangle,750,1000, 
PAX27,19, M, 250+1000,17,1,1.42E+03, long, Triangle, Square, Triangle,550,1000, 
PAX27,19, M, 250+1000,18,1,1.54E+03, long, Parallelogram, Pentagon, Parallelogram,550,1000, 
PAX27,19, M, 250+1000,19,0,1.41E+03, short, Circle, Triangle, Circle,450,1000, 
PAX27,19, M, 250+1000,20,1,1.05E+03, long, Pentagon, Square, Square,750,1000, 
PAX27,19, M, 250+1000,21,0,1.17E+03, short, Circle, Parallelogram, Circle,350,250, 
PAX27,19, M, 250+1000,22,0,1.01E+03, short, Rhombus, Pentagon, Pentagon,250,250, 
PAX27,19, M, 250+1000,23,0,1.02E+03, long, Circle, Triangle, Circle,750,1000, 
PAX27,19, M, 250+1000,24,0,1.01E+03, long, Rhombus, Parallelogram, Rhombus,850,250, 
PAX27,19, M, 250+1000,25,1,1.31E+03, short, Circle, Triangle, Circle,450,250, 
PAX27,19, M, 250+1000,26,1,1.01E+03, long, Circle, Pentagon, Circle,650,1000, 
PAX27,19, M, 250+1000,27,1,9.45E+02, long, Circle, Rhombus, Circle,850,250, 
PAX27,19, M, 250+1000,28,0,1.04E+03, long, Pentagon, Rhombus, Rhombus,550,250, 
PAX27,19, M, 250+1000,29,1,1.44E+03, short, Pentagon, Rhombus, Pentagon,250,1000, 
PAX27,19, M, 250+1000,30,0,1.01E+03, long, Rhombus, Parallelogram, Rhombus,850,250, 
PAX27,19, M, 250+1000,31,0,8.68E+02, long, Rhombus, Pentagon, Pentagon,650,250, 
PAX27,19, M, 250+1000,32,0,1.04E+03, long, Rhombus, Circle, Circle,650,1000, 
PAX27,19, M, 250+1000,33,0,1.11E+03, long, Triangle, Circle, Circle,850,250, 
PAX27,19, M, 250+1000,34,0,1.34E+03, short, Parallelogram, Triangle, Triangle,450,250, 
PAX27,19, M, 250+1000,35,0,1.58E+03, short, Square, Triangle, Triangle,450,1000, 
PAX27,19, M, 250+1000,36,1,1.12E+03, long, Triangle, Parallelogram, Triangle,450,250, 
PAX27,19, M, 250+1000,37,1,9.98E+02, short, Circle, Square, Circle,350,1000, 
PAX27,19, M, 250+1000,38,0,1.93E+03, long, Pentagon, Circle, Circle,250,1000, 
PAX27,19, M, 250+1000,39,0,8.18E+02, long, Square, Rhombus, Square,750,1000, 
PAX27,19, M, 250+1000,40,1,4.03E+03, short, Triangle, Parallelogram, Triangle,450,1000, 
PAX27,19, M, 250+1000,41,1,9.10E+02, long, Square, Triangle, Square,650,1000, 
PAX27,19, M, 250+1000,42,0,7.40E+02, long, Rhombus, Triangle, Triangle,750,250, 
PAX27,19, M, 250+1000,43,0,8.47E+02, short, Pentagon, Parallelogram, Pentagon,450,250, 
PAX27,19, M, 250+1000,44,1,7.69E+02, long, Triangle, Pentagon, Triangle,850,250, 
PAX27,19, M, 250+1000,45,1,1.02E+03, short, Pentagon, Rhombus, Rhombus,450,1000, 
PAX27,19, M, 250+1000,46,1,9.47E+02, long, Parallelogram, Rhombus, Rhombus,750,1000, 
PAX27,19, M, 250+1000,47,1,1.14E+03, short, Circle, Parallelogram, Circle,450,1000, 
PAX27,19, M, 250+1000,48,0,8.15E+02, short, Circle, Square, Circle,450,250, 
PAX27,19, M, 250+1000,49,0,7.91E+02, short, Circle, Pentagon, Circle,450,250, 
PAX27,19, M, 250+1000,50,1,7.81E+02, long, Rhombus, Triangle, Triangle,750,250, 
PAX27,19, M, 250+1000,51,1,4.90E+03, long, Triangle, Square, Triangle,550,250, 
PAX27,19, M, 250+1000,52,0,9.75E+02, short, Triangle, Parallelogram, Triangle,250,1000, 
PAX27,19, M, 250+1000,53,1,1.00E+03, short, Pentagon, Square, Square,350,250, 
PAX27,19, M, 250+1000,54,1,8.23E+02, long, Pentagon, Circle, Circle,650,250, 
PAX27,19, M, 250+1000,55,0,9.82E+02, short, Parallelogram, Triangle, Triangle,250,1000, 
PAX27,19, M, 250+1000,56,1,2.32E+03, long, Square, Circle, Circle,650,250, 
PAX27,19, M, 250+1000,57,0,1.00E+03, short, Rhombus, Circle, Circle,250,1000, 
PAX27,19, M, 250+1000,58,1,1.19E+03, short, Parallelogram, Rhombus, Rhombus,450,1000, 
PAX27,19, M, 250+1000,59,1,1.40E+03, long, Rhombus, Circle, Circle,650,250, 
PAX27,19, M, 250+1000,60,1,1.01E+03, short, Square, Pentagon, Square,250,1000, 
PAX27,19, M, 250+1000,61,0,6.42E+02, long, Square, Triangle, Square,750,250, 
PAX27,19, M, 250+1000,62,1,9.31E+02, short, Square, Triangle, Square,250,1000, 
PAX27,19, M, 250+1000,63,1,6.13E+02, long, Parallelogram, Pentagon, Pentagon,650,250, 
PAX27,19, M, 250+1000,64,1,5.92E+02, long, Parallelogram, Circle, Circle,750,1000, 
PAX27,19, M, 250+1000,65,1,2.72E+03, short, Square, Circle, Circle,550,1000, 
PAX27,19, M, 250+1000,66,1,7.13E+02, long, Triangle, Rhombus, Triangle,550,250, 
PAX27,19, M, 250+1000,67,0,9.29E+02, short, Pentagon, Parallelogram, Parallelogram,350,250, 
PAX27,19, M, 250+1000,68,1,4.61E+02, long, Parallelogram, Triangle, Triangle,850,250, 
PAX27,19, M, 250+1000,69,1,9.57E+02, long, Rhombus, Parallelogram, Rhombus,850,250, 
PAX27,19, M, 250+1000,70,1,1.40E+03, short, Square, Triangle, Triangle,250,1000, 
PAX27,19, M, 250+1000,71,0,7.63E+02, short, Circle, Pentagon, Circle,550,1000, 
PAX27,19, M, 250+1000,72,0,4.21E+02, long, Pentagon, Circle, Circle,550,1000, 
PAX27,19, M, 250+1000,73,0,9.53E+02, short, Parallelogram, Rhombus, Rhombus,550,1000, 
PAX27,19, M, 250+1000,74,1,5.43E+02, short, Pentagon, Circle, Circle,350,1000, 
PAX27,19, M, 250+1000,75,1,7.34E+02, short, Circle, Parallelogram, Circle,450,1000, 
PAX27,19, M, 250+1000,76,0,4.61E+02, long, Parallelogram, Square, Square,650,250, 
PAX27,19, M, 250+1000,77,0,4.34E+02, long, Parallelogram, Rhombus, Parallelogram,750,1000, 
PAX27,19, M, 250+1000,78,1,8.30E+02, short, Rhombus, Parallelogram, Rhombus,550,250, 
PAX27,19, M, 250+1000,79,1,3.64E+03, short, Rhombus, Circle, Circle,550,250, 
PAX27,19, M, 250+1000,80,0,7.32E+02, short, Triangle, Rhombus, Triangle,650,250, 
PAX27,19, M, 250+1000,81,0,1.28E+03, short, Pentagon, Rhombus, Rhombus,550,1000, 
PAX27,19, M, 250+1000,82,0,6.98E+02, short, Circle, Parallelogram, Circle,650,1000, 
PAX27,19, M, 250+1000,83,0,6.06E+02, short, Square, Parallelogram, Square,250,1000, 
PAX27,19, M, 250+1000,84,1,5.11E+02, short, Parallelogram, Pentagon, Pentagon,250,250, 
PAX27,19, M, 250+1000,85,1,2.24E+03, long, Parallelogram, Square, Parallelogram,750,250, 
PAX27,19, M, 250+1000,86,1,4.14E+02, long, Triangle, Pentagon, Triangle,650,250, 
PAX27,19, M, 250+1000,87,1,5.33E+02, short, Rhombus, Triangle, Triangle,450,250, 
PAX27,19, M, 250+1000,88,0,3.20E+02, long, Square, Parallelogram, Square,750,250, 
PAX27,19, M, 250+1000,89,0,3.12E+02, long, Pentagon, Circle, Circle,850,1000, 
PAX27,19, M, 250+1000,90,1,5.91E+02, short, Triangle, Parallelogram, Triangle,250,1000, 
PAX27,19, M, 250+1000,91,0,6.93E+02, short, Circle, Pentagon, Circle,350,250, 
PAX27,19, M, 250+1000,92,0,3.01E+02, long, Parallelogram, Triangle, Triangle,850,250, 
PAX27,19, M, 250+1000,93,0,6.33E+02, long, Triangle, Square, Triangle,650,1000, 
PAX27,19, M, 250+1000,94,0,1.97E+03, long, Square, Triangle, Square,650,1000, 
PAX27,19, M, 250+1000,95,1,3.05E+02, long, Rhombus, Parallelogram, Parallelogram,850,1000, 
PAX27,19, M, 250+1000,96,0,3.99E+02, long, Circle, Pentagon, Circle,850,250, 
PAX27,19, M, 250+1000,97,0,6.33E+02, short, Pentagon, Parallelogram, Parallelogram,250,250, 
PAX27,19, M, 250+1000,98,1,3.75E+02, long, Triangle, Square, Square,550,1000, 
PAX27,19, M, 250+1000,99,1,6.71E+02, long, Rhombus, Circle, Rhombus,850,1000, 
PAX27,19, M, 250+1000,100,0,1.36E+03, short, Circle, Triangle, Circle,350,1000, 
PAX27,19, M, 250+1000,101,0,5.90E+02, short, Square, Pentagon, Square,250,250, 
PAX27,19, M, 250+1000,102,0,5.51E+02, long, Parallelogram, Pentagon, Pentagon,450,1000, 
PAX27,19, M, 250+1000,103,1,1.93E+03, long, Parallelogram, Pentagon, Parallelogram,550,250, 
PAX27,19, M, 250+1000,104,1,2.66E+02, long, Rhombus, Square, Rhombus,750,250, 
PAX27,19, M, 250+1000,105,0,5.68E+02, short, Triangle, Pentagon, Pentagon,350,250, 
PAX27,19, M, 250+1000,106,1,5.30E+02, short, Square, Parallelogram, Square,250,1000, 
PAX27,19, M, 250+1000,107,1,3.82E+02, long, Pentagon, Square, Square,850,1000, 
PAX27,19, M, 250+1000,108,0,2.76E+02, long, Pentagon, Triangle, Triangle,850,250, 
PAX27,19, M, 250+1000,109,1,3.04E+02, long, Rhombus, Triangle, Triangle,750,250, 
PAX27,19, M, 250+1000,110,0,5.80E+02, short, Parallelogram, Triangle, Triangle,350,250, 
PAX27,19, M, 250+1000,111,0,4.47E+02, short, Triangle, Circle, Circle,250,250, 
PAX27,19, M, 250+1000,112,0,2.49E+02, long, Square, Circle, Circle,750,250, 
PAX27,19, M, 250+1000,113,0,4.02E+02, long, Circle, Triangle, Circle,550,1000, 
PAX27,19, M, 250+1000,114,1,3.65E+02, long, Triangle, Parallelogram, Triangle,650,250, 
PAX27,19, M, 250+1000,115,1,5.86E+02, long, Parallelogram, Circle, Circle,550,1000, 
PAX27,19, M, 250+1000,116,1,1.49E+03, short, Square, Rhombus, Rhombus,250,250, 
PAX27,19, M, 250+1000,117,0,6.07E+02, long, Square, Triangle, Square,650,1000, 
PAX27,19, M, 250+1000,118,1,8.17E+02, short, Pentagon, Rhombus, Rhombus,350,1000, 
PAX27,19, M, 250+1000,119,0,4.32E+03, short, Circle, Square, Circle,350,1000, 
PAX27,19, M, 250+1000,120,0,5.79E+02, long, Triangle, Parallelogram, Triangle,850,1000, 
PAX27,19, M, 250+1000,121,1,6.17E+02, short, Parallelogram, Rhombus, Rhombus,550,250, 
PAX27,19, M, 250+1000,122,1,5.88E+02, short, Rhombus, Parallelogram, Rhombus,250,1000, 
PAX27,19, M, 250+1000,123,0,6.81E+02, short, Triangle, Pentagon, Pentagon,450,1000, 
PAX27,19, M, 250+1000,124,1,6.19E+02, short, Triangle, Circle, Circle,450,1000, 
PAX27,19, M, 250+1000,125,1,2.29E+03, long, Square, Pentagon, Square,750,1000, 
PAX27,19, M, 250+1000,126,0,6.25E+02, long, Parallelogram, Triangle, Triangle,850,1000, 
PAX27,19, M, 250+1000,127,0,5.91E+02, short, Square, Rhombus, Square,450,1000, 
PAX27,19, M, 250+1000,128,1,4.35E+02, long, Parallelogram, Circle, Circle,850,250, 
PAX27,19, M, 250+1000,129,1,1.08E+03, short, Circle, Rhombus, Circle,450,1000, 
PAX27,19, M, 250+1000,130,1,1.14E+03, short, Pentagon, Triangle, Triangle,550,250, 
PAX27,19, M, 250+1000,131,1,6.56E+02, short, Rhombus, Square, Rhombus,250,250, 
PAX27,19, M, 250+1000,132,0,7.68E+02, short, Pentagon, Square, Pentagon,250,250, 
PAX27,19, M, 250+1000,133,0,1.94E+03, short, Circle, Rhombus, Rhombus,550,250, 
PAX27,19, M, 250+1000,134,1,3.13E+02, long, Circle, Pentagon, Circle,750,250, 
PAX27,19, M, 250+1000,135,0,1.83E+03, short, Circle, Parallelogram, Circle,750,250, 
PAX27,19, M, 250+1000,136,1,1.38E+03, long, Pentagon, Rhombus, Rhombus,850,1000, 
PAX27,19, M, 250+1000,137,1,2.90E+03, long, Circle, Pentagon, Circle,650,1000, 
PAX27,19, M, 250+1000,138,0,5.55E+02, short, Circle, Square, Circle,550,250, 
PAX27,19, M, 250+1000,139,1,4.51E+02, short, Circle, Parallelogram, Circle,450,1000, 
PAX27,19, M, 250+1000,140,0,2.45E+03, short, Circle, Square, Circle,550,1000, 
PAX27,19, M, 250+1000,141,0,1.45E+03, short, Square, Circle, Circle,550,250, 
PAX27,19, M, 250+1000,142,0,5.47E+02, short, Pentagon, Circle, Circle,450,250, 
PAX27,19, M, 250+1000,143,1,8.93E+02, short, Circle, Square, Circle,450,1000, 
PAX27,19, M, 250+1000,144,0,3.35E+02, long, Triangle, Parallelogram, Parallelogram,750,250, 
PAX27,19, M, 250+1000,145,1,4.47E+02, long, Circle, Pentagon, Circle,650,1000, 
PAX27,19, M, 250+1000,146,1,6.80E+02, short, Square, Triangle, Square,550,250, 
PAX27,19, M, 250+1000,147,0,7.32E+02, short, Rhombus, Pentagon, Pentagon,650,250, 
PAX27,19, M, 250+1000,148,1,3.54E+02, long, Pentagon, Rhombus, Pentagon,750,1000, 
PAX27,19, M, 250+1000,149,0,5.43E+02, long, Rhombus, Circle, Circle,850,1000, 
PAX27,19, M, 250+1000,150,0,7.30E+02, short, Square, Pentagon, Square,550,1000, 
PAX27,19, M, 250+1000,151,1,2.72E+03, short, Parallelogram, Circle, Circle,650,1000, 
PAX27,19, M, 250+1000,152,0,1.86E+03, long, Square, Triangle, Square,750,250, 
PAX27,19, M, 250+1000,153,1,4.20E+02, short, Parallelogram, Square, Square,350,250, 
PAX27,19, M, 250+1000,154,0,8.64E+02, short, Parallelogram, Triangle, Parallelogram,550,250, 
PAX27,19, M, 250+1000,155,0,1.18E+03, short, Parallelogram, Pentagon, Pentagon,550,1000, 
PAX27,19, M, 250+1000,156,0,6.02E+02, short, Square, Rhombus, Rhombus,250,250, 
PAX27,19, M, 250+1000,157,1,5.33E+02, short, Parallelogram, Square, Parallelogram,350,1000, 
PAX27,19, M, 250+1000,158,0,4.16E+02, long, Pentagon, Triangle, Triangle,850,1000, 
PAX27,19, M, 250+1000,159,0,4.00E+02, long, Square, Circle, Square,850,1000, 
PAX27,19, M, 250+1000,160,1,7.73E+02, short, Rhombus, Square, Square,350,250, 
PAX27,19, M, 250+1000,161,0,5.30E+02, short, Rhombus, Triangle, Rhombus,450,1000, 
PAX27,19, M, 250+1000,162,1,3.01E+02, long, Pentagon, Triangle, Triangle,750,250, 
PAX27,19, M, 250+1000,163,1,6.13E+02, short, Circle, Rhombus, Circle,350,1000, 
PAX27,19, M, 250+1000,164,0,4.65E+02, long, Triangle, Circle, Triangle,850,1000, 
PAX27,19, M, 250+1000,165,1,1.07E+03, long, Square, Triangle, Triangle,750,250, 
PAX27,19, M, 250+1000,166,1,1.37E+03, long, Pentagon, Parallelogram, Pentagon,750,1000, 
PAX27,19, M, 250+1000,167,1,4.05E+02, short, Square, Rhombus, Rhombus,350,250, 
PAX27,19, M, 250+1000,168,0,4.13E+02, long, Square, Parallelogram, Square,650,250, 
PAX27,19, M, 250+1000,169,0,1.15E+03, short, Rhombus, Parallelogram, Rhombus,250,1000, 
PAX27,19, M, 250+1000,170,0,6.39E+02, short, Circle, Pentagon, Circle,450,250, 
PAX27,19, M, 250+1000,171,0,6.93E+02, short, Pentagon, Circle, Circle,350,1000, 
PAX27,19, M, 250+1000,172,0,6.21E+02, long, Circle, Triangle, Triangle,650,1000, 
PAX27,19, M, 250+1000,173,1,3.53E+02, long, Pentagon, Parallelogram, Pentagon,850,250, 
PAX27,19, M, 250+1000,174,0,6.55E+02, short, Rhombus, Pentagon, Pentagon,350,1000, 
PAX27,19, M, 250+1000,175,0,4.37E+02, long, Parallelogram, Square, Square,750,1000, 
PAX27,19, M, 250+1000,176,0,4.23E+02, short, Rhombus, Triangle, Rhombus,450,1000, 
PAX27,19, M, 250+1000,177,0,4.51E+02, long, Rhombus, Square, Square,850,250, 
PAX27,19, M, 250+1000,178,0,5.50E+02, short, Triangle, Circle, Circle,250,250, 
PAX27,19, M, 250+1000,179,1,3.26E+02, long, Rhombus, Pentagon, Rhombus,650,1000, 
PAX27,19, M, 250+1000,180,1,4.65E+02, short, Rhombus, Triangle, Triangle,350,1000, 
PAX27,19, M, 250+1000,181,0,3.18E+02, long, Triangle, Square, Square,850,1000, 
PAX27,19, M, 250+1000,182,0,1.82E+03, long, Triangle, Pentagon, Pentagon,650,1000, 
PAX27,19, M, 250+1000,183,0,4.16E+02, short, Triangle, Pentagon, Pentagon,350,250, 
PAX27,19, M, 250+1000,184,0,5.20E+02, short, Parallelogram, Triangle, Triangle,350,250, 
PAX27,19, M, 250+1000,185,0,2.70E+02, long, Triangle, Circle, Circle,850,250, 
PAX27,19, M, 250+1000,186,1,5.44E+02, short, Rhombus, Pentagon, Rhombus,350,250, 
PAX27,19, M, 250+1000,187,0,2.62E+02, long, Triangle, Rhombus, Rhombus,850,250, 
PAX27,19, M, 250+1000,188,1,3.46E+02, long, Parallelogram, Pentagon, Parallelogram,650,1000, 
PAX27,19, M, 250+1000,189,0,1.94E+03, short, Rhombus, Parallelogram, Parallelogram,250,250, 
PAX27,19, M, 250+1000,190,1,4.16E+02, long, Circle, Parallelogram, Circle,650,1000, 
PAX27,19, M, 250+1000,191,0,6.45E+02, short, Circle, Rhombus, Rhombus,350,1000, 
PAX27,19, M, 250+1000,192,1,2.83E+02, long, Triangle, Parallelogram, Triangle,850,250, 
PAX27,19, M, 250+1000,193,0,2.95E+02, long, Rhombus, Circle, Circle,650,1000, 
PAX27,19, M, 250+1000,194,1,2.85E+02, long, Triangle, Rhombus, Rhombus,850,250, 
PAX27,19, M, 250+1000,195,0,6.17E+02, long, Pentagon, Square, Pentagon,750,1000, 
PAX27,19, M, 250+1000,196,1,6.21E+02, long, Triangle, Rhombus, Rhombus,850,250, 
PAX27,19, M, 250+1000,197,1,1.47E+03, long, Parallelogram, Circle, Circle,750,1000, 
PAX27,19, M, 250+1000,198,1,5.05E+02, short, Pentagon, Parallelogram, Pentagon,350,250, 
PAX27,19, M, 250+1000,199,1,2.87E+02, long, Triangle, Pentagon, Pentagon,750,1000, 
PAX27,19, M, 250+1000,200,0,2.45E+02, long, Triangle, Rhombus, Rhombus,850,250, 
PAX27,19, M, 250+1000,201,1,5.88E+02, short, Square, Pentagon, Square,250,250, 
PAX27,19, M, 250+1000,202,1,8.20E+02, short, Parallelogram, Square, Parallelogram,350,1000, 
PAX27,19, M, 250+1000,203,0,1.14E+03, short, Square, Triangle, Triangle,450,250, 
PAX27,19, M, 250+1000,204,0,2.39E+03, short, Square, Parallelogram, Parallelogram,550,1000, 
PAX27,19, M, 250+1000,205,1,5.80E+02, short, Circle, Square, Circle,250,250, 
PAX27,19, M, 250+1000,206,1,6.10E+02, short, Rhombus, Triangle, Triangle,450,250, 
PAX27,19, M, 250+1000,207,1,4.84E+02, short, Triangle, Parallelogram, Parallelogram,250,250, 
PAX27,19, M, 250+1000,208,1,9.28E+02, short, Pentagon, Square, Pentagon,450,250, 
PAX27,19, M, 250+1000,209,1,5.64E+02, short, Circle, Rhombus, Rhombus,350,1000, 
PAX27,19, M, 250+1000,210,0,4.48E+02, short, Parallelogram, Triangle, Triangle,350,250, 
PAX27,19, M, 250+1000,211,0,4.48E+02, long, Triangle, Pentagon, Triangle,750,1000, 
PAX27,19, M, 250+1000,212,1,5.74E+02, short, Pentagon, Parallelogram, Parallelogram,350,250, 
PAX27,19, M, 250+1000,213,1,4.10E+02, long, Parallelogram, Circle, Circle,450,1000, 
PAX27,19, M, 250+1000,214,1,5.17E+02, short, Triangle, Rhombus, Triangle,450,250, 
PAX27,19, M, 250+1000,215,1,5.29E+02, short, Pentagon, Rhombus, Pentagon,550,250, 
PAX27,19, M, 250+1000,216,1,8.77E+02, short, Triangle, Circle, Circle,750,1000, 
PAX27,19, M, 250+1000,217,0,5.81E+02, short, Rhombus, Square, Square,250,250, 
PAX27,19, M, 250+1000,218,1,3.28E+02, long, Circle, Rhombus, Circle,850,1000, 
PAX27,19, M, 250+1000,219,0,1.73E+03, long, Square, Rhombus, Rhombus,550,250, 
PAX27,19, M, 250+1000,220,0,5.77E+02, short, Rhombus, Circle, Circle,350,250, 
PAX27,19, M, 250+1000,221,1,4.84E+02, short, Parallelogram, Rhombus, Parallelogram,350,1000, 
PAX27,19, M, 250+1000,222,0,2.87E+02, long, Pentagon, Parallelogram, Parallelogram,850,250, 
PAX27,19, M, 250+1000,223,0,5.63E+02, short, Rhombus, Square, Rhombus,350,1000, 
PAX27,19, M, 250+1000,224,0,7.75E+02, long, Pentagon, Circle, Pentagon,550,1000, 
PAX27,19, M, 250+1000,225,1,3.89E+02, short, Circle, Rhombus, Circle,450,1000, 
PAX27,19, M, 250+1000,226,0,6.55E+02, short, Circle, Square, Circle,250,250, 
PAX27,19, M, 250+1000,227,0,9.77E+02, long, Square, Triangle, Triangle,550,250, 
PAX27,19, M, 250+1000,228,1,2.37E+02, long, Circle, Rhombus, Circle,850,250, 
PAX27,19, M, 250+1000,229,0,5.18E+02, long, Triangle, Square, Triangle,650,250, 
PAX27,19, M, 250+1000,230,1,3.11E+02, long, Triangle, Pentagon, Pentagon,850,1000, 
PAX27,19, M, 250+1000,231,1,1.63E+03, long, Parallelogram, Square, Square,550,1000, 
PAX27,19, M, 250+1000,232,0,3.69E+02, long, Square, Triangle, Square,650,1000, 
PAX27,19, M, 250+1000,233,1,5.73E+02, long, Circle, Rhombus, Rhombus,550,1000, 
PAX27,19, M, 250+1000,234,1,2.78E+02, long, Triangle, Pentagon, Triangle,850,1000, 
PAX27,19, M, 250+1000,235,1,6.96E+02, short, Rhombus, Square, Square,250,1000, 
PAX27,19, M, 250+1000,236,0,6.82E+02, short, Pentagon, Triangle, Pentagon,250,1000, 
PAX27,19, M, 250+1000,237,1,3.54E+02, long, Square, Pentagon, Square,850,250, 
PAX27,19, M, 250+1000,238,1,5.56E+02, short, Pentagon, Square, Square,250,1000, 
PAX27,19, M, 250+1000,239,0,2.68E+02, long, Pentagon, Parallelogram, Pentagon,850,250, 
PAX27,19, M, 250+1000,240,0,4.00E+02, long, Rhombus, Circle, Circle,650,1000, 
PAX27,19, M, 250+1000,241,1,5.63E+02, short, Rhombus, Parallelogram, Rhombus,350,250, 
PAX27,19, M, 250+1000,242,1,3.82E+02, long, Parallelogram, Circle, Circle,750,250, 
PAX27,19, M, 250+1000,243,0,7.65E+02, short, Circle, Triangle, Circle,450,250, 
PAX27,19, M, 250+1000,244,0,3.20E+02, long, Parallelogram, Triangle, Triangle,850,1000, 
PAX27,19, M, 250+1000,245,0,3.87E+02, long, Triangle, Square, Triangle,850,250, 
PAX27,19, M, 250+1000,246,1,1.24E+03, short, Triangle, Circle, Circle,550,250, 
PAX27,19, M, 250+1000,247,1,3.81E+02, long, Triangle, Pentagon, Triangle,650,250, 
PAX27,19, M, 250+1000,248,0,3.06E+02, long, Rhombus, Circle, Circle,850,1000, 
PAX27,19, M, 250+1000,249,0,6.75E+02, long, Square, Parallelogram, Parallelogram,750,1000, 
PAX27,19, M, 250+1000,250,1,3.43E+02, long, Triangle, Pentagon, Pentagon,850,1000, 
PAX27,19, M, 250+1000,251,0,7.85E+02, short, Parallelogram, Rhombus, Parallelogram,450,1000, 
PAX27,19, M, 250+1000,252,0,5.93E+02, short, Triangle, Circle, Circle,250,250, 
PAX27,19, M, 250+1000,253,1,6.02E+02, long, Square, Rhombus, Square,850,1000, 
PAX27,19, M, 250+1000,254,1,5.22E+02, long, Triangle, Circle, Circle,550,1000, 
PAX27,19, M, 250+1000,255,0,3.62E+02, long, Parallelogram, Square, Parallelogram,650,1000, 
PAX27,19, M, 250+1000,256,0,4.22E+02, long, Rhombus, Pentagon, Pentagon,450,1000, 
PAX27,19, M, 250+1000,257,1,3.83E+02, short, Rhombus, Triangle, Triangle,750,250, 
PAX27,19, M, 250+1000,258,0,4.02E+02, short, Rhombus, Triangle, Rhombus,350,250, 
PAX27,19, M, 250+1000,259,0,3.82E+02, short, Square, Circle, Circle,450,250, 
PAX27,19, M, 250+1000,260,0,8.76E+02, short, Triangle, Circle, Circle,350,1000, 
PAX27,19, M, 250+1000,261,0,3.12E+02, long, Parallelogram, Circle, Circle,650,1000, 
PAX27,19, M, 250+1000,262,0,3.58E+02, long, Triangle, Parallelogram, Parallelogram,750,1000, 
PAX27,19, M, 250+1000,263,1,5.11E+02, long, Rhombus, Pentagon, Pentagon,650,1000, 
PAX27,19, M, 250+1000,264,1,1.04E+03, long, Circle, Rhombus, Circle,850,250, 
PAX27,19, M, 250+1000,265,1,6.21E+02, short, Pentagon, Parallelogram, Parallelogram,250,250, 
PAX27,19, M, 250+1000,266,0,1.20E+03, short, Square, Triangle, Triangle,350,1000, 
PAX27,19, M, 250+1000,267,1,3.77E+02, long, Circle, Triangle, Circle,450,1000, 
PAX27,19, M, 250+1000,268,0,4.15E+02, long, Square, Parallelogram, Square,550,1000, 
PAX27,19, M, 250+1000,269,1,6.37E+02, short, Parallelogram, Pentagon, Parallelogram,250,250, 
PAX27,19, M, 250+1000,270,0,2.61E+02, long, Parallelogram, Square, Square,750,1000, 
PAX27,19, M, 250+1000,271,0,7.99E+02, short, Square, Pentagon, Pentagon,750,250, 
PAX27,19, M, 250+1000,272,1,3.71E+02, long, Circle, Square, Circle,550,1000, 
PAX27,19, M, 250+1000,273,0,5.93E+02, short, Square, Pentagon, Pentagon,350,250, 
PAX27,19, M, 250+1000,274,0,4.95E+02, short, Square, Parallelogram, Parallelogram,450,1000, 
PAX27,19, M, 250+1000,275,0,7.27E+02, short, Parallelogram, Rhombus, Rhombus,450,1000, 
PAX27,19, M, 250+1000,276,1,7.50E+02, short, Square, Parallelogram, Parallelogram,550,250, 
PAX27,19, M, 250+1000,277,0,1.68E+03, short, Square, Pentagon, Pentagon,750,250, 
PAX27,19, M, 250+1000,278,0,3.26E+02, long, Square, Parallelogram, Square,750,250, 
PAX27,19, M, 250+1000,279,0,5.76E+02, short, Parallelogram, Pentagon, Pentagon,550,250, 
PAX27,19, M, 250+1000,280,1,4.98E+02, short, Pentagon, Rhombus, Rhombus,350,1000, 
PAX27,19, M, 250+1000,281,0,3.26E+02, long, Rhombus, Pentagon, Pentagon,850,1000, 
PAX27,19, M, 250+1000,282,0,4.72E+02, short, Triangle, Square, Square,450,250, 
PAX27,19, M, 250+1000,283,0,1.07E+03, short, Triangle, Circle, Triangle,450,250, 
PAX27,19, M, 250+1000,284,1,6.82E+02, long, Circle, Triangle, Circle,750,250, 
PAX27,19, M, 250+1000,285,0,6.74E+02, long, Pentagon, Triangle, Triangle,550,1000, 
PAX27,19, M, 250+1000,286,1,5.64E+02, long, Square, Rhombus, Rhombus,650,250, 
PAX27,19, M, 250+1000,287,0,3.58E+02, long, Rhombus, Square, Square,750,1000, 
PAX27,19, M, 250+1000,288,0,6.61E+02, short, Rhombus, Pentagon, Pentagon,650,250, 
PAX27,19, M, 250+1000,289,0,5.98E+02, short, Square, Circle, Circle,250,1000, 
PAX27,19, M, 250+1000,290,0,4.74E+02, short, Pentagon, Triangle, Pentagon,650,250, 
PAX27,19, M, 250+1000,291,1,7.51E+02, short, Triangle, Circle, Circle,650,1000, 
PAX27,19, M, 250+1000,292,0,5.90E+02, short, Pentagon, Triangle, Triangle,250,1000, 
PAX27,19, M, 250+1000,293,1,5.57E+02, short, Parallelogram, Triangle, Triangle,450,250, 
PAX27,19, M, 250+1000,294,1,1.18E+03, short, Circle, Square, Circle,250,1000, 
PAX27,19, M, 250+1000,295,1,6.11E+02, short, Pentagon, Square, Pentagon,450,250, 
PAX27,19, M, 250+1000,296,0,3.57E+02, long, Pentagon, Parallelogram, Pentagon,850,1000, 
PAX27,19, M, 250+1000,297,0,5.51E+02, short, Circle, Pentagon, Pentagon,350,1000, 
PAX27,19, M, 250+1000,298,0,5.83E+02, short, Circle, Triangle, Triangle,550,250, 
PAX27,19, M, 250+1000,299,1,5.29E+02, long, Rhombus, Parallelogram, Parallelogram,850,250, 
PAX27,19, M, 250+1000,300,1,7.27E+02, short, Pentagon, Triangle, Triangle,550,1000, 
PAX27,19, M, 250+1000,301,1,4.87E+02, short, Square, Parallelogram, Square,350,250, 
PAX27,19, M, 250+1000,302,0,5.09E+02, short, Pentagon, Rhombus, Pentagon,550,250, 
PAX27,19, M, 250+1000,303,1,4.89E+02, short, Pentagon, Square, Pentagon,550,250, 
PAX27,19, M, 250+1000,304,1,1.24E+03, short, Rhombus, Parallelogram, Rhombus,350,250, 
PAX27,19, M, 250+1000,305,1,5.37E+02, short, Parallelogram, Pentagon, Parallelogram,350,1000, 
PAX27,19, M, 250+1000,306,1,6.07E+02, short, Rhombus, Square, Square,250,1000, 
PAX27,19, M, 250+1000,307,1,5.83E+02, long, Rhombus, Square, Square,650,1000, 
PAX27,19, M, 250+1000,308,1,6.52E+02, short, Parallelogram, Rhombus, Parallelogram,450,250, 
PAX27,19, M, 250+1000,309,0,2.97E+03, short, Rhombus, Circle, Circle,350,1000, 
PAX27,19, M, 250+1000,310,1,4.86E+02, short, Parallelogram, Triangle, Triangle,450,250, 
PAX27,19, M, 250+1000,311,1,4.90E+02, short, Parallelogram, Pentagon, Pentagon,350,1000, 
PAX27,19, M, 250+1000,312,1,1.17E+03, long, Pentagon, Parallelogram, Parallelogram,550,1000, 
PAX27,19, M, 250+1000,313,0,6.54E+02, short, Parallelogram, Rhombus, Rhombus,250,1000, 
PAX27,19, M, 250+1000,314,0,1.25E+03, long, Triangle, Rhombus, Rhombus,550,250, 
PAX27,19, M, 250+1000,315,0,4.78E+02, short, Circle, Square, Circle,350,250, 
PAX27,19, M, 250+1000,316,0,5.46E+02, long, Parallelogram, Pentagon, Parallelogram,750,1000, 
PAX27,19, M, 250+1000,317,0,5.03E+02, short, Triangle, Parallelogram, Parallelogram,350,1000, 
PAX27,19, M, 250+1000,318,0,5.52E+02, long, Parallelogram, Square, Parallelogram,750,250, 
PAX27,19, M, 250+1000,319,0,5.79E+02, short, Triangle, Pentagon, Pentagon,350,250, 
PAX27,19, M, 250+1000,320,1,3.77E+02, long, Square, Rhombus, Rhombus,850,250, 
PAX27,19, M, 250+1000,321,0,3.38E+02, long, Square, Circle, Circle,650,1000, 
PAX27,19, M, 250+1000,322,1,4.27E+02, long, Pentagon, Rhombus, Rhombus,650,250, 
PAX27,19, M, 250+1000,323,0,5.58E+02, long, Pentagon, Rhombus, Rhombus,450,1000, 
PAX27,19, M, 250+1000,324,0,4.89E+02, short, Pentagon, Rhombus, Rhombus,250,250, 
PAX27,19, M, 250+1000,325,1,4.79E+02, short, Pentagon, Circle, Pentagon,350,250, 
PAX27,19, M, 250+1000,326,0,2.93E+02, long, Rhombus, Square, Rhombus,850,250, 
PAX27,19, M, 250+1000,327,1,3.11E+02, long, Pentagon, Circle, Circle,850,1000, 
PAX27,19, M, 250+1000,328,0,4.59E+02, short, Pentagon, Square, Square,550,250, 
PAX27,19, M, 250+1000,329,1,4.47E+02, short, Circle, Triangle, Triangle,250,1000, 
PAX27,19, M, 250+1000,330,0,2.57E+02, long, Circle, Pentagon, Circle,750,250, 
PAX27,19, M, 250+1000,331,0,2.93E+02, long, Circle, Triangle, Circle,650,250, 
PAX27,19, M, 250+1000,332,0,3.21E+02, long, Rhombus, Square, Square,650,250, 
PAX27,19, M, 250+1000,333,0,2.79E+02, long, Pentagon, Triangle, Triangle,750,1000, 
PAX27,19, M, 250+1000,334,1,2.69E+02, long, Square, Pentagon, Square,650,250, 
PAX27,19, M, 250+1000,335,0,4.71E+02, short, Circle, Parallelogram, Parallelogram,350,1000, 
PAX27,19, M, 250+1000,336,1,3.42E+02, long, Square, Parallelogram, Square,550,250, 
PAX27,19, M, 250+1000,337,0,4.53E+02, long, Circle, Triangle, Circle,750,250, 
PAX27,19, M, 250+1000,338,0,3.93E+02, short, Circle, Square, Circle,350,250, 
PAX27,19, M, 250+1000,339,0,1.45E+03, long, Parallelogram, Square, Square,550,1000, 
PAX27,19, M, 250+1000,340,1,4.95E+02, short, Square, Pentagon, Pentagon,450,1000, 
PAX27,19, M, 250+1000,341,1,2.77E+02, long, Triangle, Pentagon, Triangle,850,1000, 
PAX27,19, M, 250+1000,342,1,3.25E+02, long, Pentagon, Circle, Pentagon,650,1000, 
PAX27,19, M, 250+1000,343,1,3.01E+02, short, Parallelogram, Square, Square,650,250, 
PAX27,19, M, 250+1000,344,1,3.07E+02, long, Parallelogram, Rhombus, Parallelogram,750,1000, 
PAX27,19, M, 250+1000,345,1,4.95E+02, short, Circle, Pentagon, Pentagon,250,250, 
PAX27,19, M, 250+1000,346,0,5.63E+02, short, Rhombus, Square, Rhombus,350,1000, 
PAX27,19, M, 250+1000,347,1,5.37E+02, short, Circle, Parallelogram, Parallelogram,250,250, 
PAX27,19, M, 250+1000,348,1,5.19E+02, short, Circle, Triangle, Circle,550,250, 
PAX27,19, M, 250+1000,349,1,2.55E+02, long, Square, Circle, Circle,850,1000, 
PAX27,19, M, 250+1000,350,1,3.47E+02, short, Rhombus, Parallelogram, Parallelogram,450,250, 
PAX27,19, M, 250+1000,351,1,5.00E+02, short, Parallelogram, Rhombus, Rhombus,350,250, 
PAX27,19, M, 250+1000,352,0,5.95E+02, short, Rhombus, Triangle, Triangle,550,250, 
PAX27,19, M, 250+1000,353,0,8.31E+02, short, Circle, Parallelogram, Parallelogram,250,250, 
PAX27,19, M, 250+1000,354,1,4.80E+02, short, Rhombus, Parallelogram, Rhombus,450,250, 
PAX27,19, M, 250+1000,355,0,4.72E+02, short, Triangle, Square, Triangle,250,250, 
PAX27,19, M, 250+1000,356,1,2.94E+02, long, Pentagon, Square, Pentagon,550,1000, 
PAX27,19, M, 250+1000,357,1,5.24E+02, long, Square, Circle, Circle,750,1000, 
PAX27,19, M, 250+1000,358,1,6.70E+02, short, Triangle, Rhombus, Rhombus,250,250, 
PAX27,19, M, 250+1000,359,0,3.52E+02, long, Triangle, Rhombus, Triangle,650,1000, 
PAX27,19, M, 250+1000,360,0,3.00E+02, long, Triangle, Circle, Circle,550,1000, 
PAX27,19, M, 250+1000,361,0,2.74E+02, long, Square, Pentagon, Pentagon,550,1000, 
PAX27,19, M, 250+1000,362,1,4.02E+02, long, Square, Parallelogram, Parallelogram,750,250, 
PAX27,19, M, 250+1000,363,0,5.72E+02, short, Square, Pentagon, Square,650,250, 
PAX27,19, M, 250+1000,364,0,5.06E+02, short, Triangle, Square, Triangle,350,1000, 
PAX27,19, M, 250+1000,365,1,4.08E+02, short, Rhombus, Pentagon, Rhombus,450,250, 
PAX27,19, M, 250+1000,366,0,2.78E+02, long, Parallelogram, Rhombus, Rhombus,750,1000, 
PAX27,19, M, 250+1000,367,1,4.41E+02, short, Parallelogram, Circle, Circle,350,1000, 
PAX27,19, M, 250+1000,368,1,4.84E+02, short, Circle, Parallelogram, Parallelogram,250,1000, 
PAX27,19, M, 250+1000,369,0,5.56E+02, short, Triangle, Square, Square,550,250, 
PAX27,19, M, 250+1000,370,1,3.10E+02, long, Triangle, Parallelogram, Triangle,550,1000, 
PAX27,19, M, 250+1000,371,0,2.22E+02, long, Parallelogram, Square, Square,750,250, 
PAX27,19, M, 250+1000,372,0,3.07E+02, long, Parallelogram, Square, Square,650,250, 
PAX27,19, M, 250+1000,373,1,1.15E+03, long, Rhombus, Triangle, Rhombus,750,250, 
PAX27,19, M, 250+1000,374,0,2.19E+02, long, Parallelogram, Pentagon, Parallelogram,650,250, 
PAX27,19, M, 250+1000,375,0,2.56E+02, long, Rhombus, Pentagon, Pentagon,550,250, 
PAX27,19, M, 250+1000,376,0,2.31E+02, long, Parallelogram, Circle, Circle,650,250, 
PAX27,19, M, 250+1000,377,0,7.51E+02, short, Pentagon, Rhombus, Rhombus,450,1000, 
PAX27,19, M, 250+1000,378,1,5.07E+02, long, Rhombus, Circle, Rhombus,750,1000, 
PAX27,19, M, 250+1000,379,1,3.41E+02, long, Square, Rhombus, Rhombus,850,250, 
PAX27,19, M, 250+1000,380,1,3.31E+02, long, Pentagon, Square, Square,650,1000, 
PAX27,19, M, 250+1000,381,1,4.83E+02, short, Circle, Square, Square,350,250, 
PAX27,19, M, 250+1000,382,1,5.39E+02, short, Circle, Parallelogram, Circle,350,1000, 
PAX27,19, M, 250+1000,383,1,7.09E+02, long, Square, Pentagon, Square,650,250, 
PAX27,19, M, 250+1000,384,0,2.47E+02, long, Circle, Parallelogram, Circle,850,250, 
PAX27,19, M, 250+1000,385,1,3.09E+02, long, Triangle, Rhombus, Rhombus,650,1000, 
PAX27,19, M, 250+1000,386,0,6.33E+02, short, Circle, Rhombus, Rhombus,450,250, 
PAX27,19, M, 250+1000,387,0,7.46E+02, short, Circle, Rhombus, Circle,450,250, 
PAX27,19, M, 250+1000,388,1,3.10E+02, long, Square, Circle, Square,850,1000, 
PAX27,19, M, 250+1000,389,1,5.63E+02, long, Rhombus, Pentagon, Pentagon,450,1000, 
PAX27,19, M, 250+1000,390,0,8.17E+02, long, Circle, Pentagon, Circle,750,250, 
PAX27,19, M, 250+1000,391,1,1.13E+03, long, Rhombus, Triangle, Triangle,450,250, 
PAX27,19, M, 250+1000,392,0,5.89E+02, long, Triangle, Rhombus, Rhombus,850,1000, 
PAX27,19, M, 250+1000,393,1,4.40E+02, long, Rhombus, Parallelogram, Parallelogram,350,1000, 
PAX27,19, M, 250+1000,394,0,3.02E+02, long, Triangle, Square, Square,450,250, 
PAX27,19, M, 250+1000,395,1,6.42E+02, short, Square, Rhombus, Square,350,250, 
PAX27,19, M, 250+1000,396,0,2.68E+02, long, Pentagon, Square, Pentagon,650,1000, 
PAX27,19, M, 250+1000,397,1,1.24E+03, long, Pentagon, Circle, Circle,650,250, 
PAX27,19, M, 250+1000,398,1,7.42E+02, long, Square, Circle, Circle,650,250, 
PAX27,19, M, 250+1000,399,1,4.96E+02, short, Circle, Pentagon, Pentagon,250,250, 
PAX27,19, M, 250+1000,400,0,2.82E+02, long, Triangle, Square, Triangle,850,1000, 
PAX27,19, M, 250+1000,401,0,4.96E+02, short, Pentagon, Triangle, Triangle,250,1000, 
PAX27,19, M, 250+1000,402,1,4.96E+02, short, Rhombus, Pentagon, Pentagon,250,250, 
PAX27,19, M, 250+1000,403,0,4.26E+02, long, Parallelogram, Circle, Circle,450,1000, 
PAX27,19, M, 250+1000,404,1,2.92E+02, long, Pentagon, Parallelogram, Parallelogram,750,1000, 
PAX27,19, M, 250+1000,405,1,2.84E+02, long, Pentagon, Square, Square,750,1000, 
PAX27,19, M, 250+1000,406,0,1.50E+03, short, Triangle, Parallelogram, Triangle,450,1000, 
PAX27,19, M, 250+1000,407,1,4.62E+02, short, Circle, Rhombus, Rhombus,350,250, 
PAX27,19, M, 250+1000,408,1,5.35E+02, short, Square, Circle, Circle,250,250, 
PAX27,19, M, 250+1000,409,0,4.91E+02, short, Pentagon, Triangle, Pentagon,250,1000, 
PAX27,19, M, 250+1000,410,0,4.57E+02, long, Circle, Parallelogram, Parallelogram,650,250, 
PAX27,19, M, 250+1000,411,1,3.29E+02, long, Triangle, Square, Square,750,250, 
PAX27,19, M, 250+1000,412,1,3.07E+02, long, Pentagon, Circle, Circle,850,1000, 
PAX27,19, M, 250+1000,413,1,8.20E+02, long, Pentagon, Circle, Circle,550,1000, 
PAX27,19, M, 250+1000,414,1,5.65E+02, short, Rhombus, Triangle, Triangle,250,1000, 
PAX27,19, M, 250+1000,415,1,1.23E+03, long, Triangle, Rhombus, Triangle,650,1000, 
PAX27,19, M, 250+1000,416,0,4.58E+02, short, Square, Circle, Square,250,1000, 
PAX27,19, M, 250+1000,417,0,2.70E+02, long, Square, Rhombus, Square,850,1000, 
PAX27,19, M, 250+1000,418,1,6.64E+02, short, Circle, Square, Square,450,1000, 
PAX27,19, M, 250+1000,419,0,4.79E+02, short, Rhombus, Circle, Circle,350,1000, 
PAX27,19, M, 250+1000,420,0,4.90E+02, short, Pentagon, Triangle, Triangle,250,1000, 
