﻿Subject ID, Subject Age, Gender, Group, TrialNumber, Intended or Unintended Outcome, Reaction Time on Outcome Response, Response - Short or Long, Left Image Code, Right Image Code, Chosen Image Code, Objective Duration of Stimulus, Stimulus Delay,
PAX11,21, M, 250+1000,1,1,8.67E+02, long, Square, Circle, Circle,550,1000, 
PAX11,21, M, 250+1000,2,1,7.45E+02, short, Pentagon, Triangle, Pentagon,550,250, 
PAX11,21, M, 250+1000,3,0,1.54E+03, long, Square, Parallelogram, Parallelogram,750,250, 
PAX11,21, M, 250+1000,4,0,1.30E+03, long, Square, Triangle, Square,850,1000, 
PAX11,21, M, 250+1000,5,0,8.50E+02, short, Triangle, Circle, Triangle,450,250, 
PAX11,21, M, 250+1000,6,0,8.29E+02, short, Square, Circle, Square,250,1000, 
PAX11,21, M, 250+1000,7,1,4.28E+02, long, Triangle, Circle, Circle,750,1000, 
PAX11,21, M, 250+1000,8,0,8.22E+02, short, Rhombus, Square, Square,250,1000, 
PAX11,21, M, 250+1000,9,1,4.72E+02, long, Triangle, Parallelogram, Triangle,850,1000, 
PAX11,21, M, 250+1000,10,0,1.04E+03, long, Circle, Pentagon, Pentagon,850,250, 
PAX11,21, M, 250+1000,11,0,7.39E+02, short, Square, Triangle, Square,350,1000, 
PAX11,21, M, 250+1000,12,0,8.09E+02, short, Parallelogram, Square, Parallelogram,350,250, 
PAX11,21, M, 250+1000,13,0,1.50E+03, short, Pentagon, Square, Square,550,250, 
PAX11,21, M, 250+1000,14,1,1.13E+03, short, Square, Pentagon, Pentagon,350,1000, 
PAX11,21, M, 250+1000,15,0,1.19E+03, short, Circle, Square, Circle,450,250, 
PAX11,21, M, 250+1000,16,1,8.51E+02, short, Circle, Triangle, Triangle,450,250, 
PAX11,21, M, 250+1000,17,1,5.79E+02, long, Parallelogram, Pentagon, Parallelogram,850,250, 
PAX11,21, M, 250+1000,18,1,1.42E+03, short, Square, Triangle, Square,550,1000, 
PAX11,21, M, 250+1000,19,1,5.81E+02, short, Parallelogram, Triangle, Parallelogram,250,250, 
PAX11,21, M, 250+1000,20,0,3.39E+03, short, Square, Rhombus, Rhombus,450,1000, 
PAX11,21, M, 250+1000,21,0,1.11E+03, short, Circle, Square, Square,550,250, 
PAX11,21, M, 250+1000,22,0,1.00E+03, short, Circle, Triangle, Circle,350,1000, 
PAX11,21, M, 250+1000,23,1,1.73E+03, short, Parallelogram, Circle, Circle,650,250, 
PAX11,21, M, 250+1000,24,1,5.74E+02, short, Pentagon, Parallelogram, Parallelogram,450,250, 
PAX11,21, M, 250+1000,25,1,7.40E+02, short, Pentagon, Parallelogram, Pentagon,550,1000, 
PAX11,21, M, 250+1000,26,0,1.36E+03, short, Rhombus, Triangle, Rhombus,250,250, 
PAX11,21, M, 250+1000,27,1,7.52E+02, short, Parallelogram, Triangle, Triangle,250,1000, 
PAX11,21, M, 250+1000,28,0,1.30E+03, short, Square, Triangle, Triangle,450,250, 
PAX11,21, M, 250+1000,29,1,1.11E+03, short, Rhombus, Triangle, Rhombus,450,1000, 
PAX11,21, M, 250+1000,30,0,6.70E+02, short, Parallelogram, Pentagon, Parallelogram,250,1000, 
PAX11,21, M, 250+1000,31,1,7.77E+02, long, Pentagon, Square, Square,850,250, 
PAX11,21, M, 250+1000,32,0,1.10E+03, long, Parallelogram, Square, Square,550,250, 
PAX11,21, M, 250+1000,33,1,3.75E+02, long, Parallelogram, Rhombus, Parallelogram,750,250, 
PAX11,21, M, 250+1000,34,0,5.29E+02, long, Pentagon, Circle, Pentagon,750,250, 
PAX11,21, M, 250+1000,35,0,7.67E+02, short, Rhombus, Circle, Circle,250,1000, 
PAX11,21, M, 250+1000,36,0,8.95E+02, short, Circle, Rhombus, Circle,450,1000, 
PAX11,21, M, 250+1000,37,0,8.93E+02, short, Pentagon, Rhombus, Rhombus,350,250, 
PAX11,21, M, 250+1000,38,0,8.09E+02, short, Pentagon, Rhombus, Rhombus,350,250, 
PAX11,21, M, 250+1000,39,1,1.78E+03, long, Square, Rhombus, Rhombus,650,250, 
PAX11,21, M, 250+1000,40,0,3.23E+03, short, Square, Triangle, Triangle,450,1000, 
PAX11,21, M, 250+1000,41,1,6.84E+02, long, Pentagon, Parallelogram, Parallelogram,850,250, 
PAX11,21, M, 250+1000,42,1,2.18E+03, long, Triangle, Circle, Triangle,750,250, 
PAX11,21, M, 250+1000,43,1,6.78E+02, short, Triangle, Rhombus, Triangle,350,1000, 
PAX11,21, M, 250+1000,44,1,7.86E+02, short, Circle, Rhombus, Rhombus,350,1000, 
PAX11,21, M, 250+1000,45,1,6.82E+02, long, Rhombus, Square, Rhombus,850,250, 
PAX11,21, M, 250+1000,46,1,1.32E+03, short, Parallelogram, Triangle, Parallelogram,850,250, 
PAX11,21, M, 250+1000,47,1,9.34E+02, short, Circle, Pentagon, Circle,550,1000, 
PAX11,21, M, 250+1000,48,1,5.66E+02, short, Parallelogram, Pentagon, Parallelogram,850,250, 
PAX11,21, M, 250+1000,49,1,1.11E+03, short, Square, Circle, Square,550,250, 
PAX11,21, M, 250+1000,50,0,3.26E+03, short, Pentagon, Circle, Pentagon,750,250, 
PAX11,21, M, 250+1000,51,0,1.47E+03, short, Circle, Rhombus, Circle,250,1000, 
PAX11,21, M, 250+1000,52,0,6.04E+02, long, Square, Parallelogram, Parallelogram,650,250, 
PAX11,21, M, 250+1000,53,0,4.16E+02, long, Parallelogram, Triangle, Triangle,850,1000, 
PAX11,21, M, 250+1000,54,1,2.67E+03, long, Pentagon, Rhombus, Pentagon,850,1000, 
PAX11,21, M, 250+1000,55,1,1.18E+03, long, Triangle, Pentagon, Triangle,750,250, 
PAX11,21, M, 250+1000,56,0,7.17E+02, long, Triangle, Parallelogram, Parallelogram,850,250, 
PAX11,21, M, 250+1000,57,0,1.28E+03, long, Rhombus, Square, Square,750,1000, 
PAX11,21, M, 250+1000,58,0,8.07E+02, short, Triangle, Circle, Circle,350,1000, 
PAX11,21, M, 250+1000,59,0,9.70E+02, long, Square, Parallelogram, Square,550,1000, 
PAX11,21, M, 250+1000,60,0,4.44E+03, long, Triangle, Circle, Triangle,750,1000, 
PAX11,21, M, 250+1000,61,0,1.34E+03, long, Parallelogram, Circle, Parallelogram,850,1000, 
PAX11,21, M, 250+1000,62,0,1.36E+03, long, Triangle, Parallelogram, Triangle,750,1000, 
PAX11,21, M, 250+1000,63,0,1.09E+03, short, Triangle, Pentagon, Triangle,450,250, 
PAX11,21, M, 250+1000,64,0,9.94E+02, short, Triangle, Parallelogram, Parallelogram,450,1000, 
PAX11,21, M, 250+1000,65,1,8.28E+02, short, Triangle, Parallelogram, Triangle,250,1000, 
PAX11,21, M, 250+1000,66,0,1.64E+03, long, Square, Parallelogram, Parallelogram,850,250, 
PAX11,21, M, 250+1000,67,0,4.22E+02, long, Square, Pentagon, Pentagon,850,1000, 
PAX11,21, M, 250+1000,68,0,4.92E+02, long, Rhombus, Triangle, Rhombus,750,1000, 
PAX11,21, M, 250+1000,69,0,7.41E+02, long, Triangle, Pentagon, Pentagon,850,250, 
PAX11,21, M, 250+1000,70,1,2.38E+03, long, Parallelogram, Circle, Parallelogram,650,1000, 
PAX11,21, M, 250+1000,71,1,9.61E+02, short, Triangle, Circle, Triangle,350,250, 
PAX11,21, M, 250+1000,72,1,5.58E+02, long, Rhombus, Square, Rhombus,850,1000, 
PAX11,21, M, 250+1000,73,1,5.49E+02, long, Pentagon, Rhombus, Pentagon,850,250, 
PAX11,21, M, 250+1000,74,1,4.83E+02, long, Parallelogram, Square, Parallelogram,750,1000, 
PAX11,21, M, 250+1000,75,0,1.30E+03, short, Rhombus, Circle, Rhombus,550,250, 
PAX11,21, M, 250+1000,76,0,2.72E+03, long, Parallelogram, Pentagon, Parallelogram,550,1000, 
PAX11,21, M, 250+1000,77,1,8.07E+02, short, Triangle, Square, Triangle,250,1000, 
PAX11,21, M, 250+1000,78,0,1.82E+03, short, Circle, Pentagon, Circle,650,250, 
PAX11,21, M, 250+1000,79,0,1.06E+03, short, Triangle, Rhombus, Triangle,450,250, 
PAX11,21, M, 250+1000,80,0,6.16E+02, short, Circle, Pentagon, Circle,450,250, 
PAX11,21, M, 250+1000,81,0,1.21E+03, short, Rhombus, Circle, Rhombus,350,1000, 
PAX11,21, M, 250+1000,82,0,4.72E+02, long, Parallelogram, Pentagon, Pentagon,850,250, 
PAX11,21, M, 250+1000,83,1,3.59E+03, short, Parallelogram, Rhombus, Parallelogram,450,250, 
PAX11,21, M, 250+1000,84,1,5.69E+03, short, Rhombus, Parallelogram, Parallelogram,850,1000, 
PAX11,21, M, 250+1000,85,1,8.39E+02, short, Rhombus, Circle, Rhombus,450,1000, 
PAX11,21, M, 250+1000,86,0,6.49E+02, short, Rhombus, Triangle, Rhombus,250,250, 
PAX11,21, M, 250+1000,87,1,7.27E+02, short, Square, Triangle, Square,250,250, 
PAX11,21, M, 250+1000,88,1,5.25E+02, long, Square, Circle, Square,650,250, 
PAX11,21, M, 250+1000,89,0,1.08E+03, short, Square, Triangle, Square,250,250, 
PAX11,21, M, 250+1000,90,0,1.54E+03, long, Circle, Parallelogram, Parallelogram,650,1000, 
PAX11,21, M, 250+1000,91,0,1.63E+03, long, Parallelogram, Circle, Circle,650,250, 
PAX11,21, M, 250+1000,92,0,7.37E+02, long, Triangle, Pentagon, Triangle,750,1000, 
PAX11,21, M, 250+1000,93,1,7.52E+02, short, Rhombus, Parallelogram, Rhombus,250,1000, 
PAX11,21, M, 250+1000,94,1,4.52E+02, long, Square, Pentagon, Square,750,1000, 
PAX11,21, M, 250+1000,95,1,5.28E+02, long, Triangle, Parallelogram, Triangle,850,1000, 
PAX11,21, M, 250+1000,96,1,4.44E+02, long, Parallelogram, Square, Parallelogram,750,1000, 
PAX11,21, M, 250+1000,97,0,8.36E+02, long, Rhombus, Square, Rhombus,450,1000, 
PAX11,21, M, 250+1000,98,1,8.04E+02, short, Pentagon, Triangle, Pentagon,550,250, 
PAX11,21, M, 250+1000,99,1,5.86E+02, long, Rhombus, Parallelogram, Rhombus,750,1000, 
PAX11,21, M, 250+1000,100,0,5.52E+02, long, Circle, Triangle, Circle,750,250, 
PAX11,21, M, 250+1000,101,0,8.08E+02, long, Parallelogram, Pentagon, Parallelogram,850,250, 
PAX11,21, M, 250+1000,102,1,1.48E+03, short, Pentagon, Circle, Circle,450,1000, 
PAX11,21, M, 250+1000,103,1,1.28E+03, long, Square, Parallelogram, Parallelogram,450,250, 
PAX11,21, M, 250+1000,104,0,8.93E+02, long, Square, Triangle, Square,650,250, 
PAX11,21, M, 250+1000,105,1,1.09E+03, short, Circle, Pentagon, Pentagon,250,250, 
PAX11,21, M, 250+1000,106,0,1.39E+03, long, Rhombus, Parallelogram, Rhombus,750,250, 
PAX11,21, M, 250+1000,107,1,5.53E+02, long, Square, Rhombus, Square,750,1000, 
PAX11,21, M, 250+1000,108,1,5.22E+03, short, Parallelogram, Rhombus, Rhombus,850,250, 
PAX11,21, M, 250+1000,109,0,1.24E+03, long, Circle, Triangle, Triangle,650,250, 
PAX11,21, M, 250+1000,110,0,7.32E+02, short, Square, Pentagon, Square,350,250, 
PAX11,21, M, 250+1000,111,1,1.01E+03, short, Pentagon, Circle, Pentagon,350,1000, 
PAX11,21, M, 250+1000,112,1,9.45E+02, long, Triangle, Rhombus, Rhombus,650,1000, 
PAX11,21, M, 250+1000,113,1,5.97E+03, short, Square, Circle, Circle,550,1000, 
PAX11,21, M, 250+1000,114,1,9.33E+02, long, Parallelogram, Rhombus, Parallelogram,750,1000, 
PAX11,21, M, 250+1000,115,1,2.79E+03, short, Triangle, Circle, Triangle,650,250, 
PAX11,21, M, 250+1000,116,0,2.96E+03, long, Parallelogram, Rhombus, Rhombus,450,1000, 
PAX11,21, M, 250+1000,117,1,2.09E+03, short, Pentagon, Triangle, Pentagon,550,250, 
PAX11,21, M, 250+1000,118,1,1.82E+03, long, Circle, Parallelogram, Parallelogram,550,1000, 
PAX11,21, M, 250+1000,119,1,2.61E+03, short, Circle, Rhombus, Circle,550,1000, 
PAX11,21, M, 250+1000,120,0,1.28E+03, short, Parallelogram, Pentagon, Pentagon,250,250, 
PAX11,21, M, 250+1000,121,0,5.99E+02, long, Square, Triangle, Square,550,1000, 
PAX11,21, M, 250+1000,122,1,3.91E+03, long, Circle, Parallelogram, Parallelogram,650,250, 
PAX11,21, M, 250+1000,123,1,3.82E+03, short, Rhombus, Square, Rhombus,550,250, 
PAX11,21, M, 250+1000,124,0,8.01E+02, long, Rhombus, Triangle, Rhombus,850,1000, 
PAX11,21, M, 250+1000,125,0,1.39E+03, short, Circle, Rhombus, Rhombus,350,250, 
PAX11,21, M, 250+1000,126,0,1.42E+03, long, Pentagon, Rhombus, Rhombus,350,1000, 
PAX11,21, M, 250+1000,127,1,5.65E+02, long, Parallelogram, Pentagon, Pentagon,850,250, 
PAX11,21, M, 250+1000,128,0,3.99E+02, long, Triangle, Square, Square,850,1000, 
PAX11,21, M, 250+1000,129,1,6.47E+02, short, Triangle, Circle, Triangle,250,250, 
PAX11,21, M, 250+1000,130,1,9.62E+02, long, Parallelogram, Circle, Parallelogram,650,250, 
PAX11,21, M, 250+1000,131,1,8.02E+02, short, Circle, Rhombus, Rhombus,350,250, 
PAX11,21, M, 250+1000,132,0,1.48E+03, short, Parallelogram, Rhombus, Parallelogram,350,1000, 
PAX11,21, M, 250+1000,133,1,9.68E+02, short, Square, Rhombus, Rhombus,250,1000, 
PAX11,21, M, 250+1000,134,0,5.99E+03, short, Rhombus, Triangle, Rhombus,550,1000, 
PAX11,21, M, 250+1000,135,1,7.00E+02, long, Rhombus, Triangle, Triangle,550,250, 
PAX11,21, M, 250+1000,136,1,6.92E+02, long, Rhombus, Square, Rhombus,650,1000, 
PAX11,21, M, 250+1000,137,1,3.94E+03, short, Circle, Pentagon, Pentagon,550,250, 
PAX11,21, M, 250+1000,138,0,6.51E+02, long, Parallelogram, Circle, Circle,650,1000, 
PAX11,21, M, 250+1000,139,0,2.11E+03, long, Square, Circle, Square,750,250, 
PAX11,21, M, 250+1000,140,0,8.21E+02, short, Square, Rhombus, Square,350,1000, 
PAX11,21, M, 250+1000,141,1,9.27E+02, long, Triangle, Rhombus, Rhombus,850,1000, 
PAX11,21, M, 250+1000,142,1,4.81E+03, short, Circle, Triangle, Circle,550,250, 
PAX11,21, M, 250+1000,143,1,5.71E+02, long, Square, Circle, Circle,650,1000, 
PAX11,21, M, 250+1000,144,1,6.62E+02, short, Square, Pentagon, Square,350,250, 
PAX11,21, M, 250+1000,145,0,4.75E+02, long, Square, Parallelogram, Parallelogram,550,1000, 
PAX11,21, M, 250+1000,146,1,5.84E+02, short, Pentagon, Triangle, Triangle,350,250, 
PAX11,21, M, 250+1000,147,0,5.53E+02, long, Rhombus, Parallelogram, Rhombus,650,1000, 
PAX11,21, M, 250+1000,148,1,3.11E+03, long, Triangle, Pentagon, Pentagon,550,250, 
PAX11,21, M, 250+1000,149,0,2.14E+03, short, Pentagon, Parallelogram, Parallelogram,250,1000, 
PAX11,21, M, 250+1000,150,0,3.66E+03, short, Parallelogram, Square, Square,550,250, 
PAX11,21, M, 250+1000,151,0,2.32E+03, short, Pentagon, Square, Square,550,250, 
PAX11,21, M, 250+1000,152,1,6.70E+02, short, Square, Pentagon, Pentagon,350,250, 
PAX11,21, M, 250+1000,153,0,1.73E+03, long, Pentagon, Circle, Circle,550,1000, 
PAX11,21, M, 250+1000,154,0,2.14E+03, long, Circle, Square, Square,450,1000, 
PAX11,21, M, 250+1000,155,0,1.43E+03, long, Rhombus, Pentagon, Pentagon,650,1000, 
PAX11,21, M, 250+1000,156,1,1.35E+03, short, Rhombus, Triangle, Triangle,350,1000, 
PAX11,21, M, 250+1000,157,1,1.95E+03, short, Circle, Triangle, Circle,450,1000, 
PAX11,21, M, 250+1000,158,0,4.47E+03, short, Pentagon, Square, Square,650,250, 
PAX11,21, M, 250+1000,159,1,8.03E+02, long, Square, Triangle, Square,650,1000, 
PAX11,21, M, 250+1000,160,1,1.12E+03, long, Circle, Rhombus, Rhombus,650,250, 
PAX11,21, M, 250+1000,161,1,1.27E+03, short, Square, Pentagon, Pentagon,250,1000, 
PAX11,21, M, 250+1000,162,1,7.91E+02, short, Pentagon, Parallelogram, Pentagon,250,250, 
PAX11,21, M, 250+1000,163,0,1.93E+03, short, Rhombus, Pentagon, Pentagon,350,250, 
PAX11,21, M, 250+1000,164,1,1.93E+03, short, Pentagon, Parallelogram, Pentagon,750,1000, 
PAX11,21, M, 250+1000,165,0,1.27E+03, short, Pentagon, Rhombus, Pentagon,350,1000, 
PAX11,21, M, 250+1000,166,1,1.26E+03, long, Pentagon, Parallelogram, Pentagon,450,1000, 
PAX11,21, M, 250+1000,167,1,7.57E+02, short, Triangle, Rhombus, Triangle,250,1000, 
PAX11,21, M, 250+1000,168,1,1.15E+03, long, Pentagon, Triangle, Triangle,550,1000, 
PAX11,21, M, 250+1000,169,1,6.83E+02, short, Rhombus, Triangle, Rhombus,350,250, 
PAX11,21, M, 250+1000,170,0,6.67E+02, short, Pentagon, Square, Square,350,250, 
PAX11,21, M, 250+1000,171,1,1.26E+03, long, Rhombus, Triangle, Rhombus,350,1000, 
PAX11,21, M, 250+1000,172,0,6.43E+02, long, Pentagon, Square, Square,650,250, 
PAX11,21, M, 250+1000,173,0,1.16E+03, long, Parallelogram, Circle, Parallelogram,550,1000, 
PAX11,21, M, 250+1000,174,1,2.44E+03, long, Pentagon, Circle, Circle,350,1000, 
PAX11,21, M, 250+1000,175,0,6.97E+02, long, Pentagon, Rhombus, Rhombus,550,250, 
PAX11,21, M, 250+1000,176,1,6.61E+02, long, Parallelogram, Rhombus, Parallelogram,450,250, 
PAX11,21, M, 250+1000,177,1,3.85E+02, long, Rhombus, Circle, Rhombus,750,250, 
PAX11,21, M, 250+1000,178,0,6.23E+02, short, Circle, Rhombus, Rhombus,250,250, 
PAX11,21, M, 250+1000,179,0,6.02E+02, long, Pentagon, Square, Pentagon,350,1000, 
PAX11,21, M, 250+1000,180,1,1.68E+03, long, Rhombus, Circle, Circle,450,250, 
PAX11,21, M, 250+1000,181,1,7.52E+02, long, Triangle, Rhombus, Triangle,550,1000, 
PAX11,21, M, 250+1000,182,1,7.40E+02, short, Rhombus, Pentagon, Pentagon,250,250, 
PAX11,21, M, 250+1000,183,0,4.69E+02, long, Triangle, Square, Triangle,650,1000, 
PAX11,21, M, 250+1000,184,0,8.93E+02, short, Circle, Square, Square,250,250, 
PAX11,21, M, 250+1000,185,1,2.31E+03, short, Parallelogram, Rhombus, Parallelogram,350,250, 
PAX11,21, M, 250+1000,186,1,4.98E+02, long, Circle, Triangle, Triangle,750,1000, 
PAX11,21, M, 250+1000,187,0,1.16E+03, short, Parallelogram, Rhombus, Rhombus,250,1000, 
PAX11,21, M, 250+1000,188,0,9.46E+02, short, Rhombus, Pentagon, Pentagon,250,250, 
PAX11,21, M, 250+1000,189,0,7.98E+02, short, Pentagon, Triangle, Pentagon,250,1000, 
PAX11,21, M, 250+1000,190,0,1.49E+03, short, Pentagon, Square, Square,750,250, 
PAX11,21, M, 250+1000,191,1,3.36E+03, short, Square, Parallelogram, Square,850,250, 
PAX11,21, M, 250+1000,192,0,5.78E+02, long, Rhombus, Parallelogram, Rhombus,850,250, 
PAX11,21, M, 250+1000,193,0,1.68E+03, long, Square, Parallelogram, Square,450,250, 
PAX11,21, M, 250+1000,194,0,4.31E+02, long, Square, Circle, Square,450,1000, 
PAX11,21, M, 250+1000,195,1,4.36E+02, short, Triangle, Pentagon, Pentagon,450,250, 
PAX11,21, M, 250+1000,196,0,9.51E+02, short, Triangle, Square, Triangle,550,250, 
PAX11,21, M, 250+1000,197,0,1.27E+03, short, Circle, Pentagon, Pentagon,550,250, 
PAX11,21, M, 250+1000,198,0,4.38E+02, long, Pentagon, Parallelogram, Parallelogram,650,1000, 
PAX11,21, M, 250+1000,199,1,7.19E+02, long, Square, Rhombus, Rhombus,450,1000, 
PAX11,21, M, 250+1000,200,0,6.37E+02, short, Parallelogram, Pentagon, Pentagon,350,250, 
PAX11,21, M, 250+1000,201,0,5.83E+02, long, Triangle, Parallelogram, Parallelogram,850,1000, 
PAX11,21, M, 250+1000,202,1,7.54E+02, long, Circle, Square, Square,450,1000, 
PAX11,21, M, 250+1000,203,1,9.57E+02, short, Rhombus, Parallelogram, Rhombus,350,250, 
PAX11,21, M, 250+1000,204,0,1.50E+03, short, Rhombus, Parallelogram, Parallelogram,250,1000, 
PAX11,21, M, 250+1000,205,1,1.31E+03, long, Parallelogram, Triangle, Triangle,350,1000, 
PAX11,21, M, 250+1000,206,0,6.60E+02, short, Circle, Pentagon, Pentagon,250,250, 
PAX11,21, M, 250+1000,207,1,1.29E+03, short, Pentagon, Triangle, Triangle,250,1000, 
PAX11,21, M, 250+1000,208,1,2.18E+03, long, Triangle, Parallelogram, Parallelogram,750,250, 
PAX11,21, M, 250+1000,209,0,1.71E+03, long, Rhombus, Circle, Circle,350,1000, 
PAX11,21, M, 250+1000,210,0,1.68E+03, long, Triangle, Parallelogram, Triangle,850,1000, 
PAX11,21, M, 250+1000,211,1,1.19E+03, long, Circle, Triangle, Triangle,750,1000, 
PAX11,21, M, 250+1000,212,0,1.11E+03, long, Triangle, Circle, Triangle,650,250, 
PAX11,21, M, 250+1000,213,1,7.22E+02, long, Rhombus, Square, Square,750,250, 
PAX11,21, M, 250+1000,214,1,4.20E+02, long, Circle, Triangle, Circle,550,1000, 
PAX11,21, M, 250+1000,215,1,9.67E+02, long, Circle, Pentagon, Pentagon,750,250, 
PAX11,21, M, 250+1000,216,0,3.83E+02, long, Pentagon, Rhombus, Pentagon,850,1000, 
PAX11,21, M, 250+1000,217,0,3.17E+02, long, Pentagon, Triangle, Triangle,850,1000, 
PAX11,21, M, 250+1000,218,1,6.46E+02, short, Circle, Parallelogram, Circle,250,250, 
PAX11,21, M, 250+1000,219,1,3.42E+03, short, Pentagon, Triangle, Triangle,450,250, 
PAX11,21, M, 250+1000,220,0,1.25E+03, short, Square, Pentagon, Pentagon,450,250, 
PAX11,21, M, 250+1000,221,1,3.29E+02, long, Square, Circle, Circle,850,250, 
PAX11,21, M, 250+1000,222,0,9.39E+02, long, Square, Triangle, Square,550,1000, 
PAX11,21, M, 250+1000,223,0,6.43E+02, long, Square, Triangle, Triangle,750,1000, 
PAX11,21, M, 250+1000,224,1,3.95E+02, long, Square, Parallelogram, Square,850,1000, 
PAX11,21, M, 250+1000,225,1,1.65E+03, long, Parallelogram, Pentagon, Pentagon,650,250, 
PAX11,21, M, 250+1000,226,0,3.27E+02, long, Parallelogram, Rhombus, Rhombus,850,1000, 
PAX11,21, M, 250+1000,227,0,1.18E+03, short, Pentagon, Triangle, Triangle,550,250, 
PAX11,21, M, 250+1000,228,0,1.23E+03, long, Pentagon, Rhombus, Pentagon,850,1000, 
PAX11,21, M, 250+1000,229,1,1.44E+03, short, Rhombus, Circle, Circle,450,250, 
PAX11,21, M, 250+1000,230,1,1.19E+03, short, Circle, Square, Circle,350,250, 
PAX11,21, M, 250+1000,231,1,2.63E+03, short, Circle, Square, Circle,450,1000, 
PAX11,21, M, 250+1000,232,0,5.57E+03, long, Pentagon, Circle, Circle,650,1000, 
PAX11,21, M, 250+1000,233,0,6.26E+03, short, Rhombus, Triangle, Rhombus,850,1000, 
PAX11,21, M, 250+1000,234,0,2.88E+03, long, Rhombus, Square, Square,750,1000, 
PAX11,21, M, 250+1000,235,0,1.59E+03, short, Parallelogram, Triangle, Triangle,350,250, 
PAX11,21, M, 250+1000,236,1,2.37E+03, short, Pentagon, Circle, Pentagon,450,250, 
PAX11,21, M, 250+1000,237,0,6.74E+02, long, Circle, Triangle, Triangle,750,250, 
PAX11,21, M, 250+1000,238,1,9.41E+02, short, Circle, Pentagon, Pentagon,450,250, 
PAX11,21, M, 250+1000,239,1,2.35E+03, long, Triangle, Pentagon, Triangle,550,1000, 
PAX11,21, M, 250+1000,240,1,1.33E+03, long, Rhombus, Parallelogram, Parallelogram,550,1000, 
PAX11,21, M, 250+1000,241,0,8.41E+02, short, Rhombus, Pentagon, Rhombus,350,1000, 
PAX11,21, M, 250+1000,242,0,5.37E+02, long, Triangle, Rhombus, Rhombus,750,250, 
PAX11,21, M, 250+1000,243,0,2.61E+03, long, Circle, Triangle, Circle,550,250, 
PAX11,21, M, 250+1000,244,1,7.87E+02, short, Triangle, Square, Square,250,1000, 
PAX11,21, M, 250+1000,245,0,1.05E+03, short, Pentagon, Circle, Circle,750,250, 
PAX11,21, M, 250+1000,246,1,6.51E+02, short, Rhombus, Triangle, Rhombus,450,250, 
PAX11,21, M, 250+1000,247,1,1.05E+03, short, Parallelogram, Square, Square,650,250, 
PAX11,21, M, 250+1000,248,0,6.58E+02, long, Circle, Rhombus, Circle,550,1000, 
PAX11,21, M, 250+1000,249,1,1.34E+03, short, Square, Pentagon, Pentagon,650,1000, 
PAX11,21, M, 250+1000,250,0,5.27E+02, long, Parallelogram, Triangle, Parallelogram,850,250, 
PAX11,21, M, 250+1000,251,1,6.47E+02, short, Pentagon, Triangle, Triangle,250,1000, 
PAX11,21, M, 250+1000,252,1,5.14E+02, long, Rhombus, Circle, Rhombus,850,250, 
PAX11,21, M, 250+1000,253,0,1.73E+03, long, Rhombus, Parallelogram, Rhombus,750,250, 
PAX11,21, M, 250+1000,254,1,6.79E+02, short, Parallelogram, Rhombus, Parallelogram,350,1000, 
PAX11,21, M, 250+1000,255,0,1.93E+03, short, Triangle, Square, Triangle,350,250, 
PAX11,21, M, 250+1000,256,0,2.15E+03, short, Circle, Parallelogram, Parallelogram,650,250, 
PAX11,21, M, 250+1000,257,1,5.99E+02, long, Parallelogram, Circle, Circle,650,1000, 
PAX11,21, M, 250+1000,258,0,1.47E+03, long, Square, Rhombus, Square,550,1000, 
PAX11,21, M, 250+1000,259,0,1.02E+03, short, Triangle, Parallelogram, Parallelogram,550,250, 
PAX11,21, M, 250+1000,260,1,1.13E+03, long, Rhombus, Square, Square,850,1000, 
PAX11,21, M, 250+1000,261,0,1.31E+03, short, Circle, Triangle, Triangle,350,250, 
PAX11,21, M, 250+1000,262,0,1.63E+03, long, Triangle, Circle, Triangle,650,250, 
PAX11,21, M, 250+1000,263,0,4.55E+02, long, Parallelogram, Circle, Circle,850,1000, 
PAX11,21, M, 250+1000,264,1,4.01E+02, long, Circle, Square, Square,850,1000, 
PAX11,21, M, 250+1000,265,1,1.48E+03, short, Parallelogram, Circle, Parallelogram,350,250, 
PAX11,21, M, 250+1000,266,0,6.89E+02, short, Pentagon, Parallelogram, Pentagon,250,1000, 
PAX11,21, M, 250+1000,267,0,6.35E+02, long, Rhombus, Circle, Circle,750,1000, 
PAX11,21, M, 250+1000,268,0,9.70E+02, long, Triangle, Pentagon, Pentagon,550,1000, 
PAX11,21, M, 250+1000,269,1,6.52E+02, long, Square, Rhombus, Square,750,1000, 
PAX11,21, M, 250+1000,270,0,6.84E+02, short, Pentagon, Square, Square,550,250, 
PAX11,21, M, 250+1000,271,1,8.18E+02, short, Square, Circle, Square,350,250, 
PAX11,21, M, 250+1000,272,1,8.68E+02, long, Pentagon, Triangle, Triangle,750,1000, 
PAX11,21, M, 250+1000,273,1,1.37E+03, short, Pentagon, Parallelogram, Pentagon,250,1000, 
PAX11,21, M, 250+1000,274,1,3.44E+02, long, Square, Parallelogram, Parallelogram,850,1000, 
PAX11,21, M, 250+1000,275,0,4.86E+02, short, Circle, Square, Circle,450,250, 
PAX11,21, M, 250+1000,276,0,3.19E+03, long, Rhombus, Circle, Circle,550,250, 
PAX11,21, M, 250+1000,277,1,1.70E+03, short, Pentagon, Rhombus, Rhombus,550,250, 
PAX11,21, M, 250+1000,278,1,4.66E+03, short, Pentagon, Circle, Circle,450,1000, 
PAX11,21, M, 250+1000,279,0,8.29E+02, short, Rhombus, Pentagon, Pentagon,250,250, 
PAX11,21, M, 250+1000,280,1,4.25E+02, long, Square, Rhombus, Rhombus,550,1000, 
PAX11,21, M, 250+1000,281,0,4.71E+02, long, Circle, Pentagon, Pentagon,550,1000, 
PAX11,21, M, 250+1000,282,1,1.14E+03, long, Rhombus, Pentagon, Pentagon,750,250, 
PAX11,21, M, 250+1000,283,0,4.41E+03, long, Circle, Rhombus, Circle,550,1000, 
PAX11,21, M, 250+1000,284,0,1.99E+03, short, Square, Parallelogram, Square,450,250, 
PAX11,21, M, 250+1000,285,1,4.19E+02, long, Triangle, Circle, Circle,850,250, 
PAX11,21, M, 250+1000,286,0,5.72E+02, short, Parallelogram, Square, Square,250,1000, 
PAX11,21, M, 250+1000,287,1,6.67E+02, short, Pentagon, Square, Pentagon,350,250, 
PAX11,21, M, 250+1000,288,0,1.55E+03, long, Square, Parallelogram, Parallelogram,450,1000, 
PAX11,21, M, 250+1000,289,0,1.52E+03, long, Square, Pentagon, Pentagon,650,1000, 
PAX11,21, M, 250+1000,290,1,1.02E+03, long, Pentagon, Circle, Pentagon,550,250, 
PAX11,21, M, 250+1000,291,0,1.53E+03, short, Pentagon, Triangle, Pentagon,350,1000, 
PAX11,21, M, 250+1000,292,1,1.49E+03, long, Rhombus, Triangle, Rhombus,650,1000, 
PAX11,21, M, 250+1000,293,1,1.25E+03, short, Triangle, Square, Square,350,1000, 
PAX11,21, M, 250+1000,294,1,6.88E+02, short, Square, Rhombus, Rhombus,350,250, 
PAX11,21, M, 250+1000,295,1,1.06E+03, long, Rhombus, Square, Rhombus,550,250, 
PAX11,21, M, 250+1000,296,0,1.01E+03, long, Pentagon, Rhombus, Rhombus,850,250, 
PAX11,21, M, 250+1000,297,0,7.24E+02, short, Triangle, Parallelogram, Triangle,250,250, 
PAX11,21, M, 250+1000,298,1,6.94E+02, short, Rhombus, Square, Square,250,250, 
PAX11,21, M, 250+1000,299,0,2.73E+03, long, Triangle, Rhombus, Triangle,750,1000, 
PAX11,21, M, 250+1000,300,0,7.06E+02, long, Rhombus, Parallelogram, Parallelogram,550,250, 
PAX11,21, M, 250+1000,301,0,6.61E+02, short, Rhombus, Parallelogram, Rhombus,250,250, 
PAX11,21, M, 250+1000,302,1,6.91E+02, short, Circle, Triangle, Circle,250,1000, 
PAX11,21, M, 250+1000,303,1,4.99E+02, long, Parallelogram, Triangle, Triangle,750,250, 
PAX11,21, M, 250+1000,304,0,1.67E+03, long, Circle, Parallelogram, Circle,450,1000, 
PAX11,21, M, 250+1000,305,1,1.90E+03, long, Triangle, Square, Triangle,650,1000, 
PAX11,21, M, 250+1000,306,0,1.89E+03, long, Parallelogram, Circle, Parallelogram,350,1000, 
PAX11,21, M, 250+1000,307,1,1.42E+03, short, Triangle, Pentagon, Triangle,350,1000, 
PAX11,21, M, 250+1000,308,1,2.17E+03, short, Pentagon, Circle, Circle,750,250, 
PAX11,21, M, 250+1000,309,0,6.58E+02, short, Square, Rhombus, Square,350,250, 
PAX11,21, M, 250+1000,310,1,7.60E+02, long, Parallelogram, Pentagon, Pentagon,550,250, 
PAX11,21, M, 250+1000,311,1,3.92E+02, long, Parallelogram, Triangle, Parallelogram,650,1000, 
PAX11,21, M, 250+1000,312,1,1.22E+03, long, Circle, Square, Square,750,250, 
PAX11,21, M, 250+1000,313,0,6.35E+02, short, Circle, Rhombus, Rhombus,350,250, 
PAX11,21, M, 250+1000,314,1,4.97E+02, long, Triangle, Square, Square,650,250, 
PAX11,21, M, 250+1000,315,1,3.05E+03, short, Triangle, Pentagon, Triangle,450,1000, 
PAX11,21, M, 250+1000,316,1,9.20E+02, short, Parallelogram, Circle, Circle,350,1000, 
PAX11,21, M, 250+1000,317,0,4.54E+02, long, Circle, Parallelogram, Parallelogram,750,1000, 
PAX11,21, M, 250+1000,318,1,4.54E+02, long, Parallelogram, Circle, Circle,850,1000, 
PAX11,21, M, 250+1000,319,0,1.27E+03, short, Parallelogram, Triangle, Parallelogram,350,1000, 
PAX11,21, M, 250+1000,320,1,2.51E+03, short, Square, Circle, Circle,450,250, 
PAX11,21, M, 250+1000,321,1,4.48E+02, long, Square, Rhombus, Rhombus,650,1000, 
PAX11,21, M, 250+1000,322,0,7.02E+02, short, Triangle, Square, Triangle,450,250, 
PAX11,21, M, 250+1000,323,0,5.86E+02, long, Square, Rhombus, Rhombus,650,1000, 
PAX11,21, M, 250+1000,324,0,2.09E+03, short, Square, Pentagon, Pentagon,650,250, 
PAX11,21, M, 250+1000,325,0,6.67E+02, long, Pentagon, Square, Square,850,250, 
PAX11,21, M, 250+1000,326,0,3.18E+03, short, Parallelogram, Rhombus, Rhombus,250,250, 
PAX11,21, M, 250+1000,327,0,1.64E+03, long, Triangle, Square, Square,250,250, 
PAX11,21, M, 250+1000,328,0,3.62E+02, long, Pentagon, Circle, Pentagon,550,1000, 
PAX11,21, M, 250+1000,329,0,4.81E+02, long, Pentagon, Parallelogram, Parallelogram,650,1000, 
PAX11,21, M, 250+1000,330,0,7.71E+02, long, Circle, Triangle, Triangle,750,250, 
PAX11,21, M, 250+1000,331,1,7.91E+02, short, Parallelogram, Pentagon, Pentagon,350,1000, 
PAX11,21, M, 250+1000,332,0,1.17E+03, long, Rhombus, Pentagon, Rhombus,850,250, 
PAX11,21, M, 250+1000,333,1,8.51E+02, short, Parallelogram, Triangle, Triangle,250,250, 
PAX11,21, M, 250+1000,334,1,1.13E+03, long, Circle, Pentagon, Circle,750,250, 
PAX11,21, M, 250+1000,335,0,1.50E+03, long, Triangle, Square, Square,750,250, 
PAX11,21, M, 250+1000,336,0,1.23E+03, long, Triangle, Rhombus, Rhombus,850,250, 
PAX11,21, M, 250+1000,337,0,1.09E+03, short, Rhombus, Parallelogram, Rhombus,250,1000, 
PAX11,21, M, 250+1000,338,0,4.94E+02, long, Square, Pentagon, Pentagon,650,1000, 
PAX11,21, M, 250+1000,339,1,4.32E+02, long, Triangle, Square, Square,650,250, 
PAX11,21, M, 250+1000,340,0,1.02E+03, long, Pentagon, Parallelogram, Parallelogram,450,250, 
PAX11,21, M, 250+1000,341,1,1.03E+03, short, Square, Pentagon, Square,250,250, 
PAX11,21, M, 250+1000,342,0,2.66E+03, long, Triangle, Circle, Circle,850,250, 
PAX11,21, M, 250+1000,343,1,7.51E+02, long, Pentagon, Rhombus, Rhombus,850,1000, 
PAX11,21, M, 250+1000,344,0,2.53E+03, short, Circle, Parallelogram, Parallelogram,350,250, 
PAX11,21, M, 250+1000,345,1,8.23E+02, short, Triangle, Rhombus, Triangle,250,250, 
PAX11,21, M, 250+1000,346,0,8.37E+02, short, Triangle, Pentagon, Pentagon,250,250, 
PAX11,21, M, 250+1000,347,1,1.60E+03, short, Triangle, Pentagon, Triangle,250,250, 
PAX11,21, M, 250+1000,348,0,1.55E+03, long, Pentagon, Rhombus, Rhombus,450,1000, 
PAX11,21, M, 250+1000,349,0,1.59E+03, long, Circle, Rhombus, Circle,550,1000, 
PAX11,21, M, 250+1000,350,1,8.92E+02, long, Rhombus, Pentagon, Pentagon,650,250, 
PAX11,21, M, 250+1000,351,0,4.31E+02, long, Square, Circle, Circle,650,1000, 
PAX11,21, M, 250+1000,352,0,1.39E+03, long, Pentagon, Rhombus, Rhombus,650,1000, 
PAX11,21, M, 250+1000,353,0,1.56E+03, long, Pentagon, Square, Pentagon,750,250, 
PAX11,21, M, 250+1000,354,0,3.46E+02, long, Parallelogram, Square, Square,750,1000, 
PAX11,21, M, 250+1000,355,1,4.12E+02, long, Rhombus, Pentagon, Pentagon,650,1000, 
PAX11,21, M, 250+1000,356,0,4.94E+02, long, Square, Parallelogram, Parallelogram,650,250, 
PAX11,21, M, 250+1000,357,1,5.44E+02, short, Rhombus, Square, Rhombus,250,1000, 
PAX11,21, M, 250+1000,358,0,4.20E+02, long, Parallelogram, Square, Square,850,250, 
PAX11,21, M, 250+1000,359,1,1.75E+03, short, Rhombus, Pentagon, Rhombus,750,250, 
PAX11,21, M, 250+1000,360,1,2.56E+03, short, Circle, Square, Square,450,250, 
PAX11,21, M, 250+1000,361,0,1.66E+03, long, Circle, Parallelogram, Parallelogram,650,250, 
PAX11,21, M, 250+1000,362,1,1.88E+03, long, Parallelogram, Rhombus, Rhombus,750,1000, 
PAX11,21, M, 250+1000,363,0,1.67E+03, long, Square, Triangle, Triangle,650,1000, 
PAX11,21, M, 250+1000,364,1,5.92E+02, long, Triangle, Parallelogram, Parallelogram,650,250, 
PAX11,21, M, 250+1000,365,1,6.97E+02, short, Rhombus, Circle, Rhombus,350,1000, 
PAX11,21, M, 250+1000,366,0,9.94E+02, long, Circle, Parallelogram, Parallelogram,750,1000, 
PAX11,21, M, 250+1000,367,0,2.63E+03, short, Triangle, Square, Triangle,250,1000, 
PAX11,21, M, 250+1000,368,1,1.32E+03, long, Rhombus, Pentagon, Pentagon,450,250, 
PAX11,21, M, 250+1000,369,0,1.57E+03, short, Parallelogram, Triangle, Parallelogram,450,1000, 
PAX11,21, M, 250+1000,370,1,3.02E+03, long, Circle, Square, Square,850,250, 
PAX11,21, M, 250+1000,371,1,6.65E+02, long, Parallelogram, Square, Parallelogram,550,1000, 
PAX11,21, M, 250+1000,372,0,1.04E+03, short, Parallelogram, Pentagon, Pentagon,450,1000, 
PAX11,21, M, 250+1000,373,1,6.47E+02, long, Square, Rhombus, Rhombus,850,1000, 
PAX11,21, M, 250+1000,374,1,1.18E+03, short, Triangle, Circle, Circle,350,1000, 
PAX11,21, M, 250+1000,375,1,1.94E+03, long, Pentagon, Square, Square,750,1000, 
PAX11,21, M, 250+1000,376,1,7.62E+02, long, Triangle, Parallelogram, Triangle,750,1000, 
PAX11,21, M, 250+1000,377,0,9.44E+02, short, Triangle, Rhombus, Rhombus,450,250, 
PAX11,21, M, 250+1000,378,1,2.11E+03, long, Circle, Parallelogram, Circle,550,250, 
PAX11,21, M, 250+1000,379,1,3.56E+02, long, Triangle, Circle, Circle,750,250, 
PAX11,21, M, 250+1000,380,0,7.61E+02, short, Triangle, Pentagon, Pentagon,450,1000, 
PAX11,21, M, 250+1000,381,0,1.23E+03, short, Rhombus, Circle, Rhombus,250,1000, 
PAX11,21, M, 250+1000,382,0,1.19E+03, long, Triangle, Rhombus, Triangle,750,1000, 
PAX11,21, M, 250+1000,383,1,8.92E+02, short, Parallelogram, Rhombus, Rhombus,350,250, 
PAX11,21, M, 250+1000,384,1,1.36E+03, long, Circle, Pentagon, Circle,650,1000, 
PAX11,21, M, 250+1000,385,0,2.36E+03, long, Rhombus, Pentagon, Pentagon,650,250, 
PAX11,21, M, 250+1000,386,0,2.02E+03, short, Square, Circle, Square,350,1000, 
PAX11,21, M, 250+1000,387,1,6.21E+02, short, Circle, Square, Circle,250,1000, 
PAX11,21, M, 250+1000,388,1,6.79E+02, short, Parallelogram, Triangle, Triangle,250,250, 
PAX11,21, M, 250+1000,389,0,8.51E+02, long, Rhombus, Square, Rhombus,450,1000, 
PAX11,21, M, 250+1000,390,0,2.30E+03, long, Triangle, Rhombus, Rhombus,750,250, 
PAX11,21, M, 250+1000,391,0,2.77E+03, long, Rhombus, Triangle, Triangle,750,1000, 
PAX11,21, M, 250+1000,392,1,6.09E+02, long, Square, Pentagon, Pentagon,350,250, 
PAX11,21, M, 250+1000,393,0,7.87E+02, short, Parallelogram, Square, Parallelogram,350,250, 
PAX11,21, M, 250+1000,394,0,2.36E+03, long, Parallelogram, Square, Square,450,250, 
PAX11,21, M, 250+1000,395,1,1.43E+03, long, Circle, Pentagon, Pentagon,550,1000, 
PAX11,21, M, 250+1000,396,1,6.69E+02, short, Square, Triangle, Square,250,1000, 
PAX11,21, M, 250+1000,397,1,2.56E+03, short, Triangle, Rhombus, Triangle,250,250, 
PAX11,21, M, 250+1000,398,1,2.10E+03, long, Pentagon, Parallelogram, Parallelogram,550,250, 
PAX11,21, M, 250+1000,399,1,2.88E+03, long, Circle, Parallelogram, Circle,650,1000, 
PAX11,21, M, 250+1000,400,0,2.22E+03, long, Circle, Square, Square,650,250, 
PAX11,21, M, 250+1000,401,1,7.06E+02, long, Square, Circle, Square,750,250, 
PAX11,21, M, 250+1000,402,0,1.05E+03, short, Pentagon, Triangle, Pentagon,250,250, 
PAX11,21, M, 250+1000,403,1,5.63E+02, long, Parallelogram, Pentagon, Pentagon,850,250, 
PAX11,21, M, 250+1000,404,1,1.70E+03, short, Parallelogram, Square, Parallelogram,450,1000, 
PAX11,21, M, 250+1000,405,0,1.89E+03, long, Circle, Parallelogram, Parallelogram,650,1000, 
PAX11,21, M, 250+1000,406,0,1.27E+03, long, Circle, Parallelogram, Parallelogram,850,1000, 
PAX11,21, M, 250+1000,407,1,1.24E+03, long, Rhombus, Pentagon, Rhombus,650,1000, 
PAX11,21, M, 250+1000,408,1,3.10E+03, long, Rhombus, Parallelogram, Parallelogram,450,1000, 
PAX11,21, M, 250+1000,409,1,1.20E+03, long, Circle, Rhombus, Circle,850,1000, 
PAX11,21, M, 250+1000,410,1,2.70E+03, long, Parallelogram, Square, Square,450,1000, 
PAX11,21, M, 250+1000,411,1,1.20E+03, short, Pentagon, Square, Pentagon,450,1000, 
PAX11,21, M, 250+1000,412,1,4.76E+02, long, Triangle, Pentagon, Pentagon,650,250, 
PAX11,21, M, 250+1000,413,0,7.09E+02, long, Square, Parallelogram, Parallelogram,750,1000, 
PAX11,21, M, 250+1000,414,1,4.24E+02, long, Circle, Rhombus, Circle,650,250, 
PAX11,21, M, 250+1000,415,1,2.63E+02, long, Pentagon, Parallelogram, Parallelogram,850,1000, 
PAX11,21, M, 250+1000,416,0,6.62E+02, short, Parallelogram, Triangle, Parallelogram,250,1000, 
PAX11,21, M, 250+1000,417,0,7.20E+02, short, Rhombus, Circle, Rhombus,450,250, 
PAX11,21, M, 250+1000,418,0,3.78E+02, long, Pentagon, Circle, Pentagon,850,250, 
PAX11,21, M, 250+1000,419,1,1.34E+03, short, Triangle, Parallelogram, Parallelogram,450,1000, 
PAX11,21, M, 250+1000,420,1,6.68E+02, short, Parallelogram, Circle, Parallelogram,250,250, 
