﻿Subject ID, Subject Age, Gender, Group, TrialNumber, Intended or Unintended Outcome, Reaction Time on Outcome Response, Response - Short or Long, Left Image Code, Right Image Code, Chosen Image Code, Objective Duration of Stimulus, Stimulus Delay,
PAX25,18, M, 250+1000,1,1,7.14E+02, long, Pentagon, Circle, Circle,750,250, 
PAX25,18, M, 250+1000,2,1,6.65E+02, short, Circle, Triangle, Triangle,350,1000, 
PAX25,18, M, 250+1000,3,1,6.71E+02, short, Square, Triangle, Triangle,350,1000, 
PAX25,18, M, 250+1000,4,0,4.66E+03, short, Parallelogram, Triangle, Triangle,850,250, 
PAX25,18, M, 250+1000,5,1,4.31E+02, long, Pentagon, Square, Square,750,1000, 
PAX25,18, M, 250+1000,6,1,6.31E+02, long, Square, Circle, Circle,750,1000, 
PAX25,18, M, 250+1000,7,1,5.90E+02, long, Square, Pentagon, Pentagon,650,1000, 
PAX25,18, M, 250+1000,8,0,9.56E+02, long, Rhombus, Parallelogram, Parallelogram,850,1000, 
PAX25,18, M, 250+1000,9,0,6.38E+02, short, Triangle, Parallelogram, Parallelogram,350,250, 
PAX25,18, M, 250+1000,10,1,1.06E+03, short, Triangle, Parallelogram, Parallelogram,450,250, 
PAX25,18, M, 250+1000,11,1,6.28E+02, short, Circle, Square, Square,250,250, 
PAX25,18, M, 250+1000,12,1,6.34E+02, short, Circle, Rhombus, Rhombus,350,1000, 
PAX25,18, M, 250+1000,13,0,2.11E+03, short, Parallelogram, Circle, Parallelogram,550,1000, 
PAX25,18, M, 250+1000,14,0,6.60E+02, short, Parallelogram, Circle, Parallelogram,350,1000, 
PAX25,18, M, 250+1000,15,0,4.66E+02, long, Parallelogram, Pentagon, Parallelogram,750,1000, 
PAX25,18, M, 250+1000,16,0,1.50E+03, short, Parallelogram, Square, Parallelogram,550,250, 
PAX25,18, M, 250+1000,17,0,6.87E+02, short, Rhombus, Triangle, Rhombus,250,1000, 
PAX25,18, M, 250+1000,18,0,9.01E+02, short, Circle, Pentagon, Pentagon,250,250, 
PAX25,18, M, 250+1000,19,0,1.19E+03, short, Triangle, Rhombus, Rhombus,450,1000, 
PAX25,18, M, 250+1000,20,1,5.23E+02, long, Circle, Parallelogram, Parallelogram,750,1000, 
PAX25,18, M, 250+1000,21,1,3.85E+02, long, Rhombus, Circle, Circle,850,250, 
PAX25,18, M, 250+1000,22,0,9.51E+02, short, Parallelogram, Triangle, Parallelogram,450,250, 
PAX25,18, M, 250+1000,23,1,6.84E+02, short, Circle, Square, Square,250,250, 
PAX25,18, M, 250+1000,24,0,5.19E+02, short, Triangle, Parallelogram, Parallelogram,250,1000, 
PAX25,18, M, 250+1000,25,0,7.11E+02, short, Square, Parallelogram, Square,250,1000, 
PAX25,18, M, 250+1000,26,1,5.50E+02, short, Square, Rhombus, Square,250,250, 
PAX25,18, M, 250+1000,27,0,3.49E+02, long, Parallelogram, Triangle, Parallelogram,850,250, 
PAX25,18, M, 250+1000,28,0,4.00E+02, long, Triangle, Parallelogram, Triangle,650,1000, 
PAX25,18, M, 250+1000,29,1,4.74E+02, long, Circle, Rhombus, Circle,550,1000, 
PAX25,18, M, 250+1000,30,1,9.46E+02, short, Circle, Pentagon, Circle,550,250, 
PAX25,18, M, 250+1000,31,1,6.38E+02, short, Rhombus, Circle, Rhombus,250,1000, 
PAX25,18, M, 250+1000,32,1,8.06E+02, short, Rhombus, Circle, Circle,250,250, 
PAX25,18, M, 250+1000,33,1,5.82E+02, short, Circle, Rhombus, Rhombus,250,250, 
PAX25,18, M, 250+1000,34,0,4.14E+02, long, Pentagon, Square, Square,750,250, 
PAX25,18, M, 250+1000,35,0,3.04E+03, short, Pentagon, Circle, Circle,550,250, 
PAX25,18, M, 250+1000,36,0,5.49E+02, short, Parallelogram, Square, Square,250,250, 
PAX25,18, M, 250+1000,37,1,1.74E+03, long, Rhombus, Triangle, Triangle,450,1000, 
PAX25,18, M, 250+1000,38,0,5.98E+02, short, Pentagon, Circle, Circle,250,1000, 
PAX25,18, M, 250+1000,39,0,7.89E+02, short, Square, Parallelogram, Parallelogram,350,250, 
PAX25,18, M, 250+1000,40,1,5.19E+02, long, Circle, Parallelogram, Parallelogram,550,1000, 
PAX25,18, M, 250+1000,41,1,2.50E+03, long, Triangle, Pentagon, Pentagon,350,1000, 
PAX25,18, M, 250+1000,42,1,4.18E+03, short, Square, Circle, Circle,750,250, 
PAX25,18, M, 250+1000,43,0,5.39E+02, long, Square, Pentagon, Pentagon,550,1000, 
PAX25,18, M, 250+1000,44,1,6.01E+02, short, Rhombus, Square, Square,350,250, 
PAX25,18, M, 250+1000,45,1,3.13E+02, long, Triangle, Circle, Circle,850,1000, 
PAX25,18, M, 250+1000,46,1,4.99E+02, long, Circle, Square, Square,750,1000, 
PAX25,18, M, 250+1000,47,0,6.47E+02, short, Triangle, Rhombus, Rhombus,350,1000, 
PAX25,18, M, 250+1000,48,1,5.62E+02, short, Circle, Square, Square,350,250, 
PAX25,18, M, 250+1000,49,1,3.50E+02, long, Square, Triangle, Triangle,750,250, 
PAX25,18, M, 250+1000,50,1,4.56E+02, long, Rhombus, Triangle, Triangle,650,250, 
PAX25,18, M, 250+1000,51,1,9.32E+02, long, Circle, Square, Square,650,250, 
PAX25,18, M, 250+1000,52,1,6.66E+02, short, Square, Triangle, Triangle,250,250, 
PAX25,18, M, 250+1000,53,1,6.12E+02, short, Rhombus, Triangle, Triangle,350,250, 
PAX25,18, M, 250+1000,54,0,8.26E+02, short, Circle, Triangle, Triangle,450,1000, 
PAX25,18, M, 250+1000,55,0,6.22E+02, short, Parallelogram, Triangle, Triangle,350,250, 
PAX25,18, M, 250+1000,56,1,2.31E+03, long, Rhombus, Square, Square,450,250, 
PAX25,18, M, 250+1000,57,0,6.04E+02, short, Square, Triangle, Triangle,450,250, 
PAX25,18, M, 250+1000,58,1,2.17E+03, long, Pentagon, Parallelogram, Parallelogram,850,250, 
PAX25,18, M, 250+1000,59,1,6.98E+02, short, Pentagon, Parallelogram, Parallelogram,350,250, 
PAX25,18, M, 250+1000,60,0,3.70E+02, long, Circle, Parallelogram, Parallelogram,750,250, 
PAX25,18, M, 250+1000,61,1,3.72E+02, long, Triangle, Square, Square,850,250, 
PAX25,18, M, 250+1000,62,1,5.27E+03, short, Rhombus, Pentagon, Pentagon,450,1000, 
PAX25,18, M, 250+1000,63,1,8.09E+02, long, Rhombus, Triangle, Triangle,650,1000, 
PAX25,18, M, 250+1000,64,1,3.67E+02, long, Triangle, Pentagon, Pentagon,850,1000, 
PAX25,18, M, 250+1000,65,1,1.42E+03, long, Triangle, Square, Square,850,1000, 
PAX25,18, M, 250+1000,66,0,1.50E+03, long, Parallelogram, Triangle, Triangle,550,250, 
PAX25,18, M, 250+1000,67,1,5.81E+02, short, Rhombus, Circle, Circle,350,250, 
PAX25,18, M, 250+1000,68,1,4.25E+02, long, Parallelogram, Rhombus, Rhombus,750,250, 
PAX25,18, M, 250+1000,69,0,4.39E+02, long, Circle, Square, Square,850,1000, 
PAX25,18, M, 250+1000,70,0,7.31E+02, short, Square, Parallelogram, Parallelogram,550,250, 
PAX25,18, M, 250+1000,71,0,2.14E+03, long, Circle, Rhombus, Rhombus,850,250, 
PAX25,18, M, 250+1000,72,0,7.63E+02, short, Pentagon, Rhombus, Rhombus,550,1000, 
PAX25,18, M, 250+1000,73,1,1.07E+03, short, Circle, Triangle, Triangle,850,250, 
PAX25,18, M, 250+1000,74,0,4.82E+02, long, Pentagon, Rhombus, Rhombus,850,250, 
PAX25,18, M, 250+1000,75,0,2.11E+03, long, Triangle, Parallelogram, Parallelogram,650,1000, 
PAX25,18, M, 250+1000,76,0,7.54E+02, short, Triangle, Rhombus, Rhombus,450,250, 
PAX25,18, M, 250+1000,77,0,9.12E+02, short, Square, Rhombus, Square,450,1000, 
PAX25,18, M, 250+1000,78,0,4.64E+02, long, Triangle, Circle, Triangle,750,250, 
PAX25,18, M, 250+1000,79,1,7.00E+02, short, Circle, Square, Circle,250,1000, 
PAX25,18, M, 250+1000,80,0,1.78E+03, short, Parallelogram, Pentagon, Parallelogram,350,250, 
PAX25,18, M, 250+1000,81,0,2.66E+03, short, Triangle, Circle, Triangle,650,1000, 
PAX25,18, M, 250+1000,82,1,3.70E+02, long, Triangle, Square, Triangle,650,250, 
PAX25,18, M, 250+1000,83,0,3.53E+02, long, Triangle, Rhombus, Triangle,850,250, 
PAX25,18, M, 250+1000,84,1,4.38E+03, short, Rhombus, Pentagon, Rhombus,550,250, 
PAX25,18, M, 250+1000,85,0,4.15E+02, long, Parallelogram, Triangle, Parallelogram,550,1000, 
PAX25,18, M, 250+1000,86,0,4.29E+02, long, Pentagon, Rhombus, Rhombus,750,1000, 
PAX25,18, M, 250+1000,87,1,3.06E+02, long, Parallelogram, Rhombus, Rhombus,850,250, 
PAX25,18, M, 250+1000,88,0,4.12E+02, long, Pentagon, Circle, Circle,650,250, 
PAX25,18, M, 250+1000,89,0,7.74E+02, short, Triangle, Rhombus, Rhombus,450,1000, 
PAX25,18, M, 250+1000,90,0,3.82E+02, long, Parallelogram, Circle, Circle,750,250, 
PAX25,18, M, 250+1000,91,0,3.64E+02, long, Parallelogram, Square, Square,750,250, 
PAX25,18, M, 250+1000,92,1,9.50E+02, short, Pentagon, Circle, Circle,550,1000, 
PAX25,18, M, 250+1000,93,1,2.04E+03, short, Parallelogram, Square, Square,650,1000, 
PAX25,18, M, 250+1000,94,1,4.64E+02, long, Pentagon, Triangle, Triangle,650,1000, 
PAX25,18, M, 250+1000,95,1,5.80E+02, short, Circle, Square, Square,650,250, 
PAX25,18, M, 250+1000,96,1,5.97E+02, short, Parallelogram, Square, Square,350,250, 
PAX25,18, M, 250+1000,97,1,3.04E+02, long, Circle, Rhombus, Rhombus,850,1000, 
PAX25,18, M, 250+1000,98,1,5.85E+02, short, Parallelogram, Pentagon, Pentagon,350,250, 
PAX25,18, M, 250+1000,99,1,5.80E+02, long, Rhombus, Parallelogram, Parallelogram,750,1000, 
PAX25,18, M, 250+1000,100,1,6.06E+02, short, Pentagon, Triangle, Triangle,250,250, 
PAX25,18, M, 250+1000,101,1,1.84E+03, long, Square, Circle, Circle,750,1000, 
PAX25,18, M, 250+1000,102,0,6.55E+02, short, Rhombus, Parallelogram, Parallelogram,550,250, 
PAX25,18, M, 250+1000,103,1,5.47E+02, short, Rhombus, Circle, Circle,550,250, 
PAX25,18, M, 250+1000,104,0,3.53E+02, long, Rhombus, Square, Square,850,250, 
PAX25,18, M, 250+1000,105,0,7.91E+02, short, Pentagon, Triangle, Triangle,650,250, 
PAX25,18, M, 250+1000,106,1,8.63E+02, short, Pentagon, Parallelogram, Parallelogram,550,250, 
PAX25,18, M, 250+1000,107,0,2.47E+03, short, Rhombus, Triangle, Triangle,650,250, 
PAX25,18, M, 250+1000,108,0,7.97E+02, short, Triangle, Rhombus, Rhombus,350,1000, 
PAX25,18, M, 250+1000,109,1,5.99E+02, short, Triangle, Rhombus, Rhombus,350,1000, 
PAX25,18, M, 250+1000,110,1,1.23E+03, short, Pentagon, Rhombus, Rhombus,450,250, 
PAX25,18, M, 250+1000,111,1,1.14E+03, short, Triangle, Pentagon, Pentagon,550,250, 
PAX25,18, M, 250+1000,112,0,6.28E+03, short, Parallelogram, Circle, Circle,650,1000, 
PAX25,18, M, 250+1000,113,0,5.38E+02, long, Rhombus, Triangle, Triangle,650,1000, 
PAX25,18, M, 250+1000,114,1,1.91E+03, short, Circle, Parallelogram, Parallelogram,650,250, 
PAX25,18, M, 250+1000,115,0,2.36E+03, short, Square, Triangle, Triangle,550,1000, 
PAX25,18, M, 250+1000,116,0,6.54E+02, short, Parallelogram, Triangle, Triangle,450,1000, 
PAX25,18, M, 250+1000,117,1,6.94E+02, long, Square, Rhombus, Rhombus,550,1000, 
PAX25,18, M, 250+1000,118,1,6.82E+02, long, Pentagon, Parallelogram, Parallelogram,750,250, 
PAX25,18, M, 250+1000,119,0,7.41E+02, short, Circle, Square, Square,250,1000, 
PAX25,18, M, 250+1000,120,1,5.61E+02, long, Pentagon, Circle, Circle,750,250, 
PAX25,18, M, 250+1000,121,0,6.11E+02, long, Parallelogram, Rhombus, Rhombus,550,1000, 
PAX25,18, M, 250+1000,122,1,1.07E+03, short, Square, Rhombus, Rhombus,450,250, 
PAX25,18, M, 250+1000,123,0,5.89E+02, short, Pentagon, Rhombus, Rhombus,250,250, 
PAX25,18, M, 250+1000,124,1,7.84E+02, short, Triangle, Circle, Circle,750,250, 
PAX25,18, M, 250+1000,125,1,4.32E+03, long, Rhombus, Pentagon, Pentagon,750,250, 
PAX25,18, M, 250+1000,126,1,2.37E+03, short, Square, Parallelogram, Parallelogram,450,1000, 
PAX25,18, M, 250+1000,127,1,5.95E+02, short, Parallelogram, Circle, Circle,250,1000, 
PAX25,18, M, 250+1000,128,0,4.97E+02, short, Triangle, Square, Square,350,1000, 
PAX25,18, M, 250+1000,129,1,1.71E+03, short, Rhombus, Triangle, Triangle,550,250, 
PAX25,18, M, 250+1000,130,1,2.87E+02, long, Triangle, Pentagon, Pentagon,750,250, 
PAX25,18, M, 250+1000,131,0,4.89E+02, short, Parallelogram, Rhombus, Rhombus,550,250, 
PAX25,18, M, 250+1000,132,1,4.60E+02, long, Circle, Pentagon, Pentagon,750,250, 
PAX25,18, M, 250+1000,133,0,2.59E+03, short, Square, Circle, Circle,550,250, 
PAX25,18, M, 250+1000,134,0,1.06E+03, short, Parallelogram, Circle, Circle,250,1000, 
PAX25,18, M, 250+1000,135,0,4.36E+02, long, Circle, Rhombus, Rhombus,550,250, 
PAX25,18, M, 250+1000,136,1,5.39E+02, short, Parallelogram, Rhombus, Rhombus,350,250, 
PAX25,18, M, 250+1000,137,0,5.70E+02, short, Triangle, Parallelogram, Parallelogram,450,250, 
PAX25,18, M, 250+1000,138,0,4.32E+02, long, Rhombus, Circle, Circle,750,1000, 
PAX25,18, M, 250+1000,139,1,5.14E+02, short, Square, Triangle, Triangle,450,1000, 
PAX25,18, M, 250+1000,140,0,6.44E+02, short, Pentagon, Rhombus, Rhombus,550,1000, 
PAX25,18, M, 250+1000,141,1,6.54E+02, short, Square, Rhombus, Rhombus,250,250, 
PAX25,18, M, 250+1000,142,1,1.64E+03, long, Pentagon, Parallelogram, Parallelogram,450,1000, 
PAX25,18, M, 250+1000,143,1,6.34E+02, short, Triangle, Parallelogram, Parallelogram,350,1000, 
PAX25,18, M, 250+1000,144,0,1.10E+03, short, Square, Pentagon, Pentagon,450,1000, 
PAX25,18, M, 250+1000,145,0,2.71E+03, short, Parallelogram, Circle, Circle,450,1000, 
PAX25,18, M, 250+1000,146,0,5.11E+02, short, Rhombus, Circle, Circle,250,250, 
PAX25,18, M, 250+1000,147,1,4.56E+02, long, Pentagon, Parallelogram, Parallelogram,850,1000, 
PAX25,18, M, 250+1000,148,0,4.18E+03, short, Pentagon, Square, Square,650,250, 
PAX25,18, M, 250+1000,149,0,5.25E+02, short, Rhombus, Pentagon, Pentagon,250,250, 
PAX25,18, M, 250+1000,150,0,7.67E+02, short, Rhombus, Circle, Circle,450,250, 
PAX25,18, M, 250+1000,151,0,3.07E+02, long, Parallelogram, Square, Square,750,250, 
PAX25,18, M, 250+1000,152,0,3.61E+02, long, Triangle, Square, Square,850,1000, 
PAX25,18, M, 250+1000,153,0,8.61E+02, short, Rhombus, Square, Square,450,250, 
PAX25,18, M, 250+1000,154,0,1.55E+03, long, Circle, Pentagon, Pentagon,750,1000, 
PAX25,18, M, 250+1000,155,1,5.98E+02, short, Pentagon, Square, Square,350,1000, 
PAX25,18, M, 250+1000,156,0,6.48E+02, short, Square, Rhombus, Rhombus,350,250, 
PAX25,18, M, 250+1000,157,0,7.85E+02, long, Rhombus, Circle, Circle,750,1000, 
PAX25,18, M, 250+1000,158,1,6.15E+02, short, Triangle, Square, Square,450,1000, 
PAX25,18, M, 250+1000,159,1,4.08E+03, long, Pentagon, Circle, Circle,650,1000, 
PAX25,18, M, 250+1000,160,1,4.19E+02, long, Square, Rhombus, Rhombus,750,250, 
PAX25,18, M, 250+1000,161,0,5.19E+02, short, Pentagon, Triangle, Triangle,450,250, 
PAX25,18, M, 250+1000,162,0,1.80E+03, short, Circle, Triangle, Triangle,550,1000, 
PAX25,18, M, 250+1000,163,1,9.44E+02, long, Rhombus, Parallelogram, Parallelogram,750,250, 
PAX25,18, M, 250+1000,164,0,3.80E+03, short, Pentagon, Rhombus, Rhombus,750,250, 
PAX25,18, M, 250+1000,165,1,4.36E+02, long, Parallelogram, Circle, Circle,850,250, 
PAX25,18, M, 250+1000,166,1,5.94E+02, short, Circle, Triangle, Triangle,450,250, 
PAX25,18, M, 250+1000,167,0,3.60E+02, long, Triangle, Circle, Circle,750,1000, 
PAX25,18, M, 250+1000,168,0,5.68E+02, long, Square, Rhombus, Rhombus,550,250, 
PAX25,18, M, 250+1000,169,0,4.97E+02, short, Pentagon, Triangle, Triangle,250,250, 
PAX25,18, M, 250+1000,170,0,2.17E+02, long, Parallelogram, Rhombus, Rhombus,750,1000, 
PAX25,18, M, 250+1000,171,0,2.28E+02, long, Square, Circle, Circle,650,250, 
PAX25,18, M, 250+1000,172,1,2.70E+02, long, Triangle, Parallelogram, Parallelogram,750,250, 
PAX25,18, M, 250+1000,173,0,2.55E+03, long, Triangle, Pentagon, Pentagon,550,1000, 
PAX25,18, M, 250+1000,174,0,2.56E+02, long, Parallelogram, Rhombus, Rhombus,850,250, 
PAX25,18, M, 250+1000,175,1,4.26E+02, short, Pentagon, Parallelogram, Parallelogram,350,1000, 
PAX25,18, M, 250+1000,176,1,4.62E+02, short, Circle, Pentagon, Pentagon,250,1000, 
PAX25,18, M, 250+1000,177,1,4.94E+02, short, Triangle, Pentagon, Pentagon,450,250, 
PAX25,18, M, 250+1000,178,1,2.74E+02, long, Triangle, Pentagon, Pentagon,750,1000, 
PAX25,18, M, 250+1000,179,0,9.78E+02, short, Parallelogram, Rhombus, Rhombus,650,250, 
PAX25,18, M, 250+1000,180,0,3.05E+03, short, Circle, Triangle, Triangle,550,1000, 
PAX25,18, M, 250+1000,181,1,2.30E+02, long, Rhombus, Pentagon, Pentagon,850,1000, 
PAX25,18, M, 250+1000,182,0,3.50E+02, long, Circle, Square, Square,750,250, 
PAX25,18, M, 250+1000,183,1,2.28E+02, long, Circle, Rhombus, Rhombus,750,1000, 
PAX25,18, M, 250+1000,184,0,8.80E+02, short, Triangle, Pentagon, Pentagon,450,250, 
PAX25,18, M, 250+1000,185,1,3.72E+02, long, Parallelogram, Square, Square,550,1000, 
PAX25,18, M, 250+1000,186,0,7.50E+02, short, Pentagon, Rhombus, Rhombus,450,250, 
PAX25,18, M, 250+1000,187,0,3.66E+02, long, Circle, Pentagon, Pentagon,550,1000, 
PAX25,18, M, 250+1000,188,0,5.84E+02, short, Pentagon, Triangle, Triangle,350,1000, 
PAX25,18, M, 250+1000,189,1,1.32E+03, long, Parallelogram, Pentagon, Pentagon,550,1000, 
PAX25,18, M, 250+1000,190,1,5.07E+02, long, Rhombus, Circle, Circle,450,1000, 
PAX25,18, M, 250+1000,191,0,7.94E+02, short, Triangle, Square, Square,550,250, 
PAX25,18, M, 250+1000,192,0,3.39E+02, long, Square, Parallelogram, Parallelogram,750,1000, 
PAX25,18, M, 250+1000,193,1,2.21E+03, short, Triangle, Square, Square,550,1000, 
PAX25,18, M, 250+1000,194,0,4.61E+02, long, Pentagon, Triangle, Triangle,650,250, 
PAX25,18, M, 250+1000,195,1,6.39E+02, short, Pentagon, Triangle, Triangle,450,250, 
PAX25,18, M, 250+1000,196,1,7.65E+02, short, Pentagon, Triangle, Triangle,550,1000, 
PAX25,18, M, 250+1000,197,1,2.81E+03, short, Triangle, Rhombus, Rhombus,550,1000, 
PAX25,18, M, 250+1000,198,0,2.33E+02, long, Pentagon, Square, Square,750,1000, 
PAX25,18, M, 250+1000,199,1,3.50E+03, short, Square, Circle, Circle,450,1000, 
PAX25,18, M, 250+1000,200,0,3.14E+03, short, Parallelogram, Pentagon, Pentagon,750,1000, 
PAX25,18, M, 250+1000,201,0,2.03E+02, long, Rhombus, Square, Square,850,1000, 
PAX25,18, M, 250+1000,202,1,8.03E+02, short, Square, Triangle, Triangle,650,1000, 
PAX25,18, M, 250+1000,203,1,4.19E+02, long, Square, Pentagon, Pentagon,550,1000, 
PAX25,18, M, 250+1000,204,0,9.25E+02, short, Triangle, Square, Square,650,250, 
PAX25,18, M, 250+1000,205,0,4.82E+02, short, Triangle, Rhombus, Rhombus,350,1000, 
PAX25,18, M, 250+1000,206,0,5.72E+02, short, Parallelogram, Circle, Circle,250,250, 
PAX25,18, M, 250+1000,207,0,2.10E+02, long, Pentagon, Triangle, Triangle,550,1000, 
PAX25,18, M, 250+1000,208,1,3.59E+03, short, Square, Pentagon, Pentagon,550,1000, 
PAX25,18, M, 250+1000,209,1,2.34E+02, long, Rhombus, Pentagon, Pentagon,650,250, 
PAX25,18, M, 250+1000,210,1,3.02E+02, long, Rhombus, Pentagon, Pentagon,550,250, 
PAX25,18, M, 250+1000,211,1,4.17E+02, short, Square, Circle, Circle,250,1000, 
PAX25,18, M, 250+1000,212,1,1.03E+03, long, Circle, Triangle, Triangle,850,250, 
PAX25,18, M, 250+1000,213,1,4.80E+02, short, Triangle, Pentagon, Pentagon,450,1000, 
PAX25,18, M, 250+1000,214,1,3.10E+02, long, Rhombus, Parallelogram, Parallelogram,650,250, 
PAX25,18, M, 250+1000,215,0,4.81E+02, short, Pentagon, Circle, Circle,250,250, 
PAX25,18, M, 250+1000,216,0,6.49E+02, short, Rhombus, Pentagon, Pentagon,350,250, 
PAX25,18, M, 250+1000,217,1,2.51E+02, long, Circle, Triangle, Triangle,650,250, 
PAX25,18, M, 250+1000,218,1,6.82E+02, short, Pentagon, Rhombus, Rhombus,350,250, 
PAX25,18, M, 250+1000,219,0,4.29E+02, short, Square, Triangle, Triangle,250,250, 
PAX25,18, M, 250+1000,220,0,2.51E+02, long, Triangle, Parallelogram, Parallelogram,750,250, 
PAX25,18, M, 250+1000,221,1,6.79E+02, short, Pentagon, Parallelogram, Parallelogram,250,1000, 
PAX25,18, M, 250+1000,222,0,3.04E+02, long, Pentagon, Circle, Circle,850,1000, 
PAX25,18, M, 250+1000,223,0,8.67E+02, short, Circle, Pentagon, Pentagon,450,1000, 
PAX25,18, M, 250+1000,224,0,5.01E+02, short, Rhombus, Square, Square,250,250, 
PAX25,18, M, 250+1000,225,1,2.41E+02, long, Triangle, Circle, Circle,750,1000, 
PAX25,18, M, 250+1000,226,1,5.17E+02, short, Circle, Parallelogram, Parallelogram,550,250, 
PAX25,18, M, 250+1000,227,0,1.17E+03, short, Circle, Parallelogram, Parallelogram,850,250, 
PAX25,18, M, 250+1000,228,1,8.49E+02, short, Square, Rhombus, Rhombus,350,1000, 
PAX25,18, M, 250+1000,229,0,3.81E+02, long, Square, Circle, Circle,850,250, 
PAX25,18, M, 250+1000,230,0,4.17E+02, short, Triangle, Circle, Circle,350,250, 
PAX25,18, M, 250+1000,231,0,4.68E+02, short, Triangle, Pentagon, Pentagon,250,1000, 
PAX25,18, M, 250+1000,232,1,1.75E+03, long, Rhombus, Pentagon, Pentagon,850,250, 
PAX25,18, M, 250+1000,233,0,4.61E+02, long, Parallelogram, Rhombus, Rhombus,750,1000, 
PAX25,18, M, 250+1000,234,0,2.85E+02, long, Circle, Triangle, Triangle,650,250, 
PAX25,18, M, 250+1000,235,1,6.04E+02, short, Rhombus, Parallelogram, Parallelogram,450,250, 
PAX25,18, M, 250+1000,236,0,4.31E+03, long, Pentagon, Circle, Circle,650,250, 
PAX25,18, M, 250+1000,237,0,2.48E+02, long, Rhombus, Square, Square,650,1000, 
PAX25,18, M, 250+1000,238,0,2.40E+02, long, Rhombus, Square, Square,850,1000, 
PAX25,18, M, 250+1000,239,1,6.76E+02, short, Pentagon, Square, Square,350,1000, 
PAX25,18, M, 250+1000,240,0,6.74E+02, short, Parallelogram, Rhombus, Rhombus,350,1000, 
PAX25,18, M, 250+1000,241,1,3.28E+02, long, Parallelogram, Pentagon, Pentagon,850,250, 
PAX25,18, M, 250+1000,242,1,6.36E+02, short, Square, Parallelogram, Parallelogram,250,250, 
PAX25,18, M, 250+1000,243,0,4.66E+03, short, Square, Triangle, Triangle,550,1000, 
PAX25,18, M, 250+1000,244,0,1.74E+03, long, Circle, Triangle, Triangle,750,250, 
PAX25,18, M, 250+1000,245,1,2.50E+02, long, Rhombus, Pentagon, Pentagon,850,1000, 
PAX25,18, M, 250+1000,246,0,2.40E+02, long, Parallelogram, Square, Square,850,250, 
PAX25,18, M, 250+1000,247,1,4.00E+02, long, Parallelogram, Square, Square,550,1000, 
PAX25,18, M, 250+1000,248,1,2.70E+02, long, Square, Pentagon, Pentagon,750,1000, 
PAX25,18, M, 250+1000,249,1,5.96E+02, short, Parallelogram, Pentagon, Pentagon,550,250, 
PAX25,18, M, 250+1000,250,1,2.78E+02, long, Rhombus, Circle, Circle,850,1000, 
PAX25,18, M, 250+1000,251,1,2.73E+02, long, Pentagon, Parallelogram, Parallelogram,750,250, 
PAX25,18, M, 250+1000,252,1,4.90E+02, short, Triangle, Circle, Circle,250,250, 
PAX25,18, M, 250+1000,253,1,4.35E+03, short, Rhombus, Parallelogram, Parallelogram,650,250, 
PAX25,18, M, 250+1000,254,0,5.19E+02, short, Pentagon, Circle, Circle,250,1000, 
PAX25,18, M, 250+1000,255,1,2.89E+02, long, Triangle, Square, Square,850,250, 
PAX25,18, M, 250+1000,256,0,4.36E+02, short, Parallelogram, Triangle, Triangle,350,250, 
PAX25,18, M, 250+1000,257,0,2.31E+02, long, Triangle, Square, Square,850,250, 
PAX25,18, M, 250+1000,258,1,9.13E+02, short, Triangle, Parallelogram, Parallelogram,750,1000, 
PAX25,18, M, 250+1000,259,0,3.10E+02, long, Parallelogram, Pentagon, Pentagon,650,1000, 
PAX25,18, M, 250+1000,260,1,7.03E+03, short, Circle, Triangle, Triangle,750,1000, 
PAX25,18, M, 250+1000,261,1,4.53E+02, short, Triangle, Circle, Circle,250,1000, 
PAX25,18, M, 250+1000,262,0,4.50E+03, short, Rhombus, Circle, Circle,650,1000, 
PAX25,18, M, 250+1000,263,1,7.00E+02, short, Parallelogram, Rhombus, Rhombus,250,250, 
PAX25,18, M, 250+1000,264,1,2.62E+03, short, Square, Circle, Circle,650,1000, 
PAX25,18, M, 250+1000,265,1,3.21E+03, short, Parallelogram, Triangle, Triangle,450,1000, 
PAX25,18, M, 250+1000,266,1,4.32E+02, long, Pentagon, Triangle, Triangle,550,250, 
PAX25,18, M, 250+1000,267,0,4.46E+02, short, Square, Parallelogram, Parallelogram,350,250, 
PAX25,18, M, 250+1000,268,0,1.17E+03, short, Circle, Rhombus, Rhombus,450,1000, 
PAX25,18, M, 250+1000,269,1,2.65E+03, short, Parallelogram, Triangle, Triangle,650,1000, 
PAX25,18, M, 250+1000,270,0,3.72E+02, long, Rhombus, Triangle, Triangle,850,1000, 
PAX25,18, M, 250+1000,271,1,2.56E+02, long, Circle, Parallelogram, Parallelogram,850,1000, 
PAX25,18, M, 250+1000,272,1,2.47E+02, long, Circle, Pentagon, Pentagon,850,1000, 
PAX25,18, M, 250+1000,273,1,5.21E+02, short, Circle, Parallelogram, Parallelogram,350,250, 
PAX25,18, M, 250+1000,274,1,1.48E+03, short, Circle, Rhombus, Rhombus,550,250, 
PAX25,18, M, 250+1000,275,1,2.59E+02, long, Square, Pentagon, Pentagon,650,250, 
PAX25,18, M, 250+1000,276,0,6.43E+02, short, Circle, Triangle, Triangle,350,1000, 
PAX25,18, M, 250+1000,277,1,6.21E+02, short, Circle, Pentagon, Pentagon,450,250, 
PAX25,18, M, 250+1000,278,1,5.53E+02, short, Square, Parallelogram, Parallelogram,350,250, 
PAX25,18, M, 250+1000,279,0,3.35E+02, long, Triangle, Rhombus, Rhombus,550,1000, 
PAX25,18, M, 250+1000,280,1,4.71E+02, long, Square, Circle, Circle,850,1000, 
PAX25,18, M, 250+1000,281,1,5.79E+02, short, Square, Parallelogram, Parallelogram,250,1000, 
PAX25,18, M, 250+1000,282,0,4.07E+02, long, Square, Rhombus, Rhombus,650,1000, 
PAX25,18, M, 250+1000,283,0,3.77E+02, long, Pentagon, Circle, Circle,750,250, 
PAX25,18, M, 250+1000,284,0,6.53E+02, short, Circle, Square, Square,650,250, 
PAX25,18, M, 250+1000,285,0,2.81E+02, long, Circle, Square, Square,750,1000, 
PAX25,18, M, 250+1000,286,1,6.37E+02, short, Circle, Rhombus, Rhombus,250,250, 
PAX25,18, M, 250+1000,287,0,6.92E+02, short, Rhombus, Parallelogram, Parallelogram,450,250, 
PAX25,18, M, 250+1000,288,1,3.56E+02, long, Rhombus, Parallelogram, Parallelogram,750,250, 
PAX25,18, M, 250+1000,289,0,5.44E+02, short, Pentagon, Square, Square,250,250, 
PAX25,18, M, 250+1000,290,1,5.03E+02, short, Parallelogram, Square, Square,450,1000, 
PAX25,18, M, 250+1000,291,1,4.89E+02, short, Parallelogram, Pentagon, Pentagon,250,1000, 
PAX25,18, M, 250+1000,292,0,3.94E+02, long, Parallelogram, Pentagon, Pentagon,550,1000, 
PAX25,18, M, 250+1000,293,1,7.76E+02, short, Rhombus, Parallelogram, Parallelogram,350,250, 
PAX25,18, M, 250+1000,294,0,1.19E+03, short, Square, Pentagon, Pentagon,550,250, 
PAX25,18, M, 250+1000,295,0,2.84E+02, long, Pentagon, Triangle, Triangle,650,250, 
PAX25,18, M, 250+1000,296,1,8.18E+02, short, Rhombus, Triangle, Triangle,250,1000, 
PAX25,18, M, 250+1000,297,0,5.92E+02, short, Pentagon, Triangle, Triangle,450,1000, 
PAX25,18, M, 250+1000,298,0,4.68E+03, short, Rhombus, Square, Square,550,250, 
PAX25,18, M, 250+1000,299,1,4.74E+03, short, Triangle, Rhombus, Rhombus,650,1000, 
PAX25,18, M, 250+1000,300,0,1.16E+03, short, Circle, Rhombus, Rhombus,650,1000, 
PAX25,18, M, 250+1000,301,0,3.43E+02, long, Triangle, Rhombus, Rhombus,450,1000, 
PAX25,18, M, 250+1000,302,1,3.15E+02, long, Parallelogram, Triangle, Triangle,750,1000, 
PAX25,18, M, 250+1000,303,1,7.43E+02, short, Circle, Parallelogram, Parallelogram,450,250, 
PAX25,18, M, 250+1000,304,0,9.81E+02, short, Circle, Pentagon, Pentagon,850,250, 
PAX25,18, M, 250+1000,305,1,8.55E+02, short, Triangle, Pentagon, Pentagon,350,250, 
PAX25,18, M, 250+1000,306,0,3.00E+03, short, Triangle, Parallelogram, Parallelogram,450,250, 
PAX25,18, M, 250+1000,307,0,5.43E+02, short, Circle, Pentagon, Pentagon,350,250, 
PAX25,18, M, 250+1000,308,1,4.93E+02, short, Parallelogram, Rhombus, Rhombus,250,1000, 
PAX25,18, M, 250+1000,309,0,1.29E+03, long, Square, Triangle, Triangle,850,1000, 
PAX25,18, M, 250+1000,310,0,5.04E+02, short, Square, Circle, Circle,250,250, 
PAX25,18, M, 250+1000,311,0,5.60E+03, short, Pentagon, Parallelogram, Parallelogram,750,250, 
PAX25,18, M, 250+1000,312,1,4.59E+02, long, Pentagon, Square, Square,550,1000, 
PAX25,18, M, 250+1000,313,0,1.41E+03, short, Square, Pentagon, Pentagon,350,1000, 
PAX25,18, M, 250+1000,314,1,8.22E+02, short, Square, Parallelogram, Parallelogram,850,1000, 
PAX25,18, M, 250+1000,315,0,7.65E+02, short, Parallelogram, Circle, Circle,550,250, 
PAX25,18, M, 250+1000,316,1,1.39E+03, short, Square, Rhombus, Rhombus,450,250, 
PAX25,18, M, 250+1000,317,1,2.11E+03, short, Circle, Parallelogram, Parallelogram,450,250, 
PAX25,18, M, 250+1000,318,0,2.00E+03, long, Square, Circle, Circle,450,1000, 
PAX25,18, M, 250+1000,319,1,8.82E+02, short, Pentagon, Square, Square,250,1000, 
PAX25,18, M, 250+1000,320,0,5.82E+02, short, Square, Pentagon, Pentagon,350,250, 
PAX25,18, M, 250+1000,321,0,3.08E+03, short, Parallelogram, Pentagon, Pentagon,850,250, 
PAX25,18, M, 250+1000,322,0,2.38E+02, long, Pentagon, Square, Square,850,250, 
PAX25,18, M, 250+1000,323,0,2.45E+03, short, Rhombus, Triangle, Triangle,750,1000, 
PAX25,18, M, 250+1000,324,0,2.55E+03, long, Triangle, Pentagon, Pentagon,650,1000, 
PAX25,18, M, 250+1000,325,1,5.94E+02, short, Rhombus, Parallelogram, Parallelogram,250,1000, 
PAX25,18, M, 250+1000,326,0,1.30E+03, short, Rhombus, Pentagon, Pentagon,450,1000, 
PAX25,18, M, 250+1000,327,1,5.41E+02, short, Triangle, Rhombus, Rhombus,350,250, 
PAX25,18, M, 250+1000,328,0,5.01E+02, short, Pentagon, Square, Square,250,1000, 
PAX25,18, M, 250+1000,329,1,5.73E+02, long, Square, Circle, Circle,650,250, 
PAX25,18, M, 250+1000,330,1,5.15E+02, short, Circle, Parallelogram, Parallelogram,250,250, 
PAX25,18, M, 250+1000,331,1,1.16E+03, short, Pentagon, Circle, Circle,550,250, 
PAX25,18, M, 250+1000,332,0,5.59E+02, short, Square, Triangle, Triangle,250,1000, 
PAX25,18, M, 250+1000,333,1,3.09E+02, long, Square, Pentagon, Pentagon,850,250, 
PAX25,18, M, 250+1000,334,0,4.81E+02, short, Circle, Parallelogram, Parallelogram,250,250, 
PAX25,18, M, 250+1000,335,0,5.99E+02, short, Circle, Parallelogram, Parallelogram,250,250, 
PAX25,18, M, 250+1000,336,0,4.35E+02, short, Square, Triangle, Triangle,250,1000, 
PAX25,18, M, 250+1000,337,1,2.38E+02, long, Pentagon, Circle, Circle,850,1000, 
PAX25,18, M, 250+1000,338,1,4.40E+02, short, Square, Triangle, Triangle,350,1000, 
PAX25,18, M, 250+1000,339,0,4.26E+02, short, Rhombus, Square, Square,350,1000, 
PAX25,18, M, 250+1000,340,0,4.40E+02, short, Rhombus, Circle, Circle,350,250, 
PAX25,18, M, 250+1000,341,0,4.11E+02, short, Triangle, Square, Square,350,250, 
PAX25,18, M, 250+1000,342,0,2.50E+02, long, Circle, Rhombus, Rhombus,850,1000, 
PAX25,18, M, 250+1000,343,0,2.36E+02, long, Circle, Square, Square,850,1000, 
PAX25,18, M, 250+1000,344,0,5.20E+02, short, Parallelogram, Square, Square,450,250, 
PAX25,18, M, 250+1000,345,0,6.42E+02, short, Circle, Pentagon, Pentagon,450,1000, 
PAX25,18, M, 250+1000,346,1,4.68E+02, short, Square, Pentagon, Pentagon,850,250, 
PAX25,18, M, 250+1000,347,0,3.80E+02, short, Rhombus, Triangle, Triangle,250,1000, 
PAX25,18, M, 250+1000,348,0,4.04E+02, short, Parallelogram, Rhombus, Rhombus,250,1000, 
PAX25,18, M, 250+1000,349,1,4.42E+02, long, Square, Parallelogram, Parallelogram,650,250, 
PAX25,18, M, 250+1000,350,0,7.59E+02, short, Parallelogram, Circle, Circle,450,250, 
PAX25,18, M, 250+1000,351,1,4.58E+02, short, Parallelogram, Pentagon, Pentagon,350,1000, 
PAX25,18, M, 250+1000,352,0,1.43E+03, long, Pentagon, Square, Square,750,1000, 
PAX25,18, M, 250+1000,353,1,8.16E+02, short, Square, Parallelogram, Parallelogram,250,250, 
PAX25,18, M, 250+1000,354,0,2.90E+02, long, Triangle, Circle, Circle,750,250, 
PAX25,18, M, 250+1000,355,0,6.69E+02, long, Circle, Rhombus, Rhombus,650,250, 
PAX25,18, M, 250+1000,356,0,4.15E+02, short, Triangle, Circle, Circle,350,250, 
PAX25,18, M, 250+1000,357,1,5.03E+02, short, Circle, Parallelogram, Parallelogram,250,1000, 
PAX25,18, M, 250+1000,358,0,3.05E+02, long, Parallelogram, Pentagon, Pentagon,750,250, 
PAX25,18, M, 250+1000,359,1,8.45E+02, short, Triangle, Circle, Circle,450,1000, 
PAX25,18, M, 250+1000,360,1,2.23E+02, long, Triangle, Pentagon, Pentagon,850,1000, 
PAX25,18, M, 250+1000,361,1,4.91E+02, short, Rhombus, Parallelogram, Parallelogram,350,250, 
PAX25,18, M, 250+1000,362,0,3.13E+02, long, Parallelogram, Circle, Circle,750,250, 
PAX25,18, M, 250+1000,363,1,8.94E+02, short, Parallelogram, Pentagon, Pentagon,450,1000, 
PAX25,18, M, 250+1000,364,0,5.31E+02, short, Square, Triangle, Triangle,350,1000, 
PAX25,18, M, 250+1000,365,1,3.61E+02, long, Triangle, Rhombus, Rhombus,550,1000, 
PAX25,18, M, 250+1000,366,1,2.20E+03, short, Circle, Square, Square,650,1000, 
PAX25,18, M, 250+1000,367,1,2.59E+02, long, Pentagon, Rhombus, Rhombus,850,250, 
PAX25,18, M, 250+1000,368,0,4.21E+02, long, Square, Rhombus, Rhombus,550,250, 
PAX25,18, M, 250+1000,369,1,2.42E+02, long, Rhombus, Circle, Circle,650,1000, 
PAX25,18, M, 250+1000,370,1,3.45E+02, long, Circle, Triangle, Triangle,550,1000, 
PAX25,18, M, 250+1000,371,1,2.65E+02, long, Parallelogram, Triangle, Triangle,850,1000, 
PAX25,18, M, 250+1000,372,0,5.15E+02, short, Pentagon, Triangle, Triangle,450,250, 
PAX25,18, M, 250+1000,373,1,1.22E+03, long, Triangle, Circle, Circle,750,1000, 
PAX25,18, M, 250+1000,374,0,5.40E+02, short, Parallelogram, Square, Square,350,1000, 
PAX25,18, M, 250+1000,375,1,4.80E+02, short, Rhombus, Pentagon, Pentagon,250,1000, 
PAX25,18, M, 250+1000,376,1,4.26E+02, short, Parallelogram, Square, Square,350,1000, 
PAX25,18, M, 250+1000,377,1,3.05E+03, short, Pentagon, Square, Square,650,1000, 
PAX25,18, M, 250+1000,378,0,2.70E+03, short, Pentagon, Parallelogram, Parallelogram,550,250, 
PAX25,18, M, 250+1000,379,0,5.72E+02, short, Rhombus, Parallelogram, Parallelogram,350,250, 
PAX25,18, M, 250+1000,380,1,2.78E+02, long, Square, Parallelogram, Parallelogram,650,1000, 
PAX25,18, M, 250+1000,381,1,5.58E+02, short, Pentagon, Parallelogram, Parallelogram,450,250, 
PAX25,18, M, 250+1000,382,1,5.10E+02, short, Rhombus, Pentagon, Pentagon,350,1000, 
PAX25,18, M, 250+1000,383,0,5.22E+02, short, Triangle, Circle, Circle,350,1000, 
PAX25,18, M, 250+1000,384,0,8.67E+02, short, Circle, Pentagon, Pentagon,350,1000, 
PAX25,18, M, 250+1000,385,0,1.89E+03, short, Rhombus, Pentagon, Pentagon,650,250, 
PAX25,18, M, 250+1000,386,1,6.72E+02, long, Parallelogram, Circle, Circle,850,250, 
PAX25,18, M, 250+1000,387,0,2.74E+02, long, Square, Pentagon, Pentagon,850,1000, 
PAX25,18, M, 250+1000,388,0,2.72E+02, long, Rhombus, Triangle, Triangle,850,250, 
PAX25,18, M, 250+1000,389,1,4.37E+02, long, Triangle, Parallelogram, Parallelogram,650,250, 
PAX25,18, M, 250+1000,390,1,3.47E+02, long, Pentagon, Rhombus, Rhombus,850,250, 
PAX25,18, M, 250+1000,391,1,3.05E+02, long, Parallelogram, Square, Square,650,250, 
PAX25,18, M, 250+1000,392,0,7.29E+02, long, Pentagon, Parallelogram, Parallelogram,850,1000, 
PAX25,18, M, 250+1000,393,1,3.75E+02, long, Rhombus, Square, Square,450,1000, 
PAX25,18, M, 250+1000,394,1,3.06E+03, long, Pentagon, Rhombus, Rhombus,550,250, 
PAX25,18, M, 250+1000,395,0,7.94E+02, long, Rhombus, Parallelogram, Parallelogram,650,250, 
PAX25,18, M, 250+1000,396,1,6.77E+02, short, Square, Pentagon, Pentagon,250,250, 
PAX25,18, M, 250+1000,397,1,5.03E+02, long, Pentagon, Parallelogram, Parallelogram,650,1000, 
PAX25,18, M, 250+1000,398,1,6.86E+02, short, Square, Rhombus, Rhombus,550,250, 
PAX25,18, M, 250+1000,399,1,4.75E+02, short, Circle, Triangle, Triangle,350,1000, 
PAX25,18, M, 250+1000,400,0,4.51E+02, short, Square, Rhombus, Rhombus,250,1000, 
PAX25,18, M, 250+1000,401,0,4.37E+03, long, Triangle, Square, Square,650,1000, 
PAX25,18, M, 250+1000,402,0,4.24E+02, long, Rhombus, Square, Square,650,1000, 
PAX25,18, M, 250+1000,403,1,6.18E+02, short, Parallelogram, Triangle, Triangle,450,1000, 
PAX25,18, M, 250+1000,404,1,1.19E+03, short, Parallelogram, Circle, Circle,550,250, 
PAX25,18, M, 250+1000,405,0,1.26E+03, short, Triangle, Pentagon, Pentagon,450,1000, 
PAX25,18, M, 250+1000,406,1,8.66E+02, long, Parallelogram, Triangle, Triangle,750,1000, 
PAX25,18, M, 250+1000,407,0,1.22E+03, short, Rhombus, Square, Square,650,1000, 
PAX25,18, M, 250+1000,408,0,1.27E+03, short, Parallelogram, Rhombus, Rhombus,850,1000, 
PAX25,18, M, 250+1000,409,1,8.97E+02, short, Square, Circle, Circle,450,250, 
PAX25,18, M, 250+1000,410,0,7.42E+02, long, Circle, Rhombus, Rhombus,850,1000, 
PAX25,18, M, 250+1000,411,1,7.95E+02, short, Triangle, Parallelogram, Parallelogram,450,250, 
PAX25,18, M, 250+1000,412,0,8.75E+02, short, Pentagon, Rhombus, Rhombus,250,1000, 
PAX25,18, M, 250+1000,413,0,1.05E+03, short, Rhombus, Triangle, Rhombus,350,1000, 
PAX25,18, M, 250+1000,414,1,2.46E+03, short, Triangle, Parallelogram, Triangle,650,250, 
PAX25,18, M, 250+1000,415,0,1.06E+03, short, Pentagon, Rhombus, Pentagon,750,1000, 
PAX25,18, M, 250+1000,416,0,8.97E+02, short, Triangle, Square, Triangle,450,250, 
PAX25,18, M, 250+1000,417,1,6.73E+03, short, Square, Parallelogram, Square,650,1000, 
PAX25,18, M, 250+1000,418,0,1.08E+03, short, Pentagon, Square, Pentagon,650,1000, 
PAX25,18, M, 250+1000,419,0,1.30E+03, short, Rhombus, Square, Rhombus,250,250, 
PAX25,18, M, 250+1000,420,0,9.18E+02, long, Circle, Pentagon, Circle,850,1000, 
