﻿Subject ID, Subject Age, Gender, Group, TrialNumber, Intended or Unintended Outcome, Reaction Time on Outcome Response, Response - Short or Long, Left Image Code, Right Image Code, Chosen Image Code, Objective Duration of Stimulus, Stimulus Delay,
PAX20,19, M, 250+1000,1,0,8.53E+03, short, Rhombus, Circle, Circle,350,1000, 
PAX20,19, M, 250+1000,2,1,3.66E+03, short, Square, Pentagon, Square,650,1000, 
PAX20,19, M, 250+1000,3,1,1.44E+03, short, Circle, Pentagon, Circle,650,1000, 
PAX20,19, M, 250+1000,4,1,6.05E+03, short, Triangle, Square, Square,250,1000, 
PAX20,19, M, 250+1000,5,1,1.74E+03, long, Pentagon, Rhombus, Pentagon,750,1000, 
PAX20,19, M, 250+1000,6,0,1.10E+03, short, Rhombus, Pentagon, Rhombus,550,1000, 
PAX20,19, M, 250+1000,7,0,1.92E+03, long, Circle, Rhombus, Rhombus,750,1000, 
PAX20,19, M, 250+1000,8,0,1.13E+03, short, Circle, Square, Circle,350,250, 
PAX20,19, M, 250+1000,9,0,8.85E+02, long, Square, Parallelogram, Parallelogram,850,250, 
PAX20,19, M, 250+1000,10,0,9.99E+02, short, Triangle, Parallelogram, Triangle,250,250, 
PAX20,19, M, 250+1000,11,1,8.71E+02, short, Pentagon, Triangle, Triangle,250,1000, 
PAX20,19, M, 250+1000,12,1,1.81E+03, short, Square, Rhombus, Square,450,250, 
PAX20,19, M, 250+1000,13,0,2.28E+03, long, Circle, Rhombus, Rhombus,550,1000, 
PAX20,19, M, 250+1000,14,1,8.64E+02, short, Pentagon, Parallelogram, Pentagon,450,250, 
PAX20,19, M, 250+1000,15,1,1.07E+03, long, Square, Parallelogram, Parallelogram,750,1000, 
PAX20,19, M, 250+1000,16,0,3.31E+03, long, Circle, Pentagon, Circle,250,1000, 
PAX20,19, M, 250+1000,17,1,9.16E+02, short, Circle, Parallelogram, Circle,250,250, 
PAX20,19, M, 250+1000,18,0,1.82E+03, long, Parallelogram, Circle, Circle,250,1000, 
PAX20,19, M, 250+1000,19,0,1.42E+03, long, Circle, Pentagon, Circle,750,250, 
PAX20,19, M, 250+1000,20,0,1.19E+03, long, Triangle, Parallelogram, Parallelogram,850,250, 
PAX20,19, M, 250+1000,21,0,5.45E+02, long, Triangle, Rhombus, Rhombus,850,250, 
PAX20,19, M, 250+1000,22,0,6.36E+02, long, Parallelogram, Rhombus, Parallelogram,550,1000, 
PAX20,19, M, 250+1000,23,0,6.15E+02, long, Rhombus, Circle, Circle,650,1000, 
PAX20,19, M, 250+1000,24,0,1.34E+03, short, Circle, Triangle, Circle,350,250, 
PAX20,19, M, 250+1000,25,0,7.39E+02, long, Parallelogram, Circle, Circle,850,1000, 
PAX20,19, M, 250+1000,26,0,9.87E+02, short, Triangle, Parallelogram, Triangle,450,250, 
PAX20,19, M, 250+1000,27,1,2.34E+03, long, Parallelogram, Square, Square,750,1000, 
PAX20,19, M, 250+1000,28,1,6.65E+02, short, Pentagon, Parallelogram, Pentagon,250,250, 
PAX20,19, M, 250+1000,29,0,7.43E+03, short, Circle, Triangle, Triangle,450,250, 
PAX20,19, M, 250+1000,30,1,4.74E+02, long, Rhombus, Triangle, Triangle,550,250, 
PAX20,19, M, 250+1000,31,1,5.51E+02, long, Pentagon, Triangle, Triangle,650,1000, 
PAX20,19, M, 250+1000,32,0,8.60E+02, long, Triangle, Rhombus, Triangle,850,250, 
PAX20,19, M, 250+1000,33,1,2.81E+03, long, Circle, Rhombus, Circle,350,1000, 
PAX20,19, M, 250+1000,34,0,1.46E+03, long, Pentagon, Square, Square,350,250, 
PAX20,19, M, 250+1000,35,1,7.38E+02, long, Rhombus, Square, Rhombus,550,1000, 
PAX20,19, M, 250+1000,36,0,5.18E+02, long, Parallelogram, Circle, Circle,750,1000, 
PAX20,19, M, 250+1000,37,0,6.30E+02, long, Triangle, Rhombus, Rhombus,450,1000, 
PAX20,19, M, 250+1000,38,0,2.46E+03, short, Square, Circle, Circle,350,250, 
PAX20,19, M, 250+1000,39,1,8.45E+02, short, Square, Rhombus, Square,250,1000, 
PAX20,19, M, 250+1000,40,1,4.77E+02, long, Rhombus, Square, Rhombus,350,1000, 
PAX20,19, M, 250+1000,41,1,9.31E+02, short, Triangle, Pentagon, Triangle,250,1000, 
PAX20,19, M, 250+1000,42,0,7.54E+02, long, Parallelogram, Circle, Circle,750,250, 
PAX20,19, M, 250+1000,43,1,1.75E+03, long, Triangle, Rhombus, Rhombus,450,1000, 
PAX20,19, M, 250+1000,44,0,5.35E+02, long, Circle, Pentagon, Circle,650,1000, 
PAX20,19, M, 250+1000,45,0,8.41E+02, short, Square, Triangle, Triangle,250,250, 
PAX20,19, M, 250+1000,46,1,9.39E+02, long, Rhombus, Circle, Rhombus,550,1000, 
PAX20,19, M, 250+1000,47,0,7.13E+03, long, Square, Pentagon, Pentagon,850,250, 
PAX20,19, M, 250+1000,48,1,2.64E+03, long, Pentagon, Triangle, Pentagon,750,250, 
PAX20,19, M, 250+1000,49,0,5.75E+02, long, Rhombus, Circle, Rhombus,450,1000, 
PAX20,19, M, 250+1000,50,0,1.06E+03, long, Triangle, Square, Square,750,1000, 
PAX20,19, M, 250+1000,51,1,1.26E+03, short, Square, Circle, Square,350,250, 
PAX20,19, M, 250+1000,52,0,9.16E+02, short, Square, Triangle, Triangle,350,250, 
PAX20,19, M, 250+1000,53,1,4.48E+02, long, Square, Triangle, Square,650,1000, 
PAX20,19, M, 250+1000,54,1,1.01E+03, short, Triangle, Circle, Circle,350,250, 
PAX20,19, M, 250+1000,55,1,5.66E+02, long, Parallelogram, Square, Parallelogram,550,1000, 
PAX20,19, M, 250+1000,56,1,2.90E+02, long, Pentagon, Circle, Circle,650,1000, 
PAX20,19, M, 250+1000,57,1,1.61E+03, short, Pentagon, Square, Pentagon,250,1000, 
PAX20,19, M, 250+1000,58,0,1.19E+03, long, Circle, Rhombus, Rhombus,450,250, 
PAX20,19, M, 250+1000,59,0,4.30E+02, long, Pentagon, Rhombus, Pentagon,450,1000, 
PAX20,19, M, 250+1000,60,1,4.38E+02, long, Parallelogram, Circle, Circle,750,250, 
PAX20,19, M, 250+1000,61,0,2.09E+03, long, Square, Rhombus, Square,750,1000, 
PAX20,19, M, 250+1000,62,0,6.01E+02, long, Triangle, Parallelogram, Triangle,850,250, 
PAX20,19, M, 250+1000,63,0,1.19E+03, long, Square, Triangle, Triangle,350,1000, 
PAX20,19, M, 250+1000,64,0,6.53E+02, long, Square, Parallelogram, Parallelogram,650,250, 
PAX20,19, M, 250+1000,65,0,2.35E+03, short, Parallelogram, Triangle, Parallelogram,350,250, 
PAX20,19, M, 250+1000,66,1,2.90E+03, long, Rhombus, Parallelogram, Parallelogram,350,1000, 
PAX20,19, M, 250+1000,67,1,4.63E+02, long, Pentagon, Rhombus, Pentagon,750,1000, 
PAX20,19, M, 250+1000,68,1,4.61E+02, long, Circle, Triangle, Circle,650,1000, 
PAX20,19, M, 250+1000,69,0,1.99E+03, long, Parallelogram, Rhombus, Rhombus,350,1000, 
PAX20,19, M, 250+1000,70,0,3.72E+03, short, Triangle, Square, Triangle,250,1000, 
PAX20,19, M, 250+1000,71,0,2.30E+03, long, Circle, Square, Circle,650,1000, 
PAX20,19, M, 250+1000,72,0,1.08E+03, short, Pentagon, Parallelogram, Pentagon,250,1000, 
PAX20,19, M, 250+1000,73,0,1.32E+03, short, Pentagon, Triangle, Triangle,350,1000, 
PAX20,19, M, 250+1000,74,1,1.20E+03, short, Pentagon, Square, Pentagon,650,1000, 
PAX20,19, M, 250+1000,75,0,5.28E+02, short, Square, Pentagon, Pentagon,550,250, 
PAX20,19, M, 250+1000,76,0,5.28E+02, long, Pentagon, Rhombus, Pentagon,750,1000, 
PAX20,19, M, 250+1000,77,1,5.28E+02, short, Parallelogram, Square, Square,250,250, 
PAX20,19, M, 250+1000,78,0,5.44E+03, long, Parallelogram, Square, Square,450,1000, 
PAX20,19, M, 250+1000,79,0,1.25E+03, long, Square, Rhombus, Square,550,250, 
PAX20,19, M, 250+1000,80,1,9.81E+02, long, Square, Rhombus, Square,750,250, 
PAX20,19, M, 250+1000,81,1,1.13E+03, short, Parallelogram, Pentagon, Pentagon,550,250, 
PAX20,19, M, 250+1000,82,0,4.71E+02, long, Parallelogram, Square, Parallelogram,850,250, 
PAX20,19, M, 250+1000,83,1,4.74E+02, long, Parallelogram, Pentagon, Pentagon,850,1000, 
PAX20,19, M, 250+1000,84,1,7.01E+02, long, Rhombus, Triangle, Rhombus,650,1000, 
PAX20,19, M, 250+1000,85,1,4.98E+02, long, Parallelogram, Pentagon, Parallelogram,750,1000, 
PAX20,19, M, 250+1000,86,0,7.86E+02, long, Triangle, Square, Square,850,1000, 
PAX20,19, M, 250+1000,87,1,5.68E+02, long, Circle, Triangle, Circle,850,1000, 
PAX20,19, M, 250+1000,88,0,9.20E+02, long, Pentagon, Rhombus, Rhombus,850,250, 
PAX20,19, M, 250+1000,89,0,8.08E+02, long, Circle, Parallelogram, Circle,850,1000, 
PAX20,19, M, 250+1000,90,0,4.28E+02, long, Circle, Triangle, Circle,850,1000, 
PAX20,19, M, 250+1000,91,1,8.26E+02, short, Square, Rhombus, Rhombus,450,1000, 
PAX20,19, M, 250+1000,92,0,1.36E+03, short, Rhombus, Circle, Circle,350,1000, 
PAX20,19, M, 250+1000,93,0,6.82E+02, short, Triangle, Circle, Triangle,350,1000, 
PAX20,19, M, 250+1000,94,1,8.50E+02, long, Rhombus, Square, Square,650,1000, 
PAX20,19, M, 250+1000,95,0,9.45E+02, short, Rhombus, Parallelogram, Rhombus,250,250, 
PAX20,19, M, 250+1000,96,1,5.01E+02, long, Square, Circle, Circle,650,250, 
PAX20,19, M, 250+1000,97,0,8.69E+02, short, Triangle, Parallelogram, Triangle,550,1000, 
PAX20,19, M, 250+1000,98,1,6.69E+02, short, Triangle, Circle, Circle,550,1000, 
PAX20,19, M, 250+1000,99,0,4.29E+02, short, Circle, Rhombus, Circle,550,250, 
PAX20,19, M, 250+1000,100,1,6.21E+02, short, Parallelogram, Square, Square,550,1000, 
PAX20,19, M, 250+1000,101,1,3.08E+03, long, Square, Pentagon, Square,750,1000, 
PAX20,19, M, 250+1000,102,1,6.75E+02, short, Parallelogram, Triangle, Triangle,650,1000, 
PAX20,19, M, 250+1000,103,1,1.14E+03, short, Square, Triangle, Square,350,250, 
PAX20,19, M, 250+1000,104,1,5.81E+02, short, Parallelogram, Rhombus, Rhombus,350,1000, 
PAX20,19, M, 250+1000,105,0,1.10E+03, long, Parallelogram, Triangle, Parallelogram,750,1000, 
PAX20,19, M, 250+1000,106,0,5.95E+02, short, Pentagon, Triangle, Triangle,350,1000, 
PAX20,19, M, 250+1000,107,1,9.56E+02, short, Parallelogram, Square, Parallelogram,850,250, 
PAX20,19, M, 250+1000,108,0,2.58E+03, long, Parallelogram, Pentagon, Pentagon,850,1000, 
PAX20,19, M, 250+1000,109,0,6.10E+03, short, Pentagon, Square, Pentagon,550,1000, 
PAX20,19, M, 250+1000,110,1,6.06E+02, long, Triangle, Circle, Circle,850,250, 
PAX20,19, M, 250+1000,111,0,4.30E+02, long, Parallelogram, Circle, Parallelogram,650,1000, 
PAX20,19, M, 250+1000,112,1,6.90E+02, long, Triangle, Rhombus, Rhombus,750,250, 
PAX20,19, M, 250+1000,113,1,7.08E+02, short, Parallelogram, Circle, Parallelogram,250,250, 
PAX20,19, M, 250+1000,114,1,1.04E+03, short, Parallelogram, Triangle, Triangle,450,250, 
PAX20,19, M, 250+1000,115,0,4.50E+02, short, Parallelogram, Rhombus, Parallelogram,450,1000, 
PAX20,19, M, 250+1000,116,1,5.36E+02, long, Triangle, Rhombus, Rhombus,550,1000, 
PAX20,19, M, 250+1000,117,1,8.53E+02, long, Parallelogram, Rhombus, Parallelogram,450,1000, 
PAX20,19, M, 250+1000,118,1,7.81E+02, short, Pentagon, Triangle, Pentagon,450,250, 
PAX20,19, M, 250+1000,119,0,1.81E+03, short, Pentagon, Circle, Circle,350,250, 
PAX20,19, M, 250+1000,120,1,5.89E+02, short, Parallelogram, Square, Parallelogram,250,250, 
PAX20,19, M, 250+1000,121,1,5.45E+02, short, Rhombus, Pentagon, Pentagon,350,250, 
PAX20,19, M, 250+1000,122,0,4.23E+02, long, Triangle, Rhombus, Triangle,350,1000, 
PAX20,19, M, 250+1000,123,1,8.81E+02, long, Pentagon, Parallelogram, Parallelogram,850,1000, 
PAX20,19, M, 250+1000,124,0,6.33E+02, short, Parallelogram, Rhombus, Parallelogram,250,1000, 
PAX20,19, M, 250+1000,125,0,4.43E+02, short, Pentagon, Rhombus, Rhombus,350,250, 
PAX20,19, M, 250+1000,126,0,4.45E+02, short, Triangle, Parallelogram, Triangle,250,250, 
PAX20,19, M, 250+1000,127,1,6.19E+02, long, Rhombus, Parallelogram, Parallelogram,850,250, 
PAX20,19, M, 250+1000,128,0,5.33E+02, long, Parallelogram, Square, Parallelogram,450,250, 
PAX20,19, M, 250+1000,129,0,1.03E+03, short, Square, Triangle, Triangle,250,1000, 
PAX20,19, M, 250+1000,130,0,7.99E+02, short, Circle, Rhombus, Circle,250,1000, 
PAX20,19, M, 250+1000,131,0,1.34E+03, long, Pentagon, Rhombus, Rhombus,750,1000, 
PAX20,19, M, 250+1000,132,0,7.15E+02, short, Triangle, Parallelogram, Triangle,250,250, 
PAX20,19, M, 250+1000,133,0,8.82E+02, long, Square, Triangle, Triangle,650,250, 
PAX20,19, M, 250+1000,134,0,3.55E+03, long, Parallelogram, Triangle, Parallelogram,450,1000, 
PAX20,19, M, 250+1000,135,0,2.24E+03, long, Parallelogram, Square, Parallelogram,750,250, 
PAX20,19, M, 250+1000,136,0,7.44E+02, long, Triangle, Parallelogram, Parallelogram,350,1000, 
PAX20,19, M, 250+1000,137,1,9.08E+02, long, Circle, Pentagon, Circle,550,1000, 
PAX20,19, M, 250+1000,138,1,6.76E+02, short, Square, Pentagon, Pentagon,350,250, 
PAX20,19, M, 250+1000,139,1,1.70E+03, long, Square, Rhombus, Square,450,1000, 
PAX20,19, M, 250+1000,140,1,8.32E+02, long, Triangle, Pentagon, Pentagon,850,1000, 
PAX20,19, M, 250+1000,141,1,8.90E+02, short, Circle, Rhombus, Circle,550,250, 
PAX20,19, M, 250+1000,142,1,7.80E+02, short, Circle, Triangle, Triangle,550,250, 
PAX20,19, M, 250+1000,143,0,5.52E+02, long, Rhombus, Triangle, Rhombus,650,1000, 
PAX20,19, M, 250+1000,144,0,8.98E+02, long, Parallelogram, Pentagon, Pentagon,750,1000, 
PAX20,19, M, 250+1000,145,0,8.97E+02, short, Triangle, Pentagon, Triangle,250,250, 
PAX20,19, M, 250+1000,146,1,4.06E+02, long, Rhombus, Parallelogram, Parallelogram,750,1000, 
PAX20,19, M, 250+1000,147,0,3.54E+03, long, Circle, Pentagon, Circle,750,250, 
PAX20,19, M, 250+1000,148,1,1.30E+03, short, Square, Triangle, Triangle,650,250, 
PAX20,19, M, 250+1000,149,0,3.73E+03, long, Circle, Pentagon, Pentagon,750,250, 
PAX20,19, M, 250+1000,150,1,4.97E+02, long, Rhombus, Parallelogram, Rhombus,850,250, 
PAX20,19, M, 250+1000,151,1,2.49E+03, short, Square, Circle, Circle,550,1000, 
PAX20,19, M, 250+1000,152,0,5.76E+03, long, Parallelogram, Triangle, Triangle,750,1000, 
PAX20,19, M, 250+1000,153,0,9.36E+03, long, Pentagon, Circle, Pentagon,550,1000, 
PAX20,19, M, 250+1000,154,1,5.92E+02, long, Square, Circle, Square,650,1000, 
PAX20,19, M, 250+1000,155,0,7.70E+02, long, Triangle, Square, Triangle,550,250, 
PAX20,19, M, 250+1000,156,0,1.01E+03, short, Triangle, Circle, Circle,250,250, 
PAX20,19, M, 250+1000,157,0,8.16E+02, long, Pentagon, Parallelogram, Pentagon,750,1000, 
PAX20,19, M, 250+1000,158,0,1.17E+03, short, Parallelogram, Triangle, Triangle,250,250, 
PAX20,19, M, 250+1000,159,0,1.05E+03, short, Rhombus, Parallelogram, Rhombus,350,250, 
PAX20,19, M, 250+1000,160,1,1.08E+03, long, Square, Pentagon, Pentagon,550,1000, 
PAX20,19, M, 250+1000,161,1,5.52E+02, long, Circle, Square, Circle,850,1000, 
PAX20,19, M, 250+1000,162,1,2.91E+03, long, Square, Circle, Circle,550,1000, 
PAX20,19, M, 250+1000,163,0,7.92E+02, short, Rhombus, Pentagon, Rhombus,250,1000, 
PAX20,19, M, 250+1000,164,1,1.08E+03, long, Square, Parallelogram, Parallelogram,650,250, 
PAX20,19, M, 250+1000,165,1,1.35E+03, long, Rhombus, Parallelogram, Rhombus,450,1000, 
PAX20,19, M, 250+1000,166,1,4.03E+02, long, Parallelogram, Rhombus, Parallelogram,750,250, 
PAX20,19, M, 250+1000,167,1,7.65E+02, long, Circle, Pentagon, Pentagon,650,250, 
PAX20,19, M, 250+1000,168,1,4.83E+02, long, Triangle, Rhombus, Triangle,550,1000, 
PAX20,19, M, 250+1000,169,0,1.95E+03, long, Square, Rhombus, Square,650,250, 
PAX20,19, M, 250+1000,170,0,3.99E+02, long, Circle, Parallelogram, Circle,650,250, 
PAX20,19, M, 250+1000,171,1,3.58E+02, long, Rhombus, Circle, Rhombus,550,1000, 
PAX20,19, M, 250+1000,172,0,1.00E+03, short, Circle, Parallelogram, Circle,450,250, 
PAX20,19, M, 250+1000,173,0,1.10E+03, long, Circle, Rhombus, Rhombus,750,250, 
PAX20,19, M, 250+1000,174,1,1.31E+03, long, Circle, Pentagon, Circle,750,1000, 
PAX20,19, M, 250+1000,175,0,8.33E+02, long, Square, Parallelogram, Square,550,1000, 
PAX20,19, M, 250+1000,176,1,6.02E+02, long, Circle, Square, Circle,350,250, 
PAX20,19, M, 250+1000,177,0,6.08E+02, long, Triangle, Circle, Triangle,750,1000, 
PAX20,19, M, 250+1000,178,1,8.56E+02, short, Triangle, Circle, Circle,250,1000, 
PAX20,19, M, 250+1000,179,0,5.52E+02, short, Square, Rhombus, Rhombus,450,250, 
PAX20,19, M, 250+1000,180,1,5.68E+02, long, Parallelogram, Pentagon, Pentagon,750,1000, 
PAX20,19, M, 250+1000,181,0,3.52E+03, short, Parallelogram, Circle, Parallelogram,250,250, 
PAX20,19, M, 250+1000,182,0,1.11E+03, short, Circle, Square, Square,250,250, 
PAX20,19, M, 250+1000,183,0,4.58E+02, long, Square, Pentagon, Square,450,1000, 
PAX20,19, M, 250+1000,184,1,1.36E+03, long, Square, Circle, Circle,350,1000, 
PAX20,19, M, 250+1000,185,0,2.46E+03, short, Square, Circle, Square,250,1000, 
PAX20,19, M, 250+1000,186,1,2.09E+03, short, Parallelogram, Pentagon, Pentagon,450,1000, 
PAX20,19, M, 250+1000,187,1,1.68E+03, long, Pentagon, Square, Square,550,250, 
PAX20,19, M, 250+1000,188,0,1.19E+03, long, Pentagon, Parallelogram, Pentagon,850,1000, 
PAX20,19, M, 250+1000,189,0,1.58E+03, long, Triangle, Circle, Triangle,650,1000, 
PAX20,19, M, 250+1000,190,1,6.77E+02, long, Parallelogram, Triangle, Parallelogram,750,250, 
PAX20,19, M, 250+1000,191,1,6.99E+02, long, Pentagon, Triangle, Pentagon,450,1000, 
PAX20,19, M, 250+1000,192,0,7.23E+02, long, Square, Triangle, Triangle,650,250, 
PAX20,19, M, 250+1000,193,0,9.49E+02, long, Square, Triangle, Square,750,250, 
PAX20,19, M, 250+1000,194,1,5.48E+02, long, Rhombus, Triangle, Triangle,650,250, 
PAX20,19, M, 250+1000,195,1,9.57E+02, long, Pentagon, Parallelogram, Pentagon,850,250, 
PAX20,19, M, 250+1000,196,0,2.99E+03, long, Rhombus, Triangle, Triangle,750,250, 
PAX20,19, M, 250+1000,197,1,1.18E+03, short, Rhombus, Pentagon, Rhombus,350,250, 
PAX20,19, M, 250+1000,198,1,2.44E+03, long, Rhombus, Circle, Circle,350,250, 
PAX20,19, M, 250+1000,199,1,1.12E+03, long, Square, Triangle, Square,750,1000, 
PAX20,19, M, 250+1000,200,1,1.33E+03, short, Pentagon, Rhombus, Pentagon,650,250, 
PAX20,19, M, 250+1000,201,0,2.01E+03, short, Pentagon, Circle, Circle,450,250, 
PAX20,19, M, 250+1000,202,1,3.85E+03, short, Parallelogram, Pentagon, Pentagon,550,1000, 
PAX20,19, M, 250+1000,203,0,6.38E+02, long, Rhombus, Triangle, Triangle,850,1000, 
PAX20,19, M, 250+1000,204,1,1.13E+03, long, Pentagon, Circle, Pentagon,850,250, 
PAX20,19, M, 250+1000,205,0,9.90E+02, long, Pentagon, Square, Square,850,250, 
PAX20,19, M, 250+1000,206,0,1.81E+03, long, Triangle, Square, Triangle,450,1000, 
PAX20,19, M, 250+1000,207,0,7.43E+02, short, Circle, Square, Circle,550,250, 
PAX20,19, M, 250+1000,208,1,1.63E+03, short, Pentagon, Square, Square,350,250, 
PAX20,19, M, 250+1000,209,0,1.57E+03, short, Circle, Square, Square,450,1000, 
PAX20,19, M, 250+1000,210,1,7.36E+02, short, Circle, Triangle, Circle,350,1000, 
PAX20,19, M, 250+1000,211,0,7.03E+02, long, Square, Triangle, Triangle,850,1000, 
PAX20,19, M, 250+1000,212,1,1.28E+03, short, Parallelogram, Rhombus, Parallelogram,350,1000, 
PAX20,19, M, 250+1000,213,0,1.02E+03, short, Triangle, Square, Square,350,250, 
PAX20,19, M, 250+1000,214,0,8.67E+02, short, Parallelogram, Pentagon, Parallelogram,450,250, 
PAX20,19, M, 250+1000,215,1,1.08E+03, short, Circle, Parallelogram, Parallelogram,350,1000, 
PAX20,19, M, 250+1000,216,0,4.81E+02, long, Rhombus, Triangle, Triangle,650,250, 
PAX20,19, M, 250+1000,217,1,6.85E+02, short, Circle, Triangle, Circle,250,1000, 
PAX20,19, M, 250+1000,218,1,5.30E+02, short, Parallelogram, Square, Square,250,1000, 
PAX20,19, M, 250+1000,219,1,4.81E+02, short, Pentagon, Parallelogram, Pentagon,550,250, 
PAX20,19, M, 250+1000,220,1,4.77E+02, long, Square, Circle, Circle,750,1000, 
PAX20,19, M, 250+1000,221,0,1.42E+03, short, Rhombus, Circle, Rhombus,550,250, 
PAX20,19, M, 250+1000,222,0,7.49E+02, long, Triangle, Pentagon, Pentagon,550,1000, 
PAX20,19, M, 250+1000,223,0,4.99E+02, long, Pentagon, Triangle, Pentagon,250,1000, 
PAX20,19, M, 250+1000,224,1,1.98E+03, long, Parallelogram, Triangle, Parallelogram,450,1000, 
PAX20,19, M, 250+1000,225,0,7.98E+02, short, Pentagon, Triangle, Pentagon,350,250, 
PAX20,19, M, 250+1000,226,0,5.52E+02, long, Square, Pentagon, Pentagon,450,1000, 
PAX20,19, M, 250+1000,227,1,5.24E+02, short, Rhombus, Pentagon, Rhombus,250,250, 
PAX20,19, M, 250+1000,228,0,4.52E+02, short, Square, Parallelogram, Parallelogram,250,250, 
PAX20,19, M, 250+1000,229,0,6.38E+02, long, Circle, Rhombus, Circle,250,1000, 
PAX20,19, M, 250+1000,230,1,1.84E+03, long, Parallelogram, Square, Square,450,250, 
PAX20,19, M, 250+1000,231,1,5.84E+02, long, Rhombus, Circle, Rhombus,850,1000, 
PAX20,19, M, 250+1000,232,0,1.32E+03, short, Rhombus, Square, Square,250,1000, 
PAX20,19, M, 250+1000,233,0,9.87E+02, short, Square, Pentagon, Square,450,250, 
PAX20,19, M, 250+1000,234,1,1.36E+03, long, Triangle, Circle, Circle,450,1000, 
PAX20,19, M, 250+1000,235,0,1.48E+03, long, Pentagon, Parallelogram, Pentagon,650,250, 
PAX20,19, M, 250+1000,236,1,1.37E+03, long, Pentagon, Rhombus, Pentagon,750,250, 
PAX20,19, M, 250+1000,237,1,1.08E+03, short, Parallelogram, Circle, Parallelogram,250,1000, 
PAX20,19, M, 250+1000,238,1,7.09E+02, short, Rhombus, Triangle, Triangle,450,250, 
PAX20,19, M, 250+1000,239,1,9.47E+02, short, Rhombus, Pentagon, Pentagon,350,250, 
PAX20,19, M, 250+1000,240,0,7.57E+02, short, Parallelogram, Pentagon, Parallelogram,250,250, 
PAX20,19, M, 250+1000,241,0,9.05E+02, long, Parallelogram, Triangle, Triangle,650,250, 
PAX20,19, M, 250+1000,242,0,5.27E+02, long, Triangle, Rhombus, Triangle,850,1000, 
PAX20,19, M, 250+1000,243,0,9.62E+02, short, Parallelogram, Triangle, Parallelogram,450,250, 
PAX20,19, M, 250+1000,244,0,6.78E+02, long, Circle, Triangle, Triangle,850,250, 
PAX20,19, M, 250+1000,245,0,4.35E+02, long, Circle, Triangle, Circle,750,1000, 
PAX20,19, M, 250+1000,246,1,9.12E+02, long, Triangle, Pentagon, Pentagon,850,250, 
PAX20,19, M, 250+1000,247,0,6.60E+02, long, Triangle, Pentagon, Triangle,450,1000, 
PAX20,19, M, 250+1000,248,1,1.31E+03, short, Circle, Rhombus, Rhombus,450,250, 
PAX20,19, M, 250+1000,249,1,3.70E+03, short, Triangle, Pentagon, Pentagon,450,1000, 
PAX20,19, M, 250+1000,250,0,9.04E+02, long, Circle, Triangle, Circle,650,1000, 
PAX20,19, M, 250+1000,251,1,8.64E+02, short, Circle, Parallelogram, Circle,250,250, 
PAX20,19, M, 250+1000,252,0,8.64E+02, long, Circle, Parallelogram, Parallelogram,650,1000, 
PAX20,19, M, 250+1000,253,1,1.46E+03, short, Square, Circle, Square,350,1000, 
PAX20,19, M, 250+1000,254,1,6.98E+02, short, Pentagon, Circle, Circle,350,1000, 
PAX20,19, M, 250+1000,255,0,7.64E+02, long, Triangle, Square, Square,750,250, 
PAX20,19, M, 250+1000,256,1,4.56E+02, long, Parallelogram, Rhombus, Parallelogram,850,1000, 
PAX20,19, M, 250+1000,257,1,6.88E+02, short, Triangle, Square, Square,550,250, 
PAX20,19, M, 250+1000,258,0,1.49E+03, long, Parallelogram, Circle, Circle,550,250, 
PAX20,19, M, 250+1000,259,0,1.96E+03, long, Triangle, Square, Triangle,650,1000, 
PAX20,19, M, 250+1000,260,1,5.01E+02, short, Triangle, Pentagon, Triangle,450,250, 
PAX20,19, M, 250+1000,261,1,4.73E+02, long, Circle, Pentagon, Pentagon,750,250, 
PAX20,19, M, 250+1000,262,1,4.33E+02, long, Triangle, Square, Triangle,650,1000, 
PAX20,19, M, 250+1000,263,0,5.27E+02, long, Circle, Parallelogram, Circle,850,250, 
PAX20,19, M, 250+1000,264,1,4.47E+02, long, Pentagon, Parallelogram, Parallelogram,850,1000, 
PAX20,19, M, 250+1000,265,1,4.25E+02, long, Pentagon, Triangle, Pentagon,850,250, 
PAX20,19, M, 250+1000,266,0,2.34E+03, short, Rhombus, Circle, Circle,550,250, 
PAX20,19, M, 250+1000,267,0,6.39E+02, short, Parallelogram, Rhombus, Parallelogram,550,250, 
PAX20,19, M, 250+1000,268,0,1.74E+03, long, Square, Pentagon, Pentagon,750,1000, 
PAX20,19, M, 250+1000,269,1,1.72E+03, short, Square, Rhombus, Square,250,1000, 
PAX20,19, M, 250+1000,270,0,1.63E+03, short, Pentagon, Parallelogram, Parallelogram,650,250, 
PAX20,19, M, 250+1000,271,0,1.48E+03, long, Parallelogram, Circle, Circle,350,1000, 
PAX20,19, M, 250+1000,272,0,9.22E+02, short, Square, Parallelogram, Square,450,250, 
PAX20,19, M, 250+1000,273,0,4.85E+02, long, Triangle, Parallelogram, Parallelogram,850,1000, 
PAX20,19, M, 250+1000,274,1,1.72E+03, long, Square, Parallelogram, Square,850,1000, 
PAX20,19, M, 250+1000,275,0,9.46E+02, short, Pentagon, Rhombus, Rhombus,450,1000, 
PAX20,19, M, 250+1000,276,1,1.23E+03, long, Parallelogram, Square, Square,550,250, 
PAX20,19, M, 250+1000,277,1,1.11E+03, short, Circle, Parallelogram, Circle,350,250, 
PAX20,19, M, 250+1000,278,0,3.12E+03, long, Circle, Triangle, Triangle,650,1000, 
PAX20,19, M, 250+1000,279,1,1.80E+03, short, Rhombus, Pentagon, Rhombus,550,250, 
PAX20,19, M, 250+1000,280,1,7.66E+02, long, Pentagon, Triangle, Triangle,450,1000, 
PAX20,19, M, 250+1000,281,0,7.11E+02, short, Triangle, Parallelogram, Triangle,350,250, 
PAX20,19, M, 250+1000,282,1,5.95E+02, short, Rhombus, Square, Square,350,1000, 
PAX20,19, M, 250+1000,283,1,5.68E+02, short, Rhombus, Square, Square,750,250, 
PAX20,19, M, 250+1000,284,1,5.18E+02, long, Pentagon, Triangle, Triangle,650,250, 
PAX20,19, M, 250+1000,285,1,1.07E+03, short, Circle, Rhombus, Circle,550,250, 
PAX20,19, M, 250+1000,286,1,5.01E+02, short, Parallelogram, Circle, Circle,350,250, 
PAX20,19, M, 250+1000,287,0,9.62E+02, long, Triangle, Pentagon, Pentagon,850,250, 
PAX20,19, M, 250+1000,288,0,4.91E+02, long, Square, Circle, Square,850,250, 
PAX20,19, M, 250+1000,289,0,9.33E+02, long, Circle, Parallelogram, Parallelogram,550,1000, 
PAX20,19, M, 250+1000,290,0,3.69E+02, long, Rhombus, Circle, Rhombus,550,1000, 
PAX20,19, M, 250+1000,291,1,1.65E+03, long, Circle, Parallelogram, Parallelogram,750,250, 
PAX20,19, M, 250+1000,292,0,1.17E+03, short, Rhombus, Triangle, Rhombus,250,250, 
PAX20,19, M, 250+1000,293,1,4.53E+02, long, Rhombus, Circle, Circle,750,1000, 
PAX20,19, M, 250+1000,294,1,1.45E+03, long, Rhombus, Square, Rhombus,450,1000, 
PAX20,19, M, 250+1000,295,0,7.43E+02, long, Rhombus, Square, Square,650,1000, 
PAX20,19, M, 250+1000,296,0,7.55E+02, long, Triangle, Parallelogram, Triangle,750,250, 
PAX20,19, M, 250+1000,297,0,1.94E+03, long, Square, Circle, Circle,550,1000, 
PAX20,19, M, 250+1000,298,0,7.46E+02, long, Parallelogram, Triangle, Parallelogram,650,250, 
PAX20,19, M, 250+1000,299,1,5.49E+02, long, Pentagon, Square, Square,850,250, 
PAX20,19, M, 250+1000,300,0,4.65E+02, long, Circle, Parallelogram, Circle,650,250, 
PAX20,19, M, 250+1000,301,0,3.82E+03, short, Square, Parallelogram, Parallelogram,350,1000, 
PAX20,19, M, 250+1000,302,0,5.46E+02, long, Triangle, Pentagon, Triangle,750,250, 
PAX20,19, M, 250+1000,303,1,6.80E+02, long, Rhombus, Parallelogram, Parallelogram,850,1000, 
PAX20,19, M, 250+1000,304,1,2.89E+03, short, Triangle, Parallelogram, Triangle,550,1000, 
PAX20,19, M, 250+1000,305,1,8.22E+02, long, Square, Parallelogram, Parallelogram,850,250, 
PAX20,19, M, 250+1000,306,1,1.29E+03, short, Circle, Parallelogram, Circle,250,250, 
PAX20,19, M, 250+1000,307,0,1.91E+03, short, Rhombus, Pentagon, Pentagon,250,1000, 
PAX20,19, M, 250+1000,308,1,1.77E+03, short, Pentagon, Square, Square,850,250, 
PAX20,19, M, 250+1000,309,0,4.48E+02, long, Parallelogram, Circle, Circle,650,1000, 
PAX20,19, M, 250+1000,310,0,9.37E+02, short, Rhombus, Pentagon, Rhombus,650,250, 
PAX20,19, M, 250+1000,311,1,5.57E+02, short, Rhombus, Square, Square,250,250, 
PAX20,19, M, 250+1000,312,0,2.24E+03, short, Rhombus, Parallelogram, Parallelogram,250,250, 
PAX20,19, M, 250+1000,313,1,5.39E+02, short, Triangle, Rhombus, Triangle,250,250, 
PAX20,19, M, 250+1000,314,0,1.16E+03, short, Pentagon, Circle, Circle,350,250, 
PAX20,19, M, 250+1000,315,0,5.65E+02, long, Circle, Rhombus, Circle,650,1000, 
PAX20,19, M, 250+1000,316,0,1.52E+03, long, Square, Circle, Circle,350,1000, 
PAX20,19, M, 250+1000,317,1,2.23E+03, short, Triangle, Rhombus, Triangle,450,250, 
PAX20,19, M, 250+1000,318,0,1.24E+03, long, Pentagon, Circle, Pentagon,650,250, 
PAX20,19, M, 250+1000,319,0,4.74E+02, long, Circle, Parallelogram, Circle,750,250, 
PAX20,19, M, 250+1000,320,0,6.47E+02, long, Rhombus, Triangle, Rhombus,850,1000, 
PAX20,19, M, 250+1000,321,0,5.12E+02, long, Triangle, Pentagon, Triangle,450,1000, 
PAX20,19, M, 250+1000,322,1,6.90E+02, short, Triangle, Parallelogram, Triangle,350,250, 
PAX20,19, M, 250+1000,323,1,3.45E+03, long, Rhombus, Parallelogram, Rhombus,650,250, 
PAX20,19, M, 250+1000,324,0,7.94E+02, short, Circle, Rhombus, Circle,450,1000, 
PAX20,19, M, 250+1000,325,0,5.32E+03, long, Square, Parallelogram, Parallelogram,450,1000, 
PAX20,19, M, 250+1000,326,1,6.22E+02, long, Triangle, Rhombus, Triangle,750,1000, 
PAX20,19, M, 250+1000,327,1,4.33E+02, long, Triangle, Circle, Triangle,750,250, 
PAX20,19, M, 250+1000,328,1,7.04E+02, short, Circle, Rhombus, Rhombus,350,1000, 
PAX20,19, M, 250+1000,329,1,7.45E+02, short, Triangle, Square, Triangle,250,1000, 
PAX20,19, M, 250+1000,330,1,4.56E+02, long, Pentagon, Circle, Circle,850,1000, 
PAX20,19, M, 250+1000,331,0,4.15E+02, long, Rhombus, Pentagon, Rhombus,750,250, 
PAX20,19, M, 250+1000,332,1,6.31E+02, short, Circle, Square, Square,350,250, 
PAX20,19, M, 250+1000,333,0,2.91E+03, long, Circle, Square, Square,750,250, 
PAX20,19, M, 250+1000,334,1,1.59E+03, long, Triangle, Circle, Triangle,650,250, 
PAX20,19, M, 250+1000,335,1,5.17E+02, long, Triangle, Circle, Triangle,650,1000, 
PAX20,19, M, 250+1000,336,1,6.29E+02, short, Parallelogram, Pentagon, Pentagon,350,250, 
PAX20,19, M, 250+1000,337,0,1.12E+03, long, Rhombus, Parallelogram, Rhombus,750,1000, 
PAX20,19, M, 250+1000,338,1,6.04E+02, short, Pentagon, Square, Pentagon,250,250, 
PAX20,19, M, 250+1000,339,1,4.10E+02, short, Square, Parallelogram, Parallelogram,450,250, 
PAX20,19, M, 250+1000,340,1,5.40E+02, long, Parallelogram, Pentagon, Parallelogram,650,250, 
PAX20,19, M, 250+1000,341,0,7.84E+02, short, Parallelogram, Rhombus, Rhombus,250,250, 
PAX20,19, M, 250+1000,342,0,6.48E+02, long, Parallelogram, Triangle, Triangle,550,250, 
PAX20,19, M, 250+1000,343,0,7.78E+02, short, Pentagon, Parallelogram, Pentagon,350,1000, 
PAX20,19, M, 250+1000,344,0,1.22E+03, long, Rhombus, Triangle, Triangle,550,250, 
PAX20,19, M, 250+1000,345,1,2.27E+03, long, Pentagon, Rhombus, Pentagon,850,250, 
PAX20,19, M, 250+1000,346,0,9.28E+02, long, Pentagon, Circle, Circle,550,250, 
PAX20,19, M, 250+1000,347,1,7.62E+02, short, Parallelogram, Triangle, Parallelogram,550,250, 
PAX20,19, M, 250+1000,348,0,2.36E+03, short, Rhombus, Square, Square,350,250, 
PAX20,19, M, 250+1000,349,1,3.13E+03, short, Pentagon, Parallelogram, Parallelogram,250,1000, 
PAX20,19, M, 250+1000,350,1,7.20E+02, long, Circle, Square, Square,550,1000, 
PAX20,19, M, 250+1000,351,0,6.80E+02, short, Rhombus, Pentagon, Rhombus,850,250, 
PAX20,19, M, 250+1000,352,1,7.89E+02, long, Square, Triangle, Triangle,850,250, 
PAX20,19, M, 250+1000,353,0,3.85E+02, long, Parallelogram, Pentagon, Parallelogram,650,250, 
PAX20,19, M, 250+1000,354,0,4.24E+02, long, Circle, Square, Circle,850,1000, 
PAX20,19, M, 250+1000,355,0,7.96E+02, long, Parallelogram, Pentagon, Parallelogram,550,1000, 
PAX20,19, M, 250+1000,356,1,5.65E+02, short, Pentagon, Circle, Circle,250,250, 
PAX20,19, M, 250+1000,357,1,7.85E+02, short, Pentagon, Square, Pentagon,450,1000, 
PAX20,19, M, 250+1000,358,0,7.63E+02, long, Circle, Triangle, Triangle,850,1000, 
PAX20,19, M, 250+1000,359,1,6.21E+02, short, Rhombus, Parallelogram, Rhombus,250,1000, 
PAX20,19, M, 250+1000,360,1,4.93E+02, long, Circle, Square, Square,550,250, 
PAX20,19, M, 250+1000,361,0,1.52E+03, short, Pentagon, Rhombus, Pentagon,250,1000, 
PAX20,19, M, 250+1000,362,1,1.27E+03, long, Pentagon, Rhombus, Rhombus,850,1000, 
PAX20,19, M, 250+1000,363,0,1.36E+03, short, Rhombus, Pentagon, Rhombus,450,250, 
PAX20,19, M, 250+1000,364,0,3.15E+03, short, Triangle, Parallelogram, Parallelogram,850,250, 
PAX20,19, M, 250+1000,365,1,7.37E+02, short, Pentagon, Circle, Circle,250,1000, 
PAX20,19, M, 250+1000,366,1,1.28E+03, long, Rhombus, Parallelogram, Parallelogram,650,250, 
PAX20,19, M, 250+1000,367,1,4.21E+02, long, Square, Rhombus, Square,450,1000, 
PAX20,19, M, 250+1000,368,1,1.28E+03, long, Square, Parallelogram, Square,550,250, 
PAX20,19, M, 250+1000,369,1,7.22E+02, short, Square, Pentagon, Pentagon,250,250, 
PAX20,19, M, 250+1000,370,1,3.98E+02, long, Rhombus, Pentagon, Pentagon,750,250, 
PAX20,19, M, 250+1000,371,1,1.58E+03, long, Square, Parallelogram, Square,650,250, 
PAX20,19, M, 250+1000,372,1,6.10E+02, long, Pentagon, Square, Square,450,250, 
PAX20,19, M, 250+1000,373,1,3.34E+02, long, Circle, Pentagon, Circle,850,250, 
PAX20,19, M, 250+1000,374,0,1.42E+03, long, Square, Triangle, Triangle,550,250, 
PAX20,19, M, 250+1000,375,0,1.58E+03, long, Circle, Pentagon, Circle,450,250, 
PAX20,19, M, 250+1000,376,1,3.98E+02, long, Rhombus, Square, Square,850,1000, 
PAX20,19, M, 250+1000,377,1,6.60E+02, short, Square, Pentagon, Square,450,250, 
PAX20,19, M, 250+1000,378,1,3.90E+02, long, Triangle, Square, Square,850,250, 
PAX20,19, M, 250+1000,379,0,1.71E+03, short, Square, Rhombus, Square,550,250, 
PAX20,19, M, 250+1000,380,1,8.73E+02, long, Triangle, Circle, Circle,750,250, 
PAX20,19, M, 250+1000,381,1,1.03E+03, long, Circle, Pentagon, Circle,750,250, 
PAX20,19, M, 250+1000,382,1,8.17E+02, long, Circle, Pentagon, Pentagon,650,1000, 
PAX20,19, M, 250+1000,383,0,7.77E+02, short, Pentagon, Circle, Pentagon,250,1000, 
PAX20,19, M, 250+1000,384,0,2.04E+03, short, Pentagon, Rhombus, Rhombus,550,1000, 
PAX20,19, M, 250+1000,385,1,8.13E+02, short, Parallelogram, Rhombus, Parallelogram,250,1000, 
PAX20,19, M, 250+1000,386,1,8.69E+02, long, Rhombus, Pentagon, Pentagon,850,1000, 
PAX20,19, M, 250+1000,387,1,4.11E+02, long, Parallelogram, Circle, Parallelogram,850,1000, 
PAX20,19, M, 250+1000,388,1,1.29E+03, long, Rhombus, Square, Rhombus,750,250, 
PAX20,19, M, 250+1000,389,1,2.84E+03, long, Pentagon, Square, Square,350,1000, 
PAX20,19, M, 250+1000,390,1,7.40E+02, short, Triangle, Pentagon, Triangle,250,250, 
PAX20,19, M, 250+1000,391,0,1.76E+03, long, Circle, Square, Square,550,250, 
PAX20,19, M, 250+1000,392,0,1.32E+03, long, Circle, Triangle, Circle,750,1000, 
PAX20,19, M, 250+1000,393,1,7.64E+02, short, Rhombus, Parallelogram, Rhombus,550,250, 
PAX20,19, M, 250+1000,394,1,7.04E+02, long, Rhombus, Square, Square,650,250, 
PAX20,19, M, 250+1000,395,0,1.21E+03, short, Rhombus, Triangle, Rhombus,350,1000, 
PAX20,19, M, 250+1000,396,1,1.70E+03, long, Parallelogram, Rhombus, Rhombus,550,250, 
PAX20,19, M, 250+1000,397,1,6.96E+02, short, Rhombus, Triangle, Rhombus,350,1000, 
PAX20,19, M, 250+1000,398,1,6.92E+03, long, Square, Pentagon, Pentagon,650,1000, 
PAX20,19, M, 250+1000,399,1,1.17E+03, short, Triangle, Rhombus, Triangle,450,250, 
PAX20,19, M, 250+1000,400,1,3.95E+03, short, Parallelogram, Rhombus, Rhombus,450,1000, 
PAX20,19, M, 250+1000,401,1,4.53E+02, long, Square, Circle, Square,450,250, 
PAX20,19, M, 250+1000,402,0,1.45E+03, long, Pentagon, Square, Square,750,250, 
PAX20,19, M, 250+1000,403,0,5.48E+02, long, Rhombus, Circle, Rhombus,550,1000, 
PAX20,19, M, 250+1000,404,0,1.11E+03, long, Triangle, Square, Triangle,350,250, 
PAX20,19, M, 250+1000,405,1,4.25E+02, long, Square, Rhombus, Square,750,1000, 
PAX20,19, M, 250+1000,406,0,6.11E+02, short, Triangle, Pentagon, Pentagon,350,1000, 
PAX20,19, M, 250+1000,407,0,3.83E+02, long, Rhombus, Triangle, Triangle,850,1000, 
PAX20,19, M, 250+1000,408,1,2.97E+02, long, Pentagon, Circle, Pentagon,750,1000, 
PAX20,19, M, 250+1000,409,0,3.69E+02, long, Triangle, Rhombus, Rhombus,650,1000, 
PAX20,19, M, 250+1000,410,0,4.69E+02, long, Circle, Square, Circle,650,250, 
PAX20,19, M, 250+1000,411,0,3.87E+02, long, Rhombus, Square, Square,850,1000, 
PAX20,19, M, 250+1000,412,0,6.37E+02, long, Rhombus, Circle, Rhombus,550,1000, 
PAX20,19, M, 250+1000,413,1,3.73E+02, long, Pentagon, Triangle, Triangle,650,250, 
PAX20,19, M, 250+1000,414,0,9.79E+02, short, Triangle, Pentagon, Triangle,450,250, 
PAX20,19, M, 250+1000,415,0,1.45E+03, long, Square, Pentagon, Pentagon,650,1000, 
PAX20,19, M, 250+1000,416,1,8.08E+02, short, Parallelogram, Square, Parallelogram,450,250, 
PAX20,19, M, 250+1000,417,1,7.04E+02, short, Pentagon, Parallelogram, Parallelogram,250,250, 
PAX20,19, M, 250+1000,418,1,7.20E+02, short, Square, Rhombus, Square,350,1000, 
PAX20,19, M, 250+1000,419,1,5.16E+02, short, Pentagon, Triangle, Triangle,650,250, 
PAX20,19, M, 250+1000,420,0,1.13E+03, short, Triangle, Circle, Triangle,450,250, 
