﻿Subject ID, Subject Age, Gender, Group, TrialNumber, Intended or Unintended Outcome, Reaction Time on Outcome Response, Response - Short or Long, Left Image Code, Right Image Code, Chosen Image Code, Objective Duration of Stimulus, Stimulus Delay,
PAX32,19, M, 250+1000,1,0,4.44E+03, long, Parallelogram, Circle, Circle,550,1000, 
PAX32,19, M, 250+1000,2,1,3.01E+03, long, Rhombus, Parallelogram, Rhombus,750,1000, 
PAX32,19, M, 250+1000,3,0,3.87E+03, short, Triangle, Rhombus, Triangle,550,250, 
PAX32,19, M, 250+1000,4,1,3.44E+03, short, Square, Rhombus, Square,450,250, 
PAX32,19, M, 250+1000,5,0,1.85E+03, long, Parallelogram, Triangle, Triangle,550,1000, 
PAX32,19, M, 250+1000,6,1,1.25E+03, long, Square, Parallelogram, Square,850,1000, 
PAX32,19, M, 250+1000,7,1,6.63E+03, short, Rhombus, Pentagon, Pentagon,550,1000, 
PAX32,19, M, 250+1000,8,0,2.82E+03, short, Rhombus, Parallelogram, Rhombus,250,250, 
PAX32,19, M, 250+1000,9,1,6.90E+03, short, Pentagon, Parallelogram, Parallelogram,450,1000, 
PAX32,19, M, 250+1000,10,0,8.17E+02, long, Square, Pentagon, Square,850,250, 
PAX32,19, M, 250+1000,11,1,7.81E+02, short, Square, Pentagon, Pentagon,550,250, 
PAX32,19, M, 250+1000,12,1,7.73E+02, short, Triangle, Rhombus, Triangle,450,250, 
PAX32,19, M, 250+1000,13,1,8.73E+02, short, Pentagon, Square, Square,350,1000, 
PAX32,19, M, 250+1000,14,1,1.95E+03, long, Parallelogram, Pentagon, Parallelogram,550,1000, 
PAX32,19, M, 250+1000,15,0,1.17E+03, short, Pentagon, Triangle, Pentagon,450,250, 
PAX32,19, M, 250+1000,16,1,1.89E+03, long, Pentagon, Parallelogram, Parallelogram,850,250, 
PAX32,19, M, 250+1000,17,1,5.65E+03, short, Rhombus, Pentagon, Rhombus,550,250, 
PAX32,19, M, 250+1000,18,1,5.84E+02, short, Triangle, Pentagon, Triangle,350,250, 
PAX32,19, M, 250+1000,19,0,8.60E+02, short, Triangle, Pentagon, Pentagon,450,250, 
PAX32,19, M, 250+1000,20,0,1.72E+03, long, Parallelogram, Pentagon, Parallelogram,750,1000, 
PAX32,19, M, 250+1000,21,1,1.01E+03, long, Pentagon, Square, Pentagon,850,1000, 
PAX32,19, M, 250+1000,22,1,1.17E+03, long, Parallelogram, Square, Square,850,1000, 
PAX32,19, M, 250+1000,23,1,6.57E+02, short, Circle, Triangle, Circle,250,1000, 
PAX32,19, M, 250+1000,24,1,6.69E+02, long, Triangle, Square, Triangle,650,250, 
PAX32,19, M, 250+1000,25,0,6.55E+02, short, Rhombus, Square, Square,450,1000, 
PAX32,19, M, 250+1000,26,0,1.49E+03, long, Square, Pentagon, Square,650,1000, 
PAX32,19, M, 250+1000,27,1,5.13E+02, short, Circle, Rhombus, Circle,250,250, 
PAX32,19, M, 250+1000,28,0,5.35E+02, short, Parallelogram, Circle, Circle,450,1000, 
PAX32,19, M, 250+1000,29,0,4.17E+02, long, Pentagon, Triangle, Triangle,750,1000, 
PAX32,19, M, 250+1000,30,1,5.31E+02, short, Square, Parallelogram, Square,350,1000, 
PAX32,19, M, 250+1000,31,1,1.65E+03, short, Triangle, Pentagon, Triangle,450,250, 
PAX32,19, M, 250+1000,32,0,1.62E+03, short, Circle, Parallelogram, Parallelogram,450,1000, 
PAX32,19, M, 250+1000,33,1,2.76E+02, long, Circle, Square, Circle,650,250, 
PAX32,19, M, 250+1000,34,1,8.50E+02, short, Parallelogram, Rhombus, Rhombus,350,1000, 
PAX32,19, M, 250+1000,35,0,1.43E+03, long, Rhombus, Square, Rhombus,650,250, 
PAX32,19, M, 250+1000,36,0,4.64E+03, long, Triangle, Pentagon, Pentagon,450,1000, 
PAX32,19, M, 250+1000,37,1,6.75E+02, long, Rhombus, Triangle, Triangle,650,1000, 
PAX32,19, M, 250+1000,38,0,6.27E+02, short, Triangle, Parallelogram, Triangle,350,1000, 
PAX32,19, M, 250+1000,39,0,7.55E+02, long, Rhombus, Circle, Circle,750,1000, 
PAX32,19, M, 250+1000,40,0,1.24E+03, long, Triangle, Circle, Circle,450,250, 
PAX32,19, M, 250+1000,41,0,6.87E+02, short, Rhombus, Parallelogram, Rhombus,350,1000, 
PAX32,19, M, 250+1000,42,0,1.24E+03, short, Triangle, Parallelogram, Parallelogram,250,250, 
PAX32,19, M, 250+1000,43,1,1.26E+03, short, Parallelogram, Circle, Circle,450,250, 
PAX32,19, M, 250+1000,44,0,1.23E+03, long, Triangle, Square, Triangle,650,1000, 
PAX32,19, M, 250+1000,45,0,9.20E+02, short, Square, Rhombus, Square,250,250, 
PAX32,19, M, 250+1000,46,1,8.58E+02, long, Circle, Triangle, Circle,850,1000, 
PAX32,19, M, 250+1000,47,0,2.29E+03, long, Square, Parallelogram, Parallelogram,550,1000, 
PAX32,19, M, 250+1000,48,0,2.12E+03, long, Rhombus, Parallelogram, Rhombus,550,1000, 
PAX32,19, M, 250+1000,49,1,1.29E+03, long, Rhombus, Circle, Circle,750,250, 
PAX32,19, M, 250+1000,50,0,6.54E+02, long, Triangle, Rhombus, Triangle,850,1000, 
PAX32,19, M, 250+1000,51,1,4.83E+02, short, Triangle, Circle, Circle,350,250, 
PAX32,19, M, 250+1000,52,0,2.90E+02, long, Rhombus, Square, Square,650,1000, 
PAX32,19, M, 250+1000,53,1,7.15E+02, long, Triangle, Parallelogram, Triangle,650,250, 
PAX32,19, M, 250+1000,54,1,7.07E+02, short, Square, Parallelogram, Square,450,1000, 
PAX32,19, M, 250+1000,55,0,5.97E+02, long, Circle, Parallelogram, Parallelogram,850,1000, 
PAX32,19, M, 250+1000,56,1,7.03E+02, long, Pentagon, Rhombus, Pentagon,650,1000, 
PAX32,19, M, 250+1000,57,0,7.01E+02, long, Circle, Triangle, Triangle,850,250, 
PAX32,19, M, 250+1000,58,1,1.00E+03, long, Triangle, Parallelogram, Triangle,850,250, 
PAX32,19, M, 250+1000,59,0,3.20E+02, long, Circle, Pentagon, Circle,750,250, 
PAX32,19, M, 250+1000,60,1,6.78E+02, long, Triangle, Square, Square,550,1000, 
PAX32,19, M, 250+1000,61,0,1.15E+03, long, Pentagon, Square, Square,450,1000, 
PAX32,19, M, 250+1000,62,0,4.14E+03, short, Parallelogram, Square, Parallelogram,250,1000, 
PAX32,19, M, 250+1000,63,0,2.95E+03, long, Square, Rhombus, Square,850,250, 
PAX32,19, M, 250+1000,64,0,1.04E+03, long, Pentagon, Triangle, Pentagon,750,250, 
PAX32,19, M, 250+1000,65,1,9.33E+02, short, Circle, Rhombus, Circle,450,250, 
PAX32,19, M, 250+1000,66,1,1.35E+03, short, Triangle, Circle, Circle,350,250, 
PAX32,19, M, 250+1000,67,1,7.39E+02, short, Rhombus, Circle, Circle,350,250, 
PAX32,19, M, 250+1000,68,0,2.61E+03, long, Circle, Triangle, Circle,750,250, 
PAX32,19, M, 250+1000,69,0,7.09E+02, long, Pentagon, Square, Pentagon,650,250, 
PAX32,19, M, 250+1000,70,1,3.44E+02, long, Pentagon, Parallelogram, Parallelogram,750,250, 
PAX32,19, M, 250+1000,71,1,2.78E+03, long, Triangle, Rhombus, Rhombus,550,1000, 
PAX32,19, M, 250+1000,72,1,4.89E+03, long, Circle, Square, Circle,550,250, 
PAX32,19, M, 250+1000,73,0,1.60E+03, long, Square, Parallelogram, Square,650,250, 
PAX32,19, M, 250+1000,74,1,1.09E+03, long, Parallelogram, Square, Square,750,250, 
PAX32,19, M, 250+1000,75,0,1.25E+03, short, Pentagon, Rhombus, Pentagon,450,1000, 
PAX32,19, M, 250+1000,76,0,4.46E+02, short, Parallelogram, Pentagon, Parallelogram,450,1000, 
PAX32,19, M, 250+1000,77,1,7.68E+02, short, Parallelogram, Triangle, Triangle,250,1000, 
PAX32,19, M, 250+1000,78,1,2.71E+02, long, Triangle, Square, Triangle,450,1000, 
PAX32,19, M, 250+1000,79,0,1.26E+03, long, Triangle, Square, Square,550,1000, 
PAX32,19, M, 250+1000,80,1,3.22E+02, long, Parallelogram, Circle, Parallelogram,750,1000, 
PAX32,19, M, 250+1000,81,0,3.75E+02, short, Triangle, Rhombus, Triangle,650,1000, 
PAX32,19, M, 250+1000,82,1,5.63E+02, long, Rhombus, Square, Rhombus,750,1000, 
PAX32,19, M, 250+1000,83,1,3.31E+03, long, Triangle, Square, Square,550,1000, 
PAX32,19, M, 250+1000,84,0,4.98E+02, long, Triangle, Parallelogram, Triangle,850,250, 
PAX32,19, M, 250+1000,85,1,1.26E+03, long, Pentagon, Triangle, Pentagon,550,250, 
PAX32,19, M, 250+1000,86,1,3.73E+02, long, Parallelogram, Triangle, Triangle,750,1000, 
PAX32,19, M, 250+1000,87,1,2.60E+03, short, Square, Rhombus, Square,450,1000, 
PAX32,19, M, 250+1000,88,0,1.20E+03, long, Rhombus, Triangle, Triangle,750,1000, 
PAX32,19, M, 250+1000,89,0,1.05E+03, long, Rhombus, Pentagon, Rhombus,550,250, 
PAX32,19, M, 250+1000,90,0,6.86E+02, long, Rhombus, Parallelogram, Rhombus,850,1000, 
PAX32,19, M, 250+1000,91,1,6.82E+02, long, Rhombus, Triangle, Rhombus,750,1000, 
PAX32,19, M, 250+1000,92,1,9.18E+02, short, Circle, Pentagon, Pentagon,250,1000, 
PAX32,19, M, 250+1000,93,0,3.66E+02, long, Pentagon, Square, Pentagon,650,250, 
PAX32,19, M, 250+1000,94,0,1.55E+03, long, Parallelogram, Circle, Circle,650,250, 
PAX32,19, M, 250+1000,95,0,6.34E+02, long, Pentagon, Triangle, Pentagon,550,250, 
PAX32,19, M, 250+1000,96,1,1.67E+03, long, Pentagon, Triangle, Triangle,750,1000, 
PAX32,19, M, 250+1000,97,0,4.59E+02, long, Square, Pentagon, Square,550,1000, 
PAX32,19, M, 250+1000,98,0,1.80E+03, short, Rhombus, Pentagon, Rhombus,450,1000, 
PAX32,19, M, 250+1000,99,0,3.04E+02, long, Circle, Parallelogram, Parallelogram,750,1000, 
PAX32,19, M, 250+1000,100,0,1.04E+03, long, Parallelogram, Pentagon, Parallelogram,550,250, 
PAX32,19, M, 250+1000,101,1,3.03E+02, long, Square, Triangle, Triangle,850,1000, 
PAX32,19, M, 250+1000,102,1,4.71E+02, long, Pentagon, Circle, Pentagon,750,250, 
PAX32,19, M, 250+1000,103,0,2.59E+02, long, Square, Parallelogram, Parallelogram,850,1000, 
PAX32,19, M, 250+1000,104,0,9.37E+03, long, Rhombus, Pentagon, Rhombus,650,1000, 
PAX32,19, M, 250+1000,105,1,9.00E+02, long, Parallelogram, Square, Parallelogram,550,250, 
PAX32,19, M, 250+1000,106,0,7.69E+02, short, Rhombus, Square, Square,350,1000, 
PAX32,19, M, 250+1000,107,1,5.88E+02, short, Square, Pentagon, Square,450,250, 
PAX32,19, M, 250+1000,108,1,2.42E+02, long, Triangle, Circle, Circle,750,250, 
PAX32,19, M, 250+1000,109,0,5.18E+02, short, Triangle, Parallelogram, Triangle,450,250, 
PAX32,19, M, 250+1000,110,1,6.36E+02, short, Pentagon, Rhombus, Rhombus,350,1000, 
PAX32,19, M, 250+1000,111,1,3.94E+02, short, Parallelogram, Square, Parallelogram,350,250, 
PAX32,19, M, 250+1000,112,1,2.50E+02, long, Square, Pentagon, Pentagon,650,1000, 
PAX32,19, M, 250+1000,113,0,7.16E+02, short, Circle, Triangle, Circle,250,250, 
PAX32,19, M, 250+1000,114,0,3.68E+03, short, Pentagon, Square, Square,650,250, 
PAX32,19, M, 250+1000,115,1,1.63E+03, long, Square, Parallelogram, Square,650,1000, 
PAX32,19, M, 250+1000,116,0,4.99E+03, long, Rhombus, Pentagon, Rhombus,650,1000, 
PAX32,19, M, 250+1000,117,0,4.25E+02, short, Rhombus, Triangle, Rhombus,350,250, 
PAX32,19, M, 250+1000,118,0,4.97E+02, short, Parallelogram, Triangle, Parallelogram,350,250, 
PAX32,19, M, 250+1000,119,1,5.53E+02, short, Rhombus, Circle, Rhombus,550,250, 
PAX32,19, M, 250+1000,120,0,2.35E+02, long, Square, Triangle, Square,750,250, 
PAX32,19, M, 250+1000,121,0,1.62E+03, long, Square, Rhombus, Rhombus,550,1000, 
PAX32,19, M, 250+1000,122,0,2.55E+02, long, Pentagon, Triangle, Pentagon,750,250, 
PAX32,19, M, 250+1000,123,1,2.49E+02, long, Triangle, Circle, Circle,650,250, 
PAX32,19, M, 250+1000,124,0,2.33E+03, long, Parallelogram, Triangle, Parallelogram,650,250, 
PAX32,19, M, 250+1000,125,1,6.52E+02, short, Parallelogram, Rhombus, Rhombus,450,250, 
PAX32,19, M, 250+1000,126,1,1.33E+03, short, Parallelogram, Rhombus, Parallelogram,450,1000, 
PAX32,19, M, 250+1000,127,1,1.74E+03, long, Parallelogram, Rhombus, Rhombus,750,1000, 
PAX32,19, M, 250+1000,128,1,3.70E+02, long, Circle, Pentagon, Pentagon,750,1000, 
PAX32,19, M, 250+1000,129,0,2.12E+03, short, Pentagon, Circle, Circle,450,1000, 
PAX32,19, M, 250+1000,130,1,1.41E+03, short, Triangle, Circle, Triangle,350,1000, 
PAX32,19, M, 250+1000,131,1,8.99E+02, long, Parallelogram, Triangle, Parallelogram,650,1000, 
PAX32,19, M, 250+1000,132,0,1.91E+03, short, Square, Circle, Square,550,250, 
PAX32,19, M, 250+1000,133,1,2.11E+02, long, Rhombus, Circle, Rhombus,850,250, 
PAX32,19, M, 250+1000,134,0,5.68E+02, short, Square, Pentagon, Square,250,1000, 
PAX32,19, M, 250+1000,135,0,2.17E+02, long, Circle, Parallelogram, Parallelogram,850,250, 
PAX32,19, M, 250+1000,136,1,2.69E+02, long, Pentagon, Rhombus, Pentagon,650,250, 
PAX32,19, M, 250+1000,137,1,3.51E+02, short, Square, Triangle, Triangle,250,1000, 
PAX32,19, M, 250+1000,138,1,2.56E+02, long, Rhombus, Pentagon, Rhombus,650,1000, 
PAX32,19, M, 250+1000,139,1,3.61E+02, long, Triangle, Circle, Triangle,650,250, 
PAX32,19, M, 250+1000,140,1,5.07E+02, short, Parallelogram, Square, Parallelogram,250,250, 
PAX32,19, M, 250+1000,141,0,3.23E+02, short, Triangle, Circle, Circle,550,1000, 
PAX32,19, M, 250+1000,142,1,6.39E+02, short, Square, Triangle, Square,250,1000, 
PAX32,19, M, 250+1000,143,0,4.15E+02, long, Parallelogram, Pentagon, Parallelogram,450,1000, 
PAX32,19, M, 250+1000,144,1,4.53E+02, long, Triangle, Pentagon, Pentagon,850,250, 
PAX32,19, M, 250+1000,145,0,6.76E+02, short, Triangle, Square, Triangle,250,250, 
PAX32,19, M, 250+1000,146,1,4.56E+03, long, Triangle, Pentagon, Pentagon,850,1000, 
PAX32,19, M, 250+1000,147,0,1.30E+03, long, Pentagon, Rhombus, Pentagon,750,250, 
PAX32,19, M, 250+1000,148,0,2.37E+03, long, Parallelogram, Triangle, Triangle,550,1000, 
PAX32,19, M, 250+1000,149,1,4.86E+02, short, Parallelogram, Rhombus, Parallelogram,250,250, 
PAX32,19, M, 250+1000,150,1,4.70E+02, long, Triangle, Square, Square,650,250, 
PAX32,19, M, 250+1000,151,1,3.64E+03, long, Pentagon, Parallelogram, Pentagon,350,250, 
PAX32,19, M, 250+1000,152,0,8.31E+02, short, Pentagon, Parallelogram, Pentagon,450,250, 
PAX32,19, M, 250+1000,153,0,6.25E+03, long, Square, Circle, Square,350,250, 
PAX32,19, M, 250+1000,154,0,2.30E+03, short, Triangle, Square, Triangle,650,1000, 
PAX32,19, M, 250+1000,155,0,2.20E+03, long, Pentagon, Circle, Pentagon,550,250, 
PAX32,19, M, 250+1000,156,1,1.34E+03, long, Pentagon, Circle, Pentagon,850,1000, 
PAX32,19, M, 250+1000,157,0,6.20E+02, short, Square, Circle, Circle,350,1000, 
PAX32,19, M, 250+1000,158,1,4.46E+02, short, Parallelogram, Triangle, Parallelogram,350,250, 
PAX32,19, M, 250+1000,159,0,5.90E+02, short, Circle, Triangle, Circle,350,1000, 
PAX32,19, M, 250+1000,160,0,4.86E+02, short, Rhombus, Triangle, Triangle,250,1000, 
PAX32,19, M, 250+1000,161,1,6.69E+03, short, Square, Parallelogram, Square,250,250, 
PAX32,19, M, 250+1000,162,0,4.19E+02, long, Parallelogram, Triangle, Parallelogram,450,250, 
PAX32,19, M, 250+1000,163,0,5.66E+03, short, Circle, Rhombus, Rhombus,350,250, 
PAX32,19, M, 250+1000,164,1,2.55E+02, long, Rhombus, Circle, Rhombus,550,250, 
PAX32,19, M, 250+1000,165,1,2.51E+02, long, Circle, Square, Circle,850,250, 
PAX32,19, M, 250+1000,166,1,2.98E+02, long, Triangle, Rhombus, Triangle,450,250, 
PAX32,19, M, 250+1000,167,1,6.05E+02, short, Pentagon, Rhombus, Pentagon,250,250, 
PAX32,19, M, 250+1000,168,1,9.03E+02, long, Square, Triangle, Triangle,750,1000, 
PAX32,19, M, 250+1000,169,0,4.48E+02, long, Circle, Parallelogram, Circle,750,250, 
PAX32,19, M, 250+1000,170,1,6.66E+02, short, Square, Pentagon, Square,250,1000, 
PAX32,19, M, 250+1000,171,0,4.78E+02, long, Pentagon, Rhombus, Rhombus,650,1000, 
PAX32,19, M, 250+1000,172,0,3.30E+02, long, Rhombus, Square, Rhombus,750,1000, 
PAX32,19, M, 250+1000,173,0,4.03E+03, short, Circle, Triangle, Circle,350,250, 
PAX32,19, M, 250+1000,174,1,1.38E+03, long, Square, Triangle, Triangle,850,250, 
PAX32,19, M, 250+1000,175,1,3.48E+02, long, Parallelogram, Circle, Parallelogram,750,250, 
PAX32,19, M, 250+1000,176,0,5.71E+02, long, Rhombus, Circle, Rhombus,850,250, 
PAX32,19, M, 250+1000,177,0,4.04E+02, long, Circle, Square, Square,450,250, 
PAX32,19, M, 250+1000,178,1,3.05E+02, long, Square, Rhombus, Square,650,250, 
PAX32,19, M, 250+1000,179,1,2.93E+02, long, Pentagon, Circle, Pentagon,750,250, 
PAX32,19, M, 250+1000,180,0,8.03E+02, short, Parallelogram, Pentagon, Pentagon,250,1000, 
PAX32,19, M, 250+1000,181,0,5.52E+03, long, Triangle, Rhombus, Triangle,250,1000, 
PAX32,19, M, 250+1000,182,1,1.98E+03, short, Square, Rhombus, Square,450,1000, 
PAX32,19, M, 250+1000,183,0,1.90E+03, short, Pentagon, Triangle, Pentagon,450,250, 
PAX32,19, M, 250+1000,184,1,1.03E+03, long, Pentagon, Parallelogram, Parallelogram,750,250, 
PAX32,19, M, 250+1000,185,0,1.16E+03, long, Triangle, Parallelogram, Triangle,350,1000, 
PAX32,19, M, 250+1000,186,1,7.60E+02, short, Circle, Rhombus, Circle,450,1000, 
PAX32,19, M, 250+1000,187,0,5.40E+02, long, Rhombus, Square, Rhombus,850,250, 
PAX32,19, M, 250+1000,188,0,2.52E+02, long, Triangle, Pentagon, Pentagon,750,1000, 
PAX32,19, M, 250+1000,189,1,4.76E+02, short, Pentagon, Parallelogram, Pentagon,250,250, 
PAX32,19, M, 250+1000,190,1,2.74E+02, long, Square, Circle, Circle,750,1000, 
PAX32,19, M, 250+1000,191,1,2.58E+02, long, Square, Parallelogram, Square,650,1000, 
PAX32,19, M, 250+1000,192,1,2.69E+02, long, Circle, Rhombus, Circle,450,1000, 
PAX32,19, M, 250+1000,193,1,4.18E+02, short, Square, Parallelogram, Parallelogram,250,250, 
PAX32,19, M, 250+1000,194,1,3.25E+02, long, Pentagon, Square, Pentagon,550,250, 
PAX32,19, M, 250+1000,195,0,8.72E+02, long, Pentagon, Circle, Circle,850,1000, 
PAX32,19, M, 250+1000,196,0,6.71E+03, long, Pentagon, Circle, Pentagon,350,1000, 
PAX32,19, M, 250+1000,197,1,2.09E+03, short, Pentagon, Square, Pentagon,250,250, 
PAX32,19, M, 250+1000,198,1,2.71E+03, short, Rhombus, Parallelogram, Rhombus,350,250, 
PAX32,19, M, 250+1000,199,0,8.27E+02, long, Rhombus, Triangle, Triangle,650,250, 
PAX32,19, M, 250+1000,200,1,3.19E+02, long, Circle, Rhombus, Circle,650,1000, 
PAX32,19, M, 250+1000,201,1,3.02E+02, long, Triangle, Parallelogram, Triangle,850,250, 
PAX32,19, M, 250+1000,202,0,2.48E+03, long, Square, Circle, Square,550,1000, 
PAX32,19, M, 250+1000,203,1,7.36E+02, long, Triangle, Parallelogram, Triangle,650,250, 
PAX32,19, M, 250+1000,204,0,9.68E+02, long, Pentagon, Rhombus, Pentagon,750,250, 
PAX32,19, M, 250+1000,205,1,6.60E+02, long, Parallelogram, Circle, Parallelogram,650,250, 
PAX32,19, M, 250+1000,206,1,2.78E+02, long, Square, Triangle, Triangle,850,1000, 
PAX32,19, M, 250+1000,207,0,4.16E+02, short, Triangle, Circle, Circle,250,250, 
PAX32,19, M, 250+1000,208,1,2.28E+02, long, Triangle, Square, Triangle,850,1000, 
PAX32,19, M, 250+1000,209,0,3.20E+02, long, Circle, Parallelogram, Circle,850,250, 
PAX32,19, M, 250+1000,210,1,3.14E+02, long, Rhombus, Square, Square,850,1000, 
PAX32,19, M, 250+1000,211,1,7.03E+03, short, Triangle, Pentagon, Triangle,750,1000, 
PAX32,19, M, 250+1000,212,0,3.65E+02, long, Circle, Square, Circle,450,250, 
PAX32,19, M, 250+1000,213,0,1.01E+03, short, Triangle, Pentagon, Triangle,350,1000, 
PAX32,19, M, 250+1000,214,0,4.57E+02, short, Square, Circle, Square,350,250, 
PAX32,19, M, 250+1000,215,0,4.38E+03, long, Pentagon, Parallelogram, Parallelogram,650,250, 
PAX32,19, M, 250+1000,216,1,5.90E+03, long, Circle, Rhombus, Circle,450,1000, 
PAX32,19, M, 250+1000,217,1,8.54E+02, short, Parallelogram, Rhombus, Parallelogram,250,1000, 
PAX32,19, M, 250+1000,218,1,3.66E+02, long, Circle, Pentagon, Pentagon,850,250, 
PAX32,19, M, 250+1000,219,1,2.14E+02, long, Triangle, Rhombus, Triangle,750,250, 
PAX32,19, M, 250+1000,220,0,5.04E+02, short, Parallelogram, Rhombus, Parallelogram,250,1000, 
PAX32,19, M, 250+1000,221,0,2.48E+02, long, Parallelogram, Square, Square,750,1000, 
PAX32,19, M, 250+1000,222,1,3.98E+02, short, Circle, Triangle, Circle,250,1000, 
PAX32,19, M, 250+1000,223,1,2.56E+02, long, Pentagon, Parallelogram, Parallelogram,850,1000, 
PAX32,19, M, 250+1000,224,0,2.33E+03, long, Circle, Pentagon, Circle,850,1000, 
PAX32,19, M, 250+1000,225,0,8.60E+03, long, Pentagon, Circle, Pentagon,350,1000, 
PAX32,19, M, 250+1000,226,1,4.13E+02, long, Pentagon, Circle, Pentagon,750,250, 
PAX32,19, M, 250+1000,227,0,3.40E+03, short, Circle, Parallelogram, Parallelogram,350,250, 
PAX32,19, M, 250+1000,228,1,2.93E+02, long, Parallelogram, Rhombus, Parallelogram,550,1000, 
PAX32,19, M, 250+1000,229,1,9.17E+02, short, Circle, Pentagon, Circle,550,1000, 
PAX32,19, M, 250+1000,230,0,6.15E+02, short, Circle, Parallelogram, Circle,250,250, 
PAX32,19, M, 250+1000,231,0,4.13E+02, long, Square, Triangle, Square,650,250, 
PAX32,19, M, 250+1000,232,0,3.99E+02, long, Parallelogram, Pentagon, Pentagon,550,250, 
PAX32,19, M, 250+1000,233,1,4.51E+02, short, Rhombus, Square, Rhombus,250,250, 
PAX32,19, M, 250+1000,234,1,5.89E+02, short, Parallelogram, Circle, Circle,250,1000, 
PAX32,19, M, 250+1000,235,0,2.81E+03, short, Circle, Pentagon, Circle,350,250, 
PAX32,19, M, 250+1000,236,1,1.82E+03, long, Parallelogram, Rhombus, Parallelogram,850,250, 
PAX32,19, M, 250+1000,237,1,5.39E+03, long, Circle, Rhombus, Circle,650,1000, 
PAX32,19, M, 250+1000,238,0,9.02E+02, short, Parallelogram, Circle, Parallelogram,250,1000, 
PAX32,19, M, 250+1000,239,1,9.08E+03, short, Square, Pentagon, Square,550,1000, 
PAX32,19, M, 250+1000,240,0,3.72E+02, long, Pentagon, Rhombus, Pentagon,450,1000, 
PAX32,19, M, 250+1000,241,0,1.99E+03, long, Pentagon, Rhombus, Rhombus,750,1000, 
PAX32,19, M, 250+1000,242,1,6.62E+02, long, Triangle, Circle, Circle,550,250, 
PAX32,19, M, 250+1000,243,1,6.30E+02, long, Rhombus, Pentagon, Pentagon,750,250, 
PAX32,19, M, 250+1000,244,1,3.81E+02, long, Square, Pentagon, Square,850,250, 
PAX32,19, M, 250+1000,245,0,3.51E+02, long, Triangle, Parallelogram, Triangle,850,1000, 
PAX32,19, M, 250+1000,246,1,1.13E+03, short, Pentagon, Square, Pentagon,550,1000, 
PAX32,19, M, 250+1000,247,0,1.19E+03, long, Pentagon, Rhombus, Rhombus,650,1000, 
PAX32,19, M, 250+1000,248,0,3.81E+03, long, Square, Triangle, Square,450,1000, 
PAX32,19, M, 250+1000,249,0,2.41E+03, short, Parallelogram, Rhombus, Parallelogram,750,250, 
PAX32,19, M, 250+1000,250,1,1.24E+03, long, Rhombus, Square, Rhombus,550,250, 
PAX32,19, M, 250+1000,251,0,9.40E+02, short, Rhombus, Parallelogram, Parallelogram,550,250, 
PAX32,19, M, 250+1000,252,0,4.31E+03, short, Circle, Pentagon, Pentagon,650,250, 
PAX32,19, M, 250+1000,253,1,2.32E+02, long, Triangle, Rhombus, Triangle,850,1000, 
PAX32,19, M, 250+1000,254,0,6.14E+02, short, Square, Triangle, Square,350,250, 
PAX32,19, M, 250+1000,255,0,8.43E+02, short, Parallelogram, Square, Square,350,250, 
PAX32,19, M, 250+1000,256,1,5.03E+02, short, Square, Parallelogram, Square,450,1000, 
PAX32,19, M, 250+1000,257,0,5.80E+02, short, Circle, Triangle, Triangle,350,1000, 
PAX32,19, M, 250+1000,258,0,1.34E+03, long, Triangle, Circle, Triangle,650,1000, 
PAX32,19, M, 250+1000,259,0,5.41E+03, long, Pentagon, Parallelogram, Pentagon,550,1000, 
PAX32,19, M, 250+1000,260,0,1.54E+03, short, Circle, Square, Square,550,250, 
PAX32,19, M, 250+1000,261,1,6.72E+02, long, Parallelogram, Rhombus, Parallelogram,850,250, 
PAX32,19, M, 250+1000,262,0,4.86E+03, long, Rhombus, Pentagon, Pentagon,850,1000, 
PAX32,19, M, 250+1000,263,0,5.36E+02, short, Rhombus, Parallelogram, Rhombus,350,250, 
PAX32,19, M, 250+1000,264,1,5.26E+02, short, Pentagon, Rhombus, Pentagon,450,250, 
PAX32,19, M, 250+1000,265,0,3.78E+02, short, Circle, Pentagon, Circle,350,250, 
PAX32,19, M, 250+1000,266,0,5.90E+02, short, Triangle, Parallelogram, Parallelogram,250,1000, 
PAX32,19, M, 250+1000,267,1,1.66E+03, short, Circle, Triangle, Triangle,450,1000, 
PAX32,19, M, 250+1000,268,0,2.42E+02, long, Circle, Square, Circle,550,1000, 
PAX32,19, M, 250+1000,269,1,4.96E+02, short, Pentagon, Circle, Pentagon,250,250, 
PAX32,19, M, 250+1000,270,0,2.76E+02, short, Circle, Rhombus, Rhombus,650,250, 
PAX32,19, M, 250+1000,271,1,1.66E+03, short, Circle, Square, Circle,450,1000, 
PAX32,19, M, 250+1000,272,0,7.19E+03, long, Triangle, Parallelogram, Triangle,250,1000, 
PAX32,19, M, 250+1000,273,0,9.85E+02, short, Parallelogram, Pentagon, Parallelogram,250,1000, 
PAX32,19, M, 250+1000,274,1,2.21E+02, long, Rhombus, Triangle, Rhombus,650,250, 
PAX32,19, M, 250+1000,275,0,3.58E+02, long, Rhombus, Pentagon, Rhombus,750,250, 
PAX32,19, M, 250+1000,276,1,4.25E+02, short, Rhombus, Parallelogram, Rhombus,450,250, 
PAX32,19, M, 250+1000,277,0,2.20E+02, long, Circle, Pentagon, Circle,850,250, 
PAX32,19, M, 250+1000,278,1,4.59E+02, short, Square, Triangle, Square,250,250, 
PAX32,19, M, 250+1000,279,1,1.71E+03, long, Pentagon, Circle, Circle,850,1000, 
PAX32,19, M, 250+1000,280,1,7.93E+02, short, Square, Parallelogram, Parallelogram,350,1000, 
PAX32,19, M, 250+1000,281,1,3.75E+03, long, Circle, Square, Circle,350,1000, 
PAX32,19, M, 250+1000,282,0,7.06E+03, long, Circle, Triangle, Circle,250,250, 
PAX32,19, M, 250+1000,283,1,1.33E+03, long, Rhombus, Triangle, Rhombus,650,1000, 
PAX32,19, M, 250+1000,284,1,1.65E+03, long, Square, Pentagon, Square,450,1000, 
PAX32,19, M, 250+1000,285,0,2.90E+02, long, Pentagon, Rhombus, Pentagon,750,250, 
PAX32,19, M, 250+1000,286,0,8.14E+02, short, Square, Pentagon, Square,650,250, 
PAX32,19, M, 250+1000,287,0,4.50E+02, long, Parallelogram, Pentagon, Pentagon,650,1000, 
PAX32,19, M, 250+1000,288,0,2.79E+03, long, Circle, Triangle, Triangle,450,1000, 
PAX32,19, M, 250+1000,289,1,5.83E+02, short, Square, Rhombus, Square,350,250, 
PAX32,19, M, 250+1000,290,1,9.94E+02, long, Square, Parallelogram, Square,750,1000, 
PAX32,19, M, 250+1000,291,0,6.44E+03, long, Triangle, Square, Triangle,350,1000, 
PAX32,19, M, 250+1000,292,1,8.45E+02, long, Pentagon, Square, Pentagon,450,250, 
PAX32,19, M, 250+1000,293,0,2.73E+02, long, Circle, Square, Circle,750,250, 
PAX32,19, M, 250+1000,294,1,9.09E+02, long, Square, Circle, Circle,650,250, 
PAX32,19, M, 250+1000,295,1,2.29E+03, long, Rhombus, Triangle, Triangle,350,250, 
PAX32,19, M, 250+1000,296,0,5.84E+02, short, Triangle, Pentagon, Triangle,250,1000, 
PAX32,19, M, 250+1000,297,1,1.69E+03, short, Square, Triangle, Triangle,350,1000, 
PAX32,19, M, 250+1000,298,1,4.02E+02, short, Rhombus, Pentagon, Rhombus,250,250, 
PAX32,19, M, 250+1000,299,0,2.33E+02, long, Rhombus, Square, Rhombus,750,1000, 
PAX32,19, M, 250+1000,300,0,2.94E+02, long, Circle, Square, Circle,750,1000, 
PAX32,19, M, 250+1000,301,1,2.64E+02, long, Pentagon, Parallelogram, Parallelogram,650,1000, 
PAX32,19, M, 250+1000,302,1,3.72E+02, long, Parallelogram, Circle, Circle,550,1000, 
PAX32,19, M, 250+1000,303,1,3.42E+02, long, Pentagon, Triangle, Pentagon,850,250, 
PAX32,19, M, 250+1000,304,1,3.72E+02, long, Pentagon, Parallelogram, Parallelogram,650,250, 
PAX32,19, M, 250+1000,305,0,1.13E+03, long, Parallelogram, Circle, Parallelogram,650,1000, 
PAX32,19, M, 250+1000,306,0,1.14E+03, short, Rhombus, Parallelogram, Rhombus,450,250, 
PAX32,19, M, 250+1000,307,1,2.37E+02, long, Parallelogram, Square, Parallelogram,650,1000, 
PAX32,19, M, 250+1000,308,1,2.58E+02, long, Triangle, Rhombus, Triangle,650,1000, 
PAX32,19, M, 250+1000,309,0,1.11E+03, short, Pentagon, Circle, Pentagon,350,1000, 
PAX32,19, M, 250+1000,310,0,2.21E+02, long, Parallelogram, Triangle, Triangle,850,250, 
PAX32,19, M, 250+1000,311,1,3.19E+02, long, Rhombus, Pentagon, Rhombus,550,1000, 
PAX32,19, M, 250+1000,312,1,2.67E+02, long, Pentagon, Parallelogram, Parallelogram,750,250, 
PAX32,19, M, 250+1000,313,1,2.49E+03, long, Triangle, Pentagon, Pentagon,350,250, 
PAX32,19, M, 250+1000,314,0,4.09E+02, long, Triangle, Parallelogram, Triangle,850,1000, 
PAX32,19, M, 250+1000,315,0,1.43E+03, short, Square, Circle, Square,350,250, 
PAX32,19, M, 250+1000,316,1,1.10E+03, short, Triangle, Pentagon, Pentagon,250,250, 
PAX32,19, M, 250+1000,317,1,3.63E+03, long, Rhombus, Triangle, Triangle,350,1000, 
PAX32,19, M, 250+1000,318,1,1.78E+03, long, Circle, Square, Circle,350,250, 
PAX32,19, M, 250+1000,319,1,2.40E+02, long, Triangle, Rhombus, Triangle,850,250, 
PAX32,19, M, 250+1000,320,0,5.10E+02, short, Square, Circle, Circle,250,1000, 
PAX32,19, M, 250+1000,321,1,5.05E+03, short, Rhombus, Parallelogram, Rhombus,250,250, 
PAX32,19, M, 250+1000,322,0,4.98E+02, long, Rhombus, Square, Square,750,250, 
PAX32,19, M, 250+1000,323,0,1.08E+03, long, Rhombus, Square, Rhombus,850,250, 
PAX32,19, M, 250+1000,324,1,2.74E+03, long, Circle, Pentagon, Pentagon,550,250, 
PAX32,19, M, 250+1000,325,0,1.46E+04, long, Circle, Rhombus, Circle,250,1000, 
PAX32,19, M, 250+1000,326,0,7.29E+02, long, Pentagon, Square, Pentagon,750,250, 
PAX32,19, M, 250+1000,327,0,7.49E+02, long, Rhombus, Triangle, Rhombus,850,1000, 
PAX32,19, M, 250+1000,328,0,5.23E+02, short, Circle, Pentagon, Circle,250,250, 
PAX32,19, M, 250+1000,329,0,2.16E+02, long, Square, Rhombus, Rhombus,650,1000, 
PAX32,19, M, 250+1000,330,1,4.55E+02, short, Circle, Triangle, Circle,250,1000, 
PAX32,19, M, 250+1000,331,1,2.94E+02, long, Rhombus, Pentagon, Pentagon,450,250, 
PAX32,19, M, 250+1000,332,1,1.22E+03, short, Square, Circle, Square,450,250, 
PAX32,19, M, 250+1000,333,0,1.45E+03, short, Parallelogram, Square, Square,550,250, 
PAX32,19, M, 250+1000,334,1,3.97E+03, long, Pentagon, Square, Pentagon,250,1000, 
PAX32,19, M, 250+1000,335,1,3.06E+03, long, Triangle, Square, Triangle,650,1000, 
PAX32,19, M, 250+1000,336,0,4.17E+02, short, Square, Triangle, Square,750,1000, 
PAX32,19, M, 250+1000,337,0,1.05E+03, short, Parallelogram, Square, Parallelogram,450,1000, 
PAX32,19, M, 250+1000,338,0,2.83E+02, long, Pentagon, Square, Square,750,1000, 
PAX32,19, M, 250+1000,339,0,6.89E+02, long, Parallelogram, Circle, Parallelogram,850,1000, 
PAX32,19, M, 250+1000,340,0,1.16E+03, short, Circle, Pentagon, Circle,550,1000, 
PAX32,19, M, 250+1000,341,1,6.87E+02, short, Pentagon, Triangle, Triangle,250,1000, 
PAX32,19, M, 250+1000,342,1,4.50E+03, long, Square, Circle, Circle,550,250, 
PAX32,19, M, 250+1000,343,0,6.40E+02, short, Square, Rhombus, Square,550,250, 
PAX32,19, M, 250+1000,344,0,1.42E+03, long, Square, Rhombus, Square,650,1000, 
PAX32,19, M, 250+1000,345,0,4.81E+02, short, Triangle, Rhombus, Triangle,850,250, 
PAX32,19, M, 250+1000,346,1,5.45E+02, long, Circle, Triangle, Triangle,650,1000, 
PAX32,19, M, 250+1000,347,1,4.47E+03, long, Rhombus, Circle, Circle,550,250, 
PAX32,19, M, 250+1000,348,0,4.78E+02, long, Rhombus, Triangle, Rhombus,850,1000, 
PAX32,19, M, 250+1000,349,0,1.24E+03, long, Square, Triangle, Triangle,550,1000, 
PAX32,19, M, 250+1000,350,0,7.55E+03, long, Square, Circle, Square,350,250, 
PAX32,19, M, 250+1000,351,1,3.36E+02, long, Parallelogram, Pentagon, Parallelogram,550,250, 
PAX32,19, M, 250+1000,352,1,3.12E+02, long, Rhombus, Triangle, Rhombus,750,250, 
PAX32,19, M, 250+1000,353,0,1.11E+03, long, Square, Rhombus, Square,650,250, 
PAX32,19, M, 250+1000,354,0,1.61E+03, short, Circle, Rhombus, Rhombus,350,250, 
PAX32,19, M, 250+1000,355,1,2.56E+02, long, Triangle, Circle, Circle,850,1000, 
PAX32,19, M, 250+1000,356,1,2.99E+02, long, Square, Pentagon, Square,550,1000, 
PAX32,19, M, 250+1000,357,1,4.20E+02, short, Parallelogram, Circle, Circle,450,250, 
PAX32,19, M, 250+1000,358,1,1.11E+03, short, Circle, Parallelogram, Circle,350,250, 
PAX32,19, M, 250+1000,359,0,3.39E+02, long, Rhombus, Square, Rhombus,650,1000, 
PAX32,19, M, 250+1000,360,0,2.49E+03, short, Square, Rhombus, Rhombus,250,250, 
PAX32,19, M, 250+1000,361,1,4.27E+02, short, Triangle, Circle, Triangle,350,1000, 
PAX32,19, M, 250+1000,362,0,3.49E+02, long, Triangle, Rhombus, Triangle,250,250, 
PAX32,19, M, 250+1000,363,1,2.59E+02, long, Pentagon, Triangle, Pentagon,550,1000, 
PAX32,19, M, 250+1000,364,0,8.64E+02, short, Pentagon, Rhombus, Rhombus,550,250, 
PAX32,19, M, 250+1000,365,1,2.80E+03, short, Parallelogram, Square, Parallelogram,550,250, 
PAX32,19, M, 250+1000,366,1,7.48E+03, long, Circle, Parallelogram, Parallelogram,850,250, 
PAX32,19, M, 250+1000,367,0,8.48E+02, long, Circle, Parallelogram, Parallelogram,550,250, 
PAX32,19, M, 250+1000,368,0,6.42E+02, short, Rhombus, Parallelogram, Rhombus,450,250, 
PAX32,19, M, 250+1000,369,1,4.40E+02, short, Square, Pentagon, Square,350,1000, 
PAX32,19, M, 250+1000,370,1,9.56E+02, short, Parallelogram, Square, Parallelogram,450,1000, 
PAX32,19, M, 250+1000,371,0,1.73E+03, long, Parallelogram, Pentagon, Pentagon,850,250, 
PAX32,19, M, 250+1000,372,0,6.94E+02, short, Square, Rhombus, Rhombus,650,250, 
PAX32,19, M, 250+1000,373,0,2.22E+03, long, Rhombus, Parallelogram, Rhombus,550,250, 
PAX32,19, M, 250+1000,374,0,4.97E+02, long, Rhombus, Parallelogram, Rhombus,450,250, 
PAX32,19, M, 250+1000,375,1,3.96E+03, long, Parallelogram, Triangle, Parallelogram,550,1000, 
PAX32,19, M, 250+1000,376,1,8.31E+02, short, Rhombus, Circle, Rhombus,250,1000, 
PAX32,19, M, 250+1000,377,1,9.65E+02, short, Pentagon, Triangle, Pentagon,750,250, 
PAX32,19, M, 250+1000,378,0,1.84E+03, long, Rhombus, Circle, Circle,850,1000, 
PAX32,19, M, 250+1000,379,1,5.56E+03, long, Rhombus, Circle, Rhombus,250,1000, 
PAX32,19, M, 250+1000,380,0,6.88E+02, long, Parallelogram, Triangle, Parallelogram,750,250, 
PAX32,19, M, 250+1000,381,0,5.44E+03, long, Pentagon, Triangle, Pentagon,750,1000, 
PAX32,19, M, 250+1000,382,1,2.53E+02, long, Circle, Rhombus, Circle,750,1000, 
PAX32,19, M, 250+1000,383,0,1.37E+03, short, Parallelogram, Pentagon, Parallelogram,450,250, 
PAX32,19, M, 250+1000,384,0,4.12E+02, short, Square, Circle, Circle,250,250, 
PAX32,19, M, 250+1000,385,0,4.88E+02, short, Triangle, Circle, Circle,450,250, 
PAX32,19, M, 250+1000,386,0,2.10E+02, long, Rhombus, Pentagon, Rhombus,850,1000, 
PAX32,19, M, 250+1000,387,1,3.98E+02, short, Triangle, Square, Triangle,350,1000, 
PAX32,19, M, 250+1000,388,1,4.55E+03, long, Circle, Parallelogram, Parallelogram,550,1000, 
PAX32,19, M, 250+1000,389,1,5.63E+02, short, Square, Parallelogram, Square,350,1000, 
PAX32,19, M, 250+1000,390,0,6.03E+02, short, Circle, Parallelogram, Circle,250,250, 
PAX32,19, M, 250+1000,391,1,2.08E+02, long, Circle, Square, Square,750,1000, 
PAX32,19, M, 250+1000,392,1,4.36E+02, short, Triangle, Parallelogram, Triangle,250,1000, 
PAX32,19, M, 250+1000,393,0,4.40E+02, short, Pentagon, Circle, Pentagon,250,250, 
PAX32,19, M, 250+1000,394,1,7.95E+02, short, Parallelogram, Circle, Circle,450,250, 
PAX32,19, M, 250+1000,395,0,6.11E+02, short, Pentagon, Circle, Pentagon,350,1000, 
PAX32,19, M, 250+1000,396,1,5.57E+02, long, Rhombus, Circle, Rhombus,750,250, 
PAX32,19, M, 250+1000,397,0,1.70E+03, long, Circle, Rhombus, Rhombus,550,1000, 
PAX32,19, M, 250+1000,398,0,1.25E+03, short, Parallelogram, Square, Square,250,1000, 
PAX32,19, M, 250+1000,399,1,3.11E+03, short, Parallelogram, Rhombus, Parallelogram,350,1000, 
PAX32,19, M, 250+1000,400,0,1.20E+03, short, Parallelogram, Pentagon, Pentagon,250,250, 
PAX32,19, M, 250+1000,401,1,2.53E+02, long, Rhombus, Circle, Rhombus,650,250, 
PAX32,19, M, 250+1000,402,1,2.21E+02, long, Circle, Parallelogram, Circle,850,250, 
PAX32,19, M, 250+1000,403,0,5.61E+02, short, Circle, Square, Circle,550,250, 
PAX32,19, M, 250+1000,404,0,1.67E+03, long, Circle, Pentagon, Pentagon,850,250, 
PAX32,19, M, 250+1000,405,1,7.67E+02, long, Rhombus, Circle, Circle,450,1000, 
PAX32,19, M, 250+1000,406,0,2.48E+03, short, Pentagon, Triangle, Pentagon,350,1000, 
PAX32,19, M, 250+1000,407,0,3.11E+02, long, Circle, Rhombus, Rhombus,750,1000, 
PAX32,19, M, 250+1000,408,1,5.46E+02, short, Triangle, Pentagon, Pentagon,350,1000, 
PAX32,19, M, 250+1000,409,1,1.06E+04, long, Parallelogram, Triangle, Parallelogram,650,250, 
PAX32,19, M, 250+1000,410,1,2.16E+03, short, Pentagon, Parallelogram, Pentagon,250,250, 
PAX32,19, M, 250+1000,411,1,2.44E+02, long, Square, Circle, Square,750,1000, 
PAX32,19, M, 250+1000,412,0,1.29E+03, short, Rhombus, Triangle, Rhombus,450,1000, 
PAX32,19, M, 250+1000,413,0,5.70E+02, short, Parallelogram, Pentagon, Pentagon,250,1000, 
PAX32,19, M, 250+1000,414,1,7.14E+02, short, Pentagon, Square, Pentagon,350,250, 
PAX32,19, M, 250+1000,415,0,5.71E+02, short, Triangle, Pentagon, Triangle,450,250, 
PAX32,19, M, 250+1000,416,0,2.44E+02, long, Parallelogram, Triangle, Triangle,850,250, 
PAX32,19, M, 250+1000,417,1,3.00E+03, long, Parallelogram, Rhombus, Rhombus,350,250, 
PAX32,19, M, 250+1000,418,0,1.15E+03, long, Parallelogram, Rhombus, Rhombus,850,1000, 
PAX32,19, M, 250+1000,419,0,2.02E+03, short, Triangle, Square, Triangle,350,1000, 
PAX32,19, M, 250+1000,420,1,5.33E+02, long, Triangle, Rhombus, Triangle,850,1000, 
