﻿Subject ID, Subject Age, Gender, Group, TrialNumber, Intended or Unintended Outcome, Reaction Time on Outcome Response, Response - Short or Long, Left Image Code, Right Image Code, Chosen Image Code, Objective Duration of Stimulus, Stimulus Delay,
PAX12,22, M, 250+1000,1,1,9.40E+02, long, Triangle, Rhombus, Triangle,850,1000, 
PAX12,22, M, 250+1000,2,0,2.78E+03, long, Triangle, Parallelogram, Parallelogram,850,1000, 
PAX12,22, M, 250+1000,3,0,1.38E+03, short, Parallelogram, Triangle, Parallelogram,350,250, 
PAX12,22, M, 250+1000,4,0,1.12E+03, short, Triangle, Rhombus, Rhombus,450,1000, 
PAX12,22, M, 250+1000,5,0,1.01E+03, short, Circle, Triangle, Triangle,350,250, 
PAX12,22, M, 250+1000,6,1,9.79E+02, short, Circle, Triangle, Circle,450,1000, 
PAX12,22, M, 250+1000,7,1,8.75E+02, short, Triangle, Parallelogram, Parallelogram,350,1000, 
PAX12,22, M, 250+1000,8,1,7.78E+02, short, Triangle, Square, Square,250,1000, 
PAX12,22, M, 250+1000,9,1,1.05E+03, long, Pentagon, Rhombus, Pentagon,650,250, 
PAX12,22, M, 250+1000,10,0,4.39E+03, short, Circle, Rhombus, Circle,650,1000, 
PAX12,22, M, 250+1000,11,1,7.86E+02, short, Circle, Rhombus, Rhombus,250,1000, 
PAX12,22, M, 250+1000,12,0,9.28E+02, short, Circle, Pentagon, Circle,350,1000, 
PAX12,22, M, 250+1000,13,1,5.21E+02, long, Rhombus, Circle, Circle,850,250, 
PAX12,22, M, 250+1000,14,1,7.53E+02, short, Pentagon, Rhombus, Pentagon,550,250, 
PAX12,22, M, 250+1000,15,0,8.65E+02, long, Parallelogram, Rhombus, Rhombus,850,250, 
PAX12,22, M, 250+1000,16,1,9.19E+02, long, Rhombus, Parallelogram, Rhombus,850,1000, 
PAX12,22, M, 250+1000,17,0,1.31E+03, short, Square, Rhombus, Rhombus,550,1000, 
PAX12,22, M, 250+1000,18,1,8.04E+02, short, Triangle, Square, Triangle,350,1000, 
PAX12,22, M, 250+1000,19,1,1.19E+03, long, Circle, Pentagon, Circle,750,250, 
PAX12,22, M, 250+1000,20,0,1.40E+03, short, Parallelogram, Circle, Parallelogram,250,250, 
PAX12,22, M, 250+1000,21,1,9.70E+02, short, Square, Circle, Circle,350,1000, 
PAX12,22, M, 250+1000,22,0,1.23E+03, short, Circle, Rhombus, Rhombus,450,250, 
PAX12,22, M, 250+1000,23,0,1.10E+03, short, Triangle, Square, Square,550,250, 
PAX12,22, M, 250+1000,24,1,1.74E+03, long, Pentagon, Triangle, Triangle,650,250, 
PAX12,22, M, 250+1000,25,0,9.97E+02, short, Triangle, Rhombus, Triangle,250,250, 
PAX12,22, M, 250+1000,26,1,9.61E+02, long, Parallelogram, Square, Parallelogram,750,250, 
PAX12,22, M, 250+1000,27,0,1.16E+03, short, Circle, Parallelogram, Circle,450,250, 
PAX12,22, M, 250+1000,28,1,1.93E+03, long, Rhombus, Parallelogram, Parallelogram,650,1000, 
PAX12,22, M, 250+1000,29,1,1.27E+03, short, Circle, Parallelogram, Circle,350,1000, 
PAX12,22, M, 250+1000,30,1,6.98E+02, short, Circle, Triangle, Triangle,350,1000, 
PAX12,22, M, 250+1000,31,0,2.43E+03, long, Rhombus, Parallelogram, Rhombus,850,1000, 
PAX12,22, M, 250+1000,32,0,7.27E+03, long, Parallelogram, Circle, Parallelogram,750,250, 
PAX12,22, M, 250+1000,33,0,1.18E+03, short, Parallelogram, Pentagon, Pentagon,550,250, 
PAX12,22, M, 250+1000,34,0,1.22E+03, long, Rhombus, Parallelogram, Parallelogram,650,1000, 
PAX12,22, M, 250+1000,35,0,1.07E+03, short, Pentagon, Circle, Pentagon,350,1000, 
PAX12,22, M, 250+1000,36,0,8.26E+02, short, Pentagon, Circle, Circle,450,1000, 
PAX12,22, M, 250+1000,37,0,8.29E+02, short, Triangle, Square, Square,450,250, 
PAX12,22, M, 250+1000,38,1,1.03E+03, short, Triangle, Rhombus, Triangle,250,250, 
PAX12,22, M, 250+1000,39,1,7.63E+02, short, Pentagon, Triangle, Pentagon,250,250, 
PAX12,22, M, 250+1000,40,1,6.57E+02, long, Square, Pentagon, Pentagon,850,1000, 
PAX12,22, M, 250+1000,41,1,6.81E+02, short, Parallelogram, Rhombus, Rhombus,350,1000, 
PAX12,22, M, 250+1000,42,0,8.59E+02, short, Circle, Rhombus, Circle,350,250, 
PAX12,22, M, 250+1000,43,1,5.74E+02, short, Triangle, Circle, Triangle,450,1000, 
PAX12,22, M, 250+1000,44,1,5.35E+02, long, Circle, Rhombus, Rhombus,850,1000, 
PAX12,22, M, 250+1000,45,1,2.97E+03, long, Rhombus, Parallelogram, Parallelogram,850,250, 
PAX12,22, M, 250+1000,46,1,1.04E+03, short, Rhombus, Circle, Circle,550,250, 
PAX12,22, M, 250+1000,47,1,1.13E+03, long, Circle, Square, Square,750,1000, 
PAX12,22, M, 250+1000,48,1,3.62E+03, long, Pentagon, Square, Pentagon,650,1000, 
PAX12,22, M, 250+1000,49,1,7.91E+02, short, Rhombus, Circle, Rhombus,750,250, 
PAX12,22, M, 250+1000,50,1,6.93E+02, short, Parallelogram, Square, Parallelogram,650,250, 
PAX12,22, M, 250+1000,51,1,5.25E+02, short, Pentagon, Triangle, Triangle,350,1000, 
PAX12,22, M, 250+1000,52,1,5.67E+02, short, Circle, Triangle, Triangle,450,1000, 
PAX12,22, M, 250+1000,53,0,3.13E+03, short, Pentagon, Triangle, Pentagon,850,250, 
PAX12,22, M, 250+1000,54,0,6.69E+02, short, Square, Parallelogram, Square,750,250, 
PAX12,22, M, 250+1000,55,0,1.25E+03, short, Square, Triangle, Triangle,350,1000, 
PAX12,22, M, 250+1000,56,1,1.51E+03, short, Pentagon, Square, Pentagon,450,1000, 
PAX12,22, M, 250+1000,57,0,7.62E+02, short, Circle, Triangle, Triangle,550,1000, 
PAX12,22, M, 250+1000,58,1,7.88E+02, long, Triangle, Pentagon, Triangle,850,1000, 
PAX12,22, M, 250+1000,59,0,1.33E+03, long, Rhombus, Square, Square,750,250, 
PAX12,22, M, 250+1000,60,0,1.12E+03, long, Pentagon, Parallelogram, Parallelogram,850,250, 
PAX12,22, M, 250+1000,61,1,6.87E+02, short, Parallelogram, Square, Square,350,1000, 
PAX12,22, M, 250+1000,62,0,1.93E+03, long, Parallelogram, Pentagon, Parallelogram,850,1000, 
PAX12,22, M, 250+1000,63,0,1.51E+03, short, Pentagon, Square, Square,250,1000, 
PAX12,22, M, 250+1000,64,0,1.55E+03, long, Rhombus, Pentagon, Pentagon,650,1000, 
PAX12,22, M, 250+1000,65,0,6.77E+03, long, Rhombus, Pentagon, Pentagon,750,250, 
PAX12,22, M, 250+1000,66,1,9.97E+02, short, Square, Triangle, Square,450,1000, 
PAX12,22, M, 250+1000,67,1,7.20E+02, short, Pentagon, Circle, Circle,350,250, 
PAX12,22, M, 250+1000,68,0,1.02E+03, short, Circle, Triangle, Circle,550,250, 
PAX12,22, M, 250+1000,69,1,7.28E+02, long, Circle, Pentagon, Circle,850,1000, 
PAX12,22, M, 250+1000,70,0,7.54E+02, long, Triangle, Parallelogram, Parallelogram,550,1000, 
PAX12,22, M, 250+1000,71,1,8.04E+02, short, Parallelogram, Circle, Circle,450,250, 
PAX12,22, M, 250+1000,72,0,9.84E+02, long, Circle, Square, Circle,850,1000, 
PAX12,22, M, 250+1000,73,0,1.12E+03, short, Square, Pentagon, Square,250,250, 
PAX12,22, M, 250+1000,74,0,7.28E+02, short, Square, Rhombus, Rhombus,250,1000, 
PAX12,22, M, 250+1000,75,0,8.00E+02, short, Rhombus, Parallelogram, Parallelogram,450,1000, 
PAX12,22, M, 250+1000,76,0,8.57E+02, short, Rhombus, Circle, Circle,350,250, 
PAX12,22, M, 250+1000,77,0,9.73E+02, long, Square, Parallelogram, Square,750,1000, 
PAX12,22, M, 250+1000,78,0,8.35E+02, short, Rhombus, Triangle, Rhombus,350,1000, 
PAX12,22, M, 250+1000,79,0,2.55E+03, long, Pentagon, Parallelogram, Parallelogram,750,250, 
PAX12,22, M, 250+1000,80,1,7.63E+02, short, Square, Parallelogram, Parallelogram,350,250, 
PAX12,22, M, 250+1000,81,1,8.11E+02, long, Rhombus, Circle, Circle,750,1000, 
PAX12,22, M, 250+1000,82,1,7.62E+02, short, Parallelogram, Square, Square,550,250, 
PAX12,22, M, 250+1000,83,0,9.80E+02, long, Pentagon, Parallelogram, Pentagon,850,1000, 
PAX12,22, M, 250+1000,84,0,7.94E+02, short, Square, Triangle, Triangle,250,250, 
PAX12,22, M, 250+1000,85,1,4.79E+02, long, Circle, Pentagon, Circle,650,1000, 
PAX12,22, M, 250+1000,86,0,2.07E+03, long, Triangle, Parallelogram, Parallelogram,550,250, 
PAX12,22, M, 250+1000,87,0,7.67E+02, short, Square, Rhombus, Square,450,250, 
PAX12,22, M, 250+1000,88,0,4.84E+02, short, Rhombus, Circle, Rhombus,250,1000, 
PAX12,22, M, 250+1000,89,0,3.29E+02, long, Circle, Parallelogram, Parallelogram,650,1000, 
PAX12,22, M, 250+1000,90,0,3.11E+02, long, Pentagon, Triangle, Pentagon,850,1000, 
PAX12,22, M, 250+1000,91,0,5.40E+02, short, Rhombus, Pentagon, Pentagon,250,250, 
PAX12,22, M, 250+1000,92,0,3.29E+02, long, Square, Circle, Square,850,1000, 
PAX12,22, M, 250+1000,93,0,5.54E+02, short, Square, Pentagon, Square,650,250, 
PAX12,22, M, 250+1000,94,1,5.52E+02, long, Pentagon, Rhombus, Rhombus,750,250, 
PAX12,22, M, 250+1000,95,1,8.24E+02, short, Parallelogram, Square, Square,650,250, 
PAX12,22, M, 250+1000,96,1,5.64E+02, long, Square, Pentagon, Square,850,250, 
PAX12,22, M, 250+1000,97,1,2.91E+03, long, Triangle, Square, Square,650,1000, 
PAX12,22, M, 250+1000,98,1,7.34E+02, short, Circle, Rhombus, Circle,450,250, 
PAX12,22, M, 250+1000,99,1,6.66E+02, short, Circle, Rhombus, Circle,350,1000, 
PAX12,22, M, 250+1000,100,1,6.75E+02, short, Pentagon, Square, Square,350,1000, 
PAX12,22, M, 250+1000,101,1,7.77E+02, short, Parallelogram, Pentagon, Parallelogram,250,1000, 
PAX12,22, M, 250+1000,102,0,7.02E+02, long, Circle, Square, Circle,550,1000, 
PAX12,22, M, 250+1000,103,1,6.48E+02, long, Rhombus, Circle, Circle,650,1000, 
PAX12,22, M, 250+1000,104,0,4.87E+02, long, Circle, Rhombus, Circle,750,1000, 
PAX12,22, M, 250+1000,105,1,3.69E+03, long, Square, Circle, Square,550,1000, 
PAX12,22, M, 250+1000,106,0,6.19E+02, long, Parallelogram, Square, Parallelogram,750,1000, 
PAX12,22, M, 250+1000,107,1,1.58E+03, long, Pentagon, Triangle, Triangle,650,250, 
PAX12,22, M, 250+1000,108,0,8.59E+02, short, Circle, Triangle, Circle,750,250, 
PAX12,22, M, 250+1000,109,1,5.78E+02, short, Square, Pentagon, Pentagon,350,250, 
PAX12,22, M, 250+1000,110,1,6.43E+02, short, Parallelogram, Rhombus, Parallelogram,550,1000, 
PAX12,22, M, 250+1000,111,1,7.03E+02, short, Circle, Triangle, Triangle,550,1000, 
PAX12,22, M, 250+1000,112,0,6.25E+02, short, Square, Triangle, Square,650,250, 
PAX12,22, M, 250+1000,113,1,1.22E+03, long, Parallelogram, Rhombus, Rhombus,750,250, 
PAX12,22, M, 250+1000,114,1,1.44E+03, short, Parallelogram, Square, Parallelogram,250,250, 
PAX12,22, M, 250+1000,115,1,2.90E+03, short, Rhombus, Pentagon, Pentagon,750,1000, 
PAX12,22, M, 250+1000,116,0,1.08E+03, long, Pentagon, Circle, Circle,750,250, 
PAX12,22, M, 250+1000,117,1,4.02E+03, long, Parallelogram, Square, Parallelogram,750,250, 
PAX12,22, M, 250+1000,118,0,5.34E+02, long, Circle, Parallelogram, Circle,850,250, 
PAX12,22, M, 250+1000,119,1,5.40E+02, long, Rhombus, Triangle, Triangle,850,1000, 
PAX12,22, M, 250+1000,120,1,7.44E+02, long, Circle, Pentagon, Circle,850,1000, 
PAX12,22, M, 250+1000,121,0,6.48E+02, short, Triangle, Rhombus, Triangle,650,250, 
PAX12,22, M, 250+1000,122,1,6.09E+02, short, Parallelogram, Triangle, Parallelogram,550,1000, 
PAX12,22, M, 250+1000,123,0,7.35E+02, short, Circle, Rhombus, Rhombus,350,1000, 
PAX12,22, M, 250+1000,124,0,8.51E+02, short, Square, Circle, Circle,350,250, 
PAX12,22, M, 250+1000,125,1,4.39E+02, long, Rhombus, Parallelogram, Rhombus,850,1000, 
PAX12,22, M, 250+1000,126,0,6.53E+02, short, Parallelogram, Circle, Parallelogram,550,250, 
PAX12,22, M, 250+1000,127,1,1.36E+03, long, Parallelogram, Pentagon, Pentagon,750,1000, 
PAX12,22, M, 250+1000,128,1,5.23E+02, short, Rhombus, Triangle, Triangle,650,1000, 
PAX12,22, M, 250+1000,129,1,5.05E+02, short, Circle, Rhombus, Rhombus,350,250, 
PAX12,22, M, 250+1000,130,1,4.03E+02, long, Triangle, Rhombus, Triangle,850,1000, 
PAX12,22, M, 250+1000,131,0,6.14E+02, long, Circle, Square, Circle,850,250, 
PAX12,22, M, 250+1000,132,0,7.35E+02, long, Square, Rhombus, Rhombus,650,1000, 
PAX12,22, M, 250+1000,133,1,8.68E+02, long, Rhombus, Triangle, Triangle,650,250, 
PAX12,22, M, 250+1000,134,1,4.95E+02, long, Pentagon, Circle, Circle,750,1000, 
PAX12,22, M, 250+1000,135,0,2.18E+03, long, Rhombus, Parallelogram, Rhombus,550,1000, 
PAX12,22, M, 250+1000,136,0,1.04E+03, long, Triangle, Pentagon, Pentagon,650,250, 
PAX12,22, M, 250+1000,137,1,7.62E+02, long, Pentagon, Circle, Circle,850,250, 
PAX12,22, M, 250+1000,138,0,8.52E+02, short, Square, Pentagon, Pentagon,550,1000, 
PAX12,22, M, 250+1000,139,0,1.45E+03, long, Circle, Square, Circle,850,250, 
PAX12,22, M, 250+1000,140,1,5.47E+02, short, Pentagon, Square, Square,450,1000, 
PAX12,22, M, 250+1000,141,1,7.66E+02, short, Rhombus, Triangle, Triangle,650,250, 
PAX12,22, M, 250+1000,142,0,5.82E+02, short, Square, Pentagon, Square,450,1000, 
PAX12,22, M, 250+1000,143,1,5.81E+02, short, Parallelogram, Pentagon, Pentagon,250,1000, 
PAX12,22, M, 250+1000,144,0,7.20E+02, short, Parallelogram, Circle, Circle,250,250, 
PAX12,22, M, 250+1000,145,1,7.41E+02, short, Pentagon, Circle, Pentagon,350,250, 
PAX12,22, M, 250+1000,146,1,5.43E+02, short, Rhombus, Square, Square,250,1000, 
PAX12,22, M, 250+1000,147,0,1.31E+03, short, Parallelogram, Rhombus, Rhombus,550,250, 
PAX12,22, M, 250+1000,148,0,6.03E+02, short, Parallelogram, Triangle, Parallelogram,350,1000, 
PAX12,22, M, 250+1000,149,0,4.92E+02, long, Parallelogram, Triangle, Triangle,750,1000, 
PAX12,22, M, 250+1000,150,0,1.38E+03, long, Triangle, Parallelogram, Triangle,850,250, 
PAX12,22, M, 250+1000,151,0,5.05E+02, short, Square, Circle, Square,350,1000, 
PAX12,22, M, 250+1000,152,0,5.31E+02, short, Pentagon, Circle, Circle,350,250, 
PAX12,22, M, 250+1000,153,0,5.67E+02, short, Parallelogram, Triangle, Parallelogram,450,1000, 
PAX12,22, M, 250+1000,154,0,6.01E+02, long, Circle, Parallelogram, Parallelogram,750,1000, 
PAX12,22, M, 250+1000,155,1,9.17E+02, short, Rhombus, Circle, Rhombus,450,250, 
PAX12,22, M, 250+1000,156,0,5.93E+02, long, Triangle, Circle, Triangle,550,1000, 
PAX12,22, M, 250+1000,157,0,1.08E+03, short, Square, Rhombus, Rhombus,450,1000, 
PAX12,22, M, 250+1000,158,1,1.05E+03, short, Rhombus, Pentagon, Pentagon,250,250, 
PAX12,22, M, 250+1000,159,1,5.48E+02, short, Triangle, Parallelogram, Parallelogram,550,250, 
PAX12,22, M, 250+1000,160,1,6.71E+02, long, Circle, Parallelogram, Circle,750,1000, 
PAX12,22, M, 250+1000,161,0,7.22E+02, short, Parallelogram, Circle, Circle,550,1000, 
PAX12,22, M, 250+1000,162,1,5.84E+02, short, Rhombus, Parallelogram, Rhombus,450,250, 
PAX12,22, M, 250+1000,163,1,5.02E+02, long, Triangle, Pentagon, Triangle,850,1000, 
PAX12,22, M, 250+1000,164,0,4.98E+02, long, Square, Rhombus, Rhombus,750,1000, 
PAX12,22, M, 250+1000,165,1,4.64E+02, short, Pentagon, Triangle, Triangle,550,250, 
PAX12,22, M, 250+1000,166,0,4.90E+02, short, Parallelogram, Triangle, Parallelogram,250,1000, 
PAX12,22, M, 250+1000,167,1,3.17E+03, short, Square, Triangle, Triangle,550,1000, 
PAX12,22, M, 250+1000,168,1,5.98E+02, long, Triangle, Square, Square,850,250, 
PAX12,22, M, 250+1000,169,0,5.36E+02, long, Parallelogram, Pentagon, Pentagon,650,1000, 
PAX12,22, M, 250+1000,170,0,1.07E+03, short, Pentagon, Parallelogram, Pentagon,250,1000, 
PAX12,22, M, 250+1000,171,0,4.80E+02, long, Pentagon, Circle, Circle,750,1000, 
PAX12,22, M, 250+1000,172,1,6.19E+02, long, Parallelogram, Circle, Parallelogram,750,1000, 
PAX12,22, M, 250+1000,173,0,5.01E+02, short, Square, Parallelogram, Parallelogram,250,250, 
PAX12,22, M, 250+1000,174,1,1.48E+03, long, Pentagon, Parallelogram, Pentagon,550,1000, 
PAX12,22, M, 250+1000,175,1,7.71E+02, short, Rhombus, Pentagon, Pentagon,250,250, 
PAX12,22, M, 250+1000,176,0,6.43E+02, long, Triangle, Parallelogram, Triangle,750,1000, 
PAX12,22, M, 250+1000,177,0,2.82E+03, short, Parallelogram, Pentagon, Pentagon,850,1000, 
PAX12,22, M, 250+1000,178,0,5.75E+02, short, Pentagon, Triangle, Triangle,550,1000, 
PAX12,22, M, 250+1000,179,1,5.89E+02, short, Triangle, Circle, Triangle,350,250, 
PAX12,22, M, 250+1000,180,0,1.06E+03, long, Rhombus, Square, Square,550,1000, 
PAX12,22, M, 250+1000,181,0,6.21E+02, short, Triangle, Parallelogram, Triangle,650,250, 
PAX12,22, M, 250+1000,182,1,6.97E+02, short, Square, Triangle, Triangle,750,250, 
PAX12,22, M, 250+1000,183,0,5.32E+02, short, Circle, Pentagon, Circle,450,250, 
PAX12,22, M, 250+1000,184,1,1.19E+03, short, Rhombus, Square, Square,350,250, 
PAX12,22, M, 250+1000,185,0,6.46E+02, short, Parallelogram, Circle, Parallelogram,650,250, 
PAX12,22, M, 250+1000,186,1,4.00E+02, long, Pentagon, Rhombus, Rhombus,850,250, 
PAX12,22, M, 250+1000,187,1,4.66E+02, long, Triangle, Circle, Triangle,850,250, 
PAX12,22, M, 250+1000,188,0,5.96E+02, short, Triangle, Circle, Triangle,250,250, 
PAX12,22, M, 250+1000,189,0,6.02E+02, short, Rhombus, Pentagon, Pentagon,250,250, 
PAX12,22, M, 250+1000,190,1,5.74E+02, long, Circle, Pentagon, Circle,850,250, 
PAX12,22, M, 250+1000,191,0,4.92E+02, long, Triangle, Square, Square,650,1000, 
PAX12,22, M, 250+1000,192,0,7.64E+02, short, Pentagon, Parallelogram, Pentagon,650,250, 
PAX12,22, M, 250+1000,193,1,5.62E+02, long, Circle, Pentagon, Pentagon,750,250, 
PAX12,22, M, 250+1000,194,0,4.88E+02, long, Pentagon, Square, Pentagon,750,1000, 
PAX12,22, M, 250+1000,195,1,6.64E+02, short, Circle, Square, Circle,450,1000, 
PAX12,22, M, 250+1000,196,1,6.25E+02, short, Rhombus, Pentagon, Pentagon,350,250, 
PAX12,22, M, 250+1000,197,1,7.37E+02, short, Rhombus, Triangle, Rhombus,450,250, 
PAX12,22, M, 250+1000,198,0,5.27E+02, long, Rhombus, Circle, Circle,750,1000, 
PAX12,22, M, 250+1000,199,0,5.73E+02, short, Triangle, Circle, Triangle,250,1000, 
PAX12,22, M, 250+1000,200,0,4.17E+02, long, Circle, Square, Circle,850,250, 
PAX12,22, M, 250+1000,201,1,4.79E+02, long, Pentagon, Parallelogram, Parallelogram,750,1000, 
PAX12,22, M, 250+1000,202,1,5.27E+02, short, Circle, Square, Circle,250,1000, 
PAX12,22, M, 250+1000,203,1,6.11E+02, short, Parallelogram, Rhombus, Rhombus,250,250, 
PAX12,22, M, 250+1000,204,1,5.11E+02, long, Circle, Rhombus, Circle,650,1000, 
PAX12,22, M, 250+1000,205,0,8.07E+02, short, Parallelogram, Triangle, Triangle,250,1000, 
PAX12,22, M, 250+1000,206,0,6.37E+02, short, Rhombus, Pentagon, Rhombus,250,250, 
PAX12,22, M, 250+1000,207,1,9.19E+02, long, Parallelogram, Pentagon, Pentagon,750,1000, 
PAX12,22, M, 250+1000,208,0,5.27E+02, short, Triangle, Rhombus, Triangle,350,1000, 
PAX12,22, M, 250+1000,209,1,6.89E+02, long, Pentagon, Parallelogram, Parallelogram,850,250, 
PAX12,22, M, 250+1000,210,0,8.47E+02, short, Parallelogram, Triangle, Parallelogram,450,1000, 
PAX12,22, M, 250+1000,211,1,3.58E+03, short, Circle, Triangle, Triangle,650,1000, 
PAX12,22, M, 250+1000,212,1,5.44E+02, short, Pentagon, Rhombus, Rhombus,450,1000, 
PAX12,22, M, 250+1000,213,1,1.23E+03, short, Square, Rhombus, Square,650,250, 
PAX12,22, M, 250+1000,214,0,5.78E+02, short, Square, Pentagon, Pentagon,250,1000, 
PAX12,22, M, 250+1000,215,0,5.84E+02, short, Pentagon, Square, Pentagon,550,250, 
PAX12,22, M, 250+1000,216,1,6.08E+02, short, Square, Pentagon, Pentagon,250,250, 
PAX12,22, M, 250+1000,217,0,3.76E+02, long, Parallelogram, Rhombus, Rhombus,850,1000, 
PAX12,22, M, 250+1000,218,1,5.70E+02, short, Parallelogram, Rhombus, Parallelogram,650,250, 
PAX12,22, M, 250+1000,219,0,4.69E+02, short, Circle, Parallelogram, Parallelogram,350,1000, 
PAX12,22, M, 250+1000,220,1,5.10E+02, short, Rhombus, Triangle, Rhombus,250,1000, 
PAX12,22, M, 250+1000,221,0,5.11E+02, short, Circle, Triangle, Triangle,450,250, 
PAX12,22, M, 250+1000,222,1,1.70E+03, long, Rhombus, Pentagon, Rhombus,550,1000, 
PAX12,22, M, 250+1000,223,0,4.91E+02, long, Square, Rhombus, Rhombus,850,250, 
PAX12,22, M, 250+1000,224,0,5.59E+02, short, Parallelogram, Triangle, Parallelogram,350,250, 
PAX12,22, M, 250+1000,225,1,2.09E+03, short, Pentagon, Rhombus, Rhombus,650,250, 
PAX12,22, M, 250+1000,226,0,3.87E+02, long, Triangle, Pentagon, Triangle,850,1000, 
PAX12,22, M, 250+1000,227,0,4.53E+02, short, Triangle, Rhombus, Rhombus,450,250, 
PAX12,22, M, 250+1000,228,0,2.31E+03, long, Pentagon, Square, Pentagon,450,1000, 
PAX12,22, M, 250+1000,229,1,2.95E+03, long, Triangle, Square, Square,850,1000, 
PAX12,22, M, 250+1000,230,1,3.89E+02, long, Pentagon, Parallelogram, Pentagon,850,250, 
PAX12,22, M, 250+1000,231,0,6.63E+02, short, Square, Triangle, Triangle,650,1000, 
PAX12,22, M, 250+1000,232,1,6.01E+03, long, Square, Parallelogram, Square,550,1000, 
PAX12,22, M, 250+1000,233,0,4.63E+02, long, Triangle, Square, Triangle,650,1000, 
PAX12,22, M, 250+1000,234,1,4.83E+02, short, Square, Parallelogram, Parallelogram,450,250, 
PAX12,22, M, 250+1000,235,1,6.51E+02, short, Rhombus, Triangle, Rhombus,550,250, 
PAX12,22, M, 250+1000,236,0,6.21E+02, short, Square, Pentagon, Pentagon,650,250, 
PAX12,22, M, 250+1000,237,0,6.42E+02, short, Circle, Square, Circle,650,250, 
PAX12,22, M, 250+1000,238,1,5.98E+02, short, Square, Parallelogram, Parallelogram,250,250, 
PAX12,22, M, 250+1000,239,0,4.62E+02, short, Rhombus, Square, Rhombus,250,1000, 
PAX12,22, M, 250+1000,240,1,3.54E+02, long, Triangle, Pentagon, Pentagon,850,250, 
PAX12,22, M, 250+1000,241,0,5.52E+02, long, Parallelogram, Pentagon, Parallelogram,450,250, 
PAX12,22, M, 250+1000,242,1,1.87E+03, short, Triangle, Circle, Triangle,250,1000, 
PAX12,22, M, 250+1000,243,1,5.68E+02, short, Square, Rhombus, Square,250,1000, 
PAX12,22, M, 250+1000,244,0,4.98E+02, long, Pentagon, Rhombus, Rhombus,750,1000, 
PAX12,22, M, 250+1000,245,0,4.57E+02, long, Square, Circle, Square,750,250, 
PAX12,22, M, 250+1000,246,1,7.66E+02, short, Parallelogram, Square, Square,250,250, 
PAX12,22, M, 250+1000,247,1,4.18E+02, long, Square, Triangle, Square,650,1000, 
PAX12,22, M, 250+1000,248,1,8.50E+02, long, Circle, Square, Circle,850,1000, 
PAX12,22, M, 250+1000,249,1,5.05E+02, short, Rhombus, Parallelogram, Rhombus,350,1000, 
PAX12,22, M, 250+1000,250,1,4.63E+02, long, Square, Rhombus, Rhombus,850,250, 
PAX12,22, M, 250+1000,251,1,5.84E+02, long, Circle, Square, Circle,650,1000, 
PAX12,22, M, 250+1000,252,1,4.05E+02, long, Square, Parallelogram, Square,850,250, 
PAX12,22, M, 250+1000,253,1,4.11E+02, long, Parallelogram, Triangle, Parallelogram,750,250, 
PAX12,22, M, 250+1000,254,0,5.23E+02, short, Triangle, Rhombus, Rhombus,250,1000, 
PAX12,22, M, 250+1000,255,0,1.58E+03, long, Parallelogram, Triangle, Triangle,450,1000, 
PAX12,22, M, 250+1000,256,0,9.39E+02, long, Square, Rhombus, Square,850,1000, 
PAX12,22, M, 250+1000,257,1,4.97E+02, short, Pentagon, Circle, Circle,250,1000, 
PAX12,22, M, 250+1000,258,1,5.56E+02, short, Pentagon, Square, Pentagon,350,1000, 
PAX12,22, M, 250+1000,259,1,1.20E+03, short, Circle, Pentagon, Circle,550,250, 
PAX12,22, M, 250+1000,260,1,5.18E+02, short, Parallelogram, Circle, Parallelogram,350,250, 
PAX12,22, M, 250+1000,261,1,5.90E+02, short, Square, Triangle, Triangle,250,250, 
PAX12,22, M, 250+1000,262,0,6.50E+02, short, Pentagon, Triangle, Pentagon,350,250, 
PAX12,22, M, 250+1000,263,0,9.96E+02, short, Triangle, Circle, Circle,550,250, 
PAX12,22, M, 250+1000,264,1,3.64E+02, long, Parallelogram, Triangle, Parallelogram,850,250, 
PAX12,22, M, 250+1000,265,1,6.46E+02, short, Triangle, Circle, Circle,450,250, 
PAX12,22, M, 250+1000,266,1,4.00E+02, long, Parallelogram, Circle, Circle,650,1000, 
PAX12,22, M, 250+1000,267,0,5.20E+02, short, Pentagon, Circle, Circle,450,250, 
PAX12,22, M, 250+1000,268,0,5.80E+02, short, Circle, Square, Circle,350,1000, 
PAX12,22, M, 250+1000,269,1,4.83E+02, short, Parallelogram, Pentagon, Pentagon,550,250, 
PAX12,22, M, 250+1000,270,1,4.90E+02, short, Rhombus, Square, Rhombus,450,250, 
PAX12,22, M, 250+1000,271,0,4.84E+02, short, Rhombus, Circle, Circle,350,250, 
PAX12,22, M, 250+1000,272,1,2.18E+03, short, Circle, Rhombus, Circle,450,1000, 
PAX12,22, M, 250+1000,273,1,4.80E+02, long, Pentagon, Rhombus, Rhombus,650,1000, 
PAX12,22, M, 250+1000,274,0,1.24E+03, short, Circle, Parallelogram, Circle,450,250, 
PAX12,22, M, 250+1000,275,1,4.01E+02, long, Parallelogram, Rhombus, Rhombus,750,250, 
PAX12,22, M, 250+1000,276,1,5.79E+02, long, Triangle, Rhombus, Triangle,750,1000, 
PAX12,22, M, 250+1000,277,1,2.23E+03, long, Pentagon, Parallelogram, Parallelogram,550,250, 
PAX12,22, M, 250+1000,278,0,4.23E+02, long, Parallelogram, Square, Parallelogram,850,250, 
PAX12,22, M, 250+1000,279,1,5.45E+02, long, Triangle, Parallelogram, Triangle,550,1000, 
PAX12,22, M, 250+1000,280,1,2.28E+03, short, Pentagon, Rhombus, Rhombus,550,250, 
PAX12,22, M, 250+1000,281,1,6.86E+02, short, Rhombus, Parallelogram, Parallelogram,450,1000, 
PAX12,22, M, 250+1000,282,1,1.17E+03, short, Square, Pentagon, Square,650,250, 
PAX12,22, M, 250+1000,283,0,2.13E+03, long, Square, Parallelogram, Parallelogram,750,250, 
PAX12,22, M, 250+1000,284,0,3.77E+02, long, Parallelogram, Triangle, Parallelogram,850,1000, 
PAX12,22, M, 250+1000,285,0,1.65E+03, long, Parallelogram, Square, Square,650,1000, 
PAX12,22, M, 250+1000,286,1,5.41E+02, short, Pentagon, Square, Square,350,1000, 
PAX12,22, M, 250+1000,287,0,1.14E+03, long, Triangle, Circle, Triangle,550,1000, 
PAX12,22, M, 250+1000,288,0,5.02E+02, long, Pentagon, Triangle, Pentagon,750,250, 
PAX12,22, M, 250+1000,289,0,5.04E+02, short, Square, Circle, Circle,550,250, 
PAX12,22, M, 250+1000,290,1,3.70E+02, long, Triangle, Circle, Circle,750,1000, 
PAX12,22, M, 250+1000,291,0,4.76E+02, short, Rhombus, Circle, Rhombus,450,250, 
PAX12,22, M, 250+1000,292,0,5.90E+02, short, Rhombus, Circle, Circle,250,1000, 
PAX12,22, M, 250+1000,293,1,1.21E+03, long, Triangle, Pentagon, Pentagon,650,250, 
PAX12,22, M, 250+1000,294,1,6.56E+02, short, Parallelogram, Circle, Parallelogram,450,1000, 
PAX12,22, M, 250+1000,295,1,5.28E+02, short, Square, Triangle, Square,250,1000, 
PAX12,22, M, 250+1000,296,0,5.33E+02, short, Parallelogram, Rhombus, Rhombus,650,250, 
PAX12,22, M, 250+1000,297,0,9.08E+02, long, Circle, Rhombus, Rhombus,650,1000, 
PAX12,22, M, 250+1000,298,0,4.69E+02, short, Square, Parallelogram, Parallelogram,250,250, 
PAX12,22, M, 250+1000,299,1,5.11E+02, short, Parallelogram, Pentagon, Parallelogram,450,250, 
PAX12,22, M, 250+1000,300,0,6.00E+02, short, Circle, Pentagon, Pentagon,450,250, 
PAX12,22, M, 250+1000,301,0,4.27E+02, long, Rhombus, Triangle, Rhombus,750,1000, 
PAX12,22, M, 250+1000,302,0,6.97E+02, long, Square, Triangle, Square,650,1000, 
PAX12,22, M, 250+1000,303,1,1.46E+03, long, Triangle, Pentagon, Pentagon,450,250, 
PAX12,22, M, 250+1000,304,0,3.22E+03, long, Circle, Square, Square,750,250, 
PAX12,22, M, 250+1000,305,0,5.67E+02, short, Circle, Pentagon, Circle,350,250, 
PAX12,22, M, 250+1000,306,1,5.57E+02, long, Triangle, Pentagon, Pentagon,550,1000, 
PAX12,22, M, 250+1000,307,1,7.09E+02, short, Rhombus, Circle, Rhombus,450,1000, 
PAX12,22, M, 250+1000,308,0,1.72E+03, long, Pentagon, Parallelogram, Parallelogram,550,1000, 
PAX12,22, M, 250+1000,309,0,5.85E+02, short, Triangle, Pentagon, Triangle,450,1000, 
PAX12,22, M, 250+1000,310,0,6.00E+02, short, Rhombus, Square, Square,350,1000, 
PAX12,22, M, 250+1000,311,0,6.46E+02, short, Triangle, Square, Triangle,250,250, 
PAX12,22, M, 250+1000,312,0,4.51E+02, long, Triangle, Pentagon, Pentagon,850,1000, 
PAX12,22, M, 250+1000,313,1,6.28E+02, short, Triangle, Square, Triangle,250,250, 
PAX12,22, M, 250+1000,314,1,1.11E+03, long, Rhombus, Square, Square,650,250, 
PAX12,22, M, 250+1000,315,0,4.84E+02, long, Rhombus, Pentagon, Rhombus,750,250, 
PAX12,22, M, 250+1000,316,0,6.42E+02, short, Triangle, Circle, Circle,350,250, 
PAX12,22, M, 250+1000,317,0,5.24E+02, long, Parallelogram, Pentagon, Parallelogram,650,1000, 
PAX12,22, M, 250+1000,318,1,2.83E+03, long, Pentagon, Rhombus, Rhombus,550,1000, 
PAX12,22, M, 250+1000,319,1,6.00E+02, short, Circle, Parallelogram, Parallelogram,550,1000, 
PAX12,22, M, 250+1000,320,1,1.25E+03, long, Circle, Pentagon, Pentagon,750,250, 
PAX12,22, M, 250+1000,321,1,7.62E+02, short, Circle, Parallelogram, Circle,250,250, 
PAX12,22, M, 250+1000,322,0,1.08E+03, short, Triangle, Circle, Circle,450,1000, 
PAX12,22, M, 250+1000,323,0,8.91E+02, short, Parallelogram, Rhombus, Parallelogram,550,250, 
PAX12,22, M, 250+1000,324,1,5.83E+02, short, Rhombus, Square, Square,350,250, 
PAX12,22, M, 250+1000,325,0,8.22E+02, short, Triangle, Pentagon, Triangle,550,250, 
PAX12,22, M, 250+1000,326,1,6.24E+02, long, Parallelogram, Triangle, Triangle,750,250, 
PAX12,22, M, 250+1000,327,0,7.37E+02, short, Triangle, Rhombus, Rhombus,650,250, 
PAX12,22, M, 250+1000,328,1,5.95E+02, short, Triangle, Parallelogram, Triangle,350,1000, 
PAX12,22, M, 250+1000,329,0,5.81E+02, short, Circle, Triangle, Circle,250,250, 
PAX12,22, M, 250+1000,330,1,4.21E+02, long, Square, Pentagon, Pentagon,650,1000, 
PAX12,22, M, 250+1000,331,0,1.58E+03, long, Pentagon, Circle, Pentagon,550,250, 
PAX12,22, M, 250+1000,332,1,5.53E+02, short, Rhombus, Square, Rhombus,350,1000, 
PAX12,22, M, 250+1000,333,0,4.61E+02, long, Parallelogram, Circle, Circle,650,250, 
PAX12,22, M, 250+1000,334,1,7.07E+02, long, Square, Triangle, Square,650,1000, 
PAX12,22, M, 250+1000,335,1,9.70E+02, short, Parallelogram, Square, Square,350,250, 
PAX12,22, M, 250+1000,336,0,8.05E+02, short, Square, Pentagon, Square,250,1000, 
PAX12,22, M, 250+1000,337,0,5.14E+02, short, Parallelogram, Pentagon, Pentagon,350,1000, 
PAX12,22, M, 250+1000,338,0,8.58E+02, short, Circle, Square, Circle,350,1000, 
PAX12,22, M, 250+1000,339,1,3.56E+02, long, Square, Circle, Circle,850,250, 
PAX12,22, M, 250+1000,340,0,6.46E+02, short, Square, Triangle, Square,450,250, 
PAX12,22, M, 250+1000,341,0,4.24E+02, short, Pentagon, Triangle, Triangle,350,1000, 
PAX12,22, M, 250+1000,342,0,6.58E+02, short, Square, Rhombus, Square,350,1000, 
PAX12,22, M, 250+1000,343,0,5.30E+02, long, Square, Circle, Circle,650,250, 
PAX12,22, M, 250+1000,344,0,4.25E+02, long, Pentagon, Rhombus, Pentagon,750,250, 
PAX12,22, M, 250+1000,345,1,6.07E+02, short, Square, Circle, Circle,250,1000, 
PAX12,22, M, 250+1000,346,0,1.19E+03, long, Pentagon, Square, Pentagon,450,1000, 
PAX12,22, M, 250+1000,347,0,1.18E+03, short, Triangle, Square, Square,350,250, 
PAX12,22, M, 250+1000,348,0,3.97E+02, long, Parallelogram, Rhombus, Parallelogram,650,250, 
PAX12,22, M, 250+1000,349,0,2.03E+03, short, Pentagon, Triangle, Triangle,250,1000, 
PAX12,22, M, 250+1000,350,1,1.07E+03, long, Rhombus, Circle, Rhombus,750,1000, 
PAX12,22, M, 250+1000,351,0,2.73E+03, long, Pentagon, Parallelogram, Parallelogram,450,1000, 
PAX12,22, M, 250+1000,352,1,5.23E+02, short, Triangle, Rhombus, Triangle,350,250, 
PAX12,22, M, 250+1000,353,1,5.65E+02, short, Rhombus, Parallelogram, Parallelogram,250,1000, 
PAX12,22, M, 250+1000,354,0,4.45E+02, long, Rhombus, Triangle, Rhombus,850,1000, 
PAX12,22, M, 250+1000,355,0,2.57E+03, long, Parallelogram, Rhombus, Parallelogram,650,250, 
PAX12,22, M, 250+1000,356,1,8.25E+02, long, Square, Parallelogram, Square,750,250, 
PAX12,22, M, 250+1000,357,1,1.20E+03, short, Rhombus, Triangle, Triangle,250,250, 
PAX12,22, M, 250+1000,358,0,5.69E+02, long, Rhombus, Pentagon, Rhombus,650,1000, 
PAX12,22, M, 250+1000,359,0,1.84E+03, short, Rhombus, Triangle, Triangle,450,1000, 
PAX12,22, M, 250+1000,360,0,3.96E+02, long, Pentagon, Rhombus, Pentagon,750,1000, 
PAX12,22, M, 250+1000,361,1,1.28E+03, long, Square, Circle, Square,450,1000, 
PAX12,22, M, 250+1000,362,0,1.51E+03, long, Square, Parallelogram, Parallelogram,850,1000, 
PAX12,22, M, 250+1000,363,1,5.00E+02, short, Circle, Triangle, Circle,450,250, 
PAX12,22, M, 250+1000,364,0,1.22E+03, long, Parallelogram, Square, Square,450,250, 
PAX12,22, M, 250+1000,365,1,4.88E+02, long, Square, Circle, Square,850,1000, 
PAX12,22, M, 250+1000,366,0,4.94E+02, long, Circle, Parallelogram, Parallelogram,650,1000, 
PAX12,22, M, 250+1000,367,0,6.06E+02, short, Rhombus, Parallelogram, Rhombus,250,250, 
PAX12,22, M, 250+1000,368,0,4.99E+02, short, Circle, Parallelogram, Parallelogram,350,250, 
PAX12,22, M, 250+1000,369,0,6.58E+02, long, Parallelogram, Rhombus, Rhombus,550,1000, 
PAX12,22, M, 250+1000,370,1,5.05E+02, long, Rhombus, Pentagon, Rhombus,750,250, 
PAX12,22, M, 250+1000,371,1,6.21E+02, short, Square, Rhombus, Rhombus,350,250, 
PAX12,22, M, 250+1000,372,1,5.19E+02, short, Rhombus, Square, Rhombus,550,250, 
PAX12,22, M, 250+1000,373,1,5.95E+02, long, Rhombus, Triangle, Triangle,650,250, 
PAX12,22, M, 250+1000,374,0,3.51E+02, long, Pentagon, Parallelogram, Pentagon,850,250, 
PAX12,22, M, 250+1000,375,0,6.61E+02, short, Pentagon, Square, Square,550,1000, 
PAX12,22, M, 250+1000,376,0,1.16E+03, short, Triangle, Pentagon, Triangle,450,1000, 
PAX12,22, M, 250+1000,377,1,5.91E+02, short, Square, Triangle, Square,250,1000, 
PAX12,22, M, 250+1000,378,1,5.61E+02, long, Pentagon, Rhombus, Rhombus,550,1000, 
PAX12,22, M, 250+1000,379,1,2.22E+03, long, Pentagon, Circle, Pentagon,550,250, 
PAX12,22, M, 250+1000,380,0,3.89E+02, long, Circle, Pentagon, Pentagon,750,1000, 
PAX12,22, M, 250+1000,381,0,2.13E+03, long, Triangle, Pentagon, Triangle,750,250, 
PAX12,22, M, 250+1000,382,1,5.05E+02, short, Pentagon, Triangle, Pentagon,350,250, 
PAX12,22, M, 250+1000,383,1,3.65E+02, long, Pentagon, Parallelogram, Parallelogram,850,1000, 
PAX12,22, M, 250+1000,384,0,7.33E+02, long, Rhombus, Triangle, Rhombus,750,250, 
PAX12,22, M, 250+1000,385,0,3.52E+03, long, Circle, Parallelogram, Parallelogram,550,250, 
PAX12,22, M, 250+1000,386,0,4.29E+02, long, Circle, Triangle, Circle,850,250, 
PAX12,22, M, 250+1000,387,1,1.04E+03, long, Triangle, Parallelogram, Triangle,750,1000, 
PAX12,22, M, 250+1000,388,0,5.38E+02, short, Square, Pentagon, Pentagon,250,1000, 
PAX12,22, M, 250+1000,389,1,4.16E+02, long, Square, Circle, Square,750,1000, 
PAX12,22, M, 250+1000,390,0,4.70E+02, long, Rhombus, Square, Square,850,250, 
PAX12,22, M, 250+1000,391,0,6.12E+02, short, Triangle, Parallelogram, Triangle,350,250, 
PAX12,22, M, 250+1000,392,1,7.32E+02, long, Pentagon, Rhombus, Rhombus,650,1000, 
PAX12,22, M, 250+1000,393,0,5.04E+02, long, Parallelogram, Square, Parallelogram,750,1000, 
PAX12,22, M, 250+1000,394,1,6.05E+02, short, Triangle, Square, Triangle,450,250, 
PAX12,22, M, 250+1000,395,1,5.77E+02, short, Triangle, Parallelogram, Parallelogram,250,1000, 
PAX12,22, M, 250+1000,396,1,6.91E+02, long, Triangle, Square, Triangle,550,1000, 
PAX12,22, M, 250+1000,397,0,4.93E+02, short, Circle, Pentagon, Pentagon,350,250, 
PAX12,22, M, 250+1000,398,0,6.95E+02, long, Pentagon, Circle, Pentagon,550,250, 
PAX12,22, M, 250+1000,399,0,8.12E+02, short, Circle, Parallelogram, Parallelogram,550,250, 
PAX12,22, M, 250+1000,400,1,1.04E+03, long, Rhombus, Square, Rhombus,550,1000, 
PAX12,22, M, 250+1000,401,1,5.49E+02, short, Triangle, Parallelogram, Triangle,250,250, 
PAX12,22, M, 250+1000,402,0,1.09E+03, short, Triangle, Circle, Circle,450,250, 
PAX12,22, M, 250+1000,403,0,5.15E+02, short, Triangle, Rhombus, Triangle,250,250, 
PAX12,22, M, 250+1000,404,1,5.71E+02, long, Triangle, Rhombus, Rhombus,550,250, 
PAX12,22, M, 250+1000,405,1,7.47E+02, long, Triangle, Pentagon, Triangle,650,250, 
PAX12,22, M, 250+1000,406,1,5.81E+02, short, Square, Circle, Circle,250,250, 
PAX12,22, M, 250+1000,407,1,7.75E+02, short, Square, Parallelogram, Square,450,1000, 
PAX12,22, M, 250+1000,408,1,1.21E+03, long, Rhombus, Parallelogram, Parallelogram,450,1000, 
PAX12,22, M, 250+1000,409,1,5.94E+02, short, Pentagon, Square, Pentagon,450,250, 
PAX12,22, M, 250+1000,410,0,5.03E+02, long, Rhombus, Pentagon, Pentagon,850,250, 
PAX12,22, M, 250+1000,411,1,6.22E+02, short, Parallelogram, Circle, Parallelogram,450,250, 
PAX12,22, M, 250+1000,412,1,5.73E+02, long, Square, Rhombus, Rhombus,750,1000, 
PAX12,22, M, 250+1000,413,0,3.91E+02, long, Circle, Rhombus, Circle,850,250, 
PAX12,22, M, 250+1000,414,1,4.31E+02, long, Parallelogram, Circle, Circle,750,250, 
PAX12,22, M, 250+1000,415,0,5.36E+02, long, Circle, Triangle, Circle,550,1000, 
PAX12,22, M, 250+1000,416,1,4.74E+02, short, Pentagon, Triangle, Triangle,450,250, 
PAX12,22, M, 250+1000,417,1,5.60E+02, short, Square, Parallelogram, Square,350,250, 
PAX12,22, M, 250+1000,418,0,7.48E+02, short, Rhombus, Square, Square,250,1000, 
PAX12,22, M, 250+1000,419,1,5.66E+02, long, Pentagon, Square, Pentagon,550,250, 
PAX12,22, M, 250+1000,420,1,1.02E+03, long, Parallelogram, Pentagon, Pentagon,550,250, 
