﻿Subject ID, Subject Age, Gender, Group, TrialNumber, Intended or Unintended Outcome, Reaction Time on Outcome Response, Response - Short or Long, Left Image Code, Right Image Code, Chosen Image Code, Objective Duration of Stimulus, Stimulus Delay,
PAX30,19, M, 250+1000,1,0,2.20E+03, long, Rhombus, Pentagon, Pentagon,850,1000, 
PAX30,19, M, 250+1000,2,1,1.81E+03, short, Triangle, Pentagon, Pentagon,450,1000, 
PAX30,19, M, 250+1000,3,1,1.65E+03, short, Circle, Square, Square,450,1000, 
PAX30,19, M, 250+1000,4,0,4.03E+03, short, Rhombus, Triangle, Rhombus,350,250, 
PAX30,19, M, 250+1000,5,0,1.36E+03, long, Pentagon, Square, Square,450,1000, 
PAX30,19, M, 250+1000,6,0,2.29E+03, long, Pentagon, Parallelogram, Pentagon,850,250, 
PAX30,19, M, 250+1000,7,1,1.88E+03, long, Rhombus, Pentagon, Pentagon,850,250, 
PAX30,19, M, 250+1000,8,1,2.42E+03, long, Square, Circle, Circle,450,250, 
PAX30,19, M, 250+1000,9,1,6.00E+02, long, Parallelogram, Circle, Circle,750,250, 
PAX30,19, M, 250+1000,10,0,1.38E+03, short, Rhombus, Pentagon, Pentagon,550,250, 
PAX30,19, M, 250+1000,11,0,6.68E+02, long, Pentagon, Rhombus, Rhombus,850,250, 
PAX30,19, M, 250+1000,12,1,2.25E+03, short, Circle, Triangle, Triangle,550,1000, 
PAX30,19, M, 250+1000,13,1,4.38E+02, long, Square, Triangle, Square,650,250, 
PAX30,19, M, 250+1000,14,1,5.36E+02, long, Triangle, Parallelogram, Triangle,850,250, 
PAX30,19, M, 250+1000,15,0,6.63E+02, short, Parallelogram, Square, Parallelogram,350,1000, 
PAX30,19, M, 250+1000,16,0,7.63E+02, short, Parallelogram, Rhombus, Rhombus,450,250, 
PAX30,19, M, 250+1000,17,0,1.60E+03, short, Triangle, Parallelogram, Parallelogram,750,1000, 
PAX30,19, M, 250+1000,18,1,3.53E+02, long, Square, Pentagon, Pentagon,850,250, 
PAX30,19, M, 250+1000,19,0,9.93E+02, short, Square, Pentagon, Square,350,250, 
PAX30,19, M, 250+1000,20,0,8.17E+02, short, Square, Rhombus, Rhombus,250,1000, 
PAX30,19, M, 250+1000,21,1,7.17E+02, short, Triangle, Rhombus, Rhombus,350,1000, 
PAX30,19, M, 250+1000,22,0,1.44E+03, long, Pentagon, Triangle, Triangle,850,250, 
PAX30,19, M, 250+1000,23,1,4.81E+02, long, Rhombus, Parallelogram, Parallelogram,850,250, 
PAX30,19, M, 250+1000,24,0,7.87E+02, short, Triangle, Circle, Circle,250,250, 
PAX30,19, M, 250+1000,25,1,8.04E+02, short, Parallelogram, Circle, Parallelogram,450,250, 
PAX30,19, M, 250+1000,26,0,1.86E+03, short, Rhombus, Circle, Circle,750,1000, 
PAX30,19, M, 250+1000,27,1,1.06E+03, short, Parallelogram, Square, Square,250,1000, 
PAX30,19, M, 250+1000,28,1,7.19E+02, long, Triangle, Pentagon, Pentagon,650,1000, 
PAX30,19, M, 250+1000,29,0,2.63E+03, short, Triangle, Parallelogram, Parallelogram,350,1000, 
PAX30,19, M, 250+1000,30,0,3.56E+02, long, Triangle, Pentagon, Pentagon,850,250, 
PAX30,19, M, 250+1000,31,0,9.92E+02, short, Square, Parallelogram, Parallelogram,250,250, 
PAX30,19, M, 250+1000,32,1,6.10E+02, long, Rhombus, Triangle, Rhombus,650,250, 
PAX30,19, M, 250+1000,33,1,7.90E+02, short, Triangle, Rhombus, Triangle,250,1000, 
PAX30,19, M, 250+1000,34,0,1.77E+03, short, Pentagon, Rhombus, Rhombus,250,1000, 
PAX30,19, M, 250+1000,35,0,1.14E+03, short, Pentagon, Parallelogram, Parallelogram,450,250, 
PAX30,19, M, 250+1000,36,1,6.45E+02, long, Triangle, Circle, Circle,650,250, 
PAX30,19, M, 250+1000,37,0,1.51E+03, long, Parallelogram, Square, Parallelogram,750,250, 
PAX30,19, M, 250+1000,38,0,1.22E+03, short, Pentagon, Circle, Circle,250,1000, 
PAX30,19, M, 250+1000,39,1,1.45E+03, short, Rhombus, Parallelogram, Parallelogram,350,250, 
PAX30,19, M, 250+1000,40,0,6.29E+02, long, Square, Rhombus, Square,750,1000, 
PAX30,19, M, 250+1000,41,1,1.05E+03, short, Pentagon, Parallelogram, Pentagon,450,250, 
PAX30,19, M, 250+1000,42,1,4.63E+02, long, Circle, Parallelogram, Parallelogram,850,1000, 
PAX30,19, M, 250+1000,43,1,6.15E+02, long, Rhombus, Square, Square,750,1000, 
PAX30,19, M, 250+1000,44,0,2.42E+03, long, Circle, Rhombus, Circle,650,250, 
PAX30,19, M, 250+1000,45,0,1.47E+03, short, Square, Rhombus, Square,550,250, 
PAX30,19, M, 250+1000,46,0,1.08E+03, long, Pentagon, Square, Square,250,250, 
PAX30,19, M, 250+1000,47,0,6.98E+02, long, Circle, Triangle, Circle,750,1000, 
PAX30,19, M, 250+1000,48,1,2.13E+03, long, Triangle, Rhombus, Rhombus,650,250, 
PAX30,19, M, 250+1000,49,0,1.35E+03, short, Rhombus, Pentagon, Pentagon,250,1000, 
PAX30,19, M, 250+1000,50,0,1.51E+03, long, Pentagon, Parallelogram, Pentagon,750,1000, 
PAX30,19, M, 250+1000,51,0,1.90E+03, short, Parallelogram, Circle, Circle,250,250, 
PAX30,19, M, 250+1000,52,0,1.02E+03, long, Circle, Triangle, Triangle,350,1000, 
PAX30,19, M, 250+1000,53,1,6.02E+02, long, Pentagon, Rhombus, Pentagon,550,1000, 
PAX30,19, M, 250+1000,54,1,8.79E+02, short, Pentagon, Circle, Circle,250,1000, 
PAX30,19, M, 250+1000,55,0,1.03E+03, long, Parallelogram, Pentagon, Pentagon,650,1000, 
PAX30,19, M, 250+1000,56,0,7.89E+02, long, Square, Parallelogram, Square,650,250, 
PAX30,19, M, 250+1000,57,0,2.23E+03, long, Pentagon, Square, Square,850,250, 
PAX30,19, M, 250+1000,58,0,1.04E+03, short, Triangle, Rhombus, Rhombus,350,250, 
PAX30,19, M, 250+1000,59,0,1.26E+03, long, Rhombus, Square, Square,650,1000, 
PAX30,19, M, 250+1000,60,1,5.58E+02, long, Triangle, Circle, Triangle,850,250, 
PAX30,19, M, 250+1000,61,1,6.74E+02, short, Square, Triangle, Triangle,350,250, 
PAX30,19, M, 250+1000,62,0,2.58E+03, long, Rhombus, Parallelogram, Parallelogram,550,250, 
PAX30,19, M, 250+1000,63,0,7.64E+02, short, Parallelogram, Square, Square,350,250, 
PAX30,19, M, 250+1000,64,1,6.92E+02, long, Square, Circle, Circle,550,1000, 
PAX30,19, M, 250+1000,65,0,1.19E+03, long, Rhombus, Square, Square,550,250, 
PAX30,19, M, 250+1000,66,0,3.92E+02, long, Rhombus, Square, Rhombus,850,250, 
PAX30,19, M, 250+1000,67,1,1.11E+03, long, Circle, Rhombus, Rhombus,850,250, 
PAX30,19, M, 250+1000,68,1,8.89E+02, short, Parallelogram, Circle, Parallelogram,350,250, 
PAX30,19, M, 250+1000,69,1,6.72E+02, long, Parallelogram, Triangle, Parallelogram,650,1000, 
PAX30,19, M, 250+1000,70,0,1.09E+03, long, Circle, Triangle, Circle,750,1000, 
PAX30,19, M, 250+1000,71,0,1.60E+03, long, Triangle, Pentagon, Pentagon,550,250, 
PAX30,19, M, 250+1000,72,0,8.65E+02, long, Rhombus, Square, Square,650,250, 
PAX30,19, M, 250+1000,73,1,5.69E+02, long, Square, Circle, Circle,550,1000, 
PAX30,19, M, 250+1000,74,0,6.65E+02, short, Parallelogram, Triangle, Triangle,250,1000, 
PAX30,19, M, 250+1000,75,1,6.23E+02, short, Pentagon, Parallelogram, Parallelogram,350,250, 
PAX30,19, M, 250+1000,76,0,1.26E+03, short, Pentagon, Circle, Circle,450,1000, 
PAX30,19, M, 250+1000,77,1,6.39E+02, long, Square, Rhombus, Rhombus,750,250, 
PAX30,19, M, 250+1000,78,0,8.78E+02, short, Triangle, Square, Square,450,250, 
PAX30,19, M, 250+1000,79,0,5.61E+02, long, Triangle, Pentagon, Pentagon,650,1000, 
PAX30,19, M, 250+1000,80,1,7.36E+02, short, Circle, Square, Square,250,250, 
PAX30,19, M, 250+1000,81,1,3.53E+03, long, Pentagon, Square, Square,650,1000, 
PAX30,19, M, 250+1000,82,0,1.14E+03, short, Pentagon, Rhombus, Rhombus,550,1000, 
PAX30,19, M, 250+1000,83,0,1.33E+03, short, Pentagon, Triangle, Triangle,250,1000, 
PAX30,19, M, 250+1000,84,1,1.26E+03, short, Triangle, Square, Triangle,450,250, 
PAX30,19, M, 250+1000,85,1,1.31E+03, long, Circle, Rhombus, Rhombus,450,1000, 
PAX30,19, M, 250+1000,86,1,6.15E+02, short, Pentagon, Triangle, Triangle,350,250, 
PAX30,19, M, 250+1000,87,0,1.01E+03, long, Pentagon, Rhombus, Pentagon,650,250, 
PAX30,19, M, 250+1000,88,1,8.78E+02, short, Rhombus, Pentagon, Pentagon,350,250, 
PAX30,19, M, 250+1000,89,0,4.39E+02, long, Square, Triangle, Square,850,1000, 
PAX30,19, M, 250+1000,90,1,8.63E+02, short, Parallelogram, Square, Parallelogram,250,250, 
PAX30,19, M, 250+1000,91,1,1.52E+03, long, Circle, Pentagon, Pentagon,550,250, 
PAX30,19, M, 250+1000,92,1,6.51E+02, long, Square, Pentagon, Square,750,1000, 
PAX30,19, M, 250+1000,93,1,9.51E+02, short, Circle, Rhombus, Rhombus,550,250, 
PAX30,19, M, 250+1000,94,1,6.93E+02, long, Rhombus, Square, Square,850,250, 
PAX30,19, M, 250+1000,95,1,7.09E+02, short, Rhombus, Triangle, Rhombus,350,1000, 
PAX30,19, M, 250+1000,96,0,1.14E+03, short, Parallelogram, Circle, Circle,450,1000, 
PAX30,19, M, 250+1000,97,1,1.21E+03, long, Triangle, Square, Square,550,1000, 
PAX30,19, M, 250+1000,98,0,6.89E+02, long, Square, Pentagon, Pentagon,750,250, 
PAX30,19, M, 250+1000,99,1,1.18E+03, short, Triangle, Pentagon, Triangle,450,1000, 
PAX30,19, M, 250+1000,100,1,8.94E+02, long, Pentagon, Rhombus, Rhombus,750,1000, 
PAX30,19, M, 250+1000,101,1,8.34E+02, short, Triangle, Pentagon, Triangle,350,250, 
PAX30,19, M, 250+1000,102,0,1.44E+03, long, Square, Rhombus, Rhombus,750,250, 
PAX30,19, M, 250+1000,103,1,1.45E+03, short, Pentagon, Circle, Pentagon,650,250, 
PAX30,19, M, 250+1000,104,0,7.14E+02, short, Circle, Parallelogram, Parallelogram,350,1000, 
PAX30,19, M, 250+1000,105,1,1.14E+03, short, Square, Triangle, Square,450,250, 
PAX30,19, M, 250+1000,106,1,1.46E+03, long, Square, Pentagon, Pentagon,450,250, 
PAX30,19, M, 250+1000,107,1,3.36E+02, long, Parallelogram, Triangle, Parallelogram,850,1000, 
PAX30,19, M, 250+1000,108,0,4.69E+02, long, Pentagon, Rhombus, Rhombus,750,250, 
PAX30,19, M, 250+1000,109,1,6.08E+02, short, Parallelogram, Square, Square,250,1000, 
PAX30,19, M, 250+1000,110,1,1.88E+03, long, Parallelogram, Pentagon, Parallelogram,650,1000, 
PAX30,19, M, 250+1000,111,0,1.99E+03, long, Parallelogram, Triangle, Triangle,450,250, 
PAX30,19, M, 250+1000,112,0,1.30E+03, short, Triangle, Parallelogram, Parallelogram,450,1000, 
PAX30,19, M, 250+1000,113,1,1.06E+03, short, Square, Parallelogram, Parallelogram,350,1000, 
PAX30,19, M, 250+1000,114,1,5.71E+02, long, Square, Triangle, Square,650,1000, 
PAX30,19, M, 250+1000,115,1,6.33E+02, short, Square, Parallelogram, Square,350,1000, 
PAX30,19, M, 250+1000,116,0,1.15E+03, long, Rhombus, Square, Rhombus,750,250, 
PAX30,19, M, 250+1000,117,0,9.90E+02, short, Pentagon, Circle, Circle,350,250, 
PAX30,19, M, 250+1000,118,1,9.64E+02, short, Triangle, Pentagon, Triangle,450,250, 
PAX30,19, M, 250+1000,119,1,6.80E+02, short, Square, Circle, Circle,250,250, 
PAX30,19, M, 250+1000,120,0,1.02E+03, long, Rhombus, Pentagon, Rhombus,550,250, 
PAX30,19, M, 250+1000,121,1,1.17E+03, short, Circle, Square, Square,350,250, 
PAX30,19, M, 250+1000,122,0,5.78E+02, long, Parallelogram, Circle, Parallelogram,850,250, 
PAX30,19, M, 250+1000,123,1,6.62E+02, long, Triangle, Parallelogram, Parallelogram,850,1000, 
PAX30,19, M, 250+1000,124,0,5.08E+02, long, Triangle, Parallelogram, Triangle,650,1000, 
PAX30,19, M, 250+1000,125,1,1.27E+03, short, Square, Rhombus, Rhombus,450,250, 
PAX30,19, M, 250+1000,126,0,2.09E+03, long, Parallelogram, Triangle, Parallelogram,850,250, 
PAX30,19, M, 250+1000,127,1,5.17E+02, long, Square, Triangle, Square,550,1000, 
PAX30,19, M, 250+1000,128,1,6.45E+02, short, Rhombus, Parallelogram, Parallelogram,250,1000, 
PAX30,19, M, 250+1000,129,0,5.76E+02, long, Circle, Rhombus, Circle,550,1000, 
PAX30,19, M, 250+1000,130,0,5.14E+02, long, Pentagon, Circle, Circle,450,1000, 
PAX30,19, M, 250+1000,131,1,3.49E+02, long, Rhombus, Triangle, Rhombus,750,250, 
PAX30,19, M, 250+1000,132,1,5.60E+02, long, Square, Circle, Circle,650,250, 
PAX30,19, M, 250+1000,133,0,1.34E+03, long, Triangle, Circle, Triangle,450,250, 
PAX30,19, M, 250+1000,134,1,1.50E+03, long, Triangle, Circle, Triangle,550,1000, 
PAX30,19, M, 250+1000,135,0,3.13E+02, long, Circle, Triangle, Triangle,750,250, 
PAX30,19, M, 250+1000,136,1,8.23E+02, short, Rhombus, Parallelogram, Rhombus,450,1000, 
PAX30,19, M, 250+1000,137,0,7.15E+02, short, Rhombus, Parallelogram, Parallelogram,350,1000, 
PAX30,19, M, 250+1000,138,1,4.41E+02, long, Square, Triangle, Square,750,1000, 
PAX30,19, M, 250+1000,139,1,9.91E+02, short, Triangle, Circle, Circle,250,250, 
PAX30,19, M, 250+1000,140,0,1.35E+03, long, Square, Rhombus, Square,450,1000, 
PAX30,19, M, 250+1000,141,0,1.45E+03, short, Rhombus, Triangle, Triangle,250,1000, 
PAX30,19, M, 250+1000,142,1,1.64E+03, long, Rhombus, Triangle, Rhombus,550,250, 
PAX30,19, M, 250+1000,143,0,1.16E+03, long, Parallelogram, Pentagon, Parallelogram,650,250, 
PAX30,19, M, 250+1000,144,0,6.86E+02, short, Triangle, Parallelogram, Triangle,450,250, 
PAX30,19, M, 250+1000,145,0,5.64E+02, long, Square, Rhombus, Rhombus,650,250, 
PAX30,19, M, 250+1000,146,0,6.66E+02, short, Rhombus, Circle, Rhombus,550,1000, 
PAX30,19, M, 250+1000,147,1,6.18E+02, short, Circle, Triangle, Triangle,250,250, 
PAX30,19, M, 250+1000,148,0,5.94E+02, long, Circle, Parallelogram, Circle,650,250, 
PAX30,19, M, 250+1000,149,1,5.42E+02, long, Circle, Square, Square,450,1000, 
PAX30,19, M, 250+1000,150,0,1.28E+03, long, Square, Pentagon, Square,350,250, 
PAX30,19, M, 250+1000,151,0,6.84E+02, long, Rhombus, Square, Square,550,1000, 
PAX30,19, M, 250+1000,152,0,1.62E+03, short, Pentagon, Triangle, Pentagon,350,1000, 
PAX30,19, M, 250+1000,153,0,9.11E+02, short, Rhombus, Circle, Circle,450,1000, 
PAX30,19, M, 250+1000,154,1,1.68E+03, long, Rhombus, Triangle, Rhombus,550,250, 
PAX30,19, M, 250+1000,155,0,9.23E+02, short, Circle, Pentagon, Circle,550,1000, 
PAX30,19, M, 250+1000,156,0,9.55E+02, short, Square, Rhombus, Rhombus,350,250, 
PAX30,19, M, 250+1000,157,0,1.91E+03, short, Rhombus, Circle, Rhombus,250,1000, 
PAX30,19, M, 250+1000,158,0,1.16E+03, long, Parallelogram, Square, Square,650,1000, 
PAX30,19, M, 250+1000,159,1,8.59E+02, short, Triangle, Pentagon, Pentagon,250,1000, 
PAX30,19, M, 250+1000,160,1,1.06E+03, short, Rhombus, Triangle, Rhombus,350,250, 
PAX30,19, M, 250+1000,161,1,6.39E+02, long, Parallelogram, Square, Square,750,1000, 
PAX30,19, M, 250+1000,162,0,6.64E+02, short, Square, Circle, Square,350,250, 
PAX30,19, M, 250+1000,163,0,1.77E+03, long, Parallelogram, Rhombus, Rhombus,450,250, 
PAX30,19, M, 250+1000,164,0,1.10E+03, short, Pentagon, Rhombus, Pentagon,450,250, 
PAX30,19, M, 250+1000,165,0,6.84E+02, long, Square, Pentagon, Pentagon,850,250, 
PAX30,19, M, 250+1000,166,1,1.17E+03, short, Pentagon, Parallelogram, Pentagon,250,1000, 
PAX30,19, M, 250+1000,167,1,1.00E+03, long, Circle, Square, Square,450,250, 
PAX30,19, M, 250+1000,168,0,1.58E+03, long, Rhombus, Pentagon, Rhombus,450,1000, 
PAX30,19, M, 250+1000,169,1,5.43E+02, long, Pentagon, Triangle, Triangle,450,1000, 
PAX30,19, M, 250+1000,170,0,2.85E+02, long, Parallelogram, Pentagon, Parallelogram,850,250, 
PAX30,19, M, 250+1000,171,1,4.21E+02, long, Pentagon, Parallelogram, Parallelogram,650,1000, 
PAX30,19, M, 250+1000,172,0,5.97E+02, long, Parallelogram, Rhombus, Rhombus,650,250, 
PAX30,19, M, 250+1000,173,0,1.31E+03, long, Triangle, Parallelogram, Parallelogram,550,1000, 
PAX30,19, M, 250+1000,174,1,1.27E+03, short, Rhombus, Pentagon, Rhombus,350,250, 
PAX30,19, M, 250+1000,175,0,9.18E+02, long, Pentagon, Parallelogram, Pentagon,350,250, 
PAX30,19, M, 250+1000,176,0,8.60E+02, short, Square, Parallelogram, Square,250,250, 
PAX30,19, M, 250+1000,177,1,1.07E+03, long, Parallelogram, Triangle, Triangle,350,250, 
PAX30,19, M, 250+1000,178,0,4.38E+02, long, Square, Parallelogram, Square,550,1000, 
PAX30,19, M, 250+1000,179,1,1.14E+03, short, Square, Parallelogram, Parallelogram,350,250, 
PAX30,19, M, 250+1000,180,1,6.90E+02, short, Circle, Rhombus, Circle,350,1000, 
PAX30,19, M, 250+1000,181,0,6.06E+02, long, Square, Rhombus, Square,450,1000, 
PAX30,19, M, 250+1000,182,0,1.88E+03, long, Rhombus, Parallelogram, Parallelogram,450,1000, 
PAX30,19, M, 250+1000,183,0,1.64E+03, short, Rhombus, Circle, Rhombus,250,1000, 
PAX30,19, M, 250+1000,184,1,3.60E+02, long, Circle, Triangle, Triangle,750,1000, 
PAX30,19, M, 250+1000,185,0,5.81E+02, short, Parallelogram, Pentagon, Parallelogram,250,250, 
PAX30,19, M, 250+1000,186,1,6.02E+02, short, Parallelogram, Circle, Circle,350,1000, 
PAX30,19, M, 250+1000,187,1,9.91E+02, long, Parallelogram, Pentagon, Parallelogram,750,1000, 
PAX30,19, M, 250+1000,188,1,1.19E+03, long, Circle, Rhombus, Rhombus,550,250, 
PAX30,19, M, 250+1000,189,0,5.33E+02, long, Circle, Square, Circle,650,250, 
PAX30,19, M, 250+1000,190,1,1.06E+03, short, Parallelogram, Rhombus, Rhombus,450,1000, 
PAX30,19, M, 250+1000,191,1,1.13E+03, long, Parallelogram, Circle, Parallelogram,450,1000, 
PAX30,19, M, 250+1000,192,1,7.37E+02, short, Circle, Parallelogram, Circle,250,250, 
PAX30,19, M, 250+1000,193,0,3.05E+02, long, Square, Triangle, Square,850,250, 
PAX30,19, M, 250+1000,194,1,3.14E+02, long, Triangle, Circle, Circle,850,250, 
PAX30,19, M, 250+1000,195,1,2.70E+02, long, Rhombus, Parallelogram, Rhombus,550,1000, 
PAX30,19, M, 250+1000,196,1,9.07E+02, short, Circle, Rhombus, Rhombus,550,1000, 
PAX30,19, M, 250+1000,197,1,2.71E+02, long, Circle, Triangle, Circle,850,1000, 
PAX30,19, M, 250+1000,198,0,3.00E+02, long, Triangle, Pentagon, Triangle,850,1000, 
PAX30,19, M, 250+1000,199,1,2.52E+02, long, Parallelogram, Square, Square,750,250, 
PAX30,19, M, 250+1000,200,0,3.04E+02, long, Parallelogram, Circle, Parallelogram,650,250, 
PAX30,19, M, 250+1000,201,0,5.76E+02, long, Square, Circle, Circle,350,1000, 
PAX30,19, M, 250+1000,202,1,1.12E+03, long, Triangle, Circle, Triangle,550,250, 
PAX30,19, M, 250+1000,203,1,6.92E+02, short, Parallelogram, Rhombus, Parallelogram,550,250, 
PAX30,19, M, 250+1000,204,0,5.26E+02, long, Circle, Triangle, Triangle,450,250, 
PAX30,19, M, 250+1000,205,1,8.12E+02, short, Pentagon, Circle, Pentagon,850,250, 
PAX30,19, M, 250+1000,206,1,1.44E+03, short, Triangle, Parallelogram, Parallelogram,650,250, 
PAX30,19, M, 250+1000,207,0,3.16E+02, long, Triangle, Rhombus, Triangle,750,1000, 
PAX30,19, M, 250+1000,208,0,9.24E+02, long, Rhombus, Square, Square,750,1000, 
PAX30,19, M, 250+1000,209,0,3.02E+02, long, Parallelogram, Rhombus, Rhombus,850,1000, 
PAX30,19, M, 250+1000,210,1,1.76E+03, long, Square, Pentagon, Pentagon,750,250, 
PAX30,19, M, 250+1000,211,1,2.69E+02, long, Circle, Pentagon, Pentagon,850,250, 
PAX30,19, M, 250+1000,212,1,1.27E+03, short, Parallelogram, Pentagon, Pentagon,450,250, 
PAX30,19, M, 250+1000,213,0,5.11E+02, short, Parallelogram, Triangle, Triangle,650,1000, 
PAX30,19, M, 250+1000,214,1,9.95E+02, short, Parallelogram, Rhombus, Parallelogram,350,1000, 
PAX30,19, M, 250+1000,215,0,7.67E+02, short, Triangle, Square, Triangle,250,250, 
PAX30,19, M, 250+1000,216,0,7.01E+02, short, Pentagon, Parallelogram, Parallelogram,350,1000, 
PAX30,19, M, 250+1000,217,1,7.11E+02, long, Square, Pentagon, Square,550,250, 
PAX30,19, M, 250+1000,218,1,3.51E+02, long, Square, Parallelogram, Parallelogram,850,250, 
PAX30,19, M, 250+1000,219,1,2.91E+02, long, Rhombus, Pentagon, Pentagon,850,1000, 
PAX30,19, M, 250+1000,220,0,9.03E+02, short, Circle, Parallelogram, Circle,350,1000, 
PAX30,19, M, 250+1000,221,0,1.55E+03, short, Parallelogram, Circle, Parallelogram,350,250, 
PAX30,19, M, 250+1000,222,1,8.35E+02, short, Rhombus, Triangle, Triangle,350,1000, 
PAX30,19, M, 250+1000,223,0,9.50E+02, long, Circle, Parallelogram, Circle,850,1000, 
PAX30,19, M, 250+1000,224,0,8.48E+02, short, Triangle, Rhombus, Triangle,350,1000, 
PAX30,19, M, 250+1000,225,1,8.96E+02, short, Rhombus, Circle, Circle,250,1000, 
PAX30,19, M, 250+1000,226,1,5.42E+02, short, Rhombus, Circle, Circle,250,1000, 
PAX30,19, M, 250+1000,227,1,5.50E+02, short, Circle, Square, Circle,250,250, 
PAX30,19, M, 250+1000,228,0,1.10E+03, long, Square, Triangle, Triangle,750,1000, 
PAX30,19, M, 250+1000,229,0,4.30E+02, long, Square, Circle, Square,550,250, 
PAX30,19, M, 250+1000,230,1,5.56E+02, long, Circle, Pentagon, Circle,850,1000, 
PAX30,19, M, 250+1000,231,1,1.11E+03, long, Parallelogram, Square, Square,850,1000, 
PAX30,19, M, 250+1000,232,1,1.19E+03, long, Square, Pentagon, Square,850,1000, 
PAX30,19, M, 250+1000,233,1,2.82E+02, long, Circle, Rhombus, Circle,650,1000, 
PAX30,19, M, 250+1000,234,1,3.21E+02, long, Circle, Square, Circle,550,250, 
PAX30,19, M, 250+1000,235,0,1.63E+03, long, Triangle, Pentagon, Triangle,450,250, 
PAX30,19, M, 250+1000,236,1,8.45E+02, short, Circle, Parallelogram, Parallelogram,250,250, 
PAX30,19, M, 250+1000,237,0,4.09E+02, long, Parallelogram, Square, Parallelogram,750,1000, 
PAX30,19, M, 250+1000,238,0,3.89E+02, long, Pentagon, Square, Pentagon,550,250, 
PAX30,19, M, 250+1000,239,0,3.35E+02, long, Square, Rhombus, Square,850,1000, 
PAX30,19, M, 250+1000,240,1,1.25E+03, long, Pentagon, Square, Square,650,1000, 
PAX30,19, M, 250+1000,241,1,3.12E+02, long, Triangle, Square, Triangle,750,250, 
PAX30,19, M, 250+1000,242,1,7.52E+02, short, Rhombus, Pentagon, Rhombus,550,250, 
PAX30,19, M, 250+1000,243,1,2.87E+02, long, Circle, Pentagon, Pentagon,850,1000, 
PAX30,19, M, 250+1000,244,0,7.13E+02, short, Circle, Pentagon, Circle,750,1000, 
PAX30,19, M, 250+1000,245,0,6.99E+02, short, Pentagon, Square, Square,650,250, 
PAX30,19, M, 250+1000,246,0,9.30E+02, long, Pentagon, Triangle, Triangle,750,250, 
PAX30,19, M, 250+1000,247,0,7.32E+02, short, Parallelogram, Pentagon, Parallelogram,350,1000, 
PAX30,19, M, 250+1000,248,1,1.04E+03, short, Circle, Square, Circle,250,250, 
PAX30,19, M, 250+1000,249,0,6.14E+02, long, Square, Parallelogram, Parallelogram,650,1000, 
PAX30,19, M, 250+1000,250,0,6.04E+02, short, Square, Circle, Square,650,250, 
PAX30,19, M, 250+1000,251,0,1.19E+03, short, Square, Rhombus, Square,750,250, 
PAX30,19, M, 250+1000,252,1,8.56E+02, short, Rhombus, Circle, Circle,450,250, 
PAX30,19, M, 250+1000,253,0,2.58E+02, long, Rhombus, Pentagon, Pentagon,850,250, 
PAX30,19, M, 250+1000,254,1,9.88E+02, short, Circle, Triangle, Circle,450,1000, 
PAX30,19, M, 250+1000,255,1,4.24E+02, long, Triangle, Pentagon, Pentagon,450,250, 
PAX30,19, M, 250+1000,256,1,2.89E+02, long, Square, Parallelogram, Square,750,1000, 
PAX30,19, M, 250+1000,257,1,1.08E+03, long, Triangle, Square, Triangle,550,1000, 
PAX30,19, M, 250+1000,258,1,1.16E+03, long, Parallelogram, Triangle, Parallelogram,750,250, 
PAX30,19, M, 250+1000,259,1,9.99E+02, short, Triangle, Circle, Triangle,250,1000, 
PAX30,19, M, 250+1000,260,0,5.57E+02, long, Rhombus, Circle, Rhombus,850,1000, 
PAX30,19, M, 250+1000,261,1,2.49E+02, long, Square, Pentagon, Pentagon,750,1000, 
PAX30,19, M, 250+1000,262,0,3.03E+02, long, Parallelogram, Pentagon, Parallelogram,750,250, 
PAX30,19, M, 250+1000,263,1,2.99E+02, long, Triangle, Rhombus, Rhombus,750,250, 
PAX30,19, M, 250+1000,264,1,7.75E+02, short, Pentagon, Circle, Circle,250,250, 
PAX30,19, M, 250+1000,265,1,1.22E+03, long, Square, Rhombus, Square,550,250, 
PAX30,19, M, 250+1000,266,0,7.63E+02, short, Parallelogram, Triangle, Parallelogram,250,1000, 
PAX30,19, M, 250+1000,267,0,1.63E+03, short, Square, Pentagon, Pentagon,350,250, 
PAX30,19, M, 250+1000,268,1,4.90E+02, long, Circle, Triangle, Circle,650,1000, 
PAX30,19, M, 250+1000,269,1,9.54E+02, long, Circle, Square, Square,350,1000, 
PAX30,19, M, 250+1000,270,0,6.76E+02, long, Pentagon, Square, Pentagon,850,250, 
PAX30,19, M, 250+1000,271,1,2.98E+02, long, Pentagon, Parallelogram, Parallelogram,850,1000, 
PAX30,19, M, 250+1000,272,1,7.48E+02, short, Pentagon, Square, Pentagon,250,250, 
PAX30,19, M, 250+1000,273,1,1.00E+03, long, Pentagon, Square, Pentagon,650,1000, 
PAX30,19, M, 250+1000,274,0,7.92E+02, long, Parallelogram, Rhombus, Rhombus,650,250, 
PAX30,19, M, 250+1000,275,1,1.48E+03, long, Triangle, Rhombus, Triangle,850,1000, 
PAX30,19, M, 250+1000,276,1,5.26E+02, long, Parallelogram, Square, Square,850,1000, 
PAX30,19, M, 250+1000,277,1,1.20E+03, short, Rhombus, Circle, Rhombus,650,1000, 
PAX30,19, M, 250+1000,278,0,7.82E+02, short, Parallelogram, Rhombus, Rhombus,250,250, 
PAX30,19, M, 250+1000,279,1,3.99E+02, long, Circle, Square, Square,650,250, 
PAX30,19, M, 250+1000,280,1,7.89E+02, short, Square, Triangle, Square,250,1000, 
PAX30,19, M, 250+1000,281,0,6.03E+02, short, Circle, Pentagon, Pentagon,350,250, 
PAX30,19, M, 250+1000,282,0,1.04E+03, short, Parallelogram, Rhombus, Parallelogram,250,250, 
PAX30,19, M, 250+1000,283,1,5.29E+02, long, Pentagon, Triangle, Triangle,750,1000, 
PAX30,19, M, 250+1000,284,1,5.75E+02, long, Rhombus, Triangle, Rhombus,750,1000, 
PAX30,19, M, 250+1000,285,0,4.75E+02, long, Pentagon, Rhombus, Rhombus,550,250, 
PAX30,19, M, 250+1000,286,0,6.65E+02, long, Circle, Parallelogram, Circle,550,250, 
PAX30,19, M, 250+1000,287,1,6.37E+02, long, Parallelogram, Triangle, Triangle,450,1000, 
PAX30,19, M, 250+1000,288,0,4.43E+02, long, Rhombus, Circle, Rhombus,550,250, 
PAX30,19, M, 250+1000,289,0,3.47E+02, long, Parallelogram, Circle, Circle,550,1000, 
PAX30,19, M, 250+1000,290,0,1.27E+03, short, Circle, Pentagon, Circle,350,1000, 
PAX30,19, M, 250+1000,291,1,1.36E+03, short, Square, Parallelogram, Parallelogram,350,1000, 
PAX30,19, M, 250+1000,292,1,6.07E+02, long, Triangle, Pentagon, Pentagon,450,1000, 
PAX30,19, M, 250+1000,293,1,7.82E+02, short, Triangle, Rhombus, Triangle,350,1000, 
PAX30,19, M, 250+1000,294,0,5.51E+02, long, Triangle, Rhombus, Rhombus,750,1000, 
PAX30,19, M, 250+1000,295,1,6.58E+02, long, Triangle, Circle, Circle,650,1000, 
PAX30,19, M, 250+1000,296,1,7.40E+02, short, Triangle, Square, Triangle,550,250, 
PAX30,19, M, 250+1000,297,1,6.06E+02, long, Parallelogram, Circle, Circle,650,250, 
PAX30,19, M, 250+1000,298,1,4.94E+02, long, Circle, Rhombus, Rhombus,850,250, 
PAX30,19, M, 250+1000,299,1,7.84E+02, short, Pentagon, Triangle, Triangle,650,1000, 
PAX30,19, M, 250+1000,300,0,1.92E+03, long, Triangle, Square, Triangle,450,1000, 
PAX30,19, M, 250+1000,301,0,1.26E+03, short, Parallelogram, Square, Parallelogram,450,1000, 
PAX30,19, M, 250+1000,302,1,7.24E+02, short, Parallelogram, Circle, Circle,350,1000, 
PAX30,19, M, 250+1000,303,0,1.06E+03, long, Square, Parallelogram, Square,850,250, 
PAX30,19, M, 250+1000,304,0,7.13E+02, short, Rhombus, Square, Rhombus,350,1000, 
PAX30,19, M, 250+1000,305,0,7.79E+02, long, Parallelogram, Pentagon, Pentagon,750,1000, 
PAX30,19, M, 250+1000,306,0,1.43E+03, long, Circle, Pentagon, Circle,550,250, 
PAX30,19, M, 250+1000,307,1,2.95E+02, long, Circle, Parallelogram, Circle,750,250, 
PAX30,19, M, 250+1000,308,0,3.81E+02, long, Triangle, Circle, Circle,850,250, 
PAX30,19, M, 250+1000,309,0,6.65E+02, short, Square, Triangle, Triangle,550,250, 
PAX30,19, M, 250+1000,310,0,8.55E+02, short, Circle, Square, Circle,450,1000, 
PAX30,19, M, 250+1000,311,1,3.63E+02, long, Triangle, Parallelogram, Triangle,750,1000, 
PAX30,19, M, 250+1000,312,1,1.58E+03, short, Circle, Parallelogram, Parallelogram,450,250, 
PAX30,19, M, 250+1000,313,1,3.14E+02, long, Circle, Square, Circle,850,250, 
PAX30,19, M, 250+1000,314,1,4.33E+02, long, Triangle, Parallelogram, Parallelogram,650,250, 
PAX30,19, M, 250+1000,315,1,7.59E+02, short, Rhombus, Triangle, Triangle,250,1000, 
PAX30,19, M, 250+1000,316,1,3.66E+02, long, Parallelogram, Pentagon, Pentagon,850,1000, 
PAX30,19, M, 250+1000,317,1,6.88E+02, long, Triangle, Pentagon, Pentagon,650,250, 
PAX30,19, M, 250+1000,318,1,1.07E+03, short, Square, Triangle, Triangle,550,1000, 
PAX30,19, M, 250+1000,319,0,7.00E+02, short, Circle, Pentagon, Pentagon,250,250, 
PAX30,19, M, 250+1000,320,0,3.20E+02, long, Circle, Parallelogram, Parallelogram,750,250, 
PAX30,19, M, 250+1000,321,1,1.57E+03, long, Triangle, Circle, Circle,550,250, 
PAX30,19, M, 250+1000,322,0,1.15E+03, long, Pentagon, Triangle, Pentagon,450,1000, 
PAX30,19, M, 250+1000,323,0,6.44E+02, long, Rhombus, Parallelogram, Parallelogram,450,250, 
PAX30,19, M, 250+1000,324,1,5.52E+02, long, Pentagon, Circle, Circle,550,1000, 
PAX30,19, M, 250+1000,325,0,7.95E+02, short, Triangle, Square, Triangle,350,1000, 
PAX30,19, M, 250+1000,326,1,3.80E+02, long, Triangle, Square, Square,750,250, 
PAX30,19, M, 250+1000,327,0,4.10E+02, long, Rhombus, Square, Rhombus,650,1000, 
PAX30,19, M, 250+1000,328,0,5.36E+02, long, Pentagon, Parallelogram, Parallelogram,450,1000, 
PAX30,19, M, 250+1000,329,0,3.52E+02, long, Parallelogram, Rhombus, Rhombus,550,1000, 
PAX30,19, M, 250+1000,330,0,6.28E+02, short, Circle, Parallelogram, Parallelogram,250,1000, 
PAX30,19, M, 250+1000,331,1,5.37E+02, long, Pentagon, Rhombus, Rhombus,650,1000, 
PAX30,19, M, 250+1000,332,0,3.35E+02, long, Pentagon, Rhombus, Rhombus,650,1000, 
PAX30,19, M, 250+1000,333,0,6.59E+02, long, Pentagon, Triangle, Pentagon,550,1000, 
PAX30,19, M, 250+1000,334,1,3.57E+02, long, Triangle, Square, Triangle,550,1000, 
PAX30,19, M, 250+1000,335,1,3.21E+02, long, Rhombus, Pentagon, Pentagon,750,1000, 
PAX30,19, M, 250+1000,336,0,7.53E+02, short, Circle, Rhombus, Circle,250,1000, 
PAX30,19, M, 250+1000,337,1,6.46E+02, short, Triangle, Square, Triangle,250,1000, 
PAX30,19, M, 250+1000,338,1,2.74E+02, long, Parallelogram, Rhombus, Rhombus,650,250, 
PAX30,19, M, 250+1000,339,1,9.50E+02, long, Pentagon, Circle, Pentagon,450,1000, 
PAX30,19, M, 250+1000,340,1,2.21E+03, long, Pentagon, Square, Square,550,1000, 
PAX30,19, M, 250+1000,341,0,1.05E+03, long, Parallelogram, Triangle, Triangle,650,1000, 
PAX30,19, M, 250+1000,342,0,4.61E+02, long, Parallelogram, Triangle, Triangle,550,1000, 
PAX30,19, M, 250+1000,343,1,3.84E+02, long, Circle, Parallelogram, Circle,650,250, 
PAX30,19, M, 250+1000,344,0,6.22E+02, short, Triangle, Rhombus, Rhombus,250,250, 
PAX30,19, M, 250+1000,345,1,1.08E+03, long, Square, Parallelogram, Square,450,250, 
PAX30,19, M, 250+1000,346,0,2.70E+02, long, Rhombus, Square, Square,850,1000, 
PAX30,19, M, 250+1000,347,0,8.36E+02, short, Pentagon, Triangle, Pentagon,350,250, 
PAX30,19, M, 250+1000,348,1,5.90E+02, long, Circle, Pentagon, Pentagon,750,250, 
PAX30,19, M, 250+1000,349,0,9.74E+02, long, Pentagon, Circle, Pentagon,550,1000, 
PAX30,19, M, 250+1000,350,1,9.20E+02, short, Rhombus, Triangle, Triangle,250,250, 
PAX30,19, M, 250+1000,351,0,7.42E+02, long, Circle, Rhombus, Circle,850,1000, 
PAX30,19, M, 250+1000,352,0,7.76E+02, short, Triangle, Parallelogram, Parallelogram,250,250, 
PAX30,19, M, 250+1000,353,0,9.44E+02, long, Rhombus, Pentagon, Rhombus,750,250, 
PAX30,19, M, 250+1000,354,0,1.42E+03, short, Circle, Pentagon, Pentagon,250,250, 
PAX30,19, M, 250+1000,355,1,2.66E+03, short, Rhombus, Parallelogram, Rhombus,250,1000, 
PAX30,19, M, 250+1000,356,0,5.12E+02, long, Pentagon, Square, Square,550,1000, 
PAX30,19, M, 250+1000,357,0,5.57E+02, long, Square, Parallelogram, Parallelogram,750,250, 
PAX30,19, M, 250+1000,358,0,7.11E+02, short, Pentagon, Triangle, Pentagon,250,250, 
PAX30,19, M, 250+1000,359,0,3.81E+02, long, Square, Circle, Circle,650,1000, 
PAX30,19, M, 250+1000,360,0,7.85E+02, short, Pentagon, Circle, Pentagon,350,250, 
PAX30,19, M, 250+1000,361,1,2.97E+02, long, Pentagon, Circle, Circle,750,1000, 
PAX30,19, M, 250+1000,362,0,1.33E+03, long, Rhombus, Square, Rhombus,650,1000, 
PAX30,19, M, 250+1000,363,1,2.73E+02, long, Square, Pentagon, Pentagon,750,1000, 
PAX30,19, M, 250+1000,364,1,5.77E+02, short, Rhombus, Pentagon, Rhombus,250,250, 
PAX30,19, M, 250+1000,365,1,1.15E+03, long, Circle, Triangle, Triangle,450,1000, 
PAX30,19, M, 250+1000,366,0,4.93E+02, long, Circle, Rhombus, Rhombus,850,1000, 
PAX30,19, M, 250+1000,367,0,1.57E+03, long, Square, Circle, Square,750,1000, 
PAX30,19, M, 250+1000,368,0,4.61E+02, long, Square, Rhombus, Rhombus,650,250, 
PAX30,19, M, 250+1000,369,1,2.81E+02, long, Square, Triangle, Triangle,750,250, 
PAX30,19, M, 250+1000,370,0,1.37E+03, long, Triangle, Rhombus, Triangle,350,1000, 
PAX30,19, M, 250+1000,371,0,3.26E+02, long, Parallelogram, Triangle, Triangle,650,1000, 
PAX30,19, M, 250+1000,372,0,2.56E+02, long, Parallelogram, Circle, Parallelogram,850,1000, 
PAX30,19, M, 250+1000,373,1,2.62E+02, long, Rhombus, Circle, Circle,850,1000, 
PAX30,19, M, 250+1000,374,1,6.70E+02, short, Rhombus, Parallelogram, Parallelogram,350,1000, 
PAX30,19, M, 250+1000,375,1,6.24E+02, short, Pentagon, Parallelogram, Parallelogram,250,250, 
PAX30,19, M, 250+1000,376,0,2.68E+02, long, Circle, Square, Square,850,1000, 
PAX30,19, M, 250+1000,377,0,8.40E+02, long, Triangle, Parallelogram, Triangle,750,250, 
PAX30,19, M, 250+1000,378,0,1.55E+03, short, Parallelogram, Pentagon, Pentagon,550,250, 
PAX30,19, M, 250+1000,379,0,5.04E+02, long, Parallelogram, Triangle, Triangle,650,1000, 
PAX30,19, M, 250+1000,380,1,3.70E+02, long, Rhombus, Triangle, Rhombus,650,250, 
PAX30,19, M, 250+1000,381,1,2.54E+02, long, Pentagon, Triangle, Triangle,850,250, 
PAX30,19, M, 250+1000,382,0,4.06E+02, long, Rhombus, Circle, Circle,550,1000, 
PAX30,19, M, 250+1000,383,1,7.14E+02, long, Pentagon, Rhombus, Rhombus,750,250, 
PAX30,19, M, 250+1000,384,0,2.56E+02, long, Circle, Rhombus, Rhombus,850,1000, 
PAX30,19, M, 250+1000,385,1,5.26E+02, long, Square, Circle, Square,750,250, 
PAX30,19, M, 250+1000,386,1,7.37E+02, short, Triangle, Parallelogram, Parallelogram,750,250, 
PAX30,19, M, 250+1000,387,1,8.37E+02, short, Triangle, Square, Square,350,250, 
PAX30,19, M, 250+1000,388,0,8.57E+02, long, Circle, Pentagon, Circle,750,250, 
PAX30,19, M, 250+1000,389,1,1.21E+03, long, Square, Circle, Square,650,250, 
PAX30,19, M, 250+1000,390,1,7.85E+02, short, Pentagon, Triangle, Triangle,450,1000, 
PAX30,19, M, 250+1000,391,1,1.54E+03, long, Parallelogram, Rhombus, Parallelogram,550,1000, 
PAX30,19, M, 250+1000,392,0,7.25E+02, long, Pentagon, Rhombus, Rhombus,450,250, 
PAX30,19, M, 250+1000,393,1,7.03E+02, short, Pentagon, Square, Pentagon,350,250, 
PAX30,19, M, 250+1000,394,1,1.60E+03, long, Triangle, Circle, Circle,450,250, 
PAX30,19, M, 250+1000,395,0,6.25E+02, long, Square, Pentagon, Square,750,1000, 
PAX30,19, M, 250+1000,396,0,9.97E+02, long, Pentagon, Parallelogram, Parallelogram,250,1000, 
PAX30,19, M, 250+1000,397,1,8.44E+02, short, Circle, Triangle, Circle,250,250, 
PAX30,19, M, 250+1000,398,1,2.79E+02, long, Rhombus, Parallelogram, Parallelogram,850,1000, 
PAX30,19, M, 250+1000,399,0,8.84E+02, long, Square, Circle, Square,450,250, 
PAX30,19, M, 250+1000,400,1,5.72E+02, short, Pentagon, Circle, Circle,350,1000, 
PAX30,19, M, 250+1000,401,1,2.05E+03, long, Pentagon, Parallelogram, Pentagon,650,1000, 
PAX30,19, M, 250+1000,402,0,7.38E+02, long, Triangle, Rhombus, Triangle,550,1000, 
PAX30,19, M, 250+1000,403,0,1.22E+03, long, Parallelogram, Pentagon, Parallelogram,450,250, 
PAX30,19, M, 250+1000,404,1,7.14E+02, short, Rhombus, Parallelogram, Parallelogram,350,1000, 
PAX30,19, M, 250+1000,405,1,1.94E+03, short, Square, Triangle, Triangle,550,250, 
PAX30,19, M, 250+1000,406,1,1.68E+03, short, Pentagon, Square, Square,250,1000, 
PAX30,19, M, 250+1000,407,0,7.64E+02, short, Parallelogram, Pentagon, Pentagon,250,1000, 
PAX30,19, M, 250+1000,408,0,1.48E+03, short, Circle, Pentagon, Pentagon,250,250, 
PAX30,19, M, 250+1000,409,1,3.71E+02, long, Parallelogram, Square, Parallelogram,850,250, 
PAX30,19, M, 250+1000,410,1,7.05E+02, short, Circle, Parallelogram, Parallelogram,350,250, 
PAX30,19, M, 250+1000,411,0,1.01E+03, short, Rhombus, Triangle, Rhombus,650,250, 
PAX30,19, M, 250+1000,412,0,8.38E+02, short, Rhombus, Circle, Circle,750,250, 
PAX30,19, M, 250+1000,413,0,1.01E+03, short, Circle, Triangle, Triangle,450,250, 
PAX30,19, M, 250+1000,414,0,8.09E+02, short, Parallelogram, Rhombus, Rhombus,350,250, 
PAX30,19, M, 250+1000,415,1,2.99E+02, long, Triangle, Circle, Triangle,550,250, 
PAX30,19, M, 250+1000,416,0,4.39E+02, long, Rhombus, Square, Square,850,1000, 
PAX30,19, M, 250+1000,417,0,8.27E+02, short, Triangle, Square, Triangle,650,1000, 
PAX30,19, M, 250+1000,418,0,5.03E+02, long, Rhombus, Parallelogram, Rhombus,850,1000, 
PAX30,19, M, 250+1000,419,0,8.27E+02, short, Pentagon, Rhombus, Rhombus,250,1000, 
PAX30,19, M, 250+1000,420,0,7.57E+02, long, Triangle, Rhombus, Triangle,550,250, 
