﻿Subject ID, Subject Age, Gender, Group, TrialNumber, Intended or Unintended Outcome, Reaction Time on Outcome Response, Response - Short or Long, Left Image Code, Right Image Code, Chosen Image Code, Objective Duration of Stimulus, Stimulus Delay,
PAX31,19, M, 250+1000,1,0,7.62E+02, long, Parallelogram, Triangle, Triangle,750,1000, 
PAX31,19, M, 250+1000,2,1,1.51E+03, short, Rhombus, Square, Rhombus,450,250, 
PAX31,19, M, 250+1000,3,0,6.54E+02, long, Square, Triangle, Square,850,1000, 
PAX31,19, M, 250+1000,4,1,8.89E+02, short, Square, Rhombus, Square,450,250, 
PAX31,19, M, 250+1000,5,1,6.91E+02, long, Square, Rhombus, Rhombus,650,1000, 
PAX31,19, M, 250+1000,6,1,6.11E+02, long, Parallelogram, Circle, Circle,850,250, 
PAX31,19, M, 250+1000,7,1,2.57E+03, long, Circle, Square, Circle,850,250, 
PAX31,19, M, 250+1000,8,0,1.29E+03, short, Pentagon, Rhombus, Pentagon,550,1000, 
PAX31,19, M, 250+1000,9,1,1.23E+03, long, Rhombus, Parallelogram, Rhombus,750,250, 
PAX31,19, M, 250+1000,10,1,1.83E+03, short, Square, Parallelogram, Square,250,1000, 
PAX31,19, M, 250+1000,11,0,1.68E+03, long, Parallelogram, Square, Square,750,1000, 
PAX31,19, M, 250+1000,12,1,1.22E+03, short, Square, Pentagon, Square,450,250, 
PAX31,19, M, 250+1000,13,0,2.86E+03, long, Square, Circle, Circle,550,250, 
PAX31,19, M, 250+1000,14,0,1.21E+03, short, Pentagon, Circle, Circle,450,250, 
PAX31,19, M, 250+1000,15,0,1.04E+03, long, Square, Parallelogram, Parallelogram,850,250, 
PAX31,19, M, 250+1000,16,0,9.40E+02, long, Square, Pentagon, Square,750,1000, 
PAX31,19, M, 250+1000,17,0,1.15E+03, short, Parallelogram, Pentagon, Parallelogram,250,250, 
PAX31,19, M, 250+1000,18,0,2.76E+03, short, Square, Circle, Circle,550,250, 
PAX31,19, M, 250+1000,19,1,3.95E+02, long, Rhombus, Circle, Circle,850,250, 
PAX31,19, M, 250+1000,20,0,1.36E+03, short, Parallelogram, Rhombus, Rhombus,450,1000, 
PAX31,19, M, 250+1000,21,1,1.09E+03, long, Pentagon, Circle, Pentagon,750,1000, 
PAX31,19, M, 250+1000,22,0,1.45E+03, long, Pentagon, Rhombus, Pentagon,350,250, 
PAX31,19, M, 250+1000,23,0,1.17E+03, short, Rhombus, Pentagon, Pentagon,350,250, 
PAX31,19, M, 250+1000,24,0,1.03E+03, long, Square, Triangle, Square,650,1000, 
PAX31,19, M, 250+1000,25,1,8.40E+02, short, Circle, Pentagon, Circle,250,250, 
PAX31,19, M, 250+1000,26,1,2.25E+03, long, Pentagon, Rhombus, Pentagon,550,1000, 
PAX31,19, M, 250+1000,27,0,1.73E+03, long, Square, Triangle, Triangle,750,250, 
PAX31,19, M, 250+1000,28,1,2.32E+03, short, Circle, Parallelogram, Circle,250,1000, 
PAX31,19, M, 250+1000,29,1,1.07E+03, long, Circle, Parallelogram, Circle,650,1000, 
PAX31,19, M, 250+1000,30,1,2.85E+03, short, Square, Circle, Square,650,250, 
PAX31,19, M, 250+1000,31,1,1.25E+03, long, Parallelogram, Circle, Circle,850,1000, 
PAX31,19, M, 250+1000,32,1,5.20E+02, long, Square, Pentagon, Square,750,1000, 
PAX31,19, M, 250+1000,33,1,1.81E+03, short, Pentagon, Triangle, Triangle,750,1000, 
PAX31,19, M, 250+1000,34,1,8.79E+02, short, Triangle, Rhombus, Triangle,250,250, 
PAX31,19, M, 250+1000,35,1,1.82E+03, short, Circle, Pentagon, Circle,550,1000, 
PAX31,19, M, 250+1000,36,0,2.50E+03, short, Rhombus, Pentagon, Pentagon,450,1000, 
PAX31,19, M, 250+1000,37,1,6.87E+02, long, Circle, Square, Square,850,1000, 
PAX31,19, M, 250+1000,38,1,1.01E+03, short, Pentagon, Square, Square,450,1000, 
PAX31,19, M, 250+1000,39,1,1.97E+03, short, Rhombus, Triangle, Rhombus,550,250, 
PAX31,19, M, 250+1000,40,0,2.05E+03, short, Parallelogram, Square, Parallelogram,250,250, 
PAX31,19, M, 250+1000,41,1,7.22E+02, long, Circle, Triangle, Circle,750,1000, 
PAX31,19, M, 250+1000,42,1,1.36E+03, long, Rhombus, Parallelogram, Rhombus,650,250, 
PAX31,19, M, 250+1000,43,1,9.98E+02, short, Circle, Triangle, Triangle,450,250, 
PAX31,19, M, 250+1000,44,0,8.54E+02, short, Pentagon, Rhombus, Rhombus,350,1000, 
PAX31,19, M, 250+1000,45,0,7.36E+02, short, Triangle, Pentagon, Triangle,550,250, 
PAX31,19, M, 250+1000,46,1,1.08E+03, long, Parallelogram, Square, Square,850,250, 
PAX31,19, M, 250+1000,47,1,9.68E+02, long, Pentagon, Rhombus, Rhombus,850,250, 
PAX31,19, M, 250+1000,48,0,6.65E+02, short, Parallelogram, Square, Square,450,250, 
PAX31,19, M, 250+1000,49,0,2.23E+03, short, Triangle, Square, Triangle,350,1000, 
PAX31,19, M, 250+1000,50,1,1.31E+03, short, Parallelogram, Triangle, Parallelogram,350,1000, 
PAX31,19, M, 250+1000,51,0,7.69E+02, short, Triangle, Pentagon, Pentagon,250,1000, 
PAX31,19, M, 250+1000,52,0,7.69E+02, long, Parallelogram, Rhombus, Rhombus,750,1000, 
PAX31,19, M, 250+1000,53,1,3.93E+02, long, Pentagon, Triangle, Triangle,750,1000, 
PAX31,19, M, 250+1000,54,0,8.31E+02, short, Rhombus, Parallelogram, Rhombus,450,250, 
PAX31,19, M, 250+1000,55,1,8.27E+02, short, Rhombus, Square, Rhombus,350,1000, 
PAX31,19, M, 250+1000,56,1,1.07E+03, long, Circle, Pentagon, Circle,750,1000, 
PAX31,19, M, 250+1000,57,1,1.23E+03, short, Square, Rhombus, Rhombus,450,1000, 
PAX31,19, M, 250+1000,58,0,3.79E+02, long, Parallelogram, Square, Parallelogram,750,1000, 
PAX31,19, M, 250+1000,59,1,1.24E+03, short, Triangle, Circle, Circle,450,1000, 
PAX31,19, M, 250+1000,60,1,1.24E+03, short, Circle, Triangle, Circle,350,1000, 
PAX31,19, M, 250+1000,61,1,1.01E+03, short, Rhombus, Triangle, Rhombus,550,250, 
PAX31,19, M, 250+1000,62,1,4.14E+02, long, Parallelogram, Circle, Circle,750,250, 
PAX31,19, M, 250+1000,63,0,1.50E+03, short, Triangle, Pentagon, Triangle,250,250, 
PAX31,19, M, 250+1000,64,1,3.60E+02, long, Parallelogram, Triangle, Parallelogram,850,250, 
PAX31,19, M, 250+1000,65,1,3.98E+02, long, Triangle, Square, Triangle,850,1000, 
PAX31,19, M, 250+1000,66,1,4.02E+02, long, Parallelogram, Rhombus, Parallelogram,750,1000, 
PAX31,19, M, 250+1000,67,0,1.33E+03, long, Triangle, Parallelogram, Triangle,650,1000, 
PAX31,19, M, 250+1000,68,1,1.59E+03, short, Rhombus, Circle, Circle,250,1000, 
PAX31,19, M, 250+1000,69,0,3.66E+02, long, Pentagon, Square, Square,750,1000, 
PAX31,19, M, 250+1000,70,0,1.10E+03, long, Circle, Parallelogram, Circle,750,1000, 
PAX31,19, M, 250+1000,71,0,2.16E+03, long, Parallelogram, Circle, Circle,650,250, 
PAX31,19, M, 250+1000,72,1,5.37E+02, short, Circle, Pentagon, Pentagon,250,250, 
PAX31,19, M, 250+1000,73,0,5.59E+02, long, Circle, Triangle, Triangle,650,250, 
PAX31,19, M, 250+1000,74,0,1.22E+03, short, Rhombus, Pentagon, Rhombus,450,250, 
PAX31,19, M, 250+1000,75,0,7.19E+02, short, Square, Pentagon, Square,350,1000, 
PAX31,19, M, 250+1000,76,1,5.43E+02, short, Parallelogram, Square, Square,250,250, 
PAX31,19, M, 250+1000,77,0,1.03E+03, long, Circle, Square, Circle,650,250, 
PAX31,19, M, 250+1000,78,0,7.77E+02, long, Rhombus, Triangle, Triangle,550,1000, 
PAX31,19, M, 250+1000,79,0,7.06E+02, short, Rhombus, Square, Rhombus,650,250, 
PAX31,19, M, 250+1000,80,1,6.90E+02, short, Pentagon, Square, Pentagon,350,1000, 
PAX31,19, M, 250+1000,81,0,7.41E+02, long, Pentagon, Triangle, Triangle,550,1000, 
PAX31,19, M, 250+1000,82,0,1.01E+03, short, Rhombus, Parallelogram, Parallelogram,850,250, 
PAX31,19, M, 250+1000,83,0,1.93E+03, long, Pentagon, Parallelogram, Pentagon,650,1000, 
PAX31,19, M, 250+1000,84,0,1.72E+03, short, Triangle, Rhombus, Triangle,250,1000, 
PAX31,19, M, 250+1000,85,0,1.18E+03, long, Pentagon, Triangle, Pentagon,550,250, 
PAX31,19, M, 250+1000,86,1,1.74E+03, long, Parallelogram, Triangle, Parallelogram,450,1000, 
PAX31,19, M, 250+1000,87,0,5.27E+02, long, Triangle, Rhombus, Triangle,650,1000, 
PAX31,19, M, 250+1000,88,1,3.99E+02, long, Square, Pentagon, Pentagon,650,1000, 
PAX31,19, M, 250+1000,89,1,9.97E+02, short, Triangle, Rhombus, Rhombus,650,250, 
PAX31,19, M, 250+1000,90,1,4.09E+02, long, Triangle, Circle, Circle,750,250, 
PAX31,19, M, 250+1000,91,1,1.47E+03, long, Parallelogram, Circle, Parallelogram,650,250, 
PAX31,19, M, 250+1000,92,1,5.51E+02, long, Pentagon, Parallelogram, Pentagon,550,1000, 
PAX31,19, M, 250+1000,93,0,1.12E+03, short, Square, Parallelogram, Parallelogram,250,1000, 
PAX31,19, M, 250+1000,94,0,6.50E+02, short, Pentagon, Rhombus, Pentagon,250,250, 
PAX31,19, M, 250+1000,95,0,3.87E+02, long, Triangle, Square, Square,850,1000, 
PAX31,19, M, 250+1000,96,0,6.72E+02, long, Triangle, Circle, Triangle,850,1000, 
PAX31,19, M, 250+1000,97,1,3.08E+02, long, Circle, Rhombus, Circle,850,250, 
PAX31,19, M, 250+1000,98,1,8.66E+02, long, Pentagon, Rhombus, Pentagon,850,250, 
PAX31,19, M, 250+1000,99,1,9.12E+02, short, Pentagon, Circle, Circle,250,250, 
PAX31,19, M, 250+1000,100,1,8.34E+02, short, Triangle, Circle, Circle,350,1000, 
PAX31,19, M, 250+1000,101,0,5.34E+02, short, Triangle, Pentagon, Pentagon,450,250, 
PAX31,19, M, 250+1000,102,1,4.42E+02, short, Pentagon, Triangle, Triangle,450,250, 
PAX31,19, M, 250+1000,103,1,3.45E+03, short, Rhombus, Circle, Rhombus,450,1000, 
PAX31,19, M, 250+1000,104,0,8.60E+02, long, Triangle, Parallelogram, Triangle,750,250, 
PAX31,19, M, 250+1000,105,0,6.21E+02, long, Rhombus, Pentagon, Rhombus,650,250, 
PAX31,19, M, 250+1000,106,0,1.26E+03, long, Circle, Triangle, Triangle,650,250, 
PAX31,19, M, 250+1000,107,1,1.30E+03, long, Rhombus, Triangle, Rhombus,550,1000, 
PAX31,19, M, 250+1000,108,0,1.67E+03, short, Square, Circle, Circle,550,250, 
PAX31,19, M, 250+1000,109,1,1.24E+03, short, Square, Rhombus, Square,550,250, 
PAX31,19, M, 250+1000,110,1,8.69E+02, short, Circle, Triangle, Triangle,350,1000, 
PAX31,19, M, 250+1000,111,0,6.73E+02, short, Rhombus, Square, Rhombus,350,250, 
PAX31,19, M, 250+1000,112,0,1.24E+03, long, Circle, Parallelogram, Parallelogram,850,1000, 
PAX31,19, M, 250+1000,113,0,8.87E+02, short, Triangle, Pentagon, Triangle,650,250, 
PAX31,19, M, 250+1000,114,1,1.31E+03, long, Triangle, Rhombus, Triangle,750,1000, 
PAX31,19, M, 250+1000,115,1,2.58E+03, short, Square, Rhombus, Square,450,250, 
PAX31,19, M, 250+1000,116,1,1.54E+03, short, Rhombus, Square, Rhombus,350,250, 
PAX31,19, M, 250+1000,117,0,1.00E+03, short, Circle, Pentagon, Circle,450,250, 
PAX31,19, M, 250+1000,118,0,7.60E+02, short, Triangle, Parallelogram, Triangle,350,1000, 
PAX31,19, M, 250+1000,119,1,2.08E+03, long, Parallelogram, Square, Parallelogram,850,1000, 
PAX31,19, M, 250+1000,120,0,1.62E+03, short, Pentagon, Parallelogram, Parallelogram,550,1000, 
PAX31,19, M, 250+1000,121,0,5.72E+02, short, Square, Rhombus, Square,350,250, 
PAX31,19, M, 250+1000,122,0,6.08E+02, long, Square, Circle, Square,850,250, 
PAX31,19, M, 250+1000,123,1,6.88E+02, long, Rhombus, Square, Square,650,1000, 
PAX31,19, M, 250+1000,124,0,1.36E+03, short, Pentagon, Triangle, Triangle,450,1000, 
PAX31,19, M, 250+1000,125,1,2.08E+03, long, Rhombus, Pentagon, Rhombus,450,250, 
PAX31,19, M, 250+1000,126,1,7.92E+02, long, Triangle, Rhombus, Triangle,550,1000, 
PAX31,19, M, 250+1000,127,0,1.58E+03, long, Square, Rhombus, Square,650,250, 
PAX31,19, M, 250+1000,128,1,8.75E+02, short, Square, Pentagon, Pentagon,450,250, 
PAX31,19, M, 250+1000,129,1,1.36E+03, short, Pentagon, Parallelogram, Parallelogram,450,250, 
PAX31,19, M, 250+1000,130,0,1.88E+03, long, Triangle, Circle, Triangle,550,250, 
PAX31,19, M, 250+1000,131,0,3.10E+03, long, Pentagon, Triangle, Pentagon,550,250, 
PAX31,19, M, 250+1000,132,1,5.19E+02, long, Parallelogram, Pentagon, Pentagon,750,1000, 
PAX31,19, M, 250+1000,133,1,1.75E+03, long, Square, Triangle, Triangle,850,250, 
PAX31,19, M, 250+1000,134,1,7.71E+02, long, Triangle, Rhombus, Rhombus,750,1000, 
PAX31,19, M, 250+1000,135,1,1.04E+03, long, Circle, Rhombus, Circle,650,1000, 
PAX31,19, M, 250+1000,136,0,3.18E+03, short, Square, Pentagon, Square,550,1000, 
PAX31,19, M, 250+1000,137,0,7.51E+02, long, Triangle, Parallelogram, Triangle,850,1000, 
PAX31,19, M, 250+1000,138,1,1.15E+03, short, Rhombus, Parallelogram, Rhombus,550,1000, 
PAX31,19, M, 250+1000,139,1,7.82E+02, short, Rhombus, Square, Rhombus,250,1000, 
PAX31,19, M, 250+1000,140,0,1.65E+03, long, Triangle, Parallelogram, Triangle,850,1000, 
PAX31,19, M, 250+1000,141,0,4.82E+02, long, Circle, Triangle, Circle,750,250, 
PAX31,19, M, 250+1000,142,1,5.70E+02, short, Triangle, Parallelogram, Parallelogram,350,250, 
PAX31,19, M, 250+1000,143,0,4.52E+02, long, Circle, Parallelogram, Circle,850,250, 
PAX31,19, M, 250+1000,144,1,1.60E+03, long, Circle, Square, Circle,550,250, 
PAX31,19, M, 250+1000,145,0,5.88E+02, short, Triangle, Pentagon, Triangle,250,1000, 
PAX31,19, M, 250+1000,146,0,6.62E+02, short, Pentagon, Circle, Pentagon,350,1000, 
PAX31,19, M, 250+1000,147,1,3.96E+02, long, Circle, Square, Square,750,250, 
PAX31,19, M, 250+1000,148,0,3.50E+02, long, Square, Circle, Circle,650,250, 
PAX31,19, M, 250+1000,149,1,1.47E+03, long, Pentagon, Circle, Circle,550,1000, 
PAX31,19, M, 250+1000,150,0,4.78E+02, short, Triangle, Square, Triangle,350,1000, 
PAX31,19, M, 250+1000,151,0,6.05E+02, long, Square, Triangle, Triangle,650,1000, 
PAX31,19, M, 250+1000,152,0,7.42E+02, long, Pentagon, Circle, Circle,850,250, 
PAX31,19, M, 250+1000,153,1,2.99E+02, long, Pentagon, Parallelogram, Pentagon,750,1000, 
PAX31,19, M, 250+1000,154,1,1.28E+03, long, Rhombus, Square, Square,450,1000, 
PAX31,19, M, 250+1000,155,0,5.41E+02, long, Parallelogram, Pentagon, Pentagon,750,250, 
PAX31,19, M, 250+1000,156,0,4.91E+02, long, Circle, Pentagon, Pentagon,750,1000, 
PAX31,19, M, 250+1000,157,1,1.50E+03, short, Pentagon, Parallelogram, Pentagon,550,1000, 
PAX31,19, M, 250+1000,158,0,1.62E+03, long, Triangle, Square, Square,550,250, 
PAX31,19, M, 250+1000,159,1,5.19E+02, short, Triangle, Pentagon, Triangle,250,250, 
PAX31,19, M, 250+1000,160,1,7.48E+02, long, Circle, Parallelogram, Circle,450,250, 
PAX31,19, M, 250+1000,161,1,5.56E+02, short, Parallelogram, Square, Square,350,250, 
PAX31,19, M, 250+1000,162,0,1.26E+03, long, Square, Rhombus, Square,550,1000, 
PAX31,19, M, 250+1000,163,1,1.18E+03, long, Triangle, Rhombus, Triangle,850,250, 
PAX31,19, M, 250+1000,164,0,2.60E+03, long, Circle, Parallelogram, Parallelogram,450,1000, 
PAX31,19, M, 250+1000,165,0,2.40E+03, long, Triangle, Circle, Circle,650,250, 
PAX31,19, M, 250+1000,166,0,8.92E+02, short, Pentagon, Rhombus, Pentagon,250,250, 
PAX31,19, M, 250+1000,167,1,3.76E+02, long, Rhombus, Pentagon, Rhombus,750,250, 
PAX31,19, M, 250+1000,168,1,1.77E+03, long, Parallelogram, Circle, Parallelogram,650,250, 
PAX31,19, M, 250+1000,169,1,1.84E+03, short, Parallelogram, Rhombus, Parallelogram,350,1000, 
PAX31,19, M, 250+1000,170,1,4.99E+02, long, Rhombus, Triangle, Triangle,750,1000, 
PAX31,19, M, 250+1000,171,0,4.28E+02, long, Circle, Rhombus, Circle,650,250, 
PAX31,19, M, 250+1000,172,0,5.38E+02, short, Parallelogram, Triangle, Parallelogram,450,250, 
PAX31,19, M, 250+1000,173,1,1.02E+03, long, Rhombus, Pentagon, Pentagon,550,250, 
PAX31,19, M, 250+1000,174,1,4.50E+02, long, Triangle, Parallelogram, Parallelogram,550,250, 
PAX31,19, M, 250+1000,175,0,2.17E+03, long, Triangle, Pentagon, Pentagon,550,1000, 
PAX31,19, M, 250+1000,176,1,5.36E+02, long, Rhombus, Pentagon, Pentagon,850,1000, 
PAX31,19, M, 250+1000,177,1,1.08E+03, long, Rhombus, Pentagon, Pentagon,550,1000, 
PAX31,19, M, 250+1000,178,0,1.03E+03, long, Square, Rhombus, Square,850,250, 
PAX31,19, M, 250+1000,179,1,2.32E+03, short, Parallelogram, Triangle, Parallelogram,650,250, 
PAX31,19, M, 250+1000,180,1,6.76E+02, long, Parallelogram, Square, Parallelogram,850,1000, 
PAX31,19, M, 250+1000,181,1,1.59E+03, long, Square, Parallelogram, Square,650,250, 
PAX31,19, M, 250+1000,182,1,5.57E+02, long, Rhombus, Circle, Rhombus,550,250, 
PAX31,19, M, 250+1000,183,1,6.73E+02, short, Parallelogram, Circle, Parallelogram,450,1000, 
PAX31,19, M, 250+1000,184,1,5.59E+02, short, Circle, Square, Circle,250,1000, 
PAX31,19, M, 250+1000,185,0,4.21E+02, long, Square, Pentagon, Square,850,250, 
PAX31,19, M, 250+1000,186,1,5.37E+02, long, Triangle, Circle, Circle,550,250, 
PAX31,19, M, 250+1000,187,0,4.27E+02, long, Square, Parallelogram, Parallelogram,550,1000, 
PAX31,19, M, 250+1000,188,1,1.54E+03, long, Pentagon, Circle, Circle,450,1000, 
PAX31,19, M, 250+1000,189,0,9.23E+02, long, Square, Parallelogram, Parallelogram,750,250, 
PAX31,19, M, 250+1000,190,1,1.30E+03, short, Pentagon, Circle, Pentagon,250,1000, 
PAX31,19, M, 250+1000,191,1,3.33E+02, long, Square, Circle, Square,650,1000, 
PAX31,19, M, 250+1000,192,1,7.77E+02, long, Triangle, Circle, Circle,750,250, 
PAX31,19, M, 250+1000,193,1,3.00E+02, long, Rhombus, Circle, Rhombus,650,250, 
PAX31,19, M, 250+1000,194,0,6.17E+02, short, Circle, Rhombus, Circle,250,1000, 
PAX31,19, M, 250+1000,195,0,3.20E+02, long, Parallelogram, Rhombus, Parallelogram,750,1000, 
PAX31,19, M, 250+1000,196,0,5.29E+02, short, Square, Parallelogram, Square,350,250, 
PAX31,19, M, 250+1000,197,0,1.57E+03, short, Circle, Triangle, Circle,550,250, 
PAX31,19, M, 250+1000,198,0,3.46E+02, long, Rhombus, Square, Rhombus,750,1000, 
PAX31,19, M, 250+1000,199,0,1.93E+03, short, Square, Circle, Circle,350,1000, 
PAX31,19, M, 250+1000,200,0,4.98E+02, long, Rhombus, Pentagon, Pentagon,550,1000, 
PAX31,19, M, 250+1000,201,0,1.19E+03, short, Circle, Square, Circle,250,1000, 
PAX31,19, M, 250+1000,202,1,6.58E+02, long, Pentagon, Parallelogram, Pentagon,650,250, 
PAX31,19, M, 250+1000,203,1,1.07E+03, short, Rhombus, Parallelogram, Rhombus,350,250, 
PAX31,19, M, 250+1000,204,1,7.51E+02, short, Square, Circle, Square,450,1000, 
PAX31,19, M, 250+1000,205,0,9.86E+02, short, Rhombus, Circle, Circle,250,1000, 
PAX31,19, M, 250+1000,206,1,7.56E+02, long, Pentagon, Square, Pentagon,650,1000, 
PAX31,19, M, 250+1000,207,1,1.62E+03, long, Pentagon, Parallelogram, Parallelogram,550,250, 
PAX31,19, M, 250+1000,208,0,4.01E+03, short, Pentagon, Rhombus, Rhombus,350,1000, 
PAX31,19, M, 250+1000,209,0,2.35E+03, short, Rhombus, Pentagon, Rhombus,450,1000, 
PAX31,19, M, 250+1000,210,0,2.46E+03, short, Square, Pentagon, Square,650,1000, 
PAX31,19, M, 250+1000,211,0,1.13E+03, long, Rhombus, Circle, Rhombus,550,1000, 
PAX31,19, M, 250+1000,212,1,5.05E+02, short, Triangle, Parallelogram, Triangle,350,250, 
PAX31,19, M, 250+1000,213,0,2.99E+02, long, Rhombus, Parallelogram, Rhombus,850,250, 
PAX31,19, M, 250+1000,214,0,6.69E+02, short, Square, Parallelogram, Square,450,250, 
PAX31,19, M, 250+1000,215,1,3.38E+02, long, Triangle, Pentagon, Pentagon,550,1000, 
PAX31,19, M, 250+1000,216,1,2.89E+02, long, Triangle, Rhombus, Triangle,750,250, 
PAX31,19, M, 250+1000,217,0,5.73E+02, long, Parallelogram, Pentagon, Pentagon,650,1000, 
PAX31,19, M, 250+1000,218,0,8.07E+02, short, Pentagon, Square, Square,250,1000, 
PAX31,19, M, 250+1000,219,1,6.80E+02, short, Square, Circle, Circle,250,250, 
PAX31,19, M, 250+1000,220,1,3.70E+02, long, Parallelogram, Circle, Circle,650,1000, 
PAX31,19, M, 250+1000,221,1,1.05E+03, short, Rhombus, Triangle, Rhombus,450,250, 
PAX31,19, M, 250+1000,222,1,5.86E+02, short, Circle, Parallelogram, Circle,250,1000, 
PAX31,19, M, 250+1000,223,1,6.10E+02, short, Square, Rhombus, Square,350,1000, 
PAX31,19, M, 250+1000,224,0,1.06E+03, short, Circle, Rhombus, Circle,450,1000, 
PAX31,19, M, 250+1000,225,1,6.68E+02, short, Parallelogram, Square, Parallelogram,350,1000, 
PAX31,19, M, 250+1000,226,0,7.43E+02, short, Rhombus, Circle, Rhombus,350,250, 
PAX31,19, M, 250+1000,227,0,3.19E+02, long, Pentagon, Parallelogram, Parallelogram,550,1000, 
PAX31,19, M, 250+1000,228,0,3.36E+02, long, Rhombus, Square, Square,650,1000, 
PAX31,19, M, 250+1000,229,0,2.68E+02, long, Pentagon, Square, Pentagon,750,1000, 
PAX31,19, M, 250+1000,230,0,3.36E+02, long, Parallelogram, Circle, Parallelogram,850,250, 
PAX31,19, M, 250+1000,231,0,5.42E+02, long, Triangle, Circle, Triangle,650,250, 
PAX31,19, M, 250+1000,232,0,1.02E+03, long, Square, Rhombus, Square,450,1000, 
PAX31,19, M, 250+1000,233,1,6.21E+02, short, Circle, Pentagon, Circle,250,1000, 
PAX31,19, M, 250+1000,234,1,5.45E+02, short, Circle, Triangle, Triangle,350,250, 
PAX31,19, M, 250+1000,235,0,7.89E+02, short, Parallelogram, Triangle, Triangle,350,250, 
PAX31,19, M, 250+1000,236,1,1.85E+03, long, Parallelogram, Pentagon, Parallelogram,750,1000, 
PAX31,19, M, 250+1000,237,1,8.11E+02, long, Pentagon, Parallelogram, Pentagon,850,1000, 
PAX31,19, M, 250+1000,238,0,6.39E+02, long, Square, Pentagon, Pentagon,850,1000, 
PAX31,19, M, 250+1000,239,0,1.04E+03, short, Parallelogram, Pentagon, Pentagon,550,250, 
PAX31,19, M, 250+1000,240,0,5.92E+02, short, Triangle, Circle, Circle,350,1000, 
PAX31,19, M, 250+1000,241,0,1.30E+03, short, Triangle, Parallelogram, Parallelogram,250,250, 
PAX31,19, M, 250+1000,242,1,5.32E+02, short, Parallelogram, Circle, Circle,250,250, 
PAX31,19, M, 250+1000,243,1,9.20E+02, long, Pentagon, Circle, Pentagon,550,250, 
PAX31,19, M, 250+1000,244,0,3.07E+02, long, Rhombus, Triangle, Rhombus,650,1000, 
PAX31,19, M, 250+1000,245,1,6.64E+02, long, Rhombus, Triangle, Rhombus,750,250, 
PAX31,19, M, 250+1000,246,0,5.32E+02, short, Triangle, Rhombus, Rhombus,250,250, 
PAX31,19, M, 250+1000,247,1,5.63E+02, long, Triangle, Rhombus, Triangle,550,1000, 
PAX31,19, M, 250+1000,248,0,5.15E+02, short, Pentagon, Square, Pentagon,350,250, 
PAX31,19, M, 250+1000,249,1,7.58E+02, long, Rhombus, Square, Square,450,1000, 
PAX31,19, M, 250+1000,250,1,7.60E+02, long, Pentagon, Triangle, Triangle,750,250, 
PAX31,19, M, 250+1000,251,0,4.89E+03, short, Rhombus, Square, Square,750,250, 
PAX31,19, M, 250+1000,252,0,5.52E+02, long, Square, Pentagon, Pentagon,650,1000, 
PAX31,19, M, 250+1000,253,1,2.92E+03, long, Pentagon, Circle, Pentagon,350,1000, 
PAX31,19, M, 250+1000,254,1,3.20E+02, long, Rhombus, Triangle, Triangle,850,250, 
PAX31,19, M, 250+1000,255,1,6.46E+02, short, Circle, Square, Circle,350,250, 
PAX31,19, M, 250+1000,256,0,2.60E+02, long, Rhombus, Triangle, Rhombus,650,250, 
PAX31,19, M, 250+1000,257,1,3.08E+02, long, Pentagon, Circle, Circle,750,250, 
PAX31,19, M, 250+1000,258,1,2.90E+02, long, Square, Rhombus, Square,550,250, 
PAX31,19, M, 250+1000,259,1,5.82E+02, long, Circle, Rhombus, Circle,850,1000, 
PAX31,19, M, 250+1000,260,0,3.14E+02, long, Square, Triangle, Triangle,850,1000, 
PAX31,19, M, 250+1000,261,0,3.24E+02, long, Triangle, Pentagon, Triangle,650,1000, 
PAX31,19, M, 250+1000,262,0,4.36E+02, long, Triangle, Pentagon, Pentagon,850,1000, 
PAX31,19, M, 250+1000,263,0,1.57E+03, short, Triangle, Circle, Triangle,550,250, 
PAX31,19, M, 250+1000,264,1,2.81E+02, long, Parallelogram, Rhombus, Rhombus,750,250, 
PAX31,19, M, 250+1000,265,1,6.42E+02, short, Parallelogram, Pentagon, Parallelogram,250,1000, 
PAX31,19, M, 250+1000,266,0,5.90E+02, short, Parallelogram, Rhombus, Parallelogram,250,250, 
PAX31,19, M, 250+1000,267,0,5.41E+02, short, Parallelogram, Circle, Parallelogram,250,250, 
PAX31,19, M, 250+1000,268,0,2.32E+03, long, Parallelogram, Triangle, Parallelogram,350,1000, 
PAX31,19, M, 250+1000,269,0,1.62E+03, short, Circle, Pentagon, Pentagon,250,1000, 
PAX31,19, M, 250+1000,270,0,8.33E+02, short, Pentagon, Circle, Circle,350,250, 
PAX31,19, M, 250+1000,271,1,2.47E+03, short, Circle, Pentagon, Circle,250,1000, 
PAX31,19, M, 250+1000,272,1,3.01E+02, long, Parallelogram, Pentagon, Parallelogram,850,1000, 
PAX31,19, M, 250+1000,273,0,9.11E+03, long, Circle, Parallelogram, Circle,650,250, 
PAX31,19, M, 250+1000,274,0,4.53E+02, long, Parallelogram, Square, Parallelogram,750,1000, 
PAX31,19, M, 250+1000,275,0,6.21E+02, short, Parallelogram, Circle, Parallelogram,250,250, 
PAX31,19, M, 250+1000,276,1,2.32E+02, long, Pentagon, Rhombus, Rhombus,850,1000, 
PAX31,19, M, 250+1000,277,1,5.61E+02, short, Triangle, Square, Triangle,350,250, 
PAX31,19, M, 250+1000,278,0,4.83E+02, short, Square, Parallelogram, Parallelogram,250,1000, 
PAX31,19, M, 250+1000,279,0,3.69E+02, long, Pentagon, Rhombus, Pentagon,750,250, 
PAX31,19, M, 250+1000,280,0,2.43E+02, long, Rhombus, Pentagon, Rhombus,850,1000, 
PAX31,19, M, 250+1000,281,0,6.21E+02, long, Square, Circle, Square,750,250, 
PAX31,19, M, 250+1000,282,0,3.28E+02, long, Square, Circle, Circle,650,1000, 
PAX31,19, M, 250+1000,283,0,5.82E+02, short, Circle, Square, Circle,250,1000, 
PAX31,19, M, 250+1000,284,1,6.46E+02, long, Pentagon, Triangle, Triangle,550,250, 
PAX31,19, M, 250+1000,285,1,4.88E+02, short, Parallelogram, Triangle, Triangle,350,250, 
PAX31,19, M, 250+1000,286,0,3.44E+02, long, Triangle, Parallelogram, Triangle,650,250, 
PAX31,19, M, 250+1000,287,1,2.42E+02, long, Rhombus, Parallelogram, Parallelogram,850,1000, 
PAX31,19, M, 250+1000,288,1,5.82E+02, short, Pentagon, Square, Square,350,250, 
PAX31,19, M, 250+1000,289,0,3.22E+03, short, Pentagon, Square, Pentagon,450,250, 
PAX31,19, M, 250+1000,290,1,2.64E+02, long, Rhombus, Circle, Circle,650,1000, 
PAX31,19, M, 250+1000,291,1,1.23E+03, long, Rhombus, Triangle, Triangle,650,250, 
PAX31,19, M, 250+1000,292,1,7.70E+02, long, Parallelogram, Square, Square,850,1000, 
PAX31,19, M, 250+1000,293,0,3.19E+02, long, Rhombus, Circle, Rhombus,750,250, 
PAX31,19, M, 250+1000,294,0,9.27E+02, short, Rhombus, Pentagon, Pentagon,250,1000, 
PAX31,19, M, 250+1000,295,0,2.85E+03, long, Rhombus, Square, Rhombus,450,1000, 
PAX31,19, M, 250+1000,296,1,1.93E+03, short, Rhombus, Parallelogram, Parallelogram,550,1000, 
PAX31,19, M, 250+1000,297,0,1.07E+03, long, Parallelogram, Pentagon, Pentagon,550,250, 
PAX31,19, M, 250+1000,298,1,5.03E+02, long, Parallelogram, Pentagon, Pentagon,750,250, 
PAX31,19, M, 250+1000,299,0,7.27E+02, long, Circle, Triangle, Triangle,650,1000, 
PAX31,19, M, 250+1000,300,1,1.69E+03, short, Square, Rhombus, Square,250,250, 
PAX31,19, M, 250+1000,301,1,5.82E+02, short, Parallelogram, Pentagon, Pentagon,250,250, 
PAX31,19, M, 250+1000,302,0,1.51E+03, long, Circle, Triangle, Circle,850,250, 
PAX31,19, M, 250+1000,303,1,3.76E+02, long, Circle, Rhombus, Circle,850,1000, 
PAX31,19, M, 250+1000,304,1,3.37E+02, long, Circle, Rhombus, Circle,650,1000, 
PAX31,19, M, 250+1000,305,0,1.27E+03, short, Triangle, Square, Triangle,350,1000, 
PAX31,19, M, 250+1000,306,1,1.76E+03, long, Square, Circle, Circle,650,250, 
PAX31,19, M, 250+1000,307,0,8.68E+02, short, Circle, Parallelogram, Circle,350,250, 
PAX31,19, M, 250+1000,308,0,1.03E+03, short, Parallelogram, Rhombus, Rhombus,250,250, 
PAX31,19, M, 250+1000,309,0,8.18E+02, long, Parallelogram, Rhombus, Parallelogram,550,250, 
PAX31,19, M, 250+1000,310,1,6.74E+02, short, Triangle, Rhombus, Triangle,250,250, 
PAX31,19, M, 250+1000,311,0,2.10E+03, short, Square, Triangle, Square,350,1000, 
PAX31,19, M, 250+1000,312,1,6.70E+02, short, Circle, Rhombus, Circle,250,250, 
PAX31,19, M, 250+1000,313,1,6.42E+02, short, Triangle, Circle, Triangle,250,250, 
PAX31,19, M, 250+1000,314,0,4.73E+02, long, Triangle, Square, Triangle,750,250, 
PAX31,19, M, 250+1000,315,0,8.82E+02, short, Circle, Square, Circle,350,1000, 
PAX31,19, M, 250+1000,316,0,5.92E+02, long, Square, Parallelogram, Square,750,250, 
PAX31,19, M, 250+1000,317,1,6.00E+02, short, Circle, Pentagon, Circle,350,250, 
PAX31,19, M, 250+1000,318,1,1.03E+03, long, Pentagon, Triangle, Pentagon,550,1000, 
PAX31,19, M, 250+1000,319,0,7.59E+02, long, Triangle, Square, Square,550,250, 
PAX31,19, M, 250+1000,320,0,1.54E+03, short, Square, Triangle, Triangle,350,250, 
PAX31,19, M, 250+1000,321,0,7.65E+02, short, Triangle, Square, Square,350,250, 
PAX31,19, M, 250+1000,322,0,3.48E+03, long, Pentagon, Triangle, Triangle,350,250, 
PAX31,19, M, 250+1000,323,0,4.29E+02, long, Circle, Triangle, Triangle,850,1000, 
PAX31,19, M, 250+1000,324,1,3.49E+02, long, Parallelogram, Square, Square,850,250, 
PAX31,19, M, 250+1000,325,1,6.69E+02, long, Pentagon, Parallelogram, Parallelogram,450,250, 
PAX31,19, M, 250+1000,326,0,1.08E+03, long, Pentagon, Rhombus, Rhombus,450,250, 
PAX31,19, M, 250+1000,327,1,2.89E+02, long, Rhombus, Circle, Rhombus,650,1000, 
PAX31,19, M, 250+1000,328,1,5.69E+02, short, Rhombus, Parallelogram, Rhombus,250,1000, 
PAX31,19, M, 250+1000,329,0,5.56E+02, short, Square, Pentagon, Pentagon,350,1000, 
PAX31,19, M, 250+1000,330,0,3.63E+02, long, Triangle, Square, Square,850,250, 
PAX31,19, M, 250+1000,331,1,1.07E+03, long, Circle, Rhombus, Rhombus,350,1000, 
PAX31,19, M, 250+1000,332,1,6.23E+02, long, Circle, Parallelogram, Parallelogram,650,1000, 
PAX31,19, M, 250+1000,333,0,6.93E+02, long, Circle, Rhombus, Circle,650,1000, 
PAX31,19, M, 250+1000,334,0,5.72E+02, short, Parallelogram, Rhombus, Parallelogram,450,250, 
PAX31,19, M, 250+1000,335,0,3.70E+02, long, Rhombus, Pentagon, Pentagon,650,1000, 
PAX31,19, M, 250+1000,336,1,2.13E+03, short, Triangle, Rhombus, Rhombus,350,1000, 
PAX31,19, M, 250+1000,337,0,9.59E+02, long, Pentagon, Parallelogram, Pentagon,850,1000, 
PAX31,19, M, 250+1000,338,1,3.48E+02, long, Parallelogram, Triangle, Parallelogram,450,1000, 
PAX31,19, M, 250+1000,339,0,6.80E+02, short, Circle, Triangle, Circle,250,250, 
PAX31,19, M, 250+1000,340,0,5.86E+02, short, Parallelogram, Rhombus, Rhombus,250,250, 
PAX31,19, M, 250+1000,341,1,6.59E+02, long, Circle, Square, Circle,350,1000, 
PAX31,19, M, 250+1000,342,0,6.73E+02, short, Parallelogram, Rhombus, Parallelogram,250,1000, 
PAX31,19, M, 250+1000,343,1,9.51E+02, short, Square, Parallelogram, Square,350,250, 
PAX31,19, M, 250+1000,344,0,2.44E+02, long, Pentagon, Triangle, Pentagon,850,250, 
PAX31,19, M, 250+1000,345,0,3.11E+02, long, Square, Parallelogram, Square,850,1000, 
PAX31,19, M, 250+1000,346,1,7.04E+02, short, Circle, Triangle, Triangle,350,250, 
PAX31,19, M, 250+1000,347,1,3.19E+02, long, Triangle, Circle, Circle,450,1000, 
PAX31,19, M, 250+1000,348,1,4.80E+02, long, Pentagon, Square, Square,550,250, 
PAX31,19, M, 250+1000,349,0,1.34E+03, short, Pentagon, Triangle, Triangle,250,250, 
PAX31,19, M, 250+1000,350,1,8.70E+02, long, Triangle, Pentagon, Pentagon,450,250, 
PAX31,19, M, 250+1000,351,0,3.96E+02, long, Triangle, Rhombus, Rhombus,450,250, 
PAX31,19, M, 250+1000,352,1,5.80E+02, long, Pentagon, Rhombus, Pentagon,650,250, 
PAX31,19, M, 250+1000,353,1,4.88E+02, long, Circle, Pentagon, Pentagon,650,250, 
PAX31,19, M, 250+1000,354,0,2.90E+02, long, Rhombus, Triangle, Rhombus,750,1000, 
PAX31,19, M, 250+1000,355,0,1.56E+03, long, Circle, Parallelogram, Circle,450,1000, 
PAX31,19, M, 250+1000,356,1,5.35E+02, long, Square, Parallelogram, Square,550,1000, 
PAX31,19, M, 250+1000,357,1,4.12E+02, long, Parallelogram, Circle, Parallelogram,450,1000, 
PAX31,19, M, 250+1000,358,1,6.30E+02, long, Circle, Pentagon, Circle,450,1000, 
PAX31,19, M, 250+1000,359,1,3.17E+02, long, Rhombus, Triangle, Triangle,650,250, 
PAX31,19, M, 250+1000,360,0,8.36E+02, short, Parallelogram, Circle, Circle,450,1000, 
PAX31,19, M, 250+1000,361,1,1.73E+03, long, Circle, Square, Square,350,1000, 
PAX31,19, M, 250+1000,362,1,2.91E+02, long, Circle, Pentagon, Pentagon,750,1000, 
PAX31,19, M, 250+1000,363,1,2.47E+02, long, Pentagon, Parallelogram, Parallelogram,850,1000, 
PAX31,19, M, 250+1000,364,0,7.93E+02, short, Rhombus, Triangle, Triangle,450,1000, 
PAX31,19, M, 250+1000,365,1,7.91E+02, short, Pentagon, Square, Pentagon,550,250, 
PAX31,19, M, 250+1000,366,1,2.50E+02, long, Triangle, Square, Square,850,1000, 
PAX31,19, M, 250+1000,367,1,2.93E+02, long, Rhombus, Circle, Circle,850,250, 
PAX31,19, M, 250+1000,368,1,2.29E+02, long, Triangle, Parallelogram, Parallelogram,850,250, 
PAX31,19, M, 250+1000,369,0,6.11E+02, short, Pentagon, Circle, Circle,450,250, 
PAX31,19, M, 250+1000,370,1,6.21E+02, short, Parallelogram, Triangle, Parallelogram,250,250, 
PAX31,19, M, 250+1000,371,1,1.43E+03, short, Square, Triangle, Square,350,250, 
PAX31,19, M, 250+1000,372,1,2.64E+02, long, Triangle, Circle, Triangle,650,250, 
PAX31,19, M, 250+1000,373,1,2.23E+03, short, Pentagon, Circle, Pentagon,250,1000, 
PAX31,19, M, 250+1000,374,1,3.50E+02, long, Rhombus, Parallelogram, Rhombus,550,1000, 
PAX31,19, M, 250+1000,375,1,3.26E+02, long, Square, Pentagon, Square,750,250, 
PAX31,19, M, 250+1000,376,1,5.79E+02, long, Square, Pentagon, Square,650,1000, 
PAX31,19, M, 250+1000,377,1,5.84E+02, short, Parallelogram, Rhombus, Parallelogram,350,250, 
PAX31,19, M, 250+1000,378,1,3.86E+02, long, Triangle, Square, Triangle,750,1000, 
PAX31,19, M, 250+1000,379,0,1.57E+03, short, Circle, Rhombus, Rhombus,450,250, 
PAX31,19, M, 250+1000,380,1,4.90E+02, long, Parallelogram, Pentagon, Pentagon,650,1000, 
PAX31,19, M, 250+1000,381,1,6.40E+02, long, Pentagon, Parallelogram, Parallelogram,450,1000, 
PAX31,19, M, 250+1000,382,0,2.84E+03, long, Square, Circle, Circle,450,250, 
PAX31,19, M, 250+1000,383,0,2.90E+02, long, Triangle, Parallelogram, Parallelogram,850,1000, 
PAX31,19, M, 250+1000,384,0,9.54E+02, short, Parallelogram, Pentagon, Pentagon,350,1000, 
PAX31,19, M, 250+1000,385,1,5.52E+02, short, Circle, Square, Square,250,1000, 
PAX31,19, M, 250+1000,386,1,6.13E+02, short, Pentagon, Triangle, Triangle,250,250, 
PAX31,19, M, 250+1000,387,0,2.92E+02, long, Rhombus, Parallelogram, Parallelogram,550,1000, 
PAX31,19, M, 250+1000,388,0,9.44E+02, long, Triangle, Pentagon, Triangle,450,1000, 
PAX31,19, M, 250+1000,389,0,7.80E+02, long, Circle, Parallelogram, Circle,850,250, 
PAX31,19, M, 250+1000,390,1,2.10E+03, short, Parallelogram, Square, Parallelogram,450,250, 
PAX31,19, M, 250+1000,391,1,3.05E+02, long, Pentagon, Square, Square,650,1000, 
PAX31,19, M, 250+1000,392,0,4.98E+02, short, Circle, Square, Square,250,1000, 
PAX31,19, M, 250+1000,393,1,3.15E+02, long, Triangle, Pentagon, Pentagon,750,250, 
PAX31,19, M, 250+1000,394,1,2.80E+03, short, Circle, Parallelogram, Parallelogram,450,250, 
PAX31,19, M, 250+1000,395,0,1.16E+03, short, Parallelogram, Triangle, Triangle,350,250, 
PAX31,19, M, 250+1000,396,0,3.03E+02, long, Parallelogram, Triangle, Triangle,750,250, 
PAX31,19, M, 250+1000,397,0,4.25E+02, long, Square, Triangle, Triangle,750,250, 
PAX31,19, M, 250+1000,398,1,5.55E+02, short, Rhombus, Square, Rhombus,550,250, 
PAX31,19, M, 250+1000,399,0,5.97E+02, long, Circle, Rhombus, Circle,550,1000, 
PAX31,19, M, 250+1000,400,0,2.35E+02, long, Square, Triangle, Square,750,1000, 
PAX31,19, M, 250+1000,401,0,1.18E+03, long, Pentagon, Square, Square,550,250, 
PAX31,19, M, 250+1000,402,1,4.88E+02, long, Square, Triangle, Triangle,850,250, 
PAX31,19, M, 250+1000,403,0,3.47E+02, long, Parallelogram, Triangle, Parallelogram,750,250, 
PAX31,19, M, 250+1000,404,1,5.33E+03, short, Parallelogram, Pentagon, Parallelogram,250,1000, 
PAX31,19, M, 250+1000,405,1,5.65E+02, short, Circle, Rhombus, Rhombus,250,1000, 
PAX31,19, M, 250+1000,406,0,1.12E+03, short, Square, Parallelogram, Square,250,1000, 
PAX31,19, M, 250+1000,407,0,7.80E+02, short, Rhombus, Circle, Rhombus,250,250, 
PAX31,19, M, 250+1000,408,0,7.68E+02, short, Parallelogram, Rhombus, Parallelogram,350,250, 
PAX31,19, M, 250+1000,409,0,2.39E+02, long, Square, Triangle, Triangle,850,250, 
PAX31,19, M, 250+1000,410,0,3.26E+02, long, Pentagon, Square, Pentagon,750,1000, 
PAX31,19, M, 250+1000,411,1,6.16E+02, long, Pentagon, Rhombus, Pentagon,750,250, 
PAX31,19, M, 250+1000,412,0,1.22E+03, long, Rhombus, Parallelogram, Parallelogram,850,1000, 
PAX31,19, M, 250+1000,413,0,2.56E+03, long, Square, Triangle, Triangle,550,1000, 
PAX31,19, M, 250+1000,414,1,7.11E+02, short, Triangle, Parallelogram, Parallelogram,350,1000, 
PAX31,19, M, 250+1000,415,0,2.87E+02, long, Rhombus, Parallelogram, Parallelogram,750,250, 
PAX31,19, M, 250+1000,416,0,9.97E+02, long, Square, Rhombus, Rhombus,450,1000, 
PAX31,19, M, 250+1000,417,0,2.31E+02, long, Triangle, Parallelogram, Parallelogram,850,250, 
PAX31,19, M, 250+1000,418,0,7.92E+02, long, Rhombus, Circle, Rhombus,550,1000, 
PAX31,19, M, 250+1000,419,0,5.18E+02, long, Circle, Pentagon, Pentagon,450,1000, 
PAX31,19, M, 250+1000,420,0,3.76E+02, long, Triangle, Square, Square,450,1000, 
