﻿Subject ID, Subject Age, Gender, Group, TrialNumber, Intended or Unintended Outcome, Reaction Time on Outcome Response, Response - Short or Long, Left Image Code, Right Image Code, Chosen Image Code, Objective Duration of Stimulus, Stimulus Delay,
PAX28,19, M, 250+1000,1,1,4.39E+03, short, Parallelogram, Rhombus, Rhombus,550,250, 
PAX28,19, M, 250+1000,2,1,1.14E+03, short, Circle, Pentagon, Circle,450,250, 
PAX28,19, M, 250+1000,3,0,7.58E+03, long, Triangle, Rhombus, Triangle,750,1000, 
PAX28,19, M, 250+1000,4,1,1.10E+03, short, Rhombus, Parallelogram, Rhombus,550,250, 
PAX28,19, M, 250+1000,5,1,2.15E+03, long, Square, Parallelogram, Square,750,250, 
PAX28,19, M, 250+1000,6,0,4.20E+03, long, Circle, Parallelogram, Circle,850,250, 
PAX28,19, M, 250+1000,7,1,1.44E+03, long, Rhombus, Circle, Circle,750,1000, 
PAX28,19, M, 250+1000,8,1,1.28E+03, short, Square, Triangle, Triangle,350,250, 
PAX28,19, M, 250+1000,9,1,9.78E+02, long, Parallelogram, Triangle, Triangle,750,1000, 
PAX28,19, M, 250+1000,10,1,9.18E+02, short, Pentagon, Triangle, Pentagon,250,250, 
PAX28,19, M, 250+1000,11,1,9.00E+02, short, Triangle, Circle, Circle,450,250, 
PAX28,19, M, 250+1000,12,0,1.61E+03, short, Circle, Parallelogram, Circle,550,250, 
PAX28,19, M, 250+1000,13,0,1.85E+03, long, Triangle, Rhombus, Rhombus,750,250, 
PAX28,19, M, 250+1000,14,1,7.58E+02, short, Square, Circle, Circle,350,1000, 
PAX28,19, M, 250+1000,15,1,6.98E+02, short, Square, Parallelogram, Square,350,250, 
PAX28,19, M, 250+1000,16,1,5.09E+02, long, Square, Rhombus, Square,650,1000, 
PAX28,19, M, 250+1000,17,0,1.48E+03, short, Pentagon, Circle, Circle,450,250, 
PAX28,19, M, 250+1000,18,1,2.29E+03, short, Triangle, Square, Triangle,350,1000, 
PAX28,19, M, 250+1000,19,0,3.90E+03, short, Parallelogram, Circle, Circle,550,1000, 
PAX28,19, M, 250+1000,20,0,1.22E+03, long, Parallelogram, Pentagon, Parallelogram,750,250, 
PAX28,19, M, 250+1000,21,1,1.25E+03, short, Circle, Rhombus, Rhombus,550,1000, 
PAX28,19, M, 250+1000,22,0,9.49E+02, short, Square, Parallelogram, Square,550,1000, 
PAX28,19, M, 250+1000,23,1,2.96E+03, long, Square, Parallelogram, Parallelogram,750,250, 
PAX28,19, M, 250+1000,24,1,9.34E+02, short, Square, Pentagon, Square,550,1000, 
PAX28,19, M, 250+1000,25,0,1.76E+03, short, Square, Pentagon, Square,350,1000, 
PAX28,19, M, 250+1000,26,1,4.84E+02, short, Pentagon, Circle, Circle,450,250, 
PAX28,19, M, 250+1000,27,1,6.68E+02, short, Square, Rhombus, Rhombus,550,1000, 
PAX28,19, M, 250+1000,28,0,6.47E+02, short, Parallelogram, Triangle, Triangle,650,1000, 
PAX28,19, M, 250+1000,29,0,8.96E+02, long, Rhombus, Triangle, Rhombus,850,1000, 
PAX28,19, M, 250+1000,30,0,1.19E+03, short, Triangle, Pentagon, Triangle,450,1000, 
PAX28,19, M, 250+1000,31,1,2.43E+03, long, Square, Circle, Circle,750,250, 
PAX28,19, M, 250+1000,32,1,1.13E+03, short, Circle, Triangle, Triangle,550,250, 
PAX28,19, M, 250+1000,33,1,1.15E+03, short, Pentagon, Square, Pentagon,350,250, 
PAX28,19, M, 250+1000,34,0,6.67E+02, long, Triangle, Circle, Circle,850,250, 
PAX28,19, M, 250+1000,35,1,7.17E+02, short, Rhombus, Square, Square,450,250, 
PAX28,19, M, 250+1000,36,0,3.18E+03, short, Rhombus, Square, Square,750,250, 
PAX28,19, M, 250+1000,37,1,6.94E+02, long, Square, Circle, Square,850,250, 
PAX28,19, M, 250+1000,38,0,1.69E+03, short, Triangle, Square, Square,650,1000, 
PAX28,19, M, 250+1000,39,1,5.44E+02, short, Square, Rhombus, Square,250,1000, 
PAX28,19, M, 250+1000,40,1,5.40E+02, short, Circle, Square, Square,350,1000, 
PAX28,19, M, 250+1000,41,0,6.18E+02, short, Circle, Parallelogram, Circle,350,1000, 
PAX28,19, M, 250+1000,42,0,1.26E+03, short, Triangle, Parallelogram, Parallelogram,250,1000, 
PAX28,19, M, 250+1000,43,1,6.54E+02, long, Pentagon, Square, Pentagon,850,1000, 
PAX28,19, M, 250+1000,44,0,5.74E+02, short, Rhombus, Circle, Circle,450,1000, 
PAX28,19, M, 250+1000,45,1,4.72E+02, short, Parallelogram, Rhombus, Parallelogram,650,250, 
PAX28,19, M, 250+1000,46,0,7.36E+02, short, Circle, Triangle, Triangle,250,250, 
PAX28,19, M, 250+1000,47,1,4.94E+02, short, Parallelogram, Circle, Parallelogram,250,250, 
PAX28,19, M, 250+1000,48,0,4.84E+02, long, Square, Pentagon, Pentagon,750,1000, 
PAX28,19, M, 250+1000,49,0,5.19E+02, short, Pentagon, Parallelogram, Pentagon,350,250, 
PAX28,19, M, 250+1000,50,0,6.21E+02, short, Square, Pentagon, Pentagon,250,250, 
PAX28,19, M, 250+1000,51,0,7.24E+02, long, Triangle, Circle, Circle,750,1000, 
PAX28,19, M, 250+1000,52,0,4.06E+02, long, Pentagon, Rhombus, Pentagon,850,1000, 
PAX28,19, M, 250+1000,53,0,5.03E+02, short, Pentagon, Square, Square,450,1000, 
PAX28,19, M, 250+1000,54,1,4.89E+02, long, Pentagon, Square, Square,850,250, 
PAX28,19, M, 250+1000,55,0,1.39E+03, short, Circle, Parallelogram, Circle,550,1000, 
PAX28,19, M, 250+1000,56,1,2.41E+03, short, Rhombus, Triangle, Triangle,550,250, 
PAX28,19, M, 250+1000,57,1,1.10E+03, short, Rhombus, Triangle, Triangle,350,250, 
PAX28,19, M, 250+1000,58,1,1.16E+03, short, Square, Triangle, Square,450,1000, 
PAX28,19, M, 250+1000,59,1,6.77E+02, long, Circle, Rhombus, Rhombus,850,250, 
PAX28,19, M, 250+1000,60,1,3.63E+02, long, Square, Circle, Square,850,1000, 
PAX28,19, M, 250+1000,61,1,5.83E+02, long, Parallelogram, Triangle, Triangle,650,250, 
PAX28,19, M, 250+1000,62,0,6.61E+02, long, Pentagon, Rhombus, Pentagon,750,1000, 
PAX28,19, M, 250+1000,63,1,4.65E+02, long, Parallelogram, Triangle, Triangle,750,250, 
PAX28,19, M, 250+1000,64,1,1.24E+03, short, Parallelogram, Square, Parallelogram,550,250, 
PAX28,19, M, 250+1000,65,0,1.05E+03, short, Triangle, Parallelogram, Parallelogram,250,250, 
PAX28,19, M, 250+1000,66,1,8.15E+02, long, Rhombus, Square, Rhombus,850,1000, 
PAX28,19, M, 250+1000,67,1,9.85E+02, long, Circle, Triangle, Triangle,650,1000, 
PAX28,19, M, 250+1000,68,1,6.69E+02, short, Triangle, Rhombus, Triangle,550,250, 
PAX28,19, M, 250+1000,69,1,5.17E+02, short, Pentagon, Parallelogram, Parallelogram,450,250, 
PAX28,19, M, 250+1000,70,1,5.88E+02, short, Triangle, Pentagon, Triangle,350,250, 
PAX28,19, M, 250+1000,71,1,4.87E+02, short, Circle, Square, Square,650,1000, 
PAX28,19, M, 250+1000,72,1,7.11E+02, short, Pentagon, Triangle, Pentagon,650,1000, 
PAX28,19, M, 250+1000,73,0,1.48E+03, short, Triangle, Square, Square,650,250, 
PAX28,19, M, 250+1000,74,0,7.86E+02, short, Parallelogram, Rhombus, Rhombus,350,250, 
PAX28,19, M, 250+1000,75,0,5.10E+02, short, Triangle, Parallelogram, Triangle,250,250, 
PAX28,19, M, 250+1000,76,0,4.08E+02, long, Pentagon, Parallelogram, Parallelogram,850,250, 
PAX28,19, M, 250+1000,77,0,1.42E+03, short, Rhombus, Pentagon, Rhombus,350,1000, 
PAX28,19, M, 250+1000,78,1,8.04E+02, long, Square, Triangle, Triangle,550,1000, 
PAX28,19, M, 250+1000,79,0,4.62E+02, short, Rhombus, Triangle, Rhombus,350,250, 
PAX28,19, M, 250+1000,80,0,9.57E+02, short, Square, Circle, Circle,350,1000, 
PAX28,19, M, 250+1000,81,0,5.61E+02, short, Rhombus, Pentagon, Rhombus,550,250, 
PAX28,19, M, 250+1000,82,1,7.89E+02, short, Square, Rhombus, Rhombus,650,250, 
PAX28,19, M, 250+1000,83,0,6.25E+02, short, Square, Pentagon, Square,250,1000, 
PAX28,19, M, 250+1000,84,0,1.49E+03, long, Circle, Square, Square,650,250, 
PAX28,19, M, 250+1000,85,1,4.55E+02, short, Rhombus, Circle, Circle,250,1000, 
PAX28,19, M, 250+1000,86,0,4.39E+02, long, Parallelogram, Pentagon, Parallelogram,850,1000, 
PAX28,19, M, 250+1000,87,0,3.45E+02, short, Triangle, Rhombus, Rhombus,350,250, 
PAX28,19, M, 250+1000,88,0,3.45E+02, long, Parallelogram, Rhombus, Parallelogram,750,1000, 
PAX28,19, M, 250+1000,89,0,4.15E+02, long, Square, Parallelogram, Parallelogram,550,1000, 
PAX28,19, M, 250+1000,90,1,3.45E+02, long, Triangle, Circle, Triangle,650,1000, 
PAX28,19, M, 250+1000,91,1,3.50E+02, short, Pentagon, Parallelogram, Parallelogram,350,1000, 
PAX28,19, M, 250+1000,92,0,5.85E+02, short, Square, Rhombus, Square,450,1000, 
PAX28,19, M, 250+1000,93,1,4.66E+02, short, Circle, Rhombus, Rhombus,350,250, 
PAX28,19, M, 250+1000,94,0,2.99E+02, long, Circle, Square, Circle,850,1000, 
PAX28,19, M, 250+1000,95,0,2.07E+03, long, Pentagon, Square, Square,750,250, 
PAX28,19, M, 250+1000,96,0,3.68E+02, long, Triangle, Parallelogram, Triangle,650,250, 
PAX28,19, M, 250+1000,97,0,1.45E+03, long, Circle, Triangle, Triangle,450,1000, 
PAX28,19, M, 250+1000,98,0,8.50E+02, short, Circle, Pentagon, Circle,650,250, 
PAX28,19, M, 250+1000,99,1,1.08E+03, long, Parallelogram, Rhombus, Rhombus,650,250, 
PAX28,19, M, 250+1000,100,0,5.18E+02, short, Parallelogram, Triangle, Parallelogram,550,1000, 
PAX28,19, M, 250+1000,101,0,1.22E+03, long, Triangle, Parallelogram, Parallelogram,750,250, 
PAX28,19, M, 250+1000,102,0,8.26E+02, long, Triangle, Parallelogram, Triangle,650,250, 
PAX28,19, M, 250+1000,103,1,5.69E+02, long, Triangle, Square, Square,750,250, 
PAX28,19, M, 250+1000,104,1,1.29E+03, short, Rhombus, Triangle, Rhombus,450,1000, 
PAX28,19, M, 250+1000,105,1,4.28E+02, short, Triangle, Circle, Circle,450,250, 
PAX28,19, M, 250+1000,106,0,1.06E+03, long, Circle, Rhombus, Circle,650,250, 
PAX28,19, M, 250+1000,107,0,1.43E+03, short, Pentagon, Parallelogram, Parallelogram,250,1000, 
PAX28,19, M, 250+1000,108,0,5.11E+02, short, Circle, Square, Square,450,250, 
PAX28,19, M, 250+1000,109,1,1.21E+03, short, Rhombus, Square, Rhombus,750,250, 
PAX28,19, M, 250+1000,110,1,9.44E+02, long, Circle, Square, Square,850,1000, 
PAX28,19, M, 250+1000,111,1,5.17E+02, short, Triangle, Rhombus, Triangle,550,250, 
PAX28,19, M, 250+1000,112,0,8.29E+02, short, Square, Rhombus, Rhombus,650,1000, 
PAX28,19, M, 250+1000,113,1,5.17E+02, short, Triangle, Parallelogram, Triangle,250,250, 
PAX28,19, M, 250+1000,114,1,5.15E+02, short, Circle, Parallelogram, Parallelogram,650,250, 
PAX28,19, M, 250+1000,115,1,8.27E+02, short, Rhombus, Pentagon, Rhombus,450,1000, 
PAX28,19, M, 250+1000,116,1,6.25E+02, short, Circle, Square, Square,450,250, 
PAX28,19, M, 250+1000,117,0,4.65E+02, short, Rhombus, Square, Rhombus,250,1000, 
PAX28,19, M, 250+1000,118,1,3.05E+02, long, Square, Rhombus, Rhombus,850,1000, 
PAX28,19, M, 250+1000,119,0,6.63E+02, short, Parallelogram, Triangle, Parallelogram,450,250, 
PAX28,19, M, 250+1000,120,1,7.49E+02, long, Triangle, Pentagon, Pentagon,850,250, 
PAX28,19, M, 250+1000,121,0,1.55E+03, long, Circle, Pentagon, Circle,750,250, 
PAX28,19, M, 250+1000,122,1,6.14E+02, short, Parallelogram, Circle, Circle,250,1000, 
PAX28,19, M, 250+1000,123,1,2.02E+03, long, Triangle, Square, Triangle,650,250, 
PAX28,19, M, 250+1000,124,1,4.66E+02, short, Triangle, Rhombus, Rhombus,350,250, 
PAX28,19, M, 250+1000,125,1,3.31E+02, long, Rhombus, Square, Rhombus,750,1000, 
PAX28,19, M, 250+1000,126,1,4.12E+02, short, Square, Circle, Circle,450,1000, 
PAX28,19, M, 250+1000,127,0,5.20E+02, short, Triangle, Square, Triangle,650,1000, 
PAX28,19, M, 250+1000,128,0,4.84E+02, short, Rhombus, Pentagon, Pentagon,650,250, 
PAX28,19, M, 250+1000,129,1,7.86E+02, long, Square, Parallelogram, Square,750,1000, 
PAX28,19, M, 250+1000,130,1,3.28E+03, long, Parallelogram, Rhombus, Rhombus,850,250, 
PAX28,19, M, 250+1000,131,0,3.41E+03, short, Square, Pentagon, Square,250,250, 
PAX28,19, M, 250+1000,132,0,1.37E+03, short, Circle, Triangle, Circle,550,250, 
PAX28,19, M, 250+1000,133,1,4.76E+02, long, Rhombus, Square, Square,750,1000, 
PAX28,19, M, 250+1000,134,0,1.43E+03, long, Parallelogram, Pentagon, Parallelogram,650,1000, 
PAX28,19, M, 250+1000,135,1,5.64E+02, long, Square, Pentagon, Pentagon,750,1000, 
PAX28,19, M, 250+1000,136,1,3.55E+02, short, Parallelogram, Square, Parallelogram,450,250, 
PAX28,19, M, 250+1000,137,0,2.93E+02, long, Circle, Parallelogram, Parallelogram,850,1000, 
PAX28,19, M, 250+1000,138,0,3.27E+02, long, Pentagon, Parallelogram, Pentagon,850,250, 
PAX28,19, M, 250+1000,139,1,8.65E+02, long, Rhombus, Pentagon, Pentagon,850,250, 
PAX28,19, M, 250+1000,140,1,3.37E+02, long, Triangle, Parallelogram, Triangle,750,250, 
PAX28,19, M, 250+1000,141,1,3.09E+02, short, Pentagon, Square, Square,350,1000, 
PAX28,19, M, 250+1000,142,1,1.37E+03, short, Parallelogram, Triangle, Parallelogram,750,1000, 
PAX28,19, M, 250+1000,143,0,4.73E+02, short, Pentagon, Circle, Circle,550,1000, 
PAX28,19, M, 250+1000,144,1,4.47E+02, short, Circle, Parallelogram, Circle,250,1000, 
PAX28,19, M, 250+1000,145,0,5.74E+02, short, Parallelogram, Circle, Circle,250,1000, 
PAX28,19, M, 250+1000,146,0,1.11E+03, short, Pentagon, Circle, Pentagon,450,1000, 
PAX28,19, M, 250+1000,147,1,5.16E+02, short, Square, Triangle, Triangle,250,250, 
PAX28,19, M, 250+1000,148,1,6.02E+02, short, Rhombus, Triangle, Triangle,250,250, 
PAX28,19, M, 250+1000,149,0,5.93E+02, short, Triangle, Pentagon, Triangle,450,1000, 
PAX28,19, M, 250+1000,150,1,3.47E+02, short, Parallelogram, Square, Square,350,250, 
PAX28,19, M, 250+1000,151,1,1.30E+03, short, Rhombus, Parallelogram, Rhombus,450,250, 
PAX28,19, M, 250+1000,152,1,3.62E+02, short, Square, Circle, Circle,250,1000, 
PAX28,19, M, 250+1000,153,1,3.76E+02, short, Rhombus, Pentagon, Rhombus,550,250, 
PAX28,19, M, 250+1000,154,1,8.54E+02, short, Circle, Square, Square,450,1000, 
PAX28,19, M, 250+1000,155,0,5.06E+02, long, Circle, Triangle, Circle,850,250, 
PAX28,19, M, 250+1000,156,0,5.48E+02, short, Rhombus, Circle, Circle,450,250, 
PAX28,19, M, 250+1000,157,1,5.46E+02, short, Pentagon, Rhombus, Pentagon,550,250, 
PAX28,19, M, 250+1000,158,1,4.08E+02, short, Pentagon, Triangle, Triangle,250,1000, 
PAX28,19, M, 250+1000,159,0,1.01E+03, short, Pentagon, Circle, Pentagon,350,1000, 
PAX28,19, M, 250+1000,160,0,3.32E+02, long, Parallelogram, Pentagon, Pentagon,850,250, 
PAX28,19, M, 250+1000,161,1,4.57E+02, short, Square, Rhombus, Square,450,250, 
PAX28,19, M, 250+1000,162,1,5.63E+02, short, Triangle, Parallelogram, Parallelogram,350,250, 
PAX28,19, M, 250+1000,163,0,1.97E+03, long, Pentagon, Parallelogram, Pentagon,650,1000, 
PAX28,19, M, 250+1000,164,0,5.43E+02, short, Pentagon, Rhombus, Rhombus,450,1000, 
PAX28,19, M, 250+1000,165,0,1.03E+03, short, Pentagon, Square, Pentagon,550,250, 
PAX28,19, M, 250+1000,166,1,7.63E+02, short, Parallelogram, Rhombus, Rhombus,650,250, 
PAX28,19, M, 250+1000,167,0,4.79E+02, short, Circle, Square, Circle,250,250, 
PAX28,19, M, 250+1000,168,1,3.73E+02, long, Circle, Pentagon, Pentagon,850,250, 
PAX28,19, M, 250+1000,169,0,5.49E+02, short, Triangle, Square, Triangle,250,1000, 
PAX28,19, M, 250+1000,170,1,1.02E+03, short, Parallelogram, Square, Square,650,250, 
PAX28,19, M, 250+1000,171,0,3.90E+02, short, Square, Pentagon, Square,250,1000, 
PAX28,19, M, 250+1000,172,0,4.03E+02, short, Square, Triangle, Triangle,250,250, 
PAX28,19, M, 250+1000,173,0,4.04E+02, short, Parallelogram, Circle, Parallelogram,350,1000, 
PAX28,19, M, 250+1000,174,0,2.66E+02, long, Rhombus, Pentagon, Pentagon,850,1000, 
PAX28,19, M, 250+1000,175,0,4.68E+02, short, Rhombus, Circle, Circle,350,1000, 
PAX28,19, M, 250+1000,176,0,9.54E+02, long, Rhombus, Triangle, Rhombus,750,1000, 
PAX28,19, M, 250+1000,177,1,7.78E+02, long, Square, Rhombus, Rhombus,850,1000, 
PAX28,19, M, 250+1000,178,1,2.48E+02, long, Parallelogram, Pentagon, Parallelogram,850,1000, 
PAX28,19, M, 250+1000,179,0,2.80E+02, long, Pentagon, Square, Square,750,250, 
PAX28,19, M, 250+1000,180,1,2.78E+02, long, Parallelogram, Triangle, Parallelogram,650,1000, 
PAX28,19, M, 250+1000,181,0,5.57E+02, short, Parallelogram, Triangle, Triangle,350,1000, 
PAX28,19, M, 250+1000,182,0,5.56E+02, long, Circle, Pentagon, Circle,550,1000, 
PAX28,19, M, 250+1000,183,0,3.84E+02, short, Circle, Triangle, Triangle,450,250, 
PAX28,19, M, 250+1000,184,1,3.67E+02, short, Pentagon, Parallelogram, Pentagon,250,250, 
PAX28,19, M, 250+1000,185,1,2.66E+02, long, Parallelogram, Rhombus, Rhombus,750,250, 
PAX28,19, M, 250+1000,186,1,5.68E+02, short, Parallelogram, Square, Parallelogram,450,250, 
PAX28,19, M, 250+1000,187,1,4.13E+02, short, Triangle, Rhombus, Rhombus,450,250, 
PAX28,19, M, 250+1000,188,0,1.13E+03, short, Rhombus, Parallelogram, Rhombus,450,1000, 
PAX28,19, M, 250+1000,189,1,6.09E+02, short, Parallelogram, Triangle, Triangle,550,250, 
PAX28,19, M, 250+1000,190,1,6.43E+02, short, Rhombus, Parallelogram, Rhombus,550,250, 
PAX28,19, M, 250+1000,191,0,3.47E+02, short, Triangle, Circle, Circle,350,250, 
PAX28,19, M, 250+1000,192,1,7.71E+02, short, Rhombus, Pentagon, Pentagon,750,1000, 
PAX28,19, M, 250+1000,193,1,6.47E+02, short, Square, Circle, Square,650,1000, 
PAX28,19, M, 250+1000,194,0,5.63E+02, short, Pentagon, Square, Square,650,250, 
PAX28,19, M, 250+1000,195,0,1.60E+03, short, Circle, Triangle, Triangle,550,250, 
PAX28,19, M, 250+1000,196,0,6.04E+02, short, Square, Triangle, Square,250,250, 
PAX28,19, M, 250+1000,197,0,6.07E+02, long, Triangle, Pentagon, Pentagon,850,1000, 
PAX28,19, M, 250+1000,198,1,5.16E+02, short, Parallelogram, Rhombus, Parallelogram,550,1000, 
PAX28,19, M, 250+1000,199,0,6.36E+02, short, Rhombus, Triangle, Triangle,550,250, 
PAX28,19, M, 250+1000,200,1,8.71E+02, short, Rhombus, Pentagon, Pentagon,650,1000, 
PAX28,19, M, 250+1000,201,1,5.85E+02, short, Rhombus, Circle, Rhombus,550,1000, 
PAX28,19, M, 250+1000,202,0,5.22E+02, short, Pentagon, Rhombus, Rhombus,350,250, 
PAX28,19, M, 250+1000,203,0,5.30E+02, short, Square, Rhombus, Square,250,250, 
PAX28,19, M, 250+1000,204,0,6.32E+02, short, Rhombus, Circle, Circle,450,1000, 
PAX28,19, M, 250+1000,205,0,3.84E+02, long, Triangle, Pentagon, Triangle,650,1000, 
PAX28,19, M, 250+1000,206,0,3.66E+02, long, Circle, Triangle, Triangle,850,1000, 
PAX28,19, M, 250+1000,207,1,4.60E+02, short, Triangle, Parallelogram, Triangle,450,1000, 
PAX28,19, M, 250+1000,208,0,4.52E+02, long, Circle, Rhombus, Rhombus,750,1000, 
PAX28,19, M, 250+1000,209,1,4.78E+02, long, Parallelogram, Square, Parallelogram,750,1000, 
PAX28,19, M, 250+1000,210,0,4.26E+02, short, Parallelogram, Pentagon, Pentagon,350,1000, 
PAX28,19, M, 250+1000,211,1,4.34E+02, short, Circle, Triangle, Circle,250,1000, 
PAX28,19, M, 250+1000,212,1,4.34E+02, long, Parallelogram, Circle, Circle,550,1000, 
PAX28,19, M, 250+1000,213,1,8.65E+02, long, Square, Parallelogram, Square,850,250, 
PAX28,19, M, 250+1000,214,0,5.14E+02, long, Circle, Pentagon, Circle,750,250, 
PAX28,19, M, 250+1000,215,0,3.82E+02, long, Triangle, Pentagon, Pentagon,850,1000, 
PAX28,19, M, 250+1000,216,1,5.45E+02, long, Pentagon, Rhombus, Pentagon,850,1000, 
PAX28,19, M, 250+1000,217,0,4.81E+02, short, Triangle, Circle, Circle,350,250, 
PAX28,19, M, 250+1000,218,0,9.67E+02, short, Square, Rhombus, Rhombus,650,1000, 
PAX28,19, M, 250+1000,219,1,5.15E+02, short, Pentagon, Square, Pentagon,750,250, 
PAX28,19, M, 250+1000,220,1,4.23E+02, short, Parallelogram, Circle, Circle,250,250, 
PAX28,19, M, 250+1000,221,1,4.85E+02, short, Rhombus, Square, Square,550,250, 
PAX28,19, M, 250+1000,222,0,5.45E+02, short, Circle, Pentagon, Circle,550,250, 
PAX28,19, M, 250+1000,223,0,3.17E+02, long, Circle, Rhombus, Rhombus,850,250, 
PAX28,19, M, 250+1000,224,0,7.49E+02, short, Square, Pentagon, Square,250,250, 
PAX28,19, M, 250+1000,225,0,4.15E+02, long, Pentagon, Parallelogram, Parallelogram,850,1000, 
PAX28,19, M, 250+1000,226,0,5.11E+02, short, Square, Circle, Square,250,250, 
PAX28,19, M, 250+1000,227,1,9.24E+02, short, Rhombus, Square, Square,450,250, 
PAX28,19, M, 250+1000,228,0,3.66E+02, long, Rhombus, Circle, Circle,850,1000, 
PAX28,19, M, 250+1000,229,1,6.65E+02, short, Parallelogram, Pentagon, Parallelogram,350,1000, 
PAX28,19, M, 250+1000,230,0,3.06E+02, long, Circle, Parallelogram, Circle,850,250, 
PAX28,19, M, 250+1000,231,0,5.22E+02, short, Triangle, Circle, Circle,250,250, 
PAX28,19, M, 250+1000,232,1,6.34E+02, short, Pentagon, Triangle, Pentagon,550,1000, 
PAX28,19, M, 250+1000,233,1,6.46E+02, short, Parallelogram, Square, Square,650,250, 
PAX28,19, M, 250+1000,234,1,3.42E+02, long, Square, Pentagon, Square,850,1000, 
PAX28,19, M, 250+1000,235,1,7.18E+02, short, Triangle, Square, Square,450,1000, 
PAX28,19, M, 250+1000,236,0,8.88E+02, short, Parallelogram, Circle, Parallelogram,350,250, 
PAX28,19, M, 250+1000,237,0,6.04E+02, short, Circle, Rhombus, Rhombus,550,1000, 
PAX28,19, M, 250+1000,238,0,6.98E+02, short, Rhombus, Pentagon, Rhombus,350,1000, 
PAX28,19, M, 250+1000,239,1,4.44E+02, short, Parallelogram, Pentagon, Pentagon,550,1000, 
PAX28,19, M, 250+1000,240,0,8.74E+02, short, Triangle, Square, Triangle,750,250, 
PAX28,19, M, 250+1000,241,1,6.80E+02, short, Pentagon, Triangle, Triangle,350,1000, 
PAX28,19, M, 250+1000,242,1,5.07E+02, short, Square, Parallelogram, Square,550,1000, 
PAX28,19, M, 250+1000,243,0,4.56E+02, short, Pentagon, Circle, Circle,550,250, 
PAX28,19, M, 250+1000,244,1,1.17E+03, short, Rhombus, Square, Rhombus,350,1000, 
PAX28,19, M, 250+1000,245,0,1.83E+03, long, Pentagon, Triangle, Triangle,550,1000, 
PAX28,19, M, 250+1000,246,0,5.41E+02, short, Circle, Square, Circle,350,250, 
PAX28,19, M, 250+1000,247,0,1.51E+03, short, Rhombus, Triangle, Triangle,350,1000, 
PAX28,19, M, 250+1000,248,0,8.53E+02, short, Parallelogram, Circle, Circle,650,250, 
PAX28,19, M, 250+1000,249,1,1.51E+03, long, Parallelogram, Pentagon, Parallelogram,750,250, 
PAX28,19, M, 250+1000,250,0,8.57E+02, short, Circle, Square, Square,450,250, 
PAX28,19, M, 250+1000,251,0,4.83E+02, short, Triangle, Circle, Triangle,250,1000, 
PAX28,19, M, 250+1000,252,1,4.14E+02, long, Pentagon, Rhombus, Rhombus,850,1000, 
PAX28,19, M, 250+1000,253,1,3.64E+02, long, Parallelogram, Rhombus, Parallelogram,850,250, 
PAX28,19, M, 250+1000,254,0,2.84E+02, long, Square, Parallelogram, Parallelogram,850,1000, 
PAX28,19, M, 250+1000,255,0,6.22E+02, long, Rhombus, Square, Rhombus,850,250, 
PAX28,19, M, 250+1000,256,1,4.90E+02, long, Rhombus, Circle, Rhombus,650,1000, 
PAX28,19, M, 250+1000,257,1,1.03E+03, long, Square, Parallelogram, Parallelogram,650,250, 
PAX28,19, M, 250+1000,258,0,3.18E+02, long, Triangle, Rhombus, Triangle,750,250, 
PAX28,19, M, 250+1000,259,0,3.38E+02, long, Rhombus, Circle, Circle,550,1000, 
PAX28,19, M, 250+1000,260,1,4.96E+02, long, Circle, Triangle, Circle,750,250, 
PAX28,19, M, 250+1000,261,1,4.66E+02, short, Circle, Parallelogram, Parallelogram,250,250, 
PAX28,19, M, 250+1000,262,1,3.44E+02, long, Square, Pentagon, Square,850,1000, 
PAX28,19, M, 250+1000,263,1,5.70E+02, short, Parallelogram, Square, Square,550,1000, 
PAX28,19, M, 250+1000,264,1,4.40E+02, short, Rhombus, Circle, Rhombus,450,250, 
PAX28,19, M, 250+1000,265,1,5.41E+02, short, Pentagon, Triangle, Triangle,650,250, 
PAX28,19, M, 250+1000,266,0,4.34E+02, short, Triangle, Pentagon, Triangle,450,250, 
PAX28,19, M, 250+1000,267,1,8.57E+02, short, Triangle, Pentagon, Pentagon,550,1000, 
PAX28,19, M, 250+1000,268,0,8.26E+02, short, Pentagon, Parallelogram, Pentagon,650,1000, 
PAX28,19, M, 250+1000,269,0,9.23E+02, short, Circle, Pentagon, Pentagon,650,250, 
PAX28,19, M, 250+1000,270,1,4.37E+02, short, Pentagon, Circle, Pentagon,450,1000, 
PAX28,19, M, 250+1000,271,0,5.05E+02, short, Square, Triangle, Triangle,650,1000, 
PAX28,19, M, 250+1000,272,0,6.05E+02, short, Circle, Parallelogram, Circle,550,1000, 
PAX28,19, M, 250+1000,273,0,3.71E+02, short, Triangle, Rhombus, Rhombus,550,1000, 
PAX28,19, M, 250+1000,274,0,3.39E+02, short, Parallelogram, Pentagon, Parallelogram,450,250, 
PAX28,19, M, 250+1000,275,0,4.42E+02, long, Pentagon, Circle, Pentagon,750,1000, 
PAX28,19, M, 250+1000,276,1,3.99E+02, short, Parallelogram, Rhombus, Rhombus,350,1000, 
PAX28,19, M, 250+1000,277,0,6.43E+02, short, Rhombus, Parallelogram, Rhombus,450,250, 
PAX28,19, M, 250+1000,278,0,6.12E+02, short, Pentagon, Triangle, Triangle,350,250, 
PAX28,19, M, 250+1000,279,1,6.11E+02, short, Pentagon, Circle, Pentagon,650,1000, 
PAX28,19, M, 250+1000,280,0,5.29E+02, short, Pentagon, Rhombus, Rhombus,250,1000, 
PAX28,19, M, 250+1000,281,0,4.15E+02, short, Triangle, Pentagon, Triangle,250,1000, 
PAX28,19, M, 250+1000,282,0,3.70E+02, long, Square, Triangle, Triangle,850,250, 
PAX28,19, M, 250+1000,283,1,4.54E+02, long, Triangle, Parallelogram, Triangle,650,250, 
PAX28,19, M, 250+1000,284,1,5.12E+02, short, Circle, Rhombus, Rhombus,350,250, 
PAX28,19, M, 250+1000,285,0,5.06E+02, short, Triangle, Square, Triangle,650,250, 
PAX28,19, M, 250+1000,286,0,6.38E+02, long, Circle, Pentagon, Pentagon,750,1000, 
PAX28,19, M, 250+1000,287,0,4.78E+02, short, Circle, Rhombus, Circle,250,1000, 
PAX28,19, M, 250+1000,288,1,5.54E+02, long, Pentagon, Parallelogram, Parallelogram,750,250, 
PAX28,19, M, 250+1000,289,0,5.52E+02, short, Parallelogram, Pentagon, Parallelogram,650,250, 
PAX28,19, M, 250+1000,290,1,4.40E+02, short, Pentagon, Rhombus, Rhombus,450,250, 
PAX28,19, M, 250+1000,291,0,3.90E+02, long, Parallelogram, Square, Parallelogram,750,1000, 
PAX28,19, M, 250+1000,292,1,5.92E+02, short, Rhombus, Parallelogram, Parallelogram,550,1000, 
PAX28,19, M, 250+1000,293,1,1.45E+03, long, Rhombus, Parallelogram, Rhombus,750,1000, 
PAX28,19, M, 250+1000,294,1,8.18E+02, short, Rhombus, Parallelogram, Rhombus,650,1000, 
PAX28,19, M, 250+1000,295,1,4.24E+02, short, Rhombus, Circle, Circle,250,1000, 
PAX28,19, M, 250+1000,296,0,6.40E+02, short, Pentagon, Rhombus, Pentagon,550,1000, 
PAX28,19, M, 250+1000,297,0,6.67E+02, short, Pentagon, Parallelogram, Parallelogram,350,1000, 
PAX28,19, M, 250+1000,298,0,1.07E+03, short, Triangle, Rhombus, Triangle,450,1000, 
PAX28,19, M, 250+1000,299,1,5.19E+02, short, Pentagon, Circle, Circle,450,1000, 
PAX28,19, M, 250+1000,300,1,1.48E+03, short, Parallelogram, Square, Parallelogram,250,250, 
PAX28,19, M, 250+1000,301,1,3.85E+02, short, Triangle, Parallelogram, Parallelogram,350,1000, 
PAX28,19, M, 250+1000,302,1,6.59E+02, short, Square, Parallelogram, Square,350,1000, 
PAX28,19, M, 250+1000,303,1,9.47E+02, short, Rhombus, Circle, Circle,550,250, 
PAX28,19, M, 250+1000,304,0,5.17E+02, long, Square, Circle, Square,850,250, 
PAX28,19, M, 250+1000,305,1,5.63E+02, short, Triangle, Pentagon, Triangle,350,1000, 
PAX28,19, M, 250+1000,306,0,6.27E+02, short, Circle, Pentagon, Pentagon,250,1000, 
PAX28,19, M, 250+1000,307,1,3.35E+02, long, Triangle, Rhombus, Rhombus,850,1000, 
PAX28,19, M, 250+1000,308,0,2.89E+02, long, Square, Circle, Square,850,1000, 
PAX28,19, M, 250+1000,309,0,1.67E+03, short, Circle, Parallelogram, Parallelogram,450,250, 
PAX28,19, M, 250+1000,310,0,5.65E+02, long, Triangle, Pentagon, Triangle,850,1000, 
PAX28,19, M, 250+1000,311,0,3.13E+02, long, Pentagon, Rhombus, Rhombus,750,1000, 
PAX28,19, M, 250+1000,312,1,3.56E+02, long, Rhombus, Parallelogram, Rhombus,750,1000, 
PAX28,19, M, 250+1000,313,1,5.88E+02, short, Square, Parallelogram, Parallelogram,350,250, 
PAX28,19, M, 250+1000,314,1,4.89E+03, short, Circle, Rhombus, Circle,350,1000, 
PAX28,19, M, 250+1000,315,1,1.31E+03, short, Triangle, Parallelogram, Triangle,650,1000, 
PAX28,19, M, 250+1000,316,0,1.08E+03, long, Parallelogram, Triangle, Triangle,750,1000, 
PAX28,19, M, 250+1000,317,1,4.47E+02, short, Pentagon, Triangle, Pentagon,850,250, 
PAX28,19, M, 250+1000,318,0,5.84E+02, short, Circle, Parallelogram, Parallelogram,250,250, 
PAX28,19, M, 250+1000,319,0,4.42E+02, long, Rhombus, Parallelogram, Rhombus,750,250, 
PAX28,19, M, 250+1000,320,0,3.62E+02, short, Rhombus, Circle, Circle,650,1000, 
PAX28,19, M, 250+1000,321,1,5.98E+02, short, Pentagon, Circle, Pentagon,450,1000, 
PAX28,19, M, 250+1000,322,0,4.11E+02, short, Circle, Triangle, Triangle,350,250, 
PAX28,19, M, 250+1000,323,0,1.28E+03, long, Rhombus, Pentagon, Rhombus,650,250, 
PAX28,19, M, 250+1000,324,0,4.73E+02, short, Triangle, Square, Triangle,550,250, 
PAX28,19, M, 250+1000,325,1,5.39E+02, long, Pentagon, Square, Square,750,250, 
PAX28,19, M, 250+1000,326,1,1.10E+03, short, Parallelogram, Square, Parallelogram,350,250, 
PAX28,19, M, 250+1000,327,1,4.81E+02, short, Square, Pentagon, Pentagon,250,1000, 
PAX28,19, M, 250+1000,328,0,7.03E+02, long, Parallelogram, Circle, Parallelogram,650,1000, 
PAX28,19, M, 250+1000,329,0,2.93E+02, long, Rhombus, Triangle, Triangle,850,1000, 
PAX28,19, M, 250+1000,330,0,5.85E+02, short, Parallelogram, Circle, Parallelogram,550,250, 
PAX28,19, M, 250+1000,331,1,4.87E+02, short, Pentagon, Square, Square,450,1000, 
PAX28,19, M, 250+1000,332,0,5.95E+02, short, Square, Triangle, Triangle,450,250, 
PAX28,19, M, 250+1000,333,0,4.75E+02, short, Rhombus, Pentagon, Rhombus,250,1000, 
PAX28,19, M, 250+1000,334,0,5.26E+02, short, Pentagon, Triangle, Triangle,650,250, 
PAX28,19, M, 250+1000,335,0,7.06E+02, short, Triangle, Square, Triangle,550,1000, 
PAX28,19, M, 250+1000,336,1,3.85E+02, short, Rhombus, Parallelogram, Parallelogram,350,1000, 
PAX28,19, M, 250+1000,337,0,7.07E+02, short, Pentagon, Square, Pentagon,450,1000, 
PAX28,19, M, 250+1000,338,1,2.25E+02, long, Square, Pentagon, Pentagon,750,250, 
PAX28,19, M, 250+1000,339,0,1.15E+03, long, Pentagon, Triangle, Pentagon,850,250, 
PAX28,19, M, 250+1000,340,1,2.57E+02, long, Circle, Triangle, Circle,850,250, 
PAX28,19, M, 250+1000,341,0,3.24E+02, long, Circle, Pentagon, Pentagon,650,1000, 
PAX28,19, M, 250+1000,342,1,6.22E+02, short, Rhombus, Triangle, Rhombus,350,250, 
PAX28,19, M, 250+1000,343,1,3.43E+02, short, Square, Parallelogram, Parallelogram,550,250, 
PAX28,19, M, 250+1000,344,0,5.11E+02, short, Parallelogram, Triangle, Parallelogram,250,1000, 
PAX28,19, M, 250+1000,345,0,2.47E+02, long, Parallelogram, Circle, Circle,850,250, 
PAX28,19, M, 250+1000,346,0,3.57E+02, short, Rhombus, Parallelogram, Rhombus,550,250, 
PAX28,19, M, 250+1000,347,1,6.07E+02, short, Square, Triangle, Triangle,550,250, 
PAX28,19, M, 250+1000,348,1,2.41E+02, long, Pentagon, Circle, Pentagon,850,250, 
PAX28,19, M, 250+1000,349,0,9.57E+02, short, Parallelogram, Rhombus, Parallelogram,550,250, 
PAX28,19, M, 250+1000,350,1,2.77E+02, long, Parallelogram, Pentagon, Pentagon,850,1000, 
PAX28,19, M, 250+1000,351,1,6.63E+02, short, Square, Triangle, Square,550,1000, 
PAX28,19, M, 250+1000,352,0,6.09E+02, short, Square, Triangle, Triangle,250,250, 
PAX28,19, M, 250+1000,353,1,2.36E+02, long, Triangle, Circle, Circle,850,250, 
PAX28,19, M, 250+1000,354,0,5.38E+02, short, Pentagon, Circle, Pentagon,450,250, 
PAX28,19, M, 250+1000,355,0,6.28E+02, short, Triangle, Pentagon, Pentagon,450,250, 
PAX28,19, M, 250+1000,356,1,6.87E+02, long, Square, Rhombus, Rhombus,850,1000, 
PAX28,19, M, 250+1000,357,0,2.88E+02, long, Triangle, Rhombus, Triangle,750,250, 
PAX28,19, M, 250+1000,358,0,1.52E+03, long, Parallelogram, Triangle, Triangle,750,1000, 
PAX28,19, M, 250+1000,359,1,4.91E+02, short, Pentagon, Rhombus, Rhombus,650,1000, 
PAX28,19, M, 250+1000,360,1,7.58E+02, short, Parallelogram, Square, Parallelogram,250,1000, 
PAX28,19, M, 250+1000,361,1,4.56E+02, short, Square, Parallelogram, Parallelogram,350,1000, 
PAX28,19, M, 250+1000,362,1,4.78E+02, short, Rhombus, Square, Rhombus,550,1000, 
PAX28,19, M, 250+1000,363,0,4.16E+02, short, Square, Circle, Circle,550,250, 
PAX28,19, M, 250+1000,364,0,4.40E+02, short, Parallelogram, Rhombus, Parallelogram,350,1000, 
PAX28,19, M, 250+1000,365,0,3.00E+02, short, Triangle, Circle, Circle,350,250, 
PAX28,19, M, 250+1000,366,1,4.14E+02, short, Triangle, Circle, Triangle,350,250, 
PAX28,19, M, 250+1000,367,0,4.63E+02, short, Circle, Pentagon, Pentagon,250,250, 
PAX28,19, M, 250+1000,368,1,2.16E+03, short, Square, Circle, Square,250,250, 
PAX28,19, M, 250+1000,369,1,3.97E+02, short, Parallelogram, Circle, Circle,250,250, 
PAX28,19, M, 250+1000,370,1,2.46E+02, long, Parallelogram, Pentagon, Pentagon,750,1000, 
PAX28,19, M, 250+1000,371,0,1.11E+03, long, Rhombus, Square, Rhombus,550,250, 
PAX28,19, M, 250+1000,372,1,4.47E+02, short, Square, Rhombus, Square,350,250, 
PAX28,19, M, 250+1000,373,1,5.27E+02, short, Rhombus, Parallelogram, Parallelogram,250,250, 
PAX28,19, M, 250+1000,374,0,2.89E+02, short, Circle, Parallelogram, Parallelogram,350,250, 
PAX28,19, M, 250+1000,375,1,2.81E+02, long, Triangle, Parallelogram, Triangle,650,250, 
PAX28,19, M, 250+1000,376,1,5.91E+02, short, Pentagon, Circle, Circle,450,1000, 
PAX28,19, M, 250+1000,377,0,2.75E+02, short, Triangle, Circle, Triangle,450,250, 
PAX28,19, M, 250+1000,378,1,4.61E+02, long, Circle, Rhombus, Rhombus,650,250, 
PAX28,19, M, 250+1000,379,1,9.73E+02, long, Circle, Rhombus, Circle,750,250, 
PAX28,19, M, 250+1000,380,0,2.43E+02, long, Rhombus, Pentagon, Pentagon,850,250, 
PAX28,19, M, 250+1000,381,0,2.67E+02, long, Triangle, Rhombus, Triangle,750,250, 
PAX28,19, M, 250+1000,382,0,4.73E+02, short, Parallelogram, Square, Square,350,250, 
PAX28,19, M, 250+1000,383,1,1.04E+03, short, Parallelogram, Circle, Parallelogram,250,250, 
PAX28,19, M, 250+1000,384,1,5.23E+02, long, Pentagon, Rhombus, Rhombus,750,1000, 
PAX28,19, M, 250+1000,385,0,2.77E+02, long, Rhombus, Pentagon, Rhombus,750,250, 
PAX28,19, M, 250+1000,386,0,3.19E+02, short, Circle, Pentagon, Pentagon,350,250, 
PAX28,19, M, 250+1000,387,1,3.03E+02, long, Triangle, Circle, Triangle,750,1000, 
PAX28,19, M, 250+1000,388,1,4.95E+02, short, Square, Circle, Circle,450,1000, 
PAX28,19, M, 250+1000,389,0,2.76E+03, short, Parallelogram, Rhombus, Rhombus,850,250, 
PAX28,19, M, 250+1000,390,1,3.03E+02, long, Triangle, Rhombus, Rhombus,650,1000, 
PAX28,19, M, 250+1000,391,0,2.75E+02, long, Pentagon, Rhombus, Rhombus,750,1000, 
PAX28,19, M, 250+1000,392,0,3.14E+02, long, Parallelogram, Square, Parallelogram,650,1000, 
PAX28,19, M, 250+1000,393,0,5.94E+02, short, Pentagon, Parallelogram, Parallelogram,450,1000, 
PAX28,19, M, 250+1000,394,0,4.76E+02, short, Square, Rhombus, Rhombus,350,1000, 
PAX28,19, M, 250+1000,395,0,3.86E+02, short, Triangle, Square, Triangle,350,1000, 
PAX28,19, M, 250+1000,396,0,5.18E+02, short, Circle, Rhombus, Rhombus,250,1000, 
PAX28,19, M, 250+1000,397,1,1.42E+03, short, Rhombus, Triangle, Triangle,250,1000, 
PAX28,19, M, 250+1000,398,0,6.52E+02, short, Circle, Square, Circle,450,1000, 
PAX28,19, M, 250+1000,399,1,3.98E+02, short, Pentagon, Triangle, Triangle,250,1000, 
PAX28,19, M, 250+1000,400,0,4.03E+02, short, Rhombus, Triangle, Triangle,650,250, 
PAX28,19, M, 250+1000,401,0,1.60E+03, short, Parallelogram, Triangle, Parallelogram,750,250, 
PAX28,19, M, 250+1000,402,0,4.96E+02, long, Parallelogram, Pentagon, Pentagon,650,1000, 
PAX28,19, M, 250+1000,403,0,5.04E+02, long, Pentagon, Square, Pentagon,750,1000, 
PAX28,19, M, 250+1000,404,1,4.80E+02, short, Circle, Parallelogram, Parallelogram,450,1000, 
PAX28,19, M, 250+1000,405,1,4.93E+02, long, Square, Pentagon, Square,850,250, 
PAX28,19, M, 250+1000,406,1,6.96E+02, short, Triangle, Square, Square,650,250, 
PAX28,19, M, 250+1000,407,0,1.75E+03, short, Square, Triangle, Square,450,1000, 
PAX28,19, M, 250+1000,408,1,4.49E+02, short, Rhombus, Parallelogram, Parallelogram,250,1000, 
PAX28,19, M, 250+1000,409,1,2.69E+02, long, Circle, Square, Circle,750,1000, 
PAX28,19, M, 250+1000,410,1,2.87E+02, long, Circle, Pentagon, Pentagon,650,1000, 
PAX28,19, M, 250+1000,411,1,5.09E+02, short, Pentagon, Parallelogram, Pentagon,250,250, 
PAX28,19, M, 250+1000,412,1,3.35E+02, short, Rhombus, Triangle, Triangle,250,1000, 
PAX28,19, M, 250+1000,413,1,2.95E+02, long, Triangle, Pentagon, Pentagon,850,1000, 
PAX28,19, M, 250+1000,414,1,4.15E+02, short, Pentagon, Triangle, Triangle,250,1000, 
PAX28,19, M, 250+1000,415,1,3.39E+02, long, Circle, Rhombus, Circle,850,250, 
PAX28,19, M, 250+1000,416,1,3.13E+02, short, Circle, Square, Square,450,1000, 
PAX28,19, M, 250+1000,417,0,5.07E+02, long, Square, Triangle, Square,550,1000, 
PAX28,19, M, 250+1000,418,0,3.77E+02, short, Pentagon, Triangle, Triangle,550,250, 
PAX28,19, M, 250+1000,419,1,5.08E+02, short, Rhombus, Square, Square,250,250, 
PAX28,19, M, 250+1000,420,0,3.64E+02, long, Circle, Triangle, Circle,450,250, 
