﻿Subject ID, Subject Age, Gender, Group, TrialNumber, Intended or Unintended Outcome, Reaction Time on Outcome Response, Response - Short or Long, Left Image Code, Right Image Code, Chosen Image Code, Objective Duration of Stimulus, Stimulus Delay,
PAX33,19, F, 250+1000,1,1,2.63E+03, long, Pentagon, Triangle, Pentagon,850,250, 
PAX33,19, F, 250+1000,2,1,2.20E+03, long, Square, Circle, Square,650,250, 
PAX33,19, F, 250+1000,3,0,2.90E+03, short, Pentagon, Rhombus, Pentagon,250,1000, 
PAX33,19, F, 250+1000,4,0,5.64E+03, short, Circle, Pentagon, Pentagon,250,250, 
PAX33,19, F, 250+1000,5,0,3.30E+03, long, Rhombus, Parallelogram, Rhombus,750,1000, 
PAX33,19, F, 250+1000,6,1,2.48E+03, short, Triangle, Parallelogram, Parallelogram,550,1000, 
PAX33,19, F, 250+1000,7,1,8.02E+02, short, Parallelogram, Square, Parallelogram,350,250, 
PAX33,19, F, 250+1000,8,0,7.12E+02, short, Circle, Pentagon, Pentagon,250,1000, 
PAX33,19, F, 250+1000,9,0,8.86E+02, short, Parallelogram, Square, Square,350,250, 
PAX33,19, F, 250+1000,10,0,9.40E+02, long, Square, Triangle, Triangle,850,1000, 
PAX33,19, F, 250+1000,11,0,6.21E+02, short, Square, Rhombus, Square,350,1000, 
PAX33,19, F, 250+1000,12,0,2.10E+03, long, Circle, Parallelogram, Parallelogram,750,250, 
PAX33,19, F, 250+1000,13,1,1.53E+03, long, Circle, Parallelogram, Parallelogram,550,1000, 
PAX33,19, F, 250+1000,14,0,6.09E+02, long, Square, Parallelogram, Parallelogram,850,250, 
PAX33,19, F, 250+1000,15,1,2.10E+03, short, Rhombus, Circle, Rhombus,650,250, 
PAX33,19, F, 250+1000,16,1,1.57E+03, short, Rhombus, Square, Square,550,250, 
PAX33,19, F, 250+1000,17,0,6.60E+02, short, Circle, Rhombus, Rhombus,450,250, 
PAX33,19, F, 250+1000,18,1,6.22E+02, short, Square, Parallelogram, Parallelogram,450,1000, 
PAX33,19, F, 250+1000,19,0,1.61E+03, short, Parallelogram, Triangle, Triangle,450,1000, 
PAX33,19, F, 250+1000,20,1,7.19E+02, long, Parallelogram, Pentagon, Pentagon,750,1000, 
PAX33,19, F, 250+1000,21,0,7.12E+02, long, Parallelogram, Triangle, Triangle,850,1000, 
PAX33,19, F, 250+1000,22,1,1.82E+03, short, Square, Pentagon, Pentagon,850,250, 
PAX33,19, F, 250+1000,23,0,6.34E+02, long, Square, Pentagon, Pentagon,850,250, 
PAX33,19, F, 250+1000,24,1,7.30E+02, short, Parallelogram, Triangle, Triangle,250,250, 
PAX33,19, F, 250+1000,25,1,5.34E+02, long, Square, Parallelogram, Parallelogram,650,250, 
PAX33,19, F, 250+1000,26,0,4.26E+02, long, Parallelogram, Pentagon, Pentagon,750,1000, 
PAX33,19, F, 250+1000,27,1,9.06E+02, short, Parallelogram, Circle, Parallelogram,350,250, 
PAX33,19, F, 250+1000,28,1,5.95E+02, short, Triangle, Parallelogram, Triangle,250,250, 
PAX33,19, F, 250+1000,29,0,4.32E+02, long, Pentagon, Rhombus, Pentagon,850,1000, 
PAX33,19, F, 250+1000,30,1,3.82E+02, long, Pentagon, Parallelogram, Pentagon,850,1000, 
PAX33,19, F, 250+1000,31,0,4.12E+02, long, Pentagon, Circle, Pentagon,750,250, 
PAX33,19, F, 250+1000,32,0,4.73E+02, short, Rhombus, Triangle, Triangle,350,1000, 
PAX33,19, F, 250+1000,33,0,7.41E+02, short, Pentagon, Square, Square,550,250, 
PAX33,19, F, 250+1000,34,0,1.22E+03, short, Triangle, Rhombus, Rhombus,350,1000, 
PAX33,19, F, 250+1000,35,1,8.45E+02, short, Parallelogram, Square, Square,450,250, 
PAX33,19, F, 250+1000,36,1,3.67E+02, long, Triangle, Rhombus, Rhombus,850,1000, 
PAX33,19, F, 250+1000,37,0,6.39E+02, short, Triangle, Circle, Circle,550,1000, 
PAX33,19, F, 250+1000,38,0,6.91E+02, short, Triangle, Circle, Circle,350,250, 
PAX33,19, F, 250+1000,39,0,3.20E+02, long, Circle, Triangle, Triangle,750,250, 
PAX33,19, F, 250+1000,40,0,1.86E+03, short, Triangle, Pentagon, Pentagon,650,1000, 
PAX33,19, F, 250+1000,41,1,6.49E+02, short, Triangle, Parallelogram, Parallelogram,250,1000, 
PAX33,19, F, 250+1000,42,1,5.14E+02, short, Triangle, Rhombus, Rhombus,450,250, 
PAX33,19, F, 250+1000,43,1,8.25E+02, short, Square, Rhombus, Rhombus,750,250, 
PAX33,19, F, 250+1000,44,1,6.18E+02, short, Parallelogram, Square, Square,450,250, 
PAX33,19, F, 250+1000,45,1,5.84E+02, short, Parallelogram, Pentagon, Pentagon,550,1000, 
PAX33,19, F, 250+1000,46,1,5.88E+02, short, Pentagon, Triangle, Triangle,850,250, 
PAX33,19, F, 250+1000,47,1,7.80E+02, short, Rhombus, Square, Square,450,1000, 
PAX33,19, F, 250+1000,48,0,1.03E+03, long, Rhombus, Triangle, Triangle,750,1000, 
PAX33,19, F, 250+1000,49,1,6.42E+02, short, Square, Triangle, Triangle,550,250, 
PAX33,19, F, 250+1000,50,1,5.94E+02, short, Parallelogram, Triangle, Triangle,350,1000, 
PAX33,19, F, 250+1000,51,0,7.97E+02, short, Parallelogram, Pentagon, Pentagon,450,1000, 
PAX33,19, F, 250+1000,52,0,7.06E+02, short, Triangle, Rhombus, Rhombus,250,250, 
PAX33,19, F, 250+1000,53,1,3.28E+02, long, Circle, Square, Square,850,1000, 
PAX33,19, F, 250+1000,54,0,6.28E+02, short, Triangle, Pentagon, Pentagon,350,250, 
PAX33,19, F, 250+1000,55,0,7.69E+02, short, Square, Triangle, Triangle,250,250, 
PAX33,19, F, 250+1000,56,1,7.11E+02, long, Circle, Rhombus, Rhombus,550,250, 
PAX33,19, F, 250+1000,57,0,2.14E+03, short, Pentagon, Circle, Circle,350,1000, 
PAX33,19, F, 250+1000,58,1,5.09E+02, short, Circle, Triangle, Triangle,250,250, 
PAX33,19, F, 250+1000,59,1,5.69E+02, short, Triangle, Square, Square,350,1000, 
PAX33,19, F, 250+1000,60,1,5.33E+02, short, Triangle, Parallelogram, Parallelogram,350,250, 
PAX33,19, F, 250+1000,61,1,4.49E+02, long, Rhombus, Parallelogram, Parallelogram,750,250, 
PAX33,19, F, 250+1000,62,0,1.28E+03, long, Square, Circle, Circle,550,1000, 
PAX33,19, F, 250+1000,63,1,3.85E+02, long, Triangle, Pentagon, Pentagon,650,1000, 
PAX33,19, F, 250+1000,64,1,4.23E+02, long, Square, Triangle, Triangle,650,250, 
PAX33,19, F, 250+1000,65,1,3.93E+02, long, Parallelogram, Rhombus, Rhombus,750,1000, 
PAX33,19, F, 250+1000,66,1,6.01E+02, short, Circle, Triangle, Triangle,350,250, 
PAX33,19, F, 250+1000,67,0,5.99E+02, short, Parallelogram, Pentagon, Pentagon,550,1000, 
PAX33,19, F, 250+1000,68,0,5.58E+02, long, Square, Rhombus, Rhombus,550,250, 
PAX33,19, F, 250+1000,69,0,8.19E+03, short, Circle, Parallelogram, Parallelogram,550,250, 
PAX33,19, F, 250+1000,70,0,4.20E+02, long, Pentagon, Parallelogram, Pentagon,650,250, 
PAX33,19, F, 250+1000,71,1,4.38E+02, long, Circle, Parallelogram, Circle,450,250, 
PAX33,19, F, 250+1000,72,1,4.60E+02, long, Parallelogram, Square, Parallelogram,550,250, 
PAX33,19, F, 250+1000,73,0,6.72E+02, long, Triangle, Rhombus, Triangle,850,250, 
PAX33,19, F, 250+1000,74,1,4.10E+02, long, Parallelogram, Rhombus, Parallelogram,750,1000, 
PAX33,19, F, 250+1000,75,1,4.66E+02, long, Pentagon, Triangle, Pentagon,550,1000, 
PAX33,19, F, 250+1000,76,0,5.80E+02, long, Pentagon, Rhombus, Pentagon,650,250, 
PAX33,19, F, 250+1000,77,0,3.96E+02, long, Pentagon, Circle, Pentagon,750,250, 
PAX33,19, F, 250+1000,78,0,7.16E+02, short, Rhombus, Circle, Rhombus,250,250, 
PAX33,19, F, 250+1000,79,1,5.33E+02, short, Rhombus, Circle, Rhombus,250,1000, 
PAX33,19, F, 250+1000,80,1,6.76E+02, short, Square, Circle, Square,250,250, 
PAX33,19, F, 250+1000,81,0,6.07E+02, long, Pentagon, Circle, Pentagon,550,1000, 
PAX33,19, F, 250+1000,82,0,6.22E+02, short, Rhombus, Pentagon, Rhombus,250,1000, 
PAX33,19, F, 250+1000,83,0,7.52E+02, short, Circle, Parallelogram, Circle,750,250, 
PAX33,19, F, 250+1000,84,1,7.47E+02, short, Circle, Pentagon, Circle,450,1000, 
PAX33,19, F, 250+1000,85,1,2.41E+03, long, Parallelogram, Pentagon, Parallelogram,550,1000, 
PAX33,19, F, 250+1000,86,1,4.61E+02, long, Square, Parallelogram, Square,650,1000, 
PAX33,19, F, 250+1000,87,0,8.84E+02, long, Rhombus, Pentagon, Rhombus,750,250, 
PAX33,19, F, 250+1000,88,0,3.55E+02, long, Circle, Pentagon, Circle,850,1000, 
PAX33,19, F, 250+1000,89,0,5.03E+02, short, Square, Triangle, Square,250,250, 
PAX33,19, F, 250+1000,90,1,3.96E+02, short, Triangle, Rhombus, Triangle,250,250, 
PAX33,19, F, 250+1000,91,1,5.19E+02, short, Rhombus, Parallelogram, Rhombus,350,1000, 
PAX33,19, F, 250+1000,92,1,6.17E+02, long, Circle, Rhombus, Circle,550,250, 
PAX33,19, F, 250+1000,93,0,6.03E+02, short, Rhombus, Square, Rhombus,250,250, 
PAX33,19, F, 250+1000,94,0,6.94E+02, short, Pentagon, Circle, Pentagon,450,250, 
PAX33,19, F, 250+1000,95,0,4.31E+02, long, Rhombus, Square, Rhombus,650,1000, 
PAX33,19, F, 250+1000,96,1,4.34E+02, long, Rhombus, Square, Rhombus,650,1000, 
PAX33,19, F, 250+1000,97,0,8.34E+02, short, Pentagon, Rhombus, Pentagon,650,1000, 
PAX33,19, F, 250+1000,98,0,7.37E+03, short, Triangle, Pentagon, Triangle,750,1000, 
PAX33,19, F, 250+1000,99,1,6.50E+02, long, Square, Parallelogram, Parallelogram,750,1000, 
PAX33,19, F, 250+1000,100,1,4.61E+02, long, Pentagon, Square, Square,550,1000, 
PAX33,19, F, 250+1000,101,1,8.04E+02, short, Rhombus, Pentagon, Pentagon,450,1000, 
PAX33,19, F, 250+1000,102,0,8.32E+02, long, Triangle, Square, Triangle,550,250, 
PAX33,19, F, 250+1000,103,1,4.22E+02, long, Circle, Rhombus, Circle,750,1000, 
PAX33,19, F, 250+1000,104,1,4.54E+02, short, Triangle, Circle, Triangle,350,250, 
PAX33,19, F, 250+1000,105,1,4.87E+02, long, Parallelogram, Pentagon, Parallelogram,650,1000, 
PAX33,19, F, 250+1000,106,1,4.98E+02, long, Square, Triangle, Square,750,1000, 
PAX33,19, F, 250+1000,107,0,5.76E+02, short, Rhombus, Triangle, Rhombus,250,250, 
PAX33,19, F, 250+1000,108,0,7.24E+02, short, Rhombus, Pentagon, Rhombus,350,1000, 
PAX33,19, F, 250+1000,109,0,7.87E+02, short, Circle, Parallelogram, Circle,350,1000, 
PAX33,19, F, 250+1000,110,0,5.87E+02, short, Pentagon, Rhombus, Pentagon,450,1000, 
PAX33,19, F, 250+1000,111,1,5.27E+02, short, Triangle, Parallelogram, Triangle,250,1000, 
PAX33,19, F, 250+1000,112,0,1.77E+03, short, Circle, Triangle, Circle,450,1000, 
PAX33,19, F, 250+1000,113,0,6.71E+02, long, Circle, Pentagon, Circle,650,250, 
PAX33,19, F, 250+1000,114,1,7.29E+02, short, Rhombus, Parallelogram, Rhombus,450,1000, 
PAX33,19, F, 250+1000,115,0,1.22E+03, long, Pentagon, Parallelogram, Pentagon,650,1000, 
PAX33,19, F, 250+1000,116,1,5.33E+02, long, Pentagon, Rhombus, Pentagon,750,1000, 
PAX33,19, F, 250+1000,117,1,2.07E+03, long, Rhombus, Pentagon, Pentagon,650,250, 
PAX33,19, F, 250+1000,118,0,5.48E+02, long, Pentagon, Rhombus, Pentagon,650,250, 
PAX33,19, F, 250+1000,119,1,1.79E+03, short, Triangle, Pentagon, Pentagon,450,250, 
PAX33,19, F, 250+1000,120,0,7.22E+02, short, Square, Triangle, Square,450,250, 
PAX33,19, F, 250+1000,121,1,5.71E+02, long, Square, Rhombus, Square,850,1000, 
PAX33,19, F, 250+1000,122,1,6.15E+02, long, Square, Parallelogram, Parallelogram,650,1000, 
PAX33,19, F, 250+1000,123,1,1.02E+03, long, Parallelogram, Circle, Circle,650,1000, 
PAX33,19, F, 250+1000,124,1,7.12E+02, short, Parallelogram, Rhombus, Rhombus,250,1000, 
PAX33,19, F, 250+1000,125,1,9.02E+02, long, Parallelogram, Pentagon, Parallelogram,550,1000, 
PAX33,19, F, 250+1000,126,0,9.58E+02, long, Circle, Square, Circle,850,1000, 
PAX33,19, F, 250+1000,127,1,8.76E+02, short, Square, Parallelogram, Square,350,250, 
PAX33,19, F, 250+1000,128,1,5.18E+02, short, Square, Parallelogram, Square,450,1000, 
PAX33,19, F, 250+1000,129,0,5.74E+02, short, Parallelogram, Square, Parallelogram,550,250, 
PAX33,19, F, 250+1000,130,1,4.76E+02, short, Square, Triangle, Square,550,250, 
PAX33,19, F, 250+1000,131,1,4.74E+02, long, Parallelogram, Rhombus, Parallelogram,850,250, 
PAX33,19, F, 250+1000,132,0,5.08E+02, long, Square, Circle, Square,850,250, 
PAX33,19, F, 250+1000,133,0,3.54E+02, long, Parallelogram, Triangle, Parallelogram,850,1000, 
PAX33,19, F, 250+1000,134,0,1.00E+03, short, Circle, Rhombus, Circle,550,250, 
PAX33,19, F, 250+1000,135,1,4.18E+02, long, Parallelogram, Square, Parallelogram,850,1000, 
PAX33,19, F, 250+1000,136,1,6.08E+02, short, Rhombus, Parallelogram, Rhombus,550,250, 
PAX33,19, F, 250+1000,137,0,4.66E+02, short, Parallelogram, Pentagon, Parallelogram,450,1000, 
PAX33,19, F, 250+1000,138,1,4.16E+02, long, Triangle, Circle, Triangle,850,1000, 
PAX33,19, F, 250+1000,139,0,5.64E+02, short, Circle, Triangle, Circle,250,250, 
PAX33,19, F, 250+1000,140,1,4.26E+02, long, Square, Rhombus, Square,750,250, 
PAX33,19, F, 250+1000,141,1,5.37E+02, short, Circle, Pentagon, Circle,550,250, 
PAX33,19, F, 250+1000,142,0,6.17E+02, short, Triangle, Parallelogram, Triangle,650,250, 
PAX33,19, F, 250+1000,143,0,4.96E+02, short, Pentagon, Circle, Pentagon,450,1000, 
PAX33,19, F, 250+1000,144,1,4.58E+02, long, Triangle, Circle, Triangle,550,250, 
PAX33,19, F, 250+1000,145,1,3.40E+02, long, Square, Rhombus, Square,750,250, 
PAX33,19, F, 250+1000,146,0,1.20E+03, long, Square, Circle, Square,750,1000, 
PAX33,19, F, 250+1000,147,1,5.69E+02, long, Parallelogram, Triangle, Parallelogram,850,250, 
PAX33,19, F, 250+1000,148,0,3.47E+02, long, Circle, Triangle, Circle,850,250, 
PAX33,19, F, 250+1000,149,0,5.07E+02, long, Square, Pentagon, Square,650,250, 
PAX33,19, F, 250+1000,150,1,7.35E+02, short, Parallelogram, Square, Parallelogram,350,1000, 
PAX33,19, F, 250+1000,151,1,5.33E+02, short, Rhombus, Pentagon, Rhombus,650,250, 
PAX33,19, F, 250+1000,152,0,3.89E+02, long, Rhombus, Square, Rhombus,750,1000, 
PAX33,19, F, 250+1000,153,0,5.91E+02, short, Parallelogram, Rhombus, Parallelogram,550,250, 
PAX33,19, F, 250+1000,154,1,6.37E+02, short, Pentagon, Square, Pentagon,750,1000, 
PAX33,19, F, 250+1000,155,0,3.23E+02, long, Pentagon, Triangle, Pentagon,850,1000, 
PAX33,19, F, 250+1000,156,1,5.93E+02, short, Parallelogram, Circle, Parallelogram,350,250, 
PAX33,19, F, 250+1000,157,1,7.42E+02, short, Pentagon, Square, Pentagon,250,1000, 
PAX33,19, F, 250+1000,158,1,6.28E+02, short, Circle, Triangle, Circle,250,1000, 
PAX33,19, F, 250+1000,159,0,1.70E+03, long, Square, Triangle, Square,550,250, 
PAX33,19, F, 250+1000,160,1,4.59E+02, long, Parallelogram, Circle, Parallelogram,850,1000, 
PAX33,19, F, 250+1000,161,0,5.83E+02, short, Triangle, Pentagon, Triangle,450,1000, 
PAX33,19, F, 250+1000,162,1,4.22E+02, long, Circle, Pentagon, Circle,850,1000, 
PAX33,19, F, 250+1000,163,1,5.44E+02, long, Pentagon, Rhombus, Pentagon,850,1000, 
PAX33,19, F, 250+1000,164,1,6.90E+02, short, Parallelogram, Pentagon, Parallelogram,450,250, 
PAX33,19, F, 250+1000,165,0,2.51E+03, short, Parallelogram, Circle, Parallelogram,650,1000, 
PAX33,19, F, 250+1000,166,0,3.56E+02, long, Parallelogram, Square, Parallelogram,850,250, 
PAX33,19, F, 250+1000,167,1,6.16E+02, long, Pentagon, Rhombus, Pentagon,850,250, 
PAX33,19, F, 250+1000,168,0,5.90E+02, short, Parallelogram, Circle, Parallelogram,550,1000, 
PAX33,19, F, 250+1000,169,0,5.71E+02, short, Pentagon, Triangle, Pentagon,350,250, 
PAX33,19, F, 250+1000,170,1,3.29E+02, long, Parallelogram, Triangle, Parallelogram,650,1000, 
PAX33,19, F, 250+1000,171,0,4.48E+02, short, Pentagon, Rhombus, Pentagon,450,250, 
PAX33,19, F, 250+1000,172,0,2.45E+03, short, Pentagon, Parallelogram, Pentagon,650,250, 
PAX33,19, F, 250+1000,173,1,5.69E+02, short, Square, Pentagon, Square,450,1000, 
PAX33,19, F, 250+1000,174,0,4.66E+02, short, Pentagon, Triangle, Pentagon,350,250, 
PAX33,19, F, 250+1000,175,0,4.27E+02, short, Rhombus, Triangle, Rhombus,850,250, 
PAX33,19, F, 250+1000,176,0,6.42E+02, short, Circle, Pentagon, Circle,450,250, 
PAX33,19, F, 250+1000,177,1,5.79E+02, short, Pentagon, Parallelogram, Pentagon,250,250, 
PAX33,19, F, 250+1000,178,1,4.77E+02, short, Pentagon, Triangle, Pentagon,450,1000, 
PAX33,19, F, 250+1000,179,1,7.07E+02, short, Rhombus, Square, Rhombus,750,250, 
PAX33,19, F, 250+1000,180,1,7.05E+02, short, Rhombus, Pentagon, Rhombus,450,250, 
PAX33,19, F, 250+1000,181,0,3.77E+02, long, Square, Triangle, Square,850,250, 
PAX33,19, F, 250+1000,182,0,4.75E+02, long, Rhombus, Triangle, Rhombus,650,250, 
PAX33,19, F, 250+1000,183,1,3.29E+02, long, Pentagon, Parallelogram, Pentagon,850,1000, 
PAX33,19, F, 250+1000,184,0,1.44E+03, long, Triangle, Rhombus, Triangle,450,1000, 
PAX33,19, F, 250+1000,185,1,6.13E+02, short, Circle, Rhombus, Circle,250,250, 
PAX33,19, F, 250+1000,186,1,3.77E+02, long, Pentagon, Circle, Pentagon,650,250, 
PAX33,19, F, 250+1000,187,1,7.17E+02, long, Rhombus, Circle, Rhombus,650,250, 
PAX33,19, F, 250+1000,188,0,1.12E+03, long, Rhombus, Circle, Rhombus,450,250, 
PAX33,19, F, 250+1000,189,0,5.07E+02, long, Square, Circle, Square,550,1000, 
PAX33,19, F, 250+1000,190,0,4.18E+02, long, Triangle, Pentagon, Triangle,750,250, 
PAX33,19, F, 250+1000,191,1,4.96E+02, short, Square, Parallelogram, Square,250,1000, 
PAX33,19, F, 250+1000,192,0,3.45E+02, long, Rhombus, Parallelogram, Rhombus,650,1000, 
PAX33,19, F, 250+1000,193,1,5.15E+02, short, Circle, Square, Circle,350,1000, 
PAX33,19, F, 250+1000,194,0,4.15E+02, long, Parallelogram, Pentagon, Parallelogram,850,1000, 
PAX33,19, F, 250+1000,195,1,5.91E+02, short, Square, Triangle, Square,350,1000, 
PAX33,19, F, 250+1000,196,1,3.58E+02, long, Square, Pentagon, Square,650,1000, 
PAX33,19, F, 250+1000,197,0,5.70E+02, long, Circle, Triangle, Circle,750,250, 
PAX33,19, F, 250+1000,198,1,5.62E+02, long, Parallelogram, Rhombus, Parallelogram,750,250, 
PAX33,19, F, 250+1000,199,1,1.21E+03, short, Circle, Pentagon, Circle,850,250, 
PAX33,19, F, 250+1000,200,1,4.30E+02, short, Triangle, Square, Triangle,250,250, 
PAX33,19, F, 250+1000,201,1,1.03E+03, short, Triangle, Square, Triangle,450,250, 
PAX33,19, F, 250+1000,202,0,3.47E+02, long, Parallelogram, Circle, Parallelogram,650,250, 
PAX33,19, F, 250+1000,203,0,1.06E+03, short, Pentagon, Square, Pentagon,350,1000, 
PAX33,19, F, 250+1000,204,1,3.26E+02, long, Pentagon, Triangle, Pentagon,850,1000, 
PAX33,19, F, 250+1000,205,0,7.46E+02, long, Rhombus, Pentagon, Rhombus,550,1000, 
PAX33,19, F, 250+1000,206,1,5.58E+02, short, Square, Circle, Square,450,250, 
PAX33,19, F, 250+1000,207,0,1.03E+03, long, Pentagon, Square, Pentagon,750,250, 
PAX33,19, F, 250+1000,208,1,6.29E+02, short, Rhombus, Circle, Rhombus,550,250, 
PAX33,19, F, 250+1000,209,1,5.65E+02, short, Circle, Triangle, Circle,750,250, 
PAX33,19, F, 250+1000,210,1,6.12E+02, short, Triangle, Parallelogram, Triangle,550,1000, 
PAX33,19, F, 250+1000,211,0,5.60E+02, short, Rhombus, Triangle, Rhombus,250,250, 
PAX33,19, F, 250+1000,212,0,6.93E+02, short, Pentagon, Square, Pentagon,250,1000, 
PAX33,19, F, 250+1000,213,1,5.86E+02, short, Pentagon, Parallelogram, Pentagon,350,250, 
PAX33,19, F, 250+1000,214,1,6.19E+02, short, Circle, Square, Circle,250,250, 
PAX33,19, F, 250+1000,215,0,1.11E+03, long, Parallelogram, Circle, Parallelogram,550,1000, 
PAX33,19, F, 250+1000,216,0,9.89E+02, short, Circle, Parallelogram, Circle,450,1000, 
PAX33,19, F, 250+1000,217,0,5.37E+02, short, Circle, Square, Circle,450,250, 
PAX33,19, F, 250+1000,218,1,4.97E+02, short, Pentagon, Circle, Pentagon,450,1000, 
PAX33,19, F, 250+1000,219,0,1.18E+03, short, Triangle, Pentagon, Triangle,550,250, 
PAX33,19, F, 250+1000,220,1,5.11E+02, short, Triangle, Rhombus, Triangle,450,250, 
PAX33,19, F, 250+1000,221,0,1.10E+03, long, Square, Parallelogram, Square,550,1000, 
PAX33,19, F, 250+1000,222,0,7.05E+02, short, Parallelogram, Square, Parallelogram,250,250, 
PAX33,19, F, 250+1000,223,1,5.59E+02, long, Circle, Triangle, Circle,650,250, 
PAX33,19, F, 250+1000,224,0,4.49E+02, long, Parallelogram, Circle, Parallelogram,450,1000, 
PAX33,19, F, 250+1000,225,1,6.21E+02, short, Rhombus, Circle, Rhombus,350,1000, 
PAX33,19, F, 250+1000,226,0,4.89E+02, short, Rhombus, Pentagon, Rhombus,450,1000, 
PAX33,19, F, 250+1000,227,0,6.59E+02, short, Circle, Square, Circle,750,250, 
PAX33,19, F, 250+1000,228,1,1.81E+03, short, Triangle, Square, Triangle,650,250, 
PAX33,19, F, 250+1000,229,1,4.94E+02, long, Triangle, Pentagon, Pentagon,850,250, 
PAX33,19, F, 250+1000,230,1,3.01E+02, long, Triangle, Pentagon, Pentagon,650,1000, 
PAX33,19, F, 250+1000,231,1,5.13E+02, short, Pentagon, Triangle, Triangle,250,250, 
PAX33,19, F, 250+1000,232,0,7.07E+02, long, Pentagon, Square, Square,650,1000, 
PAX33,19, F, 250+1000,233,0,6.09E+02, short, Parallelogram, Triangle, Triangle,350,250, 
PAX33,19, F, 250+1000,234,0,4.82E+02, long, Square, Triangle, Triangle,750,1000, 
PAX33,19, F, 250+1000,235,1,4.30E+02, long, Circle, Pentagon, Pentagon,750,1000, 
PAX33,19, F, 250+1000,236,1,6.00E+02, short, Triangle, Pentagon, Pentagon,250,250, 
PAX33,19, F, 250+1000,237,0,4.76E+02, short, Rhombus, Triangle, Triangle,350,1000, 
PAX33,19, F, 250+1000,238,0,5.52E+02, short, Rhombus, Pentagon, Pentagon,250,1000, 
PAX33,19, F, 250+1000,239,1,3.28E+02, long, Pentagon, Circle, Circle,650,1000, 
PAX33,19, F, 250+1000,240,1,4.86E+02, short, Parallelogram, Triangle, Triangle,250,250, 
PAX33,19, F, 250+1000,241,0,6.66E+02, long, Rhombus, Pentagon, Pentagon,750,250, 
PAX33,19, F, 250+1000,242,1,5.02E+02, short, Pentagon, Rhombus, Rhombus,250,1000, 
PAX33,19, F, 250+1000,243,0,3.18E+02, long, Circle, Parallelogram, Parallelogram,850,250, 
PAX33,19, F, 250+1000,244,1,9.80E+02, long, Rhombus, Triangle, Triangle,550,1000, 
PAX33,19, F, 250+1000,245,0,4.70E+02, short, Square, Pentagon, Pentagon,250,1000, 
PAX33,19, F, 250+1000,246,0,5.46E+02, long, Square, Rhombus, Rhombus,750,250, 
PAX33,19, F, 250+1000,247,0,4.86E+02, long, Rhombus, Circle, Circle,650,1000, 
PAX33,19, F, 250+1000,248,1,4.56E+02, long, Pentagon, Triangle, Triangle,850,250, 
PAX33,19, F, 250+1000,249,0,7.98E+02, short, Pentagon, Rhombus, Rhombus,350,1000, 
PAX33,19, F, 250+1000,250,0,1.58E+03, short, Rhombus, Pentagon, Pentagon,550,250, 
PAX33,19, F, 250+1000,251,0,5.11E+02, short, Parallelogram, Circle, Circle,250,250, 
PAX33,19, F, 250+1000,252,0,7.82E+02, long, Pentagon, Circle, Circle,350,1000, 
PAX33,19, F, 250+1000,253,1,4.87E+02, long, Triangle, Circle, Circle,650,250, 
PAX33,19, F, 250+1000,254,0,8.45E+02, short, Rhombus, Square, Square,250,1000, 
PAX33,19, F, 250+1000,255,0,3.67E+02, long, Square, Circle, Circle,750,250, 
PAX33,19, F, 250+1000,256,1,8.81E+02, short, Rhombus, Parallelogram, Parallelogram,250,1000, 
PAX33,19, F, 250+1000,257,1,7.15E+02, long, Triangle, Pentagon, Pentagon,550,1000, 
PAX33,19, F, 250+1000,258,0,5.73E+02, long, Pentagon, Triangle, Triangle,550,250, 
PAX33,19, F, 250+1000,259,0,6.91E+02, long, Parallelogram, Triangle, Triangle,350,250, 
PAX33,19, F, 250+1000,260,0,4.71E+02, long, Circle, Triangle, Triangle,450,1000, 
PAX33,19, F, 250+1000,261,0,5.55E+02, long, Circle, Pentagon, Pentagon,650,250, 
PAX33,19, F, 250+1000,262,0,1.01E+03, long, Square, Parallelogram, Parallelogram,850,250, 
PAX33,19, F, 250+1000,263,1,3.74E+02, long, Pentagon, Parallelogram, Parallelogram,750,250, 
PAX33,19, F, 250+1000,264,1,1.81E+03, short, Circle, Square, Square,450,1000, 
PAX33,19, F, 250+1000,265,0,8.23E+02, long, Circle, Square, Square,750,1000, 
PAX33,19, F, 250+1000,266,0,4.50E+02, long, Circle, Pentagon, Pentagon,650,1000, 
PAX33,19, F, 250+1000,267,1,2.55E+03, long, Triangle, Square, Square,550,1000, 
PAX33,19, F, 250+1000,268,0,1.65E+03, short, Circle, Square, Square,350,250, 
PAX33,19, F, 250+1000,269,1,7.53E+02, long, Triangle, Parallelogram, Parallelogram,550,250, 
PAX33,19, F, 250+1000,270,0,5.98E+02, long, Rhombus, Parallelogram, Parallelogram,650,250, 
PAX33,19, F, 250+1000,271,0,4.80E+02, long, Circle, Square, Square,650,1000, 
PAX33,19, F, 250+1000,272,0,5.28E+02, long, Square, Circle, Circle,850,1000, 
PAX33,19, F, 250+1000,273,0,3.26E+02, long, Rhombus, Triangle, Triangle,850,250, 
PAX33,19, F, 250+1000,274,0,6.42E+02, short, Square, Circle, Circle,250,1000, 
PAX33,19, F, 250+1000,275,1,5.68E+02, long, Triangle, Circle, Circle,650,250, 
PAX33,19, F, 250+1000,276,0,3.80E+02, long, Circle, Parallelogram, Parallelogram,650,1000, 
PAX33,19, F, 250+1000,277,1,3.52E+02, long, Pentagon, Square, Square,850,1000, 
PAX33,19, F, 250+1000,278,0,4.28E+02, long, Parallelogram, Triangle, Triangle,750,1000, 
PAX33,19, F, 250+1000,279,1,9.82E+02, long, Square, Rhombus, Rhombus,550,1000, 
PAX33,19, F, 250+1000,280,0,4.18E+02, long, Pentagon, Parallelogram, Parallelogram,850,1000, 
PAX33,19, F, 250+1000,281,1,6.14E+02, short, Triangle, Circle, Circle,450,1000, 
PAX33,19, F, 250+1000,282,0,1.88E+03, short, Triangle, Circle, Circle,550,250, 
PAX33,19, F, 250+1000,283,0,5.21E+02, short, Square, Pentagon, Pentagon,550,250, 
PAX33,19, F, 250+1000,284,1,4.11E+02, short, Triangle, Square, Square,350,250, 
PAX33,19, F, 250+1000,285,1,4.85E+02, short, Square, Pentagon, Pentagon,250,1000, 
PAX33,19, F, 250+1000,286,0,4.37E+02, long, Triangle, Circle, Circle,850,1000, 
PAX33,19, F, 250+1000,287,0,5.13E+02, long, Pentagon, Circle, Circle,550,1000, 
PAX33,19, F, 250+1000,288,0,1.55E+03, long, Triangle, Parallelogram, Parallelogram,650,250, 
PAX33,19, F, 250+1000,289,0,3.67E+02, long, Parallelogram, Circle, Circle,850,250, 
PAX33,19, F, 250+1000,290,0,5.59E+02, short, Triangle, Circle, Circle,350,250, 
PAX33,19, F, 250+1000,291,0,4.45E+02, long, Triangle, Square, Square,750,1000, 
PAX33,19, F, 250+1000,292,1,1.63E+03, short, Pentagon, Circle, Circle,450,1000, 
PAX33,19, F, 250+1000,293,1,4.73E+02, short, Rhombus, Square, Square,350,1000, 
PAX33,19, F, 250+1000,294,0,3.65E+02, long, Triangle, Pentagon, Pentagon,850,1000, 
PAX33,19, F, 250+1000,295,1,3.89E+02, long, Parallelogram, Pentagon, Pentagon,750,250, 
PAX33,19, F, 250+1000,296,0,1.29E+03, short, Triangle, Parallelogram, Parallelogram,350,250, 
PAX33,19, F, 250+1000,297,0,4.60E+02, short, Triangle, Parallelogram, Parallelogram,350,1000, 
PAX33,19, F, 250+1000,298,1,4.54E+02, short, Pentagon, Rhombus, Rhombus,350,250, 
PAX33,19, F, 250+1000,299,0,3.69E+02, short, Square, Parallelogram, Parallelogram,250,1000, 
PAX33,19, F, 250+1000,300,1,3.89E+02, short, Circle, Triangle, Triangle,250,1000, 
PAX33,19, F, 250+1000,301,0,4.23E+02, short, Pentagon, Square, Square,450,250, 
PAX33,19, F, 250+1000,302,0,3.36E+02, short, Rhombus, Parallelogram, Parallelogram,250,1000, 
PAX33,19, F, 250+1000,303,0,4.17E+02, long, Rhombus, Pentagon, Pentagon,650,1000, 
PAX33,19, F, 250+1000,304,1,1.13E+03, long, Circle, Parallelogram, Parallelogram,650,250, 
PAX33,19, F, 250+1000,305,1,8.84E+02, long, Parallelogram, Square, Square,450,250, 
PAX33,19, F, 250+1000,306,1,6.10E+02, short, Rhombus, Circle, Circle,350,250, 
PAX33,19, F, 250+1000,307,1,5.48E+02, long, Triangle, Rhombus, Rhombus,750,250, 
PAX33,19, F, 250+1000,308,0,7.78E+02, long, Square, Rhombus, Rhombus,550,1000, 
PAX33,19, F, 250+1000,309,0,8.20E+02, long, Parallelogram, Square, Square,350,250, 
PAX33,19, F, 250+1000,310,1,4.00E+02, long, Rhombus, Parallelogram, Parallelogram,650,1000, 
PAX33,19, F, 250+1000,311,1,1.28E+03, long, Rhombus, Circle, Circle,450,250, 
PAX33,19, F, 250+1000,312,1,7.86E+02, long, Square, Pentagon, Pentagon,550,250, 
PAX33,19, F, 250+1000,313,0,6.18E+02, short, Circle, Parallelogram, Parallelogram,350,250, 
PAX33,19, F, 250+1000,314,1,3.40E+02, long, Rhombus, Square, Square,750,1000, 
PAX33,19, F, 250+1000,315,0,1.72E+03, long, Circle, Rhombus, Rhombus,850,250, 
PAX33,19, F, 250+1000,316,0,8.08E+02, short, Parallelogram, Circle, Circle,450,250, 
PAX33,19, F, 250+1000,317,0,3.84E+02, long, Square, Parallelogram, Parallelogram,850,1000, 
PAX33,19, F, 250+1000,318,1,6.22E+02, short, Pentagon, Square, Square,350,1000, 
PAX33,19, F, 250+1000,319,0,4.52E+02, short, Triangle, Parallelogram, Parallelogram,250,1000, 
PAX33,19, F, 250+1000,320,0,3.41E+03, long, Square, Pentagon, Pentagon,450,1000, 
PAX33,19, F, 250+1000,321,0,4.05E+02, long, Pentagon, Square, Square,750,250, 
PAX33,19, F, 250+1000,322,0,4.98E+02, short, Pentagon, Parallelogram, Parallelogram,550,1000, 
PAX33,19, F, 250+1000,323,1,4.23E+02, short, Circle, Triangle, Triangle,450,1000, 
PAX33,19, F, 250+1000,324,0,4.79E+02, short, Triangle, Square, Square,450,250, 
PAX33,19, F, 250+1000,325,0,4.83E+02, short, Circle, Triangle, Triangle,250,1000, 
PAX33,19, F, 250+1000,326,0,3.65E+02, long, Parallelogram, Triangle, Triangle,750,1000, 
PAX33,19, F, 250+1000,327,1,1.11E+03, long, Parallelogram, Pentagon, Pentagon,650,1000, 
PAX33,19, F, 250+1000,328,1,5.69E+02, short, Pentagon, Parallelogram, Parallelogram,250,250, 
PAX33,19, F, 250+1000,329,0,4.23E+02, short, Parallelogram, Rhombus, Rhombus,250,250, 
PAX33,19, F, 250+1000,330,0,4.77E+02, short, Pentagon, Triangle, Triangle,350,1000, 
PAX33,19, F, 250+1000,331,1,3.61E+02, long, Parallelogram, Triangle, Triangle,650,1000, 
PAX33,19, F, 250+1000,332,1,3.33E+02, long, Circle, Rhombus, Rhombus,850,1000, 
PAX33,19, F, 250+1000,333,1,4.97E+02, short, Pentagon, Square, Square,350,250, 
PAX33,19, F, 250+1000,334,0,3.98E+02, long, Parallelogram, Rhombus, Rhombus,850,250, 
PAX33,19, F, 250+1000,335,0,5.67E+02, short, Circle, Pentagon, Pentagon,350,250, 
PAX33,19, F, 250+1000,336,0,3.87E+02, long, Rhombus, Pentagon, Pentagon,750,1000, 
PAX33,19, F, 250+1000,337,0,2.05E+03, short, Square, Pentagon, Pentagon,350,1000, 
PAX33,19, F, 250+1000,338,0,4.04E+02, long, Triangle, Square, Triangle,650,250, 
PAX33,19, F, 250+1000,339,1,4.76E+02, short, Circle, Square, Circle,350,1000, 
PAX33,19, F, 250+1000,340,1,4.08E+02, short, Triangle, Rhombus, Triangle,550,250, 
PAX33,19, F, 250+1000,341,1,3.44E+02, long, Pentagon, Circle, Pentagon,850,250, 
PAX33,19, F, 250+1000,342,1,5.10E+02, long, Parallelogram, Rhombus, Parallelogram,750,250, 
PAX33,19, F, 250+1000,343,1,3.06E+02, long, Square, Rhombus, Square,750,1000, 
PAX33,19, F, 250+1000,344,1,3.32E+02, long, Pentagon, Square, Pentagon,850,250, 
PAX33,19, F, 250+1000,345,0,5.90E+02, short, Parallelogram, Rhombus, Parallelogram,450,250, 
PAX33,19, F, 250+1000,346,1,3.50E+02, long, Circle, Rhombus, Circle,850,250, 
PAX33,19, F, 250+1000,347,1,6.28E+02, short, Pentagon, Rhombus, Pentagon,450,1000, 
PAX33,19, F, 250+1000,348,0,5.72E+02, short, Square, Rhombus, Square,350,1000, 
PAX33,19, F, 250+1000,349,0,3.80E+02, short, Triangle, Parallelogram, Triangle,250,1000, 
PAX33,19, F, 250+1000,350,1,3.96E+02, long, Rhombus, Triangle, Rhombus,750,1000, 
PAX33,19, F, 250+1000,351,1,3.42E+02, long, Square, Rhombus, Square,750,1000, 
PAX33,19, F, 250+1000,352,1,4.98E+02, short, Parallelogram, Rhombus, Parallelogram,550,250, 
PAX33,19, F, 250+1000,353,1,8.42E+02, long, Rhombus, Parallelogram, Rhombus,850,250, 
PAX33,19, F, 250+1000,354,1,5.58E+02, long, Pentagon, Parallelogram, Pentagon,550,1000, 
PAX33,19, F, 250+1000,355,1,5.37E+02, short, Rhombus, Square, Rhombus,550,1000, 
PAX33,19, F, 250+1000,356,0,5.00E+02, short, Circle, Rhombus, Circle,750,250, 
PAX33,19, F, 250+1000,357,0,3.26E+02, short, Circle, Rhombus, Circle,650,250, 
PAX33,19, F, 250+1000,358,0,4.33E+02, short, Rhombus, Circle, Rhombus,550,250, 
PAX33,19, F, 250+1000,359,0,3.35E+02, short, Parallelogram, Circle, Parallelogram,450,250, 
PAX33,19, F, 250+1000,360,0,4.31E+02, long, Rhombus, Triangle, Rhombus,850,250, 
PAX33,19, F, 250+1000,361,0,3.16E+03, short, Circle, Pentagon, Circle,550,1000, 
PAX33,19, F, 250+1000,362,1,4.23E+02, short, Circle, Square, Circle,350,250, 
PAX33,19, F, 250+1000,363,1,7.25E+02, short, Square, Rhombus, Square,250,250, 
PAX33,19, F, 250+1000,364,0,3.63E+02, long, Square, Circle, Square,750,1000, 
PAX33,19, F, 250+1000,365,0,5.87E+02, long, Parallelogram, Rhombus, Parallelogram,550,1000, 
PAX33,19, F, 250+1000,366,1,4.79E+02, short, Square, Circle, Square,650,250, 
PAX33,19, F, 250+1000,367,1,3.33E+02, long, Circle, Square, Circle,850,1000, 
PAX33,19, F, 250+1000,368,0,5.61E+02, short, Square, Pentagon, Square,250,1000, 
PAX33,19, F, 250+1000,369,0,5.23E+02, short, Square, Triangle, Square,550,1000, 
PAX33,19, F, 250+1000,370,0,4.01E+02, short, Pentagon, Triangle, Pentagon,550,250, 
PAX33,19, F, 250+1000,371,1,1.27E+03, long, Square, Parallelogram, Square,750,250, 
PAX33,19, F, 250+1000,372,1,5.16E+02, long, Square, Pentagon, Square,750,250, 
PAX33,19, F, 250+1000,373,0,5.59E+02, long, Pentagon, Parallelogram, Pentagon,750,1000, 
PAX33,19, F, 250+1000,374,1,7.73E+02, short, Circle, Parallelogram, Circle,350,1000, 
PAX33,19, F, 250+1000,375,1,4.36E+02, short, Triangle, Square, Triangle,350,1000, 
PAX33,19, F, 250+1000,376,1,4.96E+02, short, Circle, Square, Circle,450,1000, 
PAX33,19, F, 250+1000,377,0,9.16E+02, long, Parallelogram, Rhombus, Parallelogram,650,1000, 
PAX33,19, F, 250+1000,378,1,5.58E+02, short, Square, Pentagon, Square,350,1000, 
PAX33,19, F, 250+1000,379,0,6.94E+03, short, Parallelogram, Circle, Parallelogram,650,1000, 
PAX33,19, F, 250+1000,380,1,1.08E+03, short, Rhombus, Triangle, Rhombus,350,250, 
PAX33,19, F, 250+1000,381,1,2.62E+03, short, Circle, Rhombus, Circle,250,250, 
PAX33,19, F, 250+1000,382,1,1.14E+03, long, Pentagon, Parallelogram, Parallelogram,750,250, 
PAX33,19, F, 250+1000,383,1,5.30E+02, long, Rhombus, Circle, Rhombus,750,1000, 
PAX33,19, F, 250+1000,384,1,4.40E+02, long, Rhombus, Circle, Circle,850,1000, 
PAX33,19, F, 250+1000,385,0,1.01E+03, long, Circle, Parallelogram, Circle,650,1000, 
PAX33,19, F, 250+1000,386,1,4.01E+02, long, Parallelogram, Triangle, Triangle,850,250, 
PAX33,19, F, 250+1000,387,1,5.75E+02, short, Triangle, Square, Square,450,250, 
PAX33,19, F, 250+1000,388,0,3.76E+02, long, Triangle, Rhombus, Rhombus,850,1000, 
PAX33,19, F, 250+1000,389,1,7.23E+02, short, Parallelogram, Rhombus, Rhombus,350,1000, 
PAX33,19, F, 250+1000,390,0,1.43E+03, short, Square, Circle, Circle,450,1000, 
PAX33,19, F, 250+1000,391,1,6.25E+02, short, Circle, Rhombus, Rhombus,250,1000, 
PAX33,19, F, 250+1000,392,1,4.87E+02, short, Parallelogram, Square, Square,250,1000, 
PAX33,19, F, 250+1000,393,1,7.99E+02, long, Circle, Parallelogram, Parallelogram,450,250, 
PAX33,19, F, 250+1000,394,0,7.11E+02, long, Parallelogram, Pentagon, Pentagon,650,250, 
PAX33,19, F, 250+1000,395,1,5.69E+02, long, Rhombus, Parallelogram, Parallelogram,550,1000, 
PAX33,19, F, 250+1000,396,1,5.67E+02, short, Rhombus, Square, Square,250,1000, 
PAX33,19, F, 250+1000,397,0,4.27E+02, short, Triangle, Circle, Circle,350,250, 
PAX33,19, F, 250+1000,398,0,4.83E+03, short, Pentagon, Circle, Circle,450,1000, 
PAX33,19, F, 250+1000,399,0,8.80E+02, long, Triangle, Square, Square,450,250, 
PAX33,19, F, 250+1000,400,1,3.42E+02, long, Rhombus, Parallelogram, Parallelogram,750,250, 
PAX33,19, F, 250+1000,401,1,3.41E+02, long, Triangle, Rhombus, Rhombus,750,1000, 
PAX33,19, F, 250+1000,402,1,3.99E+02, long, Square, Circle, Circle,850,250, 
PAX33,19, F, 250+1000,403,1,2.91E+02, long, Triangle, Pentagon, Pentagon,650,1000, 
PAX33,19, F, 250+1000,404,0,6.01E+02, short, Square, Rhombus, Rhombus,450,250, 
PAX33,19, F, 250+1000,405,0,5.30E+02, short, Triangle, Circle, Circle,250,250, 
PAX33,19, F, 250+1000,406,0,3.59E+02, short, Rhombus, Parallelogram, Parallelogram,250,1000, 
PAX33,19, F, 250+1000,407,1,3.87E+02, long, Triangle, Parallelogram, Parallelogram,650,1000, 
PAX33,19, F, 250+1000,408,0,4.93E+02, short, Rhombus, Square, Square,250,250, 
PAX33,19, F, 250+1000,409,1,9.16E+02, long, Triangle, Rhombus, Rhombus,350,1000, 
PAX33,19, F, 250+1000,410,1,5.22E+02, long, Rhombus, Square, Square,550,250, 
PAX33,19, F, 250+1000,411,1,5.94E+02, long, Triangle, Rhombus, Rhombus,350,250, 
PAX33,19, F, 250+1000,412,1,4.06E+02, long, Pentagon, Triangle, Triangle,650,250, 
PAX33,19, F, 250+1000,413,0,6.84E+02, long, Triangle, Square, Square,350,250, 
PAX33,19, F, 250+1000,414,0,3.56E+02, long, Rhombus, Triangle, Triangle,350,1000, 
PAX33,19, F, 250+1000,415,1,4.96E+02, short, Rhombus, Triangle, Triangle,250,1000, 
PAX33,19, F, 250+1000,416,0,3.18E+02, long, Circle, Rhombus, Rhombus,750,1000, 
PAX33,19, F, 250+1000,417,1,4.38E+02, short, Parallelogram, Square, Square,450,250, 
PAX33,19, F, 250+1000,418,0,3.44E+02, long, Square, Triangle, Triangle,850,1000, 
PAX33,19, F, 250+1000,419,0,3.50E+02, short, Triangle, Circle, Circle,450,250, 
PAX33,19, F, 250+1000,420,0,6.03E+02, short, Rhombus, Circle, Circle,250,250, 
