﻿Subject ID, Subject Age, Gender, Group, TrialNumber, Intended or Unintended Outcome, Reaction Time on Outcome Response, Response - Short or Long, Left Image Code, Right Image Code, Chosen Image Code, Objective Duration of Stimulus, Stimulus Delay,
PAX22,20, M, 250+1000,1,1,1.67E+03, short, Square, Circle, Square,550,1000, 
PAX22,20, M, 250+1000,2,1,4.74E+03, short, Pentagon, Triangle, Triangle,550,250, 
PAX22,20, M, 250+1000,3,0,1.74E+03, short, Square, Parallelogram, Square,750,250, 
PAX22,20, M, 250+1000,4,0,2.06E+03, long, Square, Triangle, Square,850,1000, 
PAX22,20, M, 250+1000,5,0,1.41E+03, short, Triangle, Circle, Triangle,450,250, 
PAX22,20, M, 250+1000,6,0,1.39E+03, short, Square, Circle, Circle,250,1000, 
PAX22,20, M, 250+1000,7,1,1.08E+03, long, Triangle, Circle, Triangle,750,1000, 
PAX22,20, M, 250+1000,8,0,1.40E+03, short, Rhombus, Square, Rhombus,250,1000, 
PAX22,20, M, 250+1000,9,1,9.50E+02, long, Triangle, Parallelogram, Triangle,850,1000, 
PAX22,20, M, 250+1000,10,0,1.42E+03, long, Circle, Pentagon, Pentagon,850,250, 
PAX22,20, M, 250+1000,11,0,1.49E+03, short, Square, Triangle, Square,350,1000, 
PAX22,20, M, 250+1000,12,0,1.44E+03, short, Parallelogram, Square, Parallelogram,350,250, 
PAX22,20, M, 250+1000,13,0,1.37E+03, short, Pentagon, Square, Pentagon,550,250, 
PAX22,20, M, 250+1000,14,1,1.10E+03, short, Square, Pentagon, Square,350,1000, 
PAX22,20, M, 250+1000,15,0,1.36E+03, short, Circle, Square, Circle,450,250, 
PAX22,20, M, 250+1000,16,1,1.40E+03, long, Circle, Triangle, Triangle,450,250, 
PAX22,20, M, 250+1000,17,1,1.18E+03, long, Parallelogram, Pentagon, Parallelogram,850,250, 
PAX22,20, M, 250+1000,18,1,1.56E+03, short, Square, Triangle, Square,550,1000, 
PAX22,20, M, 250+1000,19,1,1.53E+03, short, Parallelogram, Triangle, Triangle,250,250, 
PAX22,20, M, 250+1000,20,0,5.89E+03, short, Square, Rhombus, Square,450,1000, 
PAX22,20, M, 250+1000,21,0,1.80E+03, short, Circle, Square, Circle,550,250, 
PAX22,20, M, 250+1000,22,0,1.66E+03, short, Circle, Triangle, Circle,350,1000, 
PAX22,20, M, 250+1000,23,1,1.18E+03, long, Parallelogram, Circle, Circle,650,250, 
PAX22,20, M, 250+1000,24,1,2.48E+03, short, Pentagon, Parallelogram, Pentagon,450,250, 
PAX22,20, M, 250+1000,25,1,1.47E+03, long, Pentagon, Parallelogram, Parallelogram,550,1000, 
PAX22,20, M, 250+1000,26,0,1.55E+03, short, Rhombus, Triangle, Rhombus,250,250, 
PAX22,20, M, 250+1000,27,1,1.14E+03, short, Parallelogram, Triangle, Triangle,250,1000, 
PAX22,20, M, 250+1000,28,0,1.20E+03, short, Square, Triangle, Square,450,250, 
PAX22,20, M, 250+1000,29,1,1.10E+03, short, Rhombus, Triangle, Rhombus,450,1000, 
PAX22,20, M, 250+1000,30,0,1.24E+03, short, Parallelogram, Pentagon, Pentagon,250,1000, 
PAX22,20, M, 250+1000,31,1,8.80E+02, long, Pentagon, Square, Pentagon,850,250, 
PAX22,20, M, 250+1000,32,0,1.30E+03, long, Parallelogram, Square, Square,550,250, 
PAX22,20, M, 250+1000,33,1,9.62E+02, long, Parallelogram, Rhombus, Parallelogram,750,250, 
PAX22,20, M, 250+1000,34,0,1.43E+03, long, Pentagon, Circle, Circle,750,250, 
PAX22,20, M, 250+1000,35,0,1.13E+03, short, Rhombus, Circle, Rhombus,250,1000, 
PAX22,20, M, 250+1000,36,0,1.11E+03, short, Circle, Rhombus, Circle,450,1000, 
PAX22,20, M, 250+1000,37,0,1.21E+03, short, Pentagon, Rhombus, Rhombus,350,250, 
PAX22,20, M, 250+1000,38,0,1.05E+03, short, Pentagon, Rhombus, Pentagon,350,250, 
PAX22,20, M, 250+1000,39,1,1.10E+03, long, Square, Rhombus, Square,650,250, 
PAX22,20, M, 250+1000,40,0,1.29E+03, long, Square, Triangle, Triangle,450,1000, 
PAX22,20, M, 250+1000,41,1,1.05E+03, long, Pentagon, Parallelogram, Pentagon,850,250, 
PAX22,20, M, 250+1000,42,1,2.35E+03, short, Triangle, Circle, Triangle,750,250, 
PAX22,20, M, 250+1000,43,1,1.29E+03, short, Triangle, Rhombus, Rhombus,350,1000, 
PAX22,20, M, 250+1000,44,1,1.23E+03, short, Circle, Rhombus, Circle,350,1000, 
PAX22,20, M, 250+1000,45,1,9.34E+02, long, Rhombus, Square, Square,850,250, 
PAX22,20, M, 250+1000,46,1,8.49E+02, long, Parallelogram, Triangle, Parallelogram,850,250, 
PAX22,20, M, 250+1000,47,1,4.09E+03, long, Circle, Pentagon, Circle,550,1000, 
PAX22,20, M, 250+1000,48,1,1.04E+03, long, Parallelogram, Pentagon, Pentagon,850,250, 
PAX22,20, M, 250+1000,49,1,3.93E+03, long, Square, Circle, Square,550,250, 
PAX22,20, M, 250+1000,50,0,1.05E+03, long, Pentagon, Circle, Pentagon,750,250, 
PAX22,20, M, 250+1000,51,0,1.35E+03, short, Circle, Rhombus, Circle,250,1000, 
PAX22,20, M, 250+1000,52,0,1.22E+03, long, Square, Parallelogram, Square,650,250, 
PAX22,20, M, 250+1000,53,0,7.32E+02, long, Parallelogram, Triangle, Triangle,850,1000, 
PAX22,20, M, 250+1000,54,1,8.74E+02, long, Pentagon, Rhombus, Pentagon,850,1000, 
PAX22,20, M, 250+1000,55,1,8.96E+02, long, Triangle, Pentagon, Triangle,750,250, 
PAX22,20, M, 250+1000,56,0,9.74E+02, long, Triangle, Parallelogram, Triangle,850,250, 
PAX22,20, M, 250+1000,57,0,9.86E+02, long, Rhombus, Square, Rhombus,750,1000, 
PAX22,20, M, 250+1000,58,0,1.06E+03, short, Triangle, Circle, Circle,350,1000, 
PAX22,20, M, 250+1000,59,0,1.03E+03, long, Square, Parallelogram, Square,550,1000, 
PAX22,20, M, 250+1000,60,0,1.24E+03, long, Triangle, Circle, Circle,750,1000, 
PAX22,20, M, 250+1000,61,0,1.37E+03, long, Parallelogram, Circle, Parallelogram,850,1000, 
PAX22,20, M, 250+1000,62,0,1.58E+03, long, Triangle, Parallelogram, Parallelogram,750,1000, 
PAX22,20, M, 250+1000,63,0,1.21E+03, short, Triangle, Pentagon, Triangle,450,250, 
PAX22,20, M, 250+1000,64,0,1.29E+03, short, Triangle, Parallelogram, Parallelogram,450,1000, 
PAX22,20, M, 250+1000,65,1,9.71E+02, short, Triangle, Parallelogram, Triangle,250,1000, 
PAX22,20, M, 250+1000,66,0,9.65E+02, long, Square, Parallelogram, Parallelogram,850,250, 
PAX22,20, M, 250+1000,67,0,1.05E+03, long, Square, Pentagon, Square,850,1000, 
PAX22,20, M, 250+1000,68,0,1.67E+03, long, Rhombus, Triangle, Triangle,750,1000, 
PAX22,20, M, 250+1000,69,0,1.02E+03, long, Triangle, Pentagon, Triangle,850,250, 
PAX22,20, M, 250+1000,70,1,1.11E+03, short, Parallelogram, Circle, Parallelogram,650,1000, 
PAX22,20, M, 250+1000,71,1,1.17E+03, short, Triangle, Circle, Triangle,350,250, 
PAX22,20, M, 250+1000,72,1,1.20E+03, long, Rhombus, Square, Square,850,1000, 
PAX22,20, M, 250+1000,73,1,8.45E+02, long, Pentagon, Rhombus, Pentagon,850,250, 
PAX22,20, M, 250+1000,74,1,1.01E+03, long, Parallelogram, Square, Square,750,1000, 
PAX22,20, M, 250+1000,75,0,1.42E+03, long, Rhombus, Circle, Rhombus,550,250, 
PAX22,20, M, 250+1000,76,0,1.02E+03, short, Parallelogram, Pentagon, Parallelogram,550,1000, 
PAX22,20, M, 250+1000,77,1,1.28E+03, short, Triangle, Square, Square,250,1000, 
PAX22,20, M, 250+1000,78,0,1.38E+03, long, Circle, Pentagon, Circle,650,250, 
PAX22,20, M, 250+1000,79,0,1.27E+03, short, Triangle, Rhombus, Triangle,450,250, 
PAX22,20, M, 250+1000,80,0,1.59E+03, long, Circle, Pentagon, Pentagon,450,250, 
PAX22,20, M, 250+1000,81,0,1.11E+03, short, Rhombus, Circle, Rhombus,350,1000, 
PAX22,20, M, 250+1000,82,0,1.17E+03, long, Parallelogram, Pentagon, Parallelogram,850,250, 
PAX22,20, M, 250+1000,83,1,9.55E+02, long, Parallelogram, Rhombus, Rhombus,450,250, 
PAX22,20, M, 250+1000,84,1,8.89E+02, long, Rhombus, Parallelogram, Rhombus,850,1000, 
PAX22,20, M, 250+1000,85,1,1.30E+03, long, Rhombus, Circle, Rhombus,450,1000, 
PAX22,20, M, 250+1000,86,0,1.47E+03, short, Rhombus, Triangle, Rhombus,250,250, 
PAX22,20, M, 250+1000,87,1,2.16E+03, short, Square, Triangle, Square,250,250, 
PAX22,20, M, 250+1000,88,1,1.86E+03, long, Square, Circle, Square,650,250, 
PAX22,20, M, 250+1000,89,0,1.08E+03, short, Square, Triangle, Triangle,250,250, 
PAX22,20, M, 250+1000,90,0,1.20E+03, long, Circle, Parallelogram, Circle,650,1000, 
PAX22,20, M, 250+1000,91,0,1.20E+03, long, Parallelogram, Circle, Circle,650,250, 
PAX22,20, M, 250+1000,92,0,1.65E+03, long, Triangle, Pentagon, Triangle,750,1000, 
PAX22,20, M, 250+1000,93,1,1.43E+03, short, Rhombus, Parallelogram, Rhombus,250,1000, 
PAX22,20, M, 250+1000,94,1,2.01E+03, long, Square, Pentagon, Square,750,1000, 
PAX22,20, M, 250+1000,95,1,8.94E+02, long, Triangle, Parallelogram, Triangle,850,1000, 
PAX22,20, M, 250+1000,96,1,1.52E+03, long, Parallelogram, Square, Parallelogram,750,1000, 
PAX22,20, M, 250+1000,97,0,1.32E+03, long, Rhombus, Square, Rhombus,450,1000, 
PAX22,20, M, 250+1000,98,1,1.21E+03, short, Pentagon, Triangle, Pentagon,550,250, 
PAX22,20, M, 250+1000,99,1,1.08E+03, long, Rhombus, Parallelogram, Rhombus,750,1000, 
PAX22,20, M, 250+1000,100,0,8.61E+02, long, Circle, Triangle, Triangle,750,250, 
PAX22,20, M, 250+1000,101,0,9.54E+02, long, Parallelogram, Pentagon, Parallelogram,850,250, 
PAX22,20, M, 250+1000,102,1,1.46E+03, short, Pentagon, Circle, Pentagon,450,1000, 
PAX22,20, M, 250+1000,103,1,1.30E+03, short, Square, Parallelogram, Square,450,250, 
PAX22,20, M, 250+1000,104,0,1.22E+03, long, Square, Triangle, Triangle,650,250, 
PAX22,20, M, 250+1000,105,1,1.13E+03, short, Circle, Pentagon, Circle,250,250, 
PAX22,20, M, 250+1000,106,0,7.34E+02, long, Rhombus, Parallelogram, Rhombus,750,250, 
PAX22,20, M, 250+1000,107,1,7.89E+02, long, Square, Rhombus, Square,750,1000, 
PAX22,20, M, 250+1000,108,1,7.78E+02, long, Parallelogram, Rhombus, Parallelogram,850,250, 
PAX22,20, M, 250+1000,109,0,9.24E+02, long, Circle, Triangle, Circle,650,250, 
PAX22,20, M, 250+1000,110,0,1.12E+03, short, Square, Pentagon, Pentagon,350,250, 
PAX22,20, M, 250+1000,111,1,1.13E+03, short, Pentagon, Circle, Pentagon,350,1000, 
PAX22,20, M, 250+1000,112,1,9.10E+02, long, Triangle, Rhombus, Triangle,650,1000, 
PAX22,20, M, 250+1000,113,1,9.42E+02, long, Square, Circle, Circle,550,1000, 
PAX22,20, M, 250+1000,114,1,8.14E+02, long, Parallelogram, Rhombus, Parallelogram,750,1000, 
PAX22,20, M, 250+1000,115,1,7.13E+02, long, Triangle, Circle, Triangle,650,250, 
PAX22,20, M, 250+1000,116,0,1.32E+03, short, Parallelogram, Rhombus, Rhombus,450,1000, 
PAX22,20, M, 250+1000,117,1,9.21E+02, short, Pentagon, Triangle, Pentagon,550,250, 
PAX22,20, M, 250+1000,118,1,1.14E+03, long, Circle, Parallelogram, Parallelogram,550,1000, 
PAX22,20, M, 250+1000,119,1,3.60E+03, long, Circle, Rhombus, Rhombus,550,1000, 
PAX22,20, M, 250+1000,120,0,1.22E+03, short, Parallelogram, Pentagon, Parallelogram,250,250, 
PAX22,20, M, 250+1000,121,0,1.08E+03, long, Square, Triangle, Triangle,550,1000, 
PAX22,20, M, 250+1000,122,1,1.31E+03, long, Circle, Parallelogram, Circle,650,250, 
PAX22,20, M, 250+1000,123,1,9.92E+02, long, Rhombus, Square, Rhombus,550,250, 
PAX22,20, M, 250+1000,124,0,9.47E+02, long, Rhombus, Triangle, Triangle,850,1000, 
PAX22,20, M, 250+1000,125,0,9.93E+02, short, Circle, Rhombus, Circle,350,250, 
PAX22,20, M, 250+1000,126,0,9.92E+02, short, Pentagon, Rhombus, Rhombus,350,1000, 
PAX22,20, M, 250+1000,127,1,7.76E+02, long, Parallelogram, Pentagon, Parallelogram,850,250, 
PAX22,20, M, 250+1000,128,0,7.96E+02, long, Triangle, Square, Triangle,850,1000, 
PAX22,20, M, 250+1000,129,1,1.08E+03, short, Triangle, Circle, Triangle,250,250, 
PAX22,20, M, 250+1000,130,1,1.28E+03, short, Parallelogram, Circle, Parallelogram,650,250, 
PAX22,20, M, 250+1000,131,1,1.11E+03, short, Circle, Rhombus, Rhombus,350,250, 
PAX22,20, M, 250+1000,132,0,9.36E+02, short, Parallelogram, Rhombus, Parallelogram,350,1000, 
PAX22,20, M, 250+1000,133,1,1.20E+03, short, Square, Rhombus, Square,250,1000, 
PAX22,20, M, 250+1000,134,0,9.12E+02, long, Rhombus, Triangle, Triangle,550,1000, 
PAX22,20, M, 250+1000,135,1,1.51E+03, short, Rhombus, Triangle, Rhombus,550,250, 
PAX22,20, M, 250+1000,136,1,1.12E+03, long, Rhombus, Square, Square,650,1000, 
PAX22,20, M, 250+1000,137,1,9.33E+02, long, Circle, Pentagon, Circle,550,250, 
PAX22,20, M, 250+1000,138,0,1.12E+03, long, Parallelogram, Circle, Circle,650,1000, 
PAX22,20, M, 250+1000,139,0,2.23E+03, short, Square, Circle, Square,750,250, 
PAX22,20, M, 250+1000,140,0,1.32E+03, short, Square, Rhombus, Square,350,1000, 
PAX22,20, M, 250+1000,141,1,1.02E+03, long, Triangle, Rhombus, Rhombus,850,1000, 
PAX22,20, M, 250+1000,142,1,1.26E+03, long, Circle, Triangle, Circle,550,250, 
PAX22,20, M, 250+1000,143,1,1.21E+03, long, Square, Circle, Square,650,1000, 
PAX22,20, M, 250+1000,144,1,1.22E+03, short, Square, Pentagon, Pentagon,350,250, 
PAX22,20, M, 250+1000,145,0,1.17E+03, short, Square, Parallelogram, Square,550,1000, 
PAX22,20, M, 250+1000,146,1,1.06E+03, short, Pentagon, Triangle, Pentagon,350,250, 
PAX22,20, M, 250+1000,147,0,1.16E+03, long, Rhombus, Parallelogram, Parallelogram,650,1000, 
PAX22,20, M, 250+1000,148,1,1.13E+03, long, Triangle, Pentagon, Triangle,550,250, 
PAX22,20, M, 250+1000,149,0,1.16E+03, short, Pentagon, Parallelogram, Parallelogram,250,1000, 
PAX22,20, M, 250+1000,150,0,1.26E+03, long, Parallelogram, Square, Parallelogram,550,250, 
PAX22,20, M, 250+1000,151,0,9.89E+02, long, Pentagon, Square, Pentagon,550,250, 
PAX22,20, M, 250+1000,152,1,1.01E+03, short, Square, Pentagon, Square,350,250, 
PAX22,20, M, 250+1000,153,0,8.17E+02, long, Pentagon, Circle, Circle,550,1000, 
PAX22,20, M, 250+1000,154,0,2.02E+03, long, Circle, Square, Circle,450,1000, 
PAX22,20, M, 250+1000,155,0,9.68E+02, long, Rhombus, Pentagon, Rhombus,650,1000, 
PAX22,20, M, 250+1000,156,1,1.21E+03, short, Rhombus, Triangle, Rhombus,350,1000, 
PAX22,20, M, 250+1000,157,1,1.32E+03, long, Circle, Triangle, Circle,450,1000, 
PAX22,20, M, 250+1000,158,0,1.20E+03, long, Pentagon, Square, Pentagon,650,250, 
PAX22,20, M, 250+1000,159,1,1.15E+03, long, Square, Triangle, Square,650,1000, 
PAX22,20, M, 250+1000,160,1,9.02E+02, long, Circle, Rhombus, Rhombus,650,250, 
PAX22,20, M, 250+1000,161,1,1.13E+03, short, Square, Pentagon, Square,250,1000, 
PAX22,20, M, 250+1000,162,1,1.08E+03, short, Pentagon, Parallelogram, Parallelogram,250,250, 
PAX22,20, M, 250+1000,163,0,1.03E+03, short, Rhombus, Pentagon, Rhombus,350,250, 
PAX22,20, M, 250+1000,164,1,8.59E+02, long, Pentagon, Parallelogram, Parallelogram,750,1000, 
PAX22,20, M, 250+1000,165,0,8.61E+02, short, Pentagon, Rhombus, Pentagon,350,1000, 
PAX22,20, M, 250+1000,166,1,9.93E+02, long, Pentagon, Parallelogram, Parallelogram,450,1000, 
PAX22,20, M, 250+1000,167,1,9.11E+02, short, Triangle, Rhombus, Triangle,250,1000, 
PAX22,20, M, 250+1000,168,1,9.69E+02, long, Pentagon, Triangle, Triangle,550,1000, 
PAX22,20, M, 250+1000,169,1,1.11E+03, short, Rhombus, Triangle, Rhombus,350,250, 
PAX22,20, M, 250+1000,170,0,9.72E+02, short, Pentagon, Square, Pentagon,350,250, 
PAX22,20, M, 250+1000,171,1,1.11E+03, short, Rhombus, Triangle, Rhombus,350,1000, 
PAX22,20, M, 250+1000,172,0,7.88E+02, long, Pentagon, Square, Pentagon,650,250, 
PAX22,20, M, 250+1000,173,0,9.38E+02, long, Parallelogram, Circle, Parallelogram,550,1000, 
PAX22,20, M, 250+1000,174,1,9.96E+02, long, Pentagon, Circle, Circle,350,1000, 
PAX22,20, M, 250+1000,175,0,8.56E+02, long, Pentagon, Rhombus, Pentagon,550,250, 
PAX22,20, M, 250+1000,176,1,9.11E+02, long, Parallelogram, Rhombus, Parallelogram,450,250, 
PAX22,20, M, 250+1000,177,1,6.46E+02, long, Rhombus, Circle, Circle,750,250, 
PAX22,20, M, 250+1000,178,0,9.41E+02, short, Circle, Rhombus, Circle,250,250, 
PAX22,20, M, 250+1000,179,0,9.92E+02, long, Pentagon, Square, Pentagon,350,1000, 
PAX22,20, M, 250+1000,180,1,7.89E+02, long, Rhombus, Circle, Rhombus,450,250, 
PAX22,20, M, 250+1000,181,1,7.61E+02, long, Triangle, Rhombus, Rhombus,550,1000, 
PAX22,20, M, 250+1000,182,1,1.19E+03, short, Rhombus, Pentagon, Rhombus,250,250, 
PAX22,20, M, 250+1000,183,0,7.01E+02, long, Triangle, Square, Triangle,650,1000, 
PAX22,20, M, 250+1000,184,0,1.01E+03, short, Circle, Square, Square,250,250, 
PAX22,20, M, 250+1000,185,1,8.25E+02, long, Parallelogram, Rhombus, Parallelogram,350,250, 
PAX22,20, M, 250+1000,186,1,5.93E+02, long, Circle, Triangle, Triangle,750,1000, 
PAX22,20, M, 250+1000,187,0,8.56E+02, short, Parallelogram, Rhombus, Rhombus,250,1000, 
PAX22,20, M, 250+1000,188,0,8.07E+02, short, Rhombus, Pentagon, Rhombus,250,250, 
PAX22,20, M, 250+1000,189,0,1.26E+03, short, Pentagon, Triangle, Triangle,250,1000, 
PAX22,20, M, 250+1000,190,0,6.62E+02, long, Pentagon, Square, Pentagon,750,250, 
PAX22,20, M, 250+1000,191,1,7.14E+02, long, Square, Parallelogram, Parallelogram,850,250, 
PAX22,20, M, 250+1000,192,0,6.18E+02, long, Rhombus, Parallelogram, Rhombus,850,250, 
PAX22,20, M, 250+1000,193,0,7.74E+02, long, Square, Parallelogram, Parallelogram,450,250, 
PAX22,20, M, 250+1000,194,0,8.16E+02, long, Square, Circle, Square,450,1000, 
PAX22,20, M, 250+1000,195,1,8.88E+02, short, Triangle, Pentagon, Pentagon,450,250, 
PAX22,20, M, 250+1000,196,0,1.05E+03, short, Triangle, Square, Triangle,550,250, 
PAX22,20, M, 250+1000,197,0,1.06E+03, long, Circle, Pentagon, Pentagon,550,250, 
PAX22,20, M, 250+1000,198,0,8.88E+02, long, Pentagon, Parallelogram, Pentagon,650,1000, 
PAX22,20, M, 250+1000,199,1,9.52E+02, long, Square, Rhombus, Rhombus,450,1000, 
PAX22,20, M, 250+1000,200,0,8.97E+02, short, Parallelogram, Pentagon, Parallelogram,350,250, 
PAX22,20, M, 250+1000,201,0,7.67E+02, long, Triangle, Parallelogram, Parallelogram,850,1000, 
PAX22,20, M, 250+1000,202,1,8.97E+02, long, Circle, Square, Circle,450,1000, 
PAX22,20, M, 250+1000,203,1,8.83E+02, short, Rhombus, Parallelogram, Rhombus,350,250, 
PAX22,20, M, 250+1000,204,0,9.77E+02, short, Rhombus, Parallelogram, Rhombus,250,1000, 
PAX22,20, M, 250+1000,205,1,1.13E+03, short, Parallelogram, Triangle, Parallelogram,350,1000, 
PAX22,20, M, 250+1000,206,0,9.41E+02, short, Circle, Pentagon, Circle,250,250, 
PAX22,20, M, 250+1000,207,1,8.27E+02, short, Pentagon, Triangle, Pentagon,250,1000, 
PAX22,20, M, 250+1000,208,1,6.55E+02, long, Triangle, Parallelogram, Triangle,750,250, 
PAX22,20, M, 250+1000,209,0,1.33E+03, long, Rhombus, Circle, Rhombus,350,1000, 
PAX22,20, M, 250+1000,210,0,6.35E+02, long, Triangle, Parallelogram, Parallelogram,850,1000, 
PAX22,20, M, 250+1000,211,1,1.04E+03, long, Circle, Triangle, Circle,750,1000, 
PAX22,20, M, 250+1000,212,0,8.06E+02, long, Triangle, Circle, Triangle,650,250, 
PAX22,20, M, 250+1000,213,1,6.94E+02, long, Rhombus, Square, Square,750,250, 
PAX22,20, M, 250+1000,214,1,6.94E+02, long, Circle, Triangle, Circle,550,1000, 
PAX22,20, M, 250+1000,215,1,9.32E+02, long, Circle, Pentagon, Pentagon,750,250, 
PAX22,20, M, 250+1000,216,0,6.80E+02, long, Pentagon, Rhombus, Pentagon,850,1000, 
PAX22,20, M, 250+1000,217,0,1.18E+03, long, Pentagon, Triangle, Triangle,850,1000, 
PAX22,20, M, 250+1000,218,1,8.47E+02, short, Circle, Parallelogram, Circle,250,250, 
PAX22,20, M, 250+1000,219,1,9.29E+02, long, Pentagon, Triangle, Triangle,450,250, 
PAX22,20, M, 250+1000,220,0,8.15E+02, long, Square, Pentagon, Square,450,250, 
PAX22,20, M, 250+1000,221,1,7.44E+02, long, Square, Circle, Circle,850,250, 
PAX22,20, M, 250+1000,222,0,7.81E+02, long, Square, Triangle, Square,550,1000, 
PAX22,20, M, 250+1000,223,0,6.31E+02, long, Square, Triangle, Square,750,1000, 
PAX22,20, M, 250+1000,224,1,6.11E+02, long, Square, Parallelogram, Square,850,1000, 
PAX22,20, M, 250+1000,225,1,6.55E+02, long, Parallelogram, Pentagon, Pentagon,650,250, 
PAX22,20, M, 250+1000,226,0,7.47E+02, long, Parallelogram, Rhombus, Parallelogram,850,1000, 
PAX22,20, M, 250+1000,227,0,1.13E+03, long, Pentagon, Triangle, Triangle,550,250, 
PAX22,20, M, 250+1000,228,0,9.16E+02, long, Pentagon, Rhombus, Pentagon,850,1000, 
PAX22,20, M, 250+1000,229,1,8.28E+02, short, Rhombus, Circle, Rhombus,450,250, 
PAX22,20, M, 250+1000,230,1,8.54E+02, short, Circle, Square, Circle,350,250, 
PAX22,20, M, 250+1000,231,1,7.36E+02, long, Circle, Square, Circle,450,1000, 
PAX22,20, M, 250+1000,232,0,9.60E+02, short, Pentagon, Circle, Pentagon,650,1000, 
PAX22,20, M, 250+1000,233,0,6.46E+02, long, Rhombus, Triangle, Triangle,850,1000, 
PAX22,20, M, 250+1000,234,0,7.58E+02, long, Rhombus, Square, Rhombus,750,1000, 
PAX22,20, M, 250+1000,235,0,8.78E+02, short, Parallelogram, Triangle, Triangle,350,250, 
PAX22,20, M, 250+1000,236,1,8.56E+02, short, Pentagon, Circle, Pentagon,450,250, 
PAX22,20, M, 250+1000,237,0,1.17E+03, long, Circle, Triangle, Triangle,750,250, 
PAX22,20, M, 250+1000,238,1,1.15E+03, short, Circle, Pentagon, Circle,450,250, 
PAX22,20, M, 250+1000,239,1,8.38E+02, long, Triangle, Pentagon, Triangle,550,1000, 
PAX22,20, M, 250+1000,240,1,2.34E+03, long, Rhombus, Parallelogram, Parallelogram,550,1000, 
PAX22,20, M, 250+1000,241,0,9.21E+02, long, Rhombus, Pentagon, Rhombus,350,1000, 
PAX22,20, M, 250+1000,242,0,6.59E+02, long, Triangle, Rhombus, Triangle,750,250, 
PAX22,20, M, 250+1000,243,0,7.25E+02, long, Circle, Triangle, Circle,550,250, 
PAX22,20, M, 250+1000,244,1,7.47E+02, short, Triangle, Square, Triangle,250,1000, 
PAX22,20, M, 250+1000,245,0,1.49E+03, long, Pentagon, Circle, Circle,750,250, 
PAX22,20, M, 250+1000,246,1,8.35E+02, long, Rhombus, Triangle, Rhombus,450,250, 
PAX22,20, M, 250+1000,247,1,7.24E+02, long, Parallelogram, Square, Square,650,250, 
PAX22,20, M, 250+1000,248,0,7.53E+02, long, Circle, Rhombus, Circle,550,1000, 
PAX22,20, M, 250+1000,249,1,7.03E+02, long, Square, Pentagon, Pentagon,650,1000, 
PAX22,20, M, 250+1000,250,0,6.13E+02, long, Parallelogram, Triangle, Parallelogram,850,250, 
PAX22,20, M, 250+1000,251,1,8.50E+02, short, Pentagon, Triangle, Triangle,250,1000, 
PAX22,20, M, 250+1000,252,1,7.48E+02, long, Rhombus, Circle, Rhombus,850,250, 
PAX22,20, M, 250+1000,253,0,9.69E+02, long, Rhombus, Parallelogram, Rhombus,750,250, 
PAX22,20, M, 250+1000,254,1,9.23E+02, long, Parallelogram, Rhombus, Rhombus,350,1000, 
PAX22,20, M, 250+1000,255,0,8.57E+02, short, Triangle, Square, Square,350,250, 
PAX22,20, M, 250+1000,256,0,6.69E+02, long, Circle, Parallelogram, Parallelogram,650,250, 
PAX22,20, M, 250+1000,257,1,6.95E+02, long, Parallelogram, Circle, Parallelogram,650,1000, 
PAX22,20, M, 250+1000,258,0,1.11E+03, long, Square, Rhombus, Square,550,1000, 
PAX22,20, M, 250+1000,259,0,1.06E+03, long, Triangle, Parallelogram, Triangle,550,250, 
PAX22,20, M, 250+1000,260,1,1.52E+03, long, Rhombus, Square, Rhombus,850,1000, 
PAX22,20, M, 250+1000,261,0,1.06E+03, short, Circle, Triangle, Circle,350,250, 
PAX22,20, M, 250+1000,262,0,6.20E+02, long, Triangle, Circle, Triangle,650,250, 
PAX22,20, M, 250+1000,263,0,7.47E+02, long, Parallelogram, Circle, Circle,850,1000, 
PAX22,20, M, 250+1000,264,1,7.82E+02, long, Circle, Square, Circle,850,1000, 
PAX22,20, M, 250+1000,265,1,9.70E+02, long, Parallelogram, Circle, Circle,350,250, 
PAX22,20, M, 250+1000,266,0,1.33E+03, long, Pentagon, Parallelogram, Pentagon,250,1000, 
PAX22,20, M, 250+1000,267,0,6.60E+02, long, Rhombus, Circle, Rhombus,750,1000, 
PAX22,20, M, 250+1000,268,0,8.04E+02, long, Triangle, Pentagon, Pentagon,550,1000, 
PAX22,20, M, 250+1000,269,1,7.40E+02, long, Square, Rhombus, Square,750,1000, 
PAX22,20, M, 250+1000,270,0,7.79E+02, long, Pentagon, Square, Pentagon,550,250, 
PAX22,20, M, 250+1000,271,1,8.27E+02, short, Square, Circle, Circle,350,250, 
PAX22,20, M, 250+1000,272,1,7.31E+02, long, Pentagon, Triangle, Pentagon,750,1000, 
PAX22,20, M, 250+1000,273,1,7.93E+02, short, Pentagon, Parallelogram, Pentagon,250,1000, 
PAX22,20, M, 250+1000,274,1,7.71E+02, long, Square, Parallelogram, Parallelogram,850,1000, 
PAX22,20, M, 250+1000,275,0,1.04E+03, long, Circle, Square, Circle,450,250, 
PAX22,20, M, 250+1000,276,0,1.05E+03, short, Rhombus, Circle, Circle,550,250, 
PAX22,20, M, 250+1000,277,1,7.85E+02, long, Pentagon, Rhombus, Pentagon,550,250, 
PAX22,20, M, 250+1000,278,1,8.03E+02, long, Pentagon, Circle, Circle,450,1000, 
PAX22,20, M, 250+1000,279,0,8.85E+02, short, Rhombus, Pentagon, Rhombus,250,250, 
PAX22,20, M, 250+1000,280,1,6.37E+02, long, Square, Rhombus, Rhombus,550,1000, 
PAX22,20, M, 250+1000,281,0,7.45E+02, long, Circle, Pentagon, Circle,550,1000, 
PAX22,20, M, 250+1000,282,1,6.75E+02, long, Rhombus, Pentagon, Pentagon,750,250, 
PAX22,20, M, 250+1000,283,0,8.78E+02, long, Circle, Rhombus, Circle,550,1000, 
PAX22,20, M, 250+1000,284,0,8.58E+02, short, Square, Parallelogram, Parallelogram,450,250, 
PAX22,20, M, 250+1000,285,1,8.72E+02, long, Triangle, Circle, Triangle,850,250, 
PAX22,20, M, 250+1000,286,0,9.02E+02, short, Parallelogram, Square, Square,250,1000, 
PAX22,20, M, 250+1000,287,1,8.54E+02, short, Pentagon, Square, Pentagon,350,250, 
PAX22,20, M, 250+1000,288,0,7.64E+02, long, Square, Parallelogram, Square,450,1000, 
PAX22,20, M, 250+1000,289,0,6.70E+02, long, Square, Pentagon, Square,650,1000, 
PAX22,20, M, 250+1000,290,1,7.12E+02, long, Pentagon, Circle, Circle,550,250, 
PAX22,20, M, 250+1000,291,0,8.96E+02, long, Pentagon, Triangle, Pentagon,350,1000, 
PAX22,20, M, 250+1000,292,1,7.96E+02, long, Rhombus, Triangle, Rhombus,650,1000, 
PAX22,20, M, 250+1000,293,1,8.48E+02, long, Triangle, Square, Square,350,1000, 
PAX22,20, M, 250+1000,294,1,8.97E+02, short, Square, Rhombus, Square,350,250, 
PAX22,20, M, 250+1000,295,1,6.79E+02, long, Rhombus, Square, Square,550,250, 
PAX22,20, M, 250+1000,296,0,7.63E+02, long, Pentagon, Rhombus, Pentagon,850,250, 
PAX22,20, M, 250+1000,297,0,1.43E+03, short, Triangle, Parallelogram, Parallelogram,250,250, 
PAX22,20, M, 250+1000,298,1,1.07E+03, short, Rhombus, Square, Rhombus,250,250, 
PAX22,20, M, 250+1000,299,0,6.19E+02, long, Triangle, Rhombus, Triangle,750,1000, 
PAX22,20, M, 250+1000,300,0,8.19E+02, long, Rhombus, Parallelogram, Rhombus,550,250, 
PAX22,20, M, 250+1000,301,0,2.49E+03, short, Rhombus, Parallelogram, Rhombus,250,250, 
PAX22,20, M, 250+1000,302,1,9.47E+02, short, Circle, Triangle, Circle,250,1000, 
PAX22,20, M, 250+1000,303,1,6.48E+02, long, Parallelogram, Triangle, Parallelogram,750,250, 
PAX22,20, M, 250+1000,304,0,8.74E+02, short, Circle, Parallelogram, Circle,450,1000, 
PAX22,20, M, 250+1000,305,1,6.57E+02, long, Triangle, Square, Triangle,650,1000, 
PAX22,20, M, 250+1000,306,0,9.34E+02, long, Parallelogram, Circle, Parallelogram,350,1000, 
PAX22,20, M, 250+1000,307,1,1.40E+03, short, Triangle, Pentagon, Triangle,350,1000, 
PAX22,20, M, 250+1000,308,1,9.80E+02, long, Pentagon, Circle, Circle,750,250, 
PAX22,20, M, 250+1000,309,0,1.13E+03, long, Square, Rhombus, Square,350,250, 
PAX22,20, M, 250+1000,310,1,7.40E+02, long, Parallelogram, Pentagon, Pentagon,550,250, 
PAX22,20, M, 250+1000,311,1,7.78E+02, long, Parallelogram, Triangle, Parallelogram,650,1000, 
PAX22,20, M, 250+1000,312,1,6.67E+02, long, Circle, Square, Square,750,250, 
PAX22,20, M, 250+1000,313,0,1.50E+03, long, Circle, Rhombus, Circle,350,250, 
PAX22,20, M, 250+1000,314,1,7.17E+02, long, Triangle, Square, Triangle,650,250, 
PAX22,20, M, 250+1000,315,1,1.13E+03, long, Triangle, Pentagon, Pentagon,450,1000, 
PAX22,20, M, 250+1000,316,1,8.99E+02, long, Parallelogram, Circle, Parallelogram,350,1000, 
PAX22,20, M, 250+1000,317,0,6.67E+02, long, Circle, Parallelogram, Parallelogram,750,1000, 
PAX22,20, M, 250+1000,318,1,5.79E+02, long, Parallelogram, Circle, Parallelogram,850,1000, 
PAX22,20, M, 250+1000,319,0,9.03E+02, short, Parallelogram, Triangle, Triangle,350,1000, 
PAX22,20, M, 250+1000,320,1,8.53E+02, short, Square, Circle, Square,450,250, 
PAX22,20, M, 250+1000,321,1,6.21E+02, long, Square, Rhombus, Rhombus,650,1000, 
PAX22,20, M, 250+1000,322,0,8.18E+02, short, Triangle, Square, Triangle,450,250, 
PAX22,20, M, 250+1000,323,0,6.69E+02, long, Square, Rhombus, Rhombus,650,1000, 
PAX22,20, M, 250+1000,324,0,1.72E+03, short, Square, Pentagon, Square,650,250, 
PAX22,20, M, 250+1000,325,0,5.90E+02, long, Pentagon, Square, Pentagon,850,250, 
PAX22,20, M, 250+1000,326,0,8.06E+02, short, Parallelogram, Rhombus, Parallelogram,250,250, 
PAX22,20, M, 250+1000,327,0,7.92E+02, short, Triangle, Square, Square,250,250, 
PAX22,20, M, 250+1000,328,0,6.16E+02, long, Pentagon, Circle, Pentagon,550,1000, 
PAX22,20, M, 250+1000,329,0,6.88E+02, long, Pentagon, Parallelogram, Pentagon,650,1000, 
PAX22,20, M, 250+1000,330,0,8.92E+02, long, Circle, Triangle, Triangle,750,250, 
PAX22,20, M, 250+1000,331,1,9.04E+02, short, Parallelogram, Pentagon, Pentagon,350,1000, 
PAX22,20, M, 250+1000,332,0,6.29E+02, long, Rhombus, Pentagon, Rhombus,850,250, 
PAX22,20, M, 250+1000,333,1,8.27E+02, short, Parallelogram, Triangle, Parallelogram,250,250, 
PAX22,20, M, 250+1000,334,1,6.56E+02, long, Circle, Pentagon, Circle,750,250, 
PAX22,20, M, 250+1000,335,0,6.38E+02, long, Triangle, Square, Triangle,750,250, 
PAX22,20, M, 250+1000,336,0,6.78E+02, long, Triangle, Rhombus, Triangle,850,250, 
PAX22,20, M, 250+1000,337,0,9.23E+02, short, Rhombus, Parallelogram, Rhombus,250,1000, 
PAX22,20, M, 250+1000,338,0,9.17E+02, long, Square, Pentagon, Square,650,1000, 
PAX22,20, M, 250+1000,339,1,6.28E+02, long, Triangle, Square, Triangle,650,250, 
PAX22,20, M, 250+1000,340,0,6.98E+02, long, Pentagon, Parallelogram, Parallelogram,450,250, 
PAX22,20, M, 250+1000,341,1,7.79E+02, short, Square, Pentagon, Square,250,250, 
PAX22,20, M, 250+1000,342,0,6.74E+02, long, Triangle, Circle, Circle,850,250, 
PAX22,20, M, 250+1000,343,1,3.38E+02, long, Pentagon, Rhombus, Pentagon,850,1000, 
PAX22,20, M, 250+1000,344,0,7.92E+02, short, Circle, Parallelogram, Parallelogram,350,250, 
PAX22,20, M, 250+1000,345,1,7.54E+02, short, Triangle, Rhombus, Triangle,250,250, 
PAX22,20, M, 250+1000,346,0,7.48E+02, short, Triangle, Pentagon, Pentagon,250,250, 
PAX22,20, M, 250+1000,347,1,7.64E+02, short, Triangle, Pentagon, Triangle,250,250, 
PAX22,20, M, 250+1000,348,0,7.26E+02, long, Pentagon, Rhombus, Rhombus,450,1000, 
PAX22,20, M, 250+1000,349,0,6.70E+02, long, Circle, Rhombus, Circle,550,1000, 
PAX22,20, M, 250+1000,350,1,6.46E+02, long, Rhombus, Pentagon, Pentagon,650,250, 
PAX22,20, M, 250+1000,351,0,6.52E+02, long, Square, Circle, Square,650,1000, 
PAX22,20, M, 250+1000,352,0,8.96E+02, long, Pentagon, Rhombus, Rhombus,650,1000, 
PAX22,20, M, 250+1000,353,0,5.57E+02, long, Pentagon, Square, Pentagon,750,250, 
PAX22,20, M, 250+1000,354,0,7.96E+02, long, Parallelogram, Square, Square,750,1000, 
PAX22,20, M, 250+1000,355,1,9.36E+02, long, Rhombus, Pentagon, Rhombus,650,1000, 
PAX22,20, M, 250+1000,356,0,6.63E+02, long, Square, Parallelogram, Square,650,250, 
PAX22,20, M, 250+1000,357,1,7.73E+02, short, Rhombus, Square, Rhombus,250,1000, 
PAX22,20, M, 250+1000,358,0,6.97E+02, long, Parallelogram, Square, Square,850,250, 
PAX22,20, M, 250+1000,359,1,7.21E+02, long, Rhombus, Pentagon, Rhombus,750,250, 
PAX22,20, M, 250+1000,360,1,7.33E+02, long, Circle, Square, Circle,450,250, 
PAX22,20, M, 250+1000,361,0,5.58E+02, long, Circle, Parallelogram, Circle,650,250, 
PAX22,20, M, 250+1000,362,1,6.25E+02, long, Parallelogram, Rhombus, Parallelogram,750,1000, 
PAX22,20, M, 250+1000,363,0,5.99E+02, long, Square, Triangle, Square,650,1000, 
PAX22,20, M, 250+1000,364,1,6.67E+02, long, Triangle, Parallelogram, Triangle,650,250, 
PAX22,20, M, 250+1000,365,1,1.04E+03, short, Rhombus, Circle, Circle,350,1000, 
PAX22,20, M, 250+1000,366,0,6.10E+02, long, Circle, Parallelogram, Circle,750,1000, 
PAX22,20, M, 250+1000,367,0,8.12E+02, short, Triangle, Square, Triangle,250,1000, 
PAX22,20, M, 250+1000,368,1,8.60E+02, short, Rhombus, Pentagon, Rhombus,450,250, 
PAX22,20, M, 250+1000,369,0,7.70E+02, short, Parallelogram, Triangle, Parallelogram,450,1000, 
PAX22,20, M, 250+1000,370,1,6.86E+02, long, Circle, Square, Circle,850,250, 
PAX22,20, M, 250+1000,371,1,1.04E+03, long, Parallelogram, Square, Square,550,1000, 
PAX22,20, M, 250+1000,372,0,7.88E+02, short, Parallelogram, Pentagon, Parallelogram,450,1000, 
PAX22,20, M, 250+1000,373,1,6.16E+02, long, Square, Rhombus, Square,850,1000, 
PAX22,20, M, 250+1000,374,1,7.68E+02, short, Triangle, Circle, Triangle,350,1000, 
PAX22,20, M, 250+1000,375,1,1.42E+03, long, Pentagon, Square, Square,750,1000, 
PAX22,20, M, 250+1000,376,1,7.84E+02, long, Triangle, Parallelogram, Triangle,750,1000, 
PAX22,20, M, 250+1000,377,0,3.65E+02, long, Triangle, Rhombus, Rhombus,450,250, 
PAX22,20, M, 250+1000,378,1,3.95E+02, long, Circle, Parallelogram, Circle,550,250, 
PAX22,20, M, 250+1000,379,1,5.37E+02, long, Triangle, Circle, Circle,750,250, 
PAX22,20, M, 250+1000,380,0,4.82E+02, long, Triangle, Pentagon, Triangle,450,1000, 
PAX22,20, M, 250+1000,381,0,6.35E+02, short, Rhombus, Circle, Rhombus,250,1000, 
PAX22,20, M, 250+1000,382,0,5.61E+02, long, Triangle, Rhombus, Rhombus,750,1000, 
PAX22,20, M, 250+1000,383,1,9.29E+02, long, Parallelogram, Rhombus, Rhombus,350,250, 
PAX22,20, M, 250+1000,384,1,3.99E+02, long, Circle, Pentagon, Circle,650,1000, 
PAX22,20, M, 250+1000,385,0,5.77E+02, long, Rhombus, Pentagon, Pentagon,650,250, 
PAX22,20, M, 250+1000,386,0,6.65E+02, short, Square, Circle, Square,350,1000, 
PAX22,20, M, 250+1000,387,1,2.09E+03, long, Circle, Square, Square,250,1000, 
PAX22,20, M, 250+1000,388,1,7.65E+02, short, Parallelogram, Triangle, Parallelogram,250,250, 
PAX22,20, M, 250+1000,389,0,1.16E+03, long, Rhombus, Square, Square,450,1000, 
PAX22,20, M, 250+1000,390,0,1.77E+03, long, Triangle, Rhombus, Triangle,750,250, 
PAX22,20, M, 250+1000,391,0,6.51E+02, long, Rhombus, Triangle, Rhombus,750,1000, 
PAX22,20, M, 250+1000,392,1,1.05E+03, long, Square, Pentagon, Pentagon,350,250, 
PAX22,20, M, 250+1000,393,0,6.36E+02, short, Parallelogram, Square, Parallelogram,350,250, 
PAX22,20, M, 250+1000,394,0,7.38E+02, long, Parallelogram, Square, Square,450,250, 
PAX22,20, M, 250+1000,395,1,1.07E+03, long, Circle, Pentagon, Circle,550,1000, 
PAX22,20, M, 250+1000,396,1,8.40E+02, long, Square, Triangle, Triangle,250,1000, 
PAX22,20, M, 250+1000,397,1,9.86E+02, short, Triangle, Rhombus, Rhombus,250,250, 
PAX22,20, M, 250+1000,398,1,8.24E+02, long, Pentagon, Parallelogram, Pentagon,550,250, 
PAX22,20, M, 250+1000,399,1,3.84E+02, long, Circle, Parallelogram, Parallelogram,650,1000, 
PAX22,20, M, 250+1000,400,0,6.25E+02, long, Circle, Square, Circle,650,250, 
PAX22,20, M, 250+1000,401,1,6.06E+02, long, Square, Circle, Circle,750,250, 
PAX22,20, M, 250+1000,402,0,7.45E+02, short, Pentagon, Triangle, Pentagon,250,250, 
PAX22,20, M, 250+1000,403,1,6.33E+02, long, Parallelogram, Pentagon, Pentagon,850,250, 
PAX22,20, M, 250+1000,404,1,7.48E+02, long, Parallelogram, Square, Parallelogram,450,1000, 
PAX22,20, M, 250+1000,405,0,3.03E+02, long, Circle, Parallelogram, Parallelogram,650,1000, 
PAX22,20, M, 250+1000,406,0,1.02E+03, short, Circle, Parallelogram, Circle,850,1000, 
PAX22,20, M, 250+1000,407,1,9.19E+02, long, Rhombus, Pentagon, Pentagon,650,1000, 
PAX22,20, M, 250+1000,408,1,1.11E+03, long, Rhombus, Parallelogram, Rhombus,450,1000, 
PAX22,20, M, 250+1000,409,1,5.65E+02, long, Circle, Rhombus, Rhombus,850,1000, 
PAX22,20, M, 250+1000,410,1,2.22E+03, long, Parallelogram, Square, Parallelogram,450,1000, 
PAX22,20, M, 250+1000,411,1,1.61E+03, long, Pentagon, Square, Pentagon,450,1000, 
PAX22,20, M, 250+1000,412,1,6.76E+02, long, Triangle, Pentagon, Pentagon,650,250, 
PAX22,20, M, 250+1000,413,0,6.10E+02, long, Square, Parallelogram, Square,750,1000, 
PAX22,20, M, 250+1000,414,1,7.24E+02, long, Circle, Rhombus, Circle,650,250, 
PAX22,20, M, 250+1000,415,1,2.88E+02, long, Pentagon, Parallelogram, Pentagon,850,1000, 
PAX22,20, M, 250+1000,416,0,1.37E+03, short, Parallelogram, Triangle, Triangle,250,1000, 
PAX22,20, M, 250+1000,417,0,8.88E+02, short, Rhombus, Circle, Rhombus,450,250, 
PAX22,20, M, 250+1000,418,0,6.50E+02, long, Pentagon, Circle, Circle,850,250, 
PAX22,20, M, 250+1000,419,1,1.14E+03, long, Triangle, Parallelogram, Triangle,450,1000, 
PAX22,20, M, 250+1000,420,1,8.23E+02, short, Parallelogram, Circle, Circle,250,250, 
