﻿Subject ID, Subject Age, Gender, Group, TrialNumber, Intended or Unintended Outcome, Reaction Time on Outcome Response, Response - Short or Long, Left Image Code, Right Image Code, Chosen Image Code, Objective Duration of Stimulus, Stimulus Delay,
PAX24,19, F, 250+1000,1,0,1.49E+03, short, Rhombus, Circle, Rhombus,350,1000, 
PAX24,19, F, 250+1000,2,1,6.20E+03, short, Square, Pentagon, Square,650,1000, 
PAX24,19, F, 250+1000,3,1,6.81E+02, long, Circle, Pentagon, Pentagon,650,1000, 
PAX24,19, F, 250+1000,4,1,8.79E+02, short, Triangle, Square, Square,250,1000, 
PAX24,19, F, 250+1000,5,1,1.51E+03, short, Pentagon, Rhombus, Pentagon,750,1000, 
PAX24,19, F, 250+1000,6,0,1.06E+03, short, Rhombus, Pentagon, Rhombus,550,1000, 
PAX24,19, F, 250+1000,7,0,1.50E+03, short, Circle, Rhombus, Rhombus,750,1000, 
PAX24,19, F, 250+1000,8,0,1.49E+03, short, Circle, Square, Square,350,250, 
PAX24,19, F, 250+1000,9,0,2.14E+03, short, Square, Parallelogram, Parallelogram,850,250, 
PAX24,19, F, 250+1000,10,0,1.08E+03, short, Triangle, Parallelogram, Triangle,250,250, 
PAX24,19, F, 250+1000,11,1,9.37E+02, short, Pentagon, Triangle, Pentagon,250,1000, 
PAX24,19, F, 250+1000,12,1,8.33E+02, short, Square, Rhombus, Rhombus,450,250, 
PAX24,19, F, 250+1000,13,0,6.67E+02, short, Circle, Rhombus, Rhombus,550,1000, 
PAX24,19, F, 250+1000,14,1,1.39E+03, short, Pentagon, Parallelogram, Pentagon,450,250, 
PAX24,19, F, 250+1000,15,1,1.15E+03, short, Square, Parallelogram, Parallelogram,750,1000, 
PAX24,19, F, 250+1000,16,0,8.09E+02, short, Circle, Pentagon, Pentagon,250,1000, 
PAX24,19, F, 250+1000,17,1,1.16E+03, short, Circle, Parallelogram, Parallelogram,250,250, 
PAX24,19, F, 250+1000,18,0,7.33E+02, short, Parallelogram, Circle, Parallelogram,250,1000, 
PAX24,19, F, 250+1000,19,0,6.09E+02, long, Circle, Pentagon, Circle,750,250, 
PAX24,19, F, 250+1000,20,0,1.14E+03, short, Triangle, Parallelogram, Parallelogram,850,250, 
PAX24,19, F, 250+1000,21,0,6.12E+02, long, Triangle, Rhombus, Triangle,850,250, 
PAX24,19, F, 250+1000,22,0,1.22E+03, short, Parallelogram, Rhombus, Rhombus,550,1000, 
PAX24,19, F, 250+1000,23,0,9.38E+02, short, Rhombus, Circle, Rhombus,650,1000, 
PAX24,19, F, 250+1000,24,0,1.11E+03, short, Circle, Triangle, Circle,350,250, 
PAX24,19, F, 250+1000,25,0,7.12E+02, long, Parallelogram, Circle, Circle,850,1000, 
PAX24,19, F, 250+1000,26,0,2.40E+03, short, Triangle, Parallelogram, Parallelogram,450,250, 
PAX24,19, F, 250+1000,27,1,4.20E+02, long, Parallelogram, Square, Parallelogram,750,1000, 
PAX24,19, F, 250+1000,28,1,7.76E+02, short, Pentagon, Parallelogram, Pentagon,250,250, 
PAX24,19, F, 250+1000,29,0,1.22E+03, short, Circle, Triangle, Circle,450,250, 
PAX24,19, F, 250+1000,30,1,1.84E+03, short, Rhombus, Triangle, Triangle,550,250, 
PAX24,19, F, 250+1000,31,1,5.93E+02, long, Pentagon, Triangle, Pentagon,650,1000, 
PAX24,19, F, 250+1000,32,0,3.27E+03, short, Triangle, Rhombus, Rhombus,850,250, 
PAX24,19, F, 250+1000,33,1,7.01E+02, short, Circle, Rhombus, Circle,350,1000, 
PAX24,19, F, 250+1000,34,0,1.01E+03, short, Pentagon, Square, Pentagon,350,250, 
PAX24,19, F, 250+1000,35,1,7.35E+02, short, Rhombus, Square, Square,550,1000, 
PAX24,19, F, 250+1000,36,0,3.63E+02, long, Parallelogram, Circle, Circle,750,1000, 
PAX24,19, F, 250+1000,37,0,7.91E+02, short, Triangle, Rhombus, Rhombus,450,1000, 
PAX24,19, F, 250+1000,38,0,7.98E+02, short, Square, Circle, Square,350,250, 
PAX24,19, F, 250+1000,39,1,6.79E+02, short, Square, Rhombus, Square,250,1000, 
PAX24,19, F, 250+1000,40,1,4.54E+02, short, Rhombus, Square, Rhombus,350,1000, 
PAX24,19, F, 250+1000,41,1,1.93E+03, short, Triangle, Pentagon, Pentagon,250,1000, 
PAX24,19, F, 250+1000,42,0,8.68E+02, short, Parallelogram, Circle, Parallelogram,750,250, 
PAX24,19, F, 250+1000,43,1,8.58E+02, short, Triangle, Rhombus, Rhombus,450,1000, 
PAX24,19, F, 250+1000,44,0,6.70E+02, short, Circle, Pentagon, Circle,650,1000, 
PAX24,19, F, 250+1000,45,0,8.10E+02, short, Square, Triangle, Triangle,250,250, 
PAX24,19, F, 250+1000,46,1,7.68E+02, short, Rhombus, Circle, Rhombus,550,1000, 
PAX24,19, F, 250+1000,47,0,3.92E+02, long, Square, Pentagon, Square,850,250, 
PAX24,19, F, 250+1000,48,1,3.49E+02, long, Pentagon, Triangle, Triangle,750,250, 
PAX24,19, F, 250+1000,49,0,9.92E+02, short, Rhombus, Circle, Circle,450,1000, 
PAX24,19, F, 250+1000,50,0,1.26E+03, long, Triangle, Square, Triangle,750,1000, 
PAX24,19, F, 250+1000,51,1,6.83E+02, short, Square, Circle, Square,350,250, 
PAX24,19, F, 250+1000,52,0,1.73E+03, short, Square, Triangle, Square,350,250, 
PAX24,19, F, 250+1000,53,1,5.79E+02, long, Square, Triangle, Triangle,650,1000, 
PAX24,19, F, 250+1000,54,1,6.15E+02, short, Triangle, Circle, Triangle,350,250, 
PAX24,19, F, 250+1000,55,1,8.19E+02, short, Parallelogram, Square, Parallelogram,550,1000, 
PAX24,19, F, 250+1000,56,1,6.59E+02, short, Pentagon, Circle, Circle,650,1000, 
PAX24,19, F, 250+1000,57,1,8.59E+02, short, Pentagon, Square, Square,250,1000, 
PAX24,19, F, 250+1000,58,0,6.60E+02, short, Circle, Rhombus, Circle,450,250, 
PAX24,19, F, 250+1000,59,0,6.95E+02, short, Pentagon, Rhombus, Pentagon,450,1000, 
PAX24,19, F, 250+1000,60,1,1.08E+03, long, Parallelogram, Circle, Circle,750,250, 
PAX24,19, F, 250+1000,61,0,9.17E+02, long, Square, Rhombus, Square,750,1000, 
PAX24,19, F, 250+1000,62,0,1.15E+03, long, Triangle, Parallelogram, Triangle,850,250, 
PAX24,19, F, 250+1000,63,0,5.58E+02, short, Square, Triangle, Triangle,350,1000, 
PAX24,19, F, 250+1000,64,0,6.96E+02, long, Square, Parallelogram, Square,650,250, 
PAX24,19, F, 250+1000,65,0,8.00E+02, short, Parallelogram, Triangle, Parallelogram,350,250, 
PAX24,19, F, 250+1000,66,1,6.71E+02, short, Rhombus, Parallelogram, Rhombus,350,1000, 
PAX24,19, F, 250+1000,67,1,5.48E+02, short, Pentagon, Rhombus, Rhombus,750,1000, 
PAX24,19, F, 250+1000,68,1,9.56E+02, short, Circle, Triangle, Triangle,650,1000, 
PAX24,19, F, 250+1000,69,0,9.15E+02, short, Parallelogram, Rhombus, Parallelogram,350,1000, 
PAX24,19, F, 250+1000,70,0,6.70E+02, short, Triangle, Square, Square,250,1000, 
PAX24,19, F, 250+1000,71,0,3.35E+02, long, Circle, Square, Square,650,1000, 
PAX24,19, F, 250+1000,72,0,1.38E+03, short, Pentagon, Parallelogram, Parallelogram,250,1000, 
PAX24,19, F, 250+1000,73,0,6.45E+02, short, Pentagon, Triangle, Triangle,350,1000, 
PAX24,19, F, 250+1000,74,1,6.97E+02, short, Pentagon, Square, Pentagon,650,1000, 
PAX24,19, F, 250+1000,75,0,8.89E+02, short, Square, Pentagon, Square,550,250, 
PAX24,19, F, 250+1000,76,0,8.84E+00, short, Pentagon, Rhombus, Rhombus,750,1000, 
PAX24,19, F, 250+1000,77,1,8.16E+02, short, Parallelogram, Square, Square,250,250, 
PAX24,19, F, 250+1000,78,0,6.29E+02, short, Parallelogram, Square, Square,450,1000, 
PAX24,19, F, 250+1000,79,0,7.44E+02, short, Square, Rhombus, Square,550,250, 
PAX24,19, F, 250+1000,80,1,5.60E+02, long, Square, Rhombus, Rhombus,750,250, 
PAX24,19, F, 250+1000,81,1,6.84E+02, short, Parallelogram, Pentagon, Parallelogram,550,250, 
PAX24,19, F, 250+1000,82,0,6.24E+02, long, Parallelogram, Square, Square,850,250, 
PAX24,19, F, 250+1000,83,1,7.92E+02, short, Parallelogram, Pentagon, Parallelogram,850,1000, 
PAX24,19, F, 250+1000,84,1,1.95E+03, short, Rhombus, Triangle, Triangle,650,1000, 
PAX24,19, F, 250+1000,85,1,3.10E+03, long, Parallelogram, Pentagon, Parallelogram,750,1000, 
PAX24,19, F, 250+1000,86,0,9.02E+02, long, Triangle, Square, Triangle,850,1000, 
PAX24,19, F, 250+1000,87,1,5.90E+02, long, Circle, Triangle, Circle,850,1000, 
PAX24,19, F, 250+1000,88,0,4.53E+02, long, Pentagon, Rhombus, Pentagon,850,250, 
PAX24,19, F, 250+1000,89,0,4.47E+02, long, Circle, Parallelogram, Parallelogram,850,1000, 
PAX24,19, F, 250+1000,90,0,8.95E+02, long, Circle, Triangle, Triangle,850,1000, 
PAX24,19, F, 250+1000,91,1,1.64E+03, short, Square, Rhombus, Square,450,1000, 
PAX24,19, F, 250+1000,92,0,5.49E+02, short, Rhombus, Circle, Rhombus,350,1000, 
PAX24,19, F, 250+1000,93,0,5.71E+02, short, Triangle, Circle, Circle,350,1000, 
PAX24,19, F, 250+1000,94,1,1.54E+03, long, Rhombus, Square, Square,650,1000, 
PAX24,19, F, 250+1000,95,0,1.03E+03, short, Rhombus, Parallelogram, Rhombus,250,250, 
PAX24,19, F, 250+1000,96,1,6.67E+02, long, Square, Circle, Circle,650,250, 
PAX24,19, F, 250+1000,97,0,4.31E+02, long, Triangle, Parallelogram, Triangle,550,1000, 
PAX24,19, F, 250+1000,98,1,6.87E+02, short, Triangle, Circle, Triangle,550,1000, 
PAX24,19, F, 250+1000,99,0,7.39E+02, short, Circle, Rhombus, Rhombus,550,250, 
PAX24,19, F, 250+1000,100,1,2.31E+03, long, Parallelogram, Square, Square,550,1000, 
PAX24,19, F, 250+1000,101,1,4.34E+02, long, Square, Pentagon, Pentagon,750,1000, 
PAX24,19, F, 250+1000,102,1,1.43E+03, short, Parallelogram, Triangle, Parallelogram,650,1000, 
PAX24,19, F, 250+1000,103,1,6.63E+02, short, Square, Triangle, Square,350,250, 
PAX24,19, F, 250+1000,104,1,5.78E+02, short, Parallelogram, Rhombus, Parallelogram,350,1000, 
PAX24,19, F, 250+1000,105,0,9.71E+02, short, Parallelogram, Triangle, Parallelogram,750,1000, 
PAX24,19, F, 250+1000,106,0,8.75E+02, short, Pentagon, Triangle, Triangle,350,1000, 
PAX24,19, F, 250+1000,107,1,4.58E+02, long, Parallelogram, Square, Square,850,250, 
PAX24,19, F, 250+1000,108,0,4.88E+02, long, Parallelogram, Pentagon, Pentagon,850,1000, 
PAX24,19, F, 250+1000,109,0,6.79E+02, short, Pentagon, Square, Pentagon,550,1000, 
PAX24,19, F, 250+1000,110,1,7.33E+02, short, Triangle, Circle, Triangle,850,250, 
PAX24,19, F, 250+1000,111,0,1.19E+03, short, Parallelogram, Circle, Parallelogram,650,1000, 
PAX24,19, F, 250+1000,112,1,1.06E+03, short, Triangle, Rhombus, Triangle,750,250, 
PAX24,19, F, 250+1000,113,1,9.53E+02, short, Parallelogram, Circle, Circle,250,250, 
PAX24,19, F, 250+1000,114,1,6.88E+02, short, Parallelogram, Triangle, Parallelogram,450,250, 
PAX24,19, F, 250+1000,115,0,1.21E+03, short, Parallelogram, Rhombus, Rhombus,450,1000, 
PAX24,19, F, 250+1000,116,1,5.42E+02, short, Triangle, Rhombus, Triangle,550,1000, 
PAX24,19, F, 250+1000,117,1,6.40E+02, short, Parallelogram, Rhombus, Rhombus,450,1000, 
PAX24,19, F, 250+1000,118,1,5.28E+02, short, Pentagon, Triangle, Pentagon,450,250, 
PAX24,19, F, 250+1000,119,0,6.44E+02, short, Pentagon, Circle, Circle,350,250, 
PAX24,19, F, 250+1000,120,1,5.92E+02, short, Parallelogram, Square, Square,250,250, 
PAX24,19, F, 250+1000,121,1,4.62E+02, short, Rhombus, Pentagon, Rhombus,350,250, 
PAX24,19, F, 250+1000,122,0,1.77E+03, short, Triangle, Rhombus, Triangle,350,1000, 
PAX24,19, F, 250+1000,123,1,6.06E+02, long, Pentagon, Parallelogram, Pentagon,850,1000, 
PAX24,19, F, 250+1000,124,0,1.60E+03, short, Parallelogram, Rhombus, Rhombus,250,1000, 
PAX24,19, F, 250+1000,125,0,7.15E+02, short, Pentagon, Rhombus, Pentagon,350,250, 
PAX24,19, F, 250+1000,126,0,7.37E+02, short, Triangle, Parallelogram, Triangle,250,250, 
PAX24,19, F, 250+1000,127,1,5.65E+02, long, Rhombus, Parallelogram, Parallelogram,850,250, 
PAX24,19, F, 250+1000,128,0,1.12E+03, short, Parallelogram, Square, Parallelogram,450,250, 
PAX24,19, F, 250+1000,129,0,1.32E+03, short, Square, Triangle, Triangle,250,1000, 
PAX24,19, F, 250+1000,130,0,6.63E+02, short, Circle, Rhombus, Circle,250,1000, 
PAX24,19, F, 250+1000,131,0,5.25E+02, long, Pentagon, Rhombus, Pentagon,750,1000, 
PAX24,19, F, 250+1000,132,0,6.73E+02, short, Triangle, Parallelogram, Parallelogram,250,250, 
PAX24,19, F, 250+1000,133,0,1.34E+03, long, Square, Triangle, Triangle,650,250, 
PAX24,19, F, 250+1000,134,0,7.95E+02, long, Parallelogram, Triangle, Parallelogram,450,1000, 
PAX24,19, F, 250+1000,135,0,4.48E+02, long, Parallelogram, Square, Square,750,250, 
PAX24,19, F, 250+1000,136,0,1.87E+03, short, Triangle, Parallelogram, Parallelogram,350,1000, 
PAX24,19, F, 250+1000,137,1,2.02E+03, long, Circle, Pentagon, Circle,550,1000, 
PAX24,19, F, 250+1000,138,1,5.82E+02, short, Square, Pentagon, Square,350,250, 
PAX24,19, F, 250+1000,139,1,6.82E+02, short, Square, Rhombus, Rhombus,450,1000, 
PAX24,19, F, 250+1000,140,1,4.52E+02, long, Triangle, Pentagon, Pentagon,850,1000, 
PAX24,19, F, 250+1000,141,1,1.70E+03, short, Circle, Rhombus, Circle,550,250, 
PAX24,19, F, 250+1000,142,1,5.54E+02, short, Circle, Triangle, Circle,550,250, 
PAX24,19, F, 250+1000,143,0,1.13E+03, long, Rhombus, Triangle, Triangle,650,1000, 
PAX24,19, F, 250+1000,144,0,3.68E+02, long, Parallelogram, Pentagon, Pentagon,750,1000, 
PAX24,19, F, 250+1000,145,0,6.15E+02, short, Triangle, Pentagon, Triangle,250,250, 
PAX24,19, F, 250+1000,146,1,3.80E+02, long, Rhombus, Parallelogram, Parallelogram,750,1000, 
PAX24,19, F, 250+1000,147,0,3.61E+02, long, Circle, Pentagon, Circle,750,250, 
PAX24,19, F, 250+1000,148,1,4.41E+02, long, Square, Triangle, Triangle,650,250, 
PAX24,19, F, 250+1000,149,0,4.81E+02, long, Circle, Pentagon, Circle,750,250, 
PAX24,19, F, 250+1000,150,1,3.52E+03, long, Rhombus, Parallelogram, Parallelogram,850,250, 
PAX24,19, F, 250+1000,151,1,4.93E+02, short, Square, Circle, Circle,550,1000, 
PAX24,19, F, 250+1000,152,0,3.57E+02, long, Parallelogram, Triangle, Triangle,750,1000, 
PAX24,19, F, 250+1000,153,0,3.71E+02, long, Pentagon, Circle, Circle,550,1000, 
PAX24,19, F, 250+1000,154,1,5.49E+02, long, Square, Circle, Circle,650,1000, 
PAX24,19, F, 250+1000,155,0,4.86E+02, long, Triangle, Square, Square,550,250, 
PAX24,19, F, 250+1000,156,0,4.66E+02, short, Triangle, Circle, Triangle,250,250, 
PAX24,19, F, 250+1000,157,0,4.11E+02, long, Pentagon, Parallelogram, Pentagon,750,1000, 
PAX24,19, F, 250+1000,158,0,1.29E+03, short, Parallelogram, Triangle, Parallelogram,250,250, 
PAX24,19, F, 250+1000,159,0,7.12E+02, short, Rhombus, Parallelogram, Parallelogram,350,250, 
PAX24,19, F, 250+1000,160,1,8.82E+02, long, Square, Pentagon, Pentagon,550,1000, 
PAX24,19, F, 250+1000,161,1,5.02E+02, long, Circle, Square, Square,850,1000, 
PAX24,19, F, 250+1000,162,1,2.94E+03, long, Square, Circle, Square,550,1000, 
PAX24,19, F, 250+1000,163,0,5.58E+02, short, Rhombus, Pentagon, Rhombus,250,1000, 
PAX24,19, F, 250+1000,164,1,6.54E+02, short, Square, Parallelogram, Square,650,250, 
PAX24,19, F, 250+1000,165,1,1.30E+03, short, Rhombus, Parallelogram, Parallelogram,450,1000, 
PAX24,19, F, 250+1000,166,1,6.98E+02, short, Parallelogram, Rhombus, Rhombus,750,250, 
PAX24,19, F, 250+1000,167,1,3.31E+02, long, Circle, Pentagon, Circle,650,250, 
PAX24,19, F, 250+1000,168,1,7.72E+02, long, Triangle, Rhombus, Rhombus,550,1000, 
PAX24,19, F, 250+1000,169,0,1.90E+03, short, Square, Rhombus, Square,650,250, 
PAX24,19, F, 250+1000,170,0,4.53E+02, long, Circle, Parallelogram, Circle,650,250, 
PAX24,19, F, 250+1000,171,1,7.87E+02, long, Rhombus, Circle, Rhombus,550,1000, 
PAX24,19, F, 250+1000,172,0,9.33E+02, short, Circle, Parallelogram, Circle,450,250, 
PAX24,19, F, 250+1000,173,0,3.77E+02, long, Circle, Rhombus, Rhombus,750,250, 
PAX24,19, F, 250+1000,174,1,2.87E+02, long, Circle, Pentagon, Pentagon,750,1000, 
PAX24,19, F, 250+1000,175,0,4.23E+02, long, Square, Parallelogram, Parallelogram,550,1000, 
PAX24,19, F, 250+1000,176,1,6.51E+02, short, Circle, Square, Square,350,250, 
PAX24,19, F, 250+1000,177,0,2.85E+02, long, Triangle, Circle, Triangle,750,1000, 
PAX24,19, F, 250+1000,178,1,1.20E+03, short, Triangle, Circle, Circle,250,1000, 
PAX24,19, F, 250+1000,179,0,1.11E+03, long, Square, Rhombus, Rhombus,450,250, 
PAX24,19, F, 250+1000,180,1,3.34E+02, long, Parallelogram, Pentagon, Pentagon,750,1000, 
PAX24,19, F, 250+1000,181,0,5.67E+02, short, Parallelogram, Circle, Parallelogram,250,250, 
PAX24,19, F, 250+1000,182,0,5.30E+02, short, Circle, Square, Circle,250,250, 
PAX24,19, F, 250+1000,183,0,5.32E+02, short, Square, Pentagon, Square,450,1000, 
PAX24,19, F, 250+1000,184,1,6.18E+02, short, Square, Circle, Circle,350,1000, 
PAX24,19, F, 250+1000,185,0,4.44E+02, short, Square, Circle, Circle,250,1000, 
PAX24,19, F, 250+1000,186,1,1.34E+03, long, Parallelogram, Pentagon, Pentagon,450,1000, 
PAX24,19, F, 250+1000,187,1,1.19E+03, long, Pentagon, Square, Square,550,250, 
PAX24,19, F, 250+1000,188,0,1.02E+03, long, Pentagon, Parallelogram, Parallelogram,850,1000, 
PAX24,19, F, 250+1000,189,0,2.96E+02, long, Triangle, Circle, Circle,650,1000, 
PAX24,19, F, 250+1000,190,1,1.22E+02, long, Parallelogram, Triangle, Triangle,750,250, 
PAX24,19, F, 250+1000,191,1,3.34E+03, long, Pentagon, Triangle, Pentagon,450,1000, 
PAX24,19, F, 250+1000,192,0,8.71E+02, short, Square, Triangle, Square,650,250, 
PAX24,19, F, 250+1000,193,0,9.47E+02, short, Square, Triangle, Square,750,250, 
PAX24,19, F, 250+1000,194,1,4.29E+02, long, Rhombus, Triangle, Rhombus,650,250, 
PAX24,19, F, 250+1000,195,1,4.31E+02, long, Pentagon, Parallelogram, Pentagon,850,250, 
PAX24,19, F, 250+1000,196,0,3.31E+02, long, Rhombus, Triangle, Rhombus,750,250, 
PAX24,19, F, 250+1000,197,1,3.79E+02, short, Rhombus, Pentagon, Pentagon,350,250, 
PAX24,19, F, 250+1000,198,1,5.61E+02, short, Rhombus, Circle, Circle,350,250, 
PAX24,19, F, 250+1000,199,1,1.42E+03, short, Square, Triangle, Triangle,750,1000, 
PAX24,19, F, 250+1000,200,1,5.48E+02, long, Pentagon, Rhombus, Rhombus,650,250, 
PAX24,19, F, 250+1000,201,0,3.98E+02, long, Pentagon, Circle, Circle,450,250, 
PAX24,19, F, 250+1000,202,1,4.74E+02, long, Parallelogram, Pentagon, Parallelogram,550,1000, 
PAX24,19, F, 250+1000,203,0,3.68E+02, long, Rhombus, Triangle, Triangle,850,1000, 
PAX24,19, F, 250+1000,204,1,2.87E+02, long, Pentagon, Circle, Circle,850,250, 
PAX24,19, F, 250+1000,205,0,2.54E+02, long, Pentagon, Square, Square,850,250, 
PAX24,19, F, 250+1000,206,0,2.74E+02, long, Triangle, Square, Square,450,1000, 
PAX24,19, F, 250+1000,207,0,4.74E+02, long, Circle, Square, Square,550,250, 
PAX24,19, F, 250+1000,208,1,3.48E+02, long, Pentagon, Square, Square,350,250, 
PAX24,19, F, 250+1000,209,0,8.82E+02, short, Circle, Square, Circle,450,1000, 
PAX24,19, F, 250+1000,210,1,3.12E+03, short, Circle, Triangle, Circle,350,1000, 
PAX24,19, F, 250+1000,211,0,1.22E+03, long, Square, Triangle, Square,850,1000, 
PAX24,19, F, 250+1000,212,1,1.02E+03, short, Parallelogram, Rhombus, Rhombus,350,1000, 
PAX24,19, F, 250+1000,213,0,1.27E+03, short, Triangle, Square, Triangle,350,250, 
PAX24,19, F, 250+1000,214,0,1.02E+03, short, Parallelogram, Pentagon, Parallelogram,450,250, 
PAX24,19, F, 250+1000,215,1,5.89E+02, short, Circle, Parallelogram, Circle,350,1000, 
PAX24,19, F, 250+1000,216,0,4.21E+02, short, Rhombus, Triangle, Rhombus,650,250, 
PAX24,19, F, 250+1000,217,1,5.91E+02, short, Circle, Triangle, Circle,250,1000, 
PAX24,19, F, 250+1000,218,1,8.25E+02, short, Parallelogram, Square, Parallelogram,250,1000, 
PAX24,19, F, 250+1000,219,1,5.29E+02, short, Pentagon, Parallelogram, Pentagon,550,250, 
PAX24,19, F, 250+1000,220,1,2.35E+03, short, Square, Circle, Square,750,1000, 
PAX24,19, F, 250+1000,221,0,5.02E+03, long, Rhombus, Circle, Circle,550,250, 
PAX24,19, F, 250+1000,222,0,4.57E+02, short, Triangle, Pentagon, Triangle,550,1000, 
PAX24,19, F, 250+1000,223,0,5.27E+02, short, Pentagon, Triangle, Pentagon,250,1000, 
PAX24,19, F, 250+1000,224,1,1.10E+03, long, Parallelogram, Triangle, Triangle,450,1000, 
PAX24,19, F, 250+1000,225,0,4.03E+02, long, Pentagon, Triangle, Triangle,350,250, 
PAX24,19, F, 250+1000,226,0,4.32E+02, long, Square, Pentagon, Pentagon,450,1000, 
PAX24,19, F, 250+1000,227,1,6.15E+02, short, Rhombus, Pentagon, Pentagon,250,250, 
PAX24,19, F, 250+1000,228,0,5.42E+02, short, Square, Parallelogram, Parallelogram,250,250, 
PAX24,19, F, 250+1000,229,0,4.16E+02, short, Circle, Rhombus, Rhombus,250,1000, 
PAX24,19, F, 250+1000,230,1,5.04E+02, short, Parallelogram, Square, Square,450,250, 
PAX24,19, F, 250+1000,231,1,3.84E+02, long, Rhombus, Circle, Circle,850,1000, 
PAX24,19, F, 250+1000,232,0,9.90E+02, short, Rhombus, Square, Square,250,1000, 
PAX24,19, F, 250+1000,233,0,4.32E+02, long, Square, Pentagon, Pentagon,450,250, 
PAX24,19, F, 250+1000,234,1,4.08E+02, short, Triangle, Circle, Circle,450,1000, 
PAX24,19, F, 250+1000,235,0,1.46E+03, short, Pentagon, Parallelogram, Pentagon,650,250, 
PAX24,19, F, 250+1000,236,1,8.17E+02, short, Pentagon, Rhombus, Rhombus,750,250, 
PAX24,19, F, 250+1000,237,1,4.63E+02, short, Parallelogram, Circle, Parallelogram,250,1000, 
PAX24,19, F, 250+1000,238,1,5.14E+02, short, Rhombus, Triangle, Triangle,450,250, 
PAX24,19, F, 250+1000,239,1,5.46E+02, short, Rhombus, Pentagon, Pentagon,350,250, 
PAX24,19, F, 250+1000,240,0,4.21E+02, short, Parallelogram, Pentagon, Pentagon,250,250, 
PAX24,19, F, 250+1000,241,0,4.03E+02, long, Parallelogram, Triangle, Triangle,650,250, 
PAX24,19, F, 250+1000,242,0,5.43E+02, long, Triangle, Rhombus, Rhombus,850,1000, 
PAX24,19, F, 250+1000,243,0,8.93E+02, short, Parallelogram, Triangle, Triangle,450,250, 
PAX24,19, F, 250+1000,244,0,4.25E+02, short, Circle, Triangle, Triangle,850,250, 
PAX24,19, F, 250+1000,245,0,5.01E+02, short, Circle, Triangle, Circle,750,1000, 
PAX24,19, F, 250+1000,246,1,3.17E+02, long, Triangle, Pentagon, Pentagon,850,250, 
PAX24,19, F, 250+1000,247,0,8.79E+02, short, Triangle, Pentagon, Pentagon,450,1000, 
PAX24,19, F, 250+1000,248,1,5.21E+02, short, Circle, Rhombus, Circle,450,250, 
PAX24,19, F, 250+1000,249,1,4.95E+02, short, Triangle, Pentagon, Triangle,450,1000, 
PAX24,19, F, 250+1000,250,0,5.35E+02, long, Circle, Triangle, Circle,650,1000, 
PAX24,19, F, 250+1000,251,1,5.49E+02, short, Circle, Parallelogram, Parallelogram,250,250, 
PAX24,19, F, 250+1000,252,0,6.37E+02, short, Circle, Parallelogram, Parallelogram,650,1000, 
PAX24,19, F, 250+1000,253,1,1.79E+03, short, Square, Circle, Square,350,1000, 
PAX24,19, F, 250+1000,254,1,4.67E+02, short, Pentagon, Circle, Pentagon,350,1000, 
PAX24,19, F, 250+1000,255,0,1.01E+03, long, Triangle, Square, Square,750,250, 
PAX24,19, F, 250+1000,256,1,5.81E+02, long, Parallelogram, Rhombus, Parallelogram,850,1000, 
PAX24,19, F, 250+1000,257,1,5.68E+02, short, Triangle, Square, Square,550,250, 
PAX24,19, F, 250+1000,258,0,3.77E+02, long, Parallelogram, Circle, Circle,550,250, 
PAX24,19, F, 250+1000,259,0,6.45E+02, short, Triangle, Square, Square,650,1000, 
PAX24,19, F, 250+1000,260,1,2.21E+03, short, Triangle, Pentagon, Triangle,450,250, 
PAX24,19, F, 250+1000,261,1,1.14E+03, long, Circle, Pentagon, Pentagon,750,250, 
PAX24,19, F, 250+1000,262,1,7.10E+02, long, Triangle, Square, Square,650,1000, 
PAX24,19, F, 250+1000,263,0,4.08E+02, long, Circle, Parallelogram, Parallelogram,850,250, 
PAX24,19, F, 250+1000,264,1,3.12E+02, long, Pentagon, Parallelogram, Parallelogram,850,1000, 
PAX24,19, F, 250+1000,265,1,3.16E+02, long, Pentagon, Triangle, Triangle,850,250, 
PAX24,19, F, 250+1000,266,0,8.60E+02, short, Rhombus, Circle, Circle,550,250, 
PAX24,19, F, 250+1000,267,0,7.52E+02, short, Parallelogram, Rhombus, Rhombus,550,250, 
PAX24,19, F, 250+1000,268,0,3.88E+02, long, Square, Pentagon, Pentagon,750,1000, 
PAX24,19, F, 250+1000,269,1,8.31E+02, short, Square, Rhombus, Rhombus,250,1000, 
PAX24,19, F, 250+1000,270,0,8.07E+02, long, Pentagon, Parallelogram, Pentagon,650,250, 
PAX24,19, F, 250+1000,271,0,1.87E+03, short, Parallelogram, Circle, Parallelogram,350,1000, 
PAX24,19, F, 250+1000,272,0,5.16E+02, short, Square, Parallelogram, Square,450,250, 
PAX24,19, F, 250+1000,273,0,2.96E+02, long, Triangle, Parallelogram, Triangle,850,1000, 
PAX24,19, F, 250+1000,274,1,5.00E+02, long, Square, Parallelogram, Parallelogram,850,1000, 
PAX24,19, F, 250+1000,275,0,1.13E+03, long, Pentagon, Rhombus, Rhombus,450,1000, 
PAX24,19, F, 250+1000,276,1,5.67E+02, long, Parallelogram, Square, Square,550,250, 
PAX24,19, F, 250+1000,277,1,8.05E+02, short, Circle, Parallelogram, Parallelogram,350,250, 
PAX24,19, F, 250+1000,278,0,4.85E+02, short, Circle, Triangle, Triangle,650,1000, 
PAX24,19, F, 250+1000,279,1,4.91E+02, long, Rhombus, Pentagon, Pentagon,550,250, 
PAX24,19, F, 250+1000,280,1,4.72E+02, long, Pentagon, Triangle, Triangle,450,1000, 
PAX24,19, F, 250+1000,281,0,9.15E+02, short, Triangle, Parallelogram, Parallelogram,350,250, 
PAX24,19, F, 250+1000,282,1,8.04E+02, short, Rhombus, Square, Rhombus,350,1000, 
PAX24,19, F, 250+1000,283,1,7.60E+02, long, Rhombus, Square, Rhombus,750,250, 
PAX24,19, F, 250+1000,284,1,6.54E+02, short, Pentagon, Triangle, Pentagon,650,250, 
PAX24,19, F, 250+1000,285,1,4.96E+02, short, Circle, Rhombus, Circle,550,250, 
PAX24,19, F, 250+1000,286,1,1.41E+03, short, Parallelogram, Circle, Parallelogram,350,250, 
PAX24,19, F, 250+1000,287,0,3.70E+02, long, Triangle, Pentagon, Triangle,850,250, 
PAX24,19, F, 250+1000,288,0,1.08E+03, long, Square, Circle, Square,850,250, 
PAX24,19, F, 250+1000,289,0,2.38E+03, long, Circle, Parallelogram, Circle,550,1000, 
PAX24,19, F, 250+1000,290,0,1.40E+03, short, Rhombus, Circle, Rhombus,550,1000, 
PAX24,19, F, 250+1000,291,1,1.16E+03, long, Circle, Parallelogram, Circle,750,250, 
PAX24,19, F, 250+1000,292,0,1.58E+03, short, Rhombus, Triangle, Rhombus,250,250, 
PAX24,19, F, 250+1000,293,1,1.16E+03, long, Rhombus, Circle, Rhombus,750,1000, 
PAX24,19, F, 250+1000,294,1,4.06E+02, short, Rhombus, Square, Rhombus,450,1000, 
PAX24,19, F, 250+1000,295,0,1.83E+03, long, Rhombus, Square, Rhombus,650,1000, 
PAX24,19, F, 250+1000,296,0,6.35E+02, long, Triangle, Parallelogram, Triangle,750,250, 
PAX24,19, F, 250+1000,297,0,8.41E+02, long, Square, Circle, Square,550,1000, 
PAX24,19, F, 250+1000,298,0,1.12E+03, short, Parallelogram, Triangle, Parallelogram,650,250, 
PAX24,19, F, 250+1000,299,1,3.81E+02, long, Pentagon, Square, Pentagon,850,250, 
PAX24,19, F, 250+1000,300,0,9.33E+02, short, Circle, Parallelogram, Parallelogram,650,250, 
PAX24,19, F, 250+1000,301,0,7.13E+02, short, Square, Parallelogram, Square,350,1000, 
PAX24,19, F, 250+1000,302,0,1.01E+03, short, Triangle, Pentagon, Pentagon,750,250, 
PAX24,19, F, 250+1000,303,1,8.31E+02, short, Rhombus, Parallelogram, Rhombus,850,1000, 
PAX24,19, F, 250+1000,304,1,8.69E+02, long, Triangle, Parallelogram, Parallelogram,550,1000, 
PAX24,19, F, 250+1000,305,1,1.21E+03, long, Square, Parallelogram, Parallelogram,850,250, 
PAX24,19, F, 250+1000,306,1,6.38E+02, short, Circle, Parallelogram, Parallelogram,250,250, 
PAX24,19, F, 250+1000,307,0,5.30E+02, short, Rhombus, Pentagon, Rhombus,250,1000, 
PAX24,19, F, 250+1000,308,1,2.36E+03, long, Pentagon, Square, Pentagon,850,250, 
PAX24,19, F, 250+1000,309,0,8.84E+02, long, Parallelogram, Circle, Parallelogram,650,1000, 
PAX24,19, F, 250+1000,310,0,9.78E+02, long, Rhombus, Pentagon, Rhombus,650,250, 
PAX24,19, F, 250+1000,311,1,7.79E+02, short, Rhombus, Square, Rhombus,250,250, 
PAX24,19, F, 250+1000,312,0,7.29E+02, short, Rhombus, Parallelogram, Rhombus,250,250, 
PAX24,19, F, 250+1000,313,1,5.33E+02, short, Triangle, Rhombus, Triangle,250,250, 
PAX24,19, F, 250+1000,314,0,4.11E+02, short, Pentagon, Circle, Circle,350,250, 
PAX24,19, F, 250+1000,315,0,4.15E+02, short, Circle, Rhombus, Circle,650,1000, 
PAX24,19, F, 250+1000,316,0,3.63E+02, short, Square, Circle, Square,350,1000, 
PAX24,19, F, 250+1000,317,1,4.53E+02, short, Triangle, Rhombus, Rhombus,450,250, 
PAX24,19, F, 250+1000,318,0,3.41E+02, long, Pentagon, Circle, Circle,650,250, 
PAX24,19, F, 250+1000,319,0,4.77E+02, short, Circle, Parallelogram, Parallelogram,750,250, 
PAX24,19, F, 250+1000,320,0,4.71E+02, long, Rhombus, Triangle, Rhombus,850,1000, 
PAX24,19, F, 250+1000,321,0,2.67E+03, long, Triangle, Pentagon, Pentagon,450,1000, 
PAX24,19, F, 250+1000,322,1,1.06E+03, long, Triangle, Parallelogram, Parallelogram,350,250, 
PAX24,19, F, 250+1000,323,1,4.02E+02, long, Rhombus, Parallelogram, Rhombus,650,250, 
PAX24,19, F, 250+1000,324,0,6.05E+02, short, Circle, Rhombus, Rhombus,450,1000, 
PAX24,19, F, 250+1000,325,0,3.67E+02, short, Square, Parallelogram, Parallelogram,450,1000, 
PAX24,19, F, 250+1000,326,1,8.20E+02, short, Triangle, Rhombus, Rhombus,750,1000, 
PAX24,19, F, 250+1000,327,1,1.35E+03, long, Triangle, Circle, Circle,750,250, 
PAX24,19, F, 250+1000,328,1,7.10E+02, short, Circle, Rhombus, Circle,350,1000, 
PAX24,19, F, 250+1000,329,1,6.04E+02, short, Triangle, Square, Triangle,250,1000, 
PAX24,19, F, 250+1000,330,1,2.66E+03, long, Pentagon, Circle, Pentagon,850,1000, 
PAX24,19, F, 250+1000,331,0,7.66E+02, long, Rhombus, Pentagon, Rhombus,750,250, 
PAX24,19, F, 250+1000,332,1,7.21E+02, short, Circle, Square, Circle,350,250, 
PAX24,19, F, 250+1000,333,0,3.71E+02, long, Circle, Square, Circle,750,250, 
PAX24,19, F, 250+1000,334,1,6.93E+02, short, Triangle, Circle, Triangle,650,250, 
PAX24,19, F, 250+1000,335,1,2.03E-01, short, Triangle, Circle, Triangle,650,1000, 
PAX24,19, F, 250+1000,336,1,9.30E+02, short, Parallelogram, Pentagon, Parallelogram,350,250, 
PAX24,19, F, 250+1000,337,0,2.04E+03, long, Rhombus, Parallelogram, Rhombus,750,1000, 
PAX24,19, F, 250+1000,338,1,5.73E+02, short, Pentagon, Square, Pentagon,250,250, 
PAX24,19, F, 250+1000,339,1,5.81E+02, short, Square, Parallelogram, Square,450,250, 
PAX24,19, F, 250+1000,340,1,3.28E+02, long, Parallelogram, Pentagon, Parallelogram,650,250, 
PAX24,19, F, 250+1000,341,0,4.49E+02, short, Parallelogram, Rhombus, Parallelogram,250,250, 
PAX24,19, F, 250+1000,342,0,6.20E+02, long, Parallelogram, Triangle, Parallelogram,550,250, 
PAX24,19, F, 250+1000,343,0,8.45E+02, short, Pentagon, Parallelogram, Pentagon,350,1000, 
PAX24,19, F, 250+1000,344,0,8.66E+02, long, Rhombus, Triangle, Triangle,550,250, 
PAX24,19, F, 250+1000,345,1,5.44E+02, short, Pentagon, Rhombus, Rhombus,850,250, 
PAX24,19, F, 250+1000,346,0,8.58E+02, short, Pentagon, Circle, Circle,550,250, 
PAX24,19, F, 250+1000,347,1,4.84E+02, long, Parallelogram, Triangle, Triangle,550,250, 
PAX24,19, F, 250+1000,348,0,7.76E+02, long, Rhombus, Square, Square,350,250, 
PAX24,19, F, 250+1000,349,1,4.48E+02, short, Pentagon, Parallelogram, Parallelogram,250,1000, 
PAX24,19, F, 250+1000,350,1,1.21E+03, long, Circle, Square, Square,550,1000, 
PAX24,19, F, 250+1000,351,0,5.38E+02, short, Rhombus, Pentagon, Pentagon,850,250, 
PAX24,19, F, 250+1000,352,1,8.76E+02, long, Square, Triangle, Square,850,250, 
PAX24,19, F, 250+1000,353,0,5.28E+02, long, Parallelogram, Pentagon, Pentagon,650,250, 
PAX24,19, F, 250+1000,354,0,2.90E+02, long, Circle, Square, Square,850,1000, 
PAX24,19, F, 250+1000,355,0,6.21E+02, long, Parallelogram, Pentagon, Parallelogram,550,1000, 
PAX24,19, F, 250+1000,356,1,5.55E+02, short, Pentagon, Circle, Circle,250,250, 
PAX24,19, F, 250+1000,357,1,2.62E+03, short, Pentagon, Square, Pentagon,450,1000, 
PAX24,19, F, 250+1000,358,0,3.83E+02, long, Circle, Triangle, Circle,850,1000, 
PAX24,19, F, 250+1000,359,1,6.43E+02, short, Rhombus, Parallelogram, Parallelogram,250,1000, 
PAX24,19, F, 250+1000,360,1,5.99E+02, short, Circle, Square, Square,550,250, 
PAX24,19, F, 250+1000,361,0,4.01E+02, short, Pentagon, Rhombus, Rhombus,250,1000, 
PAX24,19, F, 250+1000,362,1,4.69E+02, long, Pentagon, Rhombus, Rhombus,850,1000, 
PAX24,19, F, 250+1000,363,0,1.46E+03, short, Rhombus, Pentagon, Pentagon,450,250, 
PAX24,19, F, 250+1000,364,0,2.99E+02, long, Triangle, Parallelogram, Parallelogram,850,250, 
PAX24,19, F, 250+1000,365,1,2.61E+02, long, Pentagon, Circle, Circle,250,1000, 
PAX24,19, F, 250+1000,366,1,7.25E+02, long, Rhombus, Parallelogram, Rhombus,650,250, 
PAX24,19, F, 250+1000,367,1,5.54E+02, long, Square, Rhombus, Rhombus,450,1000, 
PAX24,19, F, 250+1000,368,1,2.12E+03, long, Square, Parallelogram, Parallelogram,550,250, 
PAX24,19, F, 250+1000,369,1,9.48E+02, short, Square, Pentagon, Pentagon,250,250, 
PAX24,19, F, 250+1000,370,1,5.21E+02, long, Rhombus, Pentagon, Pentagon,750,250, 
PAX24,19, F, 250+1000,371,1,1.28E+03, long, Square, Parallelogram, Parallelogram,650,250, 
PAX24,19, F, 250+1000,372,1,1.54E+03, long, Pentagon, Square, Square,450,250, 
PAX24,19, F, 250+1000,373,1,4.58E+02, short, Circle, Pentagon, Pentagon,850,250, 
PAX24,19, F, 250+1000,374,0,1.36E+03, long, Square, Triangle, Square,550,250, 
PAX24,19, F, 250+1000,375,0,3.92E+02, long, Circle, Pentagon, Pentagon,450,250, 
PAX24,19, F, 250+1000,376,1,2.34E+02, long, Rhombus, Square, Square,850,1000, 
PAX24,19, F, 250+1000,377,1,4.18E+02, long, Square, Pentagon, Pentagon,450,250, 
PAX24,19, F, 250+1000,378,1,2.90E+02, long, Triangle, Square, Square,850,250, 
PAX24,19, F, 250+1000,379,0,6.24E+02, long, Square, Rhombus, Rhombus,550,250, 
PAX24,19, F, 250+1000,380,1,3.14E+02, long, Triangle, Circle, Circle,750,250, 
PAX24,19, F, 250+1000,381,1,3.07E+02, long, Circle, Pentagon, Pentagon,750,250, 
PAX24,19, F, 250+1000,382,1,6.28E+02, long, Circle, Pentagon, Circle,650,1000, 
PAX24,19, F, 250+1000,383,0,5.86E+02, short, Pentagon, Circle, Pentagon,250,1000, 
PAX24,19, F, 250+1000,384,0,1.26E+03, short, Pentagon, Rhombus, Pentagon,550,1000, 
PAX24,19, F, 250+1000,385,1,5.25E+02, short, Parallelogram, Rhombus, Parallelogram,250,1000, 
PAX24,19, F, 250+1000,386,1,4.63E+02, long, Rhombus, Pentagon, Rhombus,850,1000, 
PAX24,19, F, 250+1000,387,1,2.63E+02, long, Parallelogram, Circle, Circle,850,1000, 
PAX24,19, F, 250+1000,388,1,1.43E+03, long, Rhombus, Square, Square,750,250, 
PAX24,19, F, 250+1000,389,1,1.19E+03, long, Pentagon, Square, Square,350,1000, 
PAX24,19, F, 250+1000,390,1,1.62E+03, short, Triangle, Pentagon, Pentagon,250,250, 
PAX24,19, F, 250+1000,391,0,7.96E+02, long, Circle, Square, Circle,550,250, 
PAX24,19, F, 250+1000,392,0,2.79E+02, long, Circle, Triangle, Triangle,750,1000, 
PAX24,19, F, 250+1000,393,1,2.59E+03, long, Rhombus, Parallelogram, Parallelogram,550,250, 
PAX24,19, F, 250+1000,394,1,7.88E+02, long, Rhombus, Square, Square,650,250, 
PAX24,19, F, 250+1000,395,0,3.87E+02, long, Rhombus, Triangle, Triangle,350,1000, 
PAX24,19, F, 250+1000,396,1,4.08E+02, long, Parallelogram, Rhombus, Parallelogram,550,250, 
PAX24,19, F, 250+1000,397,1,5.04E+02, long, Rhombus, Triangle, Triangle,350,1000, 
PAX24,19, F, 250+1000,398,1,1.01E+03, short, Square, Pentagon, Square,650,1000, 
PAX24,19, F, 250+1000,399,1,7.94E+02, short, Triangle, Rhombus, Rhombus,450,250, 
PAX24,19, F, 250+1000,400,1,1.02E+03, short, Parallelogram, Rhombus, Rhombus,450,1000, 
PAX24,19, F, 250+1000,401,1,1.28E+03, short, Square, Circle, Circle,450,250, 
PAX24,19, F, 250+1000,402,0,6.65E+02, long, Pentagon, Square, Pentagon,750,250, 
PAX24,19, F, 250+1000,403,0,3.98E+02, long, Rhombus, Circle, Rhombus,550,1000, 
PAX24,19, F, 250+1000,404,0,4.92E+02, long, Triangle, Square, Square,350,250, 
PAX24,19, F, 250+1000,405,1,4.90E+02, long, Square, Rhombus, Rhombus,750,1000, 
PAX24,19, F, 250+1000,406,0,5.00E+02, short, Triangle, Pentagon, Pentagon,350,1000, 
PAX24,19, F, 250+1000,407,0,2.71E+02, long, Rhombus, Triangle, Triangle,850,1000, 
PAX24,19, F, 250+1000,408,1,4.44E+02, long, Pentagon, Circle, Circle,750,1000, 
PAX24,19, F, 250+1000,409,0,3.23E+02, long, Triangle, Rhombus, Rhombus,650,1000, 
PAX24,19, F, 250+1000,410,0,3.65E+02, long, Circle, Square, Square,650,250, 
PAX24,19, F, 250+1000,411,0,6.33E+02, long, Rhombus, Square, Square,850,1000, 
PAX24,19, F, 250+1000,412,0,4.13E+02, long, Rhombus, Circle, Circle,550,1000, 
PAX24,19, F, 250+1000,413,1,8.35E+02, long, Pentagon, Triangle, Triangle,650,250, 
PAX24,19, F, 250+1000,414,0,3.59E+02, long, Triangle, Pentagon, Pentagon,450,250, 
PAX24,19, F, 250+1000,415,0,6.49E+02, long, Square, Pentagon, Square,650,1000, 
PAX24,19, F, 250+1000,416,1,1.55E+03, short, Parallelogram, Square, Square,450,250, 
PAX24,19, F, 250+1000,417,1,6.16E+02, short, Pentagon, Parallelogram, Parallelogram,250,250, 
PAX24,19, F, 250+1000,418,1,5.06E+02, short, Square, Rhombus, Square,350,1000, 
PAX24,19, F, 250+1000,419,1,1.14E+03, short, Pentagon, Triangle, Pentagon,650,250, 
PAX24,19, F, 250+1000,420,0,6.66E+02, short, Triangle, Circle, Triangle,450,250, 
